x,V11,V22,V12,abs_V12,min_gap
-40,0.0006,-0.0006,2.31952283024e-17,2.31952283024e-17,0.0012
-39.9348958333,0.0006,-0.0006,2.45949301663e-17,2.45949301663e-17,0.0012
-39.8697916667,0.0006,-0.0006,2.6079096183e-17,2.6079096183e-17,0.0012
-39.8046875,0.0006,-0.0006,2.76528232902e-17,2.76528232902e-17,0.0012
-39.7395833333,0.0006,-0.0006,2.9321515997e-17,2.9321515997e-17,0.0012
-39.6744791667,0.0006,-0.0006,3.10909049445e-17,3.10909049445e-17,0.0012
-39.609375,0.0006,-0.0006,3.29670665857e-17,3.29670665857e-17,0.0012
-39.5442708333,0.0006,-0.0006,3.49564440536e-17,3.49564440536e-17,0.0012
-39.4791666667,0.0006,-0.0006,3.70658692879e-17,3.70658692879e-17,0.0012
-39.4140625,0.0006,-0.0006,3.93025864976e-17,3.93025864976e-17,0.0012
-39.3489583333,0.0006,-0.0006,4.16742770393e-17,4.16742770393e-17,0.0012
-39.2838541667,0.0006,-0.0006,4.4189085796e-17,4.4189085796e-17,0.0012
-39.21875,0.0006,-0.0006,4.68556491488e-17,4.68556491488e-17,0.0012
-39.1536458333,0.0006,-0.0006,4.96831246361e-17,4.96831246361e-17,0.0012
-39.0885416667,0.0006,-0.0006,5.26812224022e-17,5.26812224022e-17,0.0012
-39.0234375,0.0006,-0.0006,5.5860238544e-17,5.5860238544e-17,0.0012
-38.9583333333,0.0006,-0.0006,5.92310904705e-17,5.92310904705e-17,0.0012
-38.8932291667,0.0006,-0.0006,6.28053543945e-17,6.28053543945e-17,0.0012
-38.828125,0.0006,-0.0006,6.65953050888e-17,6.65953050888e-17,0.0012
-38.7630208333,0.0006,-0.0006,7.06139580394e-17,7.06139580394e-17,0.0012
-38.6979166667,0.0006,-0.0006,7.48751141443e-17,7.48751141443e-17,0.0012
-38.6328125,0.0006,-0.0006,7.93934071078e-17,7.93934071078e-17,0.0012
-38.5677083333,0.0006,-0.0006,8.41843536965e-17,8.41843536965e-17,0.0012
-38.5026041667,0.0006,-0.0006,8.92644070265e-17,8.92644070265e-17,0.0012
-38.4375,0.0006,-0.0006,9.46510130674e-17,9.46510130674e-17,0.0012
-38.3723958333,0.0006,-0.0006,1.00362670555e-16,1.00362670555e-16,0.0012
-38.3072916667,0.0006,-0.0006,1.0641899452e-16,1.0641899452e-16,0.0012
-38.2421875,0.0006,-0.0006,1.1284078365e-16,1.1284078365e-16,0.0012
-38.1770833333,0.0006,-0.0006,1.19650091717e-16,1.19650091717e-16,0.0012
-38.1119791667,0.0006,-0.0006,1.26870303314e-16,1.26870303314e-16,0.0012
-38.046875,0.0006,-0.0006,1.34526214164e-16,1.34526214164e-16,0.0012
-37.9817708333,0.0006,-0.0006,1.42644116271e-16,1.42644116271e-16,0.0012
-37.9166666667,0.0006,-0.0006,1.51251888215e-16,1.51251888215e-16,0.0012
-37.8515625,0.0006,-0.0006,1.60379090892e-16,1.60379090892e-16,0.0012
-37.7864583333,0.0006,-0.0006,1.70057069031e-16,1.70057069031e-16,0.0012
-37.7213541667,0.0006,-0.0006,1.80319058842e-16,1.80319058842e-16,0.0012
-37.65625,0.0006,-0.0006,1.9120030215e-16,1.9120030215e-16,0.0012
-37.5911458333,0.0006,-0.0006,2.0273816743e-16,2.0273816743e-16,0.0012
-37.5260416667,0.0006,-0.0006,2.14972278133e-16,2.14972278133e-16,0.0012
-37.4609375,0.0006,-0.0006,2.27944648763e-16,2.27944648763e-16,0.0012
-37.3958333333,0.0006,-0.0006,2.41699829164e-16,2.41699829164e-16,0.0012
-37.3307291667,0.0006,-0.0006,2.56285057512e-16,2.56285057512e-16,0.0012
-37.265625,0.0006,-0.0006,2.71750422544e-16,2.71750422544e-16,0.0012
-37.2005208333,0.0006,-0.0006,2.88149035568e-16,2.88149035568e-16,0.0012
-37.1354166667,0.0006,-0.0006,3.05537212865e-16,3.05537212865e-16,0.0012
-37.0703125,0.0006,-0.0006,3.23974669085e-16,3.23974669085e-16,0.0012
-37.0052083333,0.0006,-0.0006,3.43524722322e-16,3.43524722322e-16,0.0012
-36.9401041667,0.0006,-0.0006,3.64254511564e-16,3.64254511564e-16,0.0012
-36.875,0.0006,-0.0006,3.86235227258e-16,3.86235227258e-16,0.0012
-36.8098958333,0.0006,-0.0006,4.09542355795e-16,4.09542355795e-16,0.0012
-36.7447916667,0.0006,-0.0006,4.34255938747e-16,4.34255938747e-16,0.0012
-36.6796875,0.0006,-0.0006,4.60460847746e-16,4.60460847746e-16,0.0012
-36.6145833333,0.0006,-0.0006,4.88247075949e-16,4.88247075949e-16,0.0012
-36.5494791667,0.0006,-0.0006,5.17710047097e-16,5.17710047097e-16,0.0012
-36.484375,0.0006,-0.0006,5.48950943217e-16,5.48950943217e-16,0.0012
-36.4192708333,0.0006,-0.0006,5.82077052103e-16,5.82077052103e-16,0.0012
-36.3541666667,0.0006,-0.0006,6.17202135769e-16,6.17202135769e-16,0.0012
-36.2890625,0.0006,-0.0006,6.54446821122e-16,6.54446821122e-16,0.0012
-36.2239583333,0.0006,-0.0006,6.93939014232e-16,6.93939014232e-16,0.0012
-36.1588541667,0.0006,-0.0006,7.35814339578e-16,7.35814339578e-16,0.0012
-36.09375,0.0006,-0.0006,7.80216605818e-16,7.80216605818e-16,0.0012
-36.0286458333,0.0006,-0.0006,8.27298299654e-16,8.27298299654e-16,0.0012
-35.9635416667,0.0006,-0.0006,8.77221109506e-16,8.77221109506e-16,0.0012
-35.8984375,0.0006,-0.0006,9.30156480782e-16,9.30156480782e-16,0.0012
-35.8333333333,0.0006,-0.0006,9.86286204658e-16,9.86286204658e-16,0.0012
-35.7682291667,0.0006,-0.0006,1.04580304239e-15,1.04580304239e-15,0.0012
-35.703125,0.0006,-0.0006,1.10891138729e-15,1.10891138729e-15,0.0012
-35.6380208333,0.0006,-0.0006,1.17582796665e-15,1.17582796665e-15,0.0012
-35.5729166667,0.0006,-0.0006,1.24678258607e-15,1.24678258607e-15,0.0012
-35.5078125,0.0006,-0.0006,1.3220189186e-15,1.3220189186e-15,0.0012
-35.4427083333,0.0006,-0.0006,1.40179534159e-15,1.40179534159e-15,0.0012
-35.3776041667,0.0006,-0.0006,1.48638582403e-15,1.48638582403e-15,0.0012
-35.3125,0.0006,-0.0006,1.57608086739e-15,1.57608086739e-15,0.0012
-35.2473958333,0.0006,-0.0006,1.67118850328e-15,1.67118850328e-15,0.0012
-35.1822916667,0.0006,-0.0006,1.77203535128e-15,1.77203535128e-15,0.0012
-35.1171875,0.0006,-0.0006,1.87896774064e-15,1.87896774064e-15,0.0012
-35.0520833333,0.0006,-0.0006,1.99235289962e-15,1.99235289962e-15,0.0012
-34.9869791667,0.0006,-0.0006,2.11258021667e-15,2.11258021667e-15,0.0012
-34.921875,0.0006,-0.0006,2.24006257763e-15,2.24006257763e-15,0.0012
-34.8567708333,0.0006,-0.0006,2.37523778367e-15,2.37523778367e-15,0.0012
-34.7916666667,0.0006,-0.0006,2.51857005485e-15,2.51857005485e-15,0.0012
-34.7265625,0.0006,-0.0006,2.67055162425e-15,2.67055162425e-15,0.0012
-34.6614583333,0.0006,-0.0006,2.8317044285e-15,2.8317044285e-15,0.0012
-34.5963541667,0.0006,-0.0006,3.00258190014e-15,3.00258190014e-15,0.0012
-34.53125,0.0006,-0.0006,3.18377086829e-15,3.18377086829e-15,0.0012
-34.4661458333,0.0006,-0.0006,3.3758935739e-15,3.3758935739e-15,0.0012
-34.4010416667,0.0006,-0.0006,3.57960980665e-15,3.57960980665e-15,0.0012
-34.3359375,0.0006,-0.0006,3.79561917086e-15,3.79561917086e-15,0.0012
-34.2708333333,0.0006,-0.0006,4.02466348803e-15,4.02466348803e-15,0.0012
-34.2057291667,0.0006,-0.0006,4.26752934441e-15,4.26752934441e-15,0.0012
-34.140625,0.0006,-0.0006,4.52505079235e-15,4.52505079235e-15,0.0012
-34.0755208333,0.0006,-0.0006,4.79811221453e-15,4.79811221453e-15,0.0012
-34.0104166667,0.0006,-0.0006,5.08765136122e-15,5.08765136122e-15,0.0012
-33.9453125,0.0006,-0.0006,5.3946625706e-15,5.3946625706e-15,0.0012
-33.8802083333,0.0006,-0.0006,5.72020018363e-15,5.72020018363e-15,0.0012
-33.8151041667,0.0006,-0.0006,6.06538216478e-15,6.06538216478e-15,0.0012
-33.75,0.0006,-0.0006,6.43139394145e-15,6.43139394145e-15,0.0012
-33.6848958333,0.0006,-0.0006,6.8194924749e-15,6.8194924749e-15,0.0012
-33.6197916667,0.0006,-0.0006,7.23101057696e-15,7.23101057696e-15,0.0012
-33.5546875,0.0006,-0.0006,7.66736148718e-15,7.66736148718e-15,0.0012
-33.4895833333,0.0006,-0.0006,8.13004372616e-15,8.13004372616e-15,0.0012
-33.4244791667,0.0006,-0.0006,8.62064624184e-15,8.62064624184e-15,0.0012
-33.359375,0.0006,-0.0006,9.14085386624e-15,9.14085386624e-15,0.0012
-33.2942708333,0.0006,-0.0006,9.69245310153e-15,9.69245310153e-15,0.0012
-33.2291666667,0.0006,-0.0006,1.02773382553e-14,1.02773382553e-14,0.0012
-33.1640625,0.0006,-0.0006,1.08975179459e-14,1.08975179459e-14,0.0012
-33.0989583333,0.0006,-0.0006,1.15551220005e-14,1.15551220005e-14,0.0012
-33.0338541667,0.0006,-0.0006,1.22524087696e-14,1.22524087696e-14,0.0012
-32.96875,0.0006,-0.0006,1.29917728823e-14,1.29917728823e-14,0.0012
-32.9036458333,0.0006,-0.0006,1.37757534701e-14,1.37757534701e-14,0.0012
-32.8385416667,0.0006,-0.0006,1.46070428869e-14,1.46070428869e-14,0.0012
-32.7734375,0.0006,-0.0006,1.54884959551e-14,1.54884959551e-14,0.0012
-32.7083333333,0.0006,-0.0006,1.64231397695e-14,1.64231397695e-14,0.0012
-32.6432291667,0.0006,-0.0006,1.74141840933e-14,1.74141840933e-14,0.0012
-32.578125,0.0006,-0.0006,1.84650323805e-14,1.84650323805e-14,0.0012
-32.5130208333,0.0006,-0.0006,1.95792934648e-14,1.95792934648e-14,0.0012
-32.4479166667,0.0006,-0.0006,2.07607939527e-14,2.07607939527e-14,0.0012
-32.3828125,0.0006,-0.0006,2.20135913649e-14,2.20135913649e-14,0.0012
-32.3177083333,0.0006,-0.0006,2.33419880705e-14,2.33419880705e-14,0.0012
-32.2526041667,0.0006,-0.0006,2.47505460628e-14,2.47505460628e-14,0.0012
-32.1875,0.0006,-0.0006,2.62441026256e-14,2.62441026256e-14,0.0012
-32.1223958333,0.0006,-0.0006,2.78277869456e-14,2.78277869456e-14,0.0012
-32.0572916667,0.0006,-0.0006,2.95070377272e-14,2.95070377272e-14,0.0012
-31.9921875,0.0006,-0.0006,3.128762187e-14,3.128762187e-14,0.0012
-31.9270833333,0.0006,-0.0006,3.31756542738e-14,3.31756542738e-14,0.0012
-31.8619791667,0.0006,-0.0006,3.51776188381e-14,3.51776188381e-14,0.0012
-31.796875,0.0006,-0.0006,3.73003907295e-14,3.73003907295e-14,0.0012
-31.7317708333,0.0006,-0.0006,3.95512599922e-14,3.95512599922e-14,0.0012
-31.6666666667,0.0006,-0.0006,4.19379565838e-14,4.19379565838e-14,0.0012
-31.6015625,0.0006,-0.0006,4.44686769213e-14,4.44686769213e-14,0.0012
-31.5364583333,0.0006,-0.0006,4.71521120296e-14,4.71521120296e-14,0.0012
-31.4713541667,0.0006,-0.0006,4.99974773881e-14,4.99974773881e-14,0.0012
-31.40625,0.0006,-0.0006,5.30145445787e-14,5.30145445787e-14,0.0012
-31.3411458333,0.0006,-0.0006,5.62136748434e-14,5.62136748434e-14,0.0012
-31.2760416667,0.0006,-0.0006,5.96058546671e-14,5.96058546671e-14,0.0012
-31.2109375,0.0006,-0.0006,6.32027335074e-14,6.32027335074e-14,0.0012
-31.1458333333,0.0006,-0.0006,6.70166638011e-14,6.70166638011e-14,0.0012
-31.0807291667,0.0006,-0.0006,7.10607433856e-14,7.10607433856e-14,0.0012
-31.015625,0.0006,-0.0006,7.53488604788e-14,7.53488604788e-14,0.0012
-30.9505208333,0.0006,-0.0006,7.98957413751e-14,7.98957413751e-14,0.0012
-30.8854166667,0.0006,-0.0006,8.47170010179e-14,8.47170010179e-14,0.0012
-30.8203125,0.0006,-0.0006,8.98291966248e-14,8.98291966248e-14,0.0012
-30.7552083333,0.0006,-0.0006,9.52498845485e-14,9.52498845485e-14,0.0012
-30.6901041667,0.0006,-0.0006,1.00997680569e-13,1.00997680569e-13,0.0012
-30.625,0.0006,-0.0006,1.07092323825e-13,1.07092323825e-13,0.0012
-30.5598958333,0.0006,-0.0006,1.135547446e-13,1.135547446e-13,0.0012
-30.4947916667,0.0006,-0.0006,1.20407136204e-13,1.20407136204e-13,0.0012
-30.4296875,0.0006,-0.0006,1.27673031188e-13,1.27673031188e-13,0.0012
-30.3645833333,0.0006,-0.0006,1.3537738216e-13,1.3537738216e-13,0.0012
-30.2994791667,0.0006,-0.0006,1.43546647479e-13,1.43546647479e-13,0.0012
-30.234375,0.0006,-0.0006,1.52208882117e-13,1.52208882117e-13,0.0012
-30.1692708333,0.0006,-0.0006,1.61393834005e-13,1.61393834005e-13,0.0012
-30.1041666667,0.0006,-0.0006,1.71133046197e-13,1.71133046197e-13,0.0012
-30.0390625,0.0006,-0.0006,1.81459965191e-13,1.81459965191e-13,0.0012
-29.9739583333,0.0006,-0.0006,1.92410055796e-13,1.92410055796e-13,0.0012
-29.9088541667,0.0006,-0.0006,2.0402092292e-13,2.0402092292e-13,0.0012
-29.84375,0.0006,-0.0006,2.16332440718e-13,2.16332440718e-13,0.0012
-29.7786458333,0.0006,-0.0006,2.29386889527e-13,2.29386889527e-13,0.0012
-29.7135416667,0.0006,-0.0006,2.43229101065e-13,2.43229101065e-13,0.0012
-29.6484375,0.0006,-0.0006,2.5790661239e-13,2.5790661239e-13,0.0012
-29.5833333333,0.0006,-0.0006,2.73469829159e-13,2.73469829159e-13,0.0012
-29.5182291667,0.0006,-0.0006,2.89972198724e-13,2.89972198724e-13,0.0012
-29.453125,0.0006,-0.0006,3.07470393686e-13,3.07470393686e-13,0.0012
-29.3880208333,0.0006,-0.0006,3.2602450652e-13,3.2602450652e-13,0.0012
-29.3229166667,0.0006,-0.0006,3.45698255944e-13,3.45698255944e-13,0.0012
-29.2578125,0.0006,-0.0006,3.66559205743e-13,3.66559205743e-13,0.0012
-29.1927083333,0.0006,-0.0006,3.88678996797e-13,3.88678996797e-13,0.0012
-29.1276041667,0.0006,-0.0006,4.12133593112e-13,4.12133593112e-13,0.0012
-29.0625,0.0006,-0.0006,4.37003542695e-13,4.37003542695e-13,0.0012
-28.9973958333,0.0006,-0.0006,4.63374254173e-13,4.63374254173e-13,0.0012
-28.9322916667,0.0006,-0.0006,4.91336290105e-13,4.91336290105e-13,0.0012
-28.8671875,0.0006,-0.0006,5.20985677992e-13,5.20985677992e-13,0.0012
-28.8020833333,0.0006,-0.0006,5.52424240055e-13,5.52424240055e-13,0.0012
-28.7369791667,0.0006,-0.0006,5.85759942915e-13,5.85759942915e-13,0.0012
-28.671875,0.0006,-0.0006,6.21107268373e-13,6.21107268373e-13,0.0012
-28.6067708333,0.0006,-0.0006,6.58587606565e-13,6.58587606565e-13,0.0012
-28.5416666667,0.0006,-0.0006,6.98329672839e-13,6.98329672839e-13,0.0012
-28.4765625,0.0006,-0.0006,7.40469949793e-13,7.40469949793e-13,0.0012
-28.4114583333,0.0006,-0.0006,7.85153155984e-13,7.85153155984e-13,0.0012
-28.3463541667,0.0006,-0.0006,8.32532742921e-13,8.32532742921e-13,0.0012
-28.28125,0.0006,-0.0006,8.8277142205e-13,8.8277142205e-13,0.0012
-28.2161458333,0.0006,-0.0006,9.36041723541e-13,9.36041723541e-13,0.0012
-28.1510416667,0.0006,-0.0006,9.92526588791e-13,9.92526588791e-13,0.0012
-28.0859375,0.0006,-0.0006,1.05241999868e-12,1.05241999868e-12,0.0012
-28.0208333333,0.0006,-0.0006,1.11592763976e-12,1.11592763976e-12,0.0012
-27.9557291667,0.0006,-0.0006,1.18326761059e-12,1.18326761059e-12,0.0012
-27.890625,0.0006,-0.0006,1.25467117078e-12,1.25467117078e-12,0.0012
-27.8255208333,0.0006,-0.0006,1.33038353512e-12,1.33038353512e-12,0.0012
-27.7604166667,0.0006,-0.0006,1.41066471578e-12,1.41066471578e-12,0.0012
-27.6953125,0.0006,-0.0006,1.49579041518e-12,1.49579041518e-12,0.0012
-27.6302083333,0.0006,-0.0006,1.58605297284e-12,1.58605297284e-12,0.0012
-27.5651041667,0.0006,-0.0006,1.68176236934e-12,1.68176236934e-12,0.0012
-27.5,0.0006,-0.0006,1.78324729081e-12,1.78324729081e-12,0.0012
-27.4348958333,0.0006,-0.0006,1.8908562578e-12,1.8908562578e-12,0.0012
-27.3697916667,0.0006,-0.0006,2.00495882209e-12,2.00495882209e-12,0.0012
-27.3046875,0.0006,-0.0006,2.12594683581e-12,2.12594683581e-12,0.0012
-27.2395833333,0.0006,-0.0006,2.25423579723e-12,2.25423579723e-12,0.0012
-27.1744791667,0.0006,-0.0006,2.39026627754e-12,2.39026627754e-12,0.0012
-27.109375,0.0006,-0.0006,2.53450543398e-12,2.53450543398e-12,0.0012
-27.0442708333,0.0006,-0.0006,2.6874486141e-12,2.6874486141e-12,0.0012
-26.9791666667,0.0006,-0.0006,2.84962105686e-12,2.84962105686e-12,0.0012
-26.9140625,0.0006,-0.0006,3.02157969648e-12,3.02157969648e-12,0.0012
-26.8489583333,0.0006,-0.0006,3.20391507503e-12,3.20391507503e-12,0.0012
-26.7838541667,0.0006,-0.0006,3.39725337047e-12,3.39725337047e-12,0.0012
-26.71875,0.0006,-0.0006,3.60225854708e-12,3.60225854708e-12,0.0012
-26.6536458333,0.0006,-0.0006,3.81963463568e-12,3.81963463568e-12,0.0012
-26.5885416667,0.0006,-0.0006,4.05012815138e-12,4.05012815138e-12,0.0012
-26.5234375,0.0006,-0.0006,4.2945306573e-12,4.2945306573e-12,0.0012
-26.4583333333,0.0006,-0.0006,4.55368148294e-12,4.55368148294e-12,0.0012
-26.3932291667,0.0006,-0.0006,4.82847060664e-12,4.82847060664e-12,0.0012
-26.328125,0.0006,-0.0006,5.11984171193e-12,5.11984171193e-12,0.0012
-26.2630208333,0.0006,-0.0006,5.42879542834e-12,5.42879542834e-12,0.0012
-26.1979166667,0.0006,-0.0006,5.75639276778e-12,5.75639276778e-12,0.0012
-26.1328125,0.0006,-0.0006,6.10375876829e-12,6.10375876829e-12,0.0012
-26.0677083333,0.0006,-0.0006,6.47208635763e-12,6.47208635763e-12,0.0012
-26.0026041667,0.0006,-0.0006,6.86264045004e-12,6.86264045004e-12,0.0012
-25.9375,0.0006,-0.0006,7.27676229027e-12,7.27676229027e-12,0.0012
-25.8723958333,0.0006,-0.0006,7.71587405963e-12,7.71587405963e-12,0.0012
-25.8072916667,0.0006,-0.0006,8.18148376013e-12,8.18148376013e-12,0.0012
-25.7421875,0.0006,-0.0006,8.6751903932e-12,8.6751903932e-12,0.0012
-25.6770833333,0.0006,-0.0006,9.19868945104e-12,9.19868945104e-12,0.0012
-25.6119791667,0.0006,-0.0006,9.75377873933e-12,9.75377873933e-12,0.0012
-25.546875,0.0006,-0.0006,1.03423645512e-11,1.03423645512e-11,0.0012
-25.4817708333,0.0006,-0.0006,1.09664682138e-11,1.09664682138e-11,0.0012
-25.4166666667,0.0006,-0.0006,1.16282330302e-11,1.16282330302e-11,0.0012
-25.3515625,0.0006,-0.0006,1.23299316397e-11,1.23299316397e-11,0.0012
-25.2864583333,0.0006,-0.0006,1.30739738225e-11,1.30739738225e-11,0.0012
-25.2213541667,0.0006,-0.0006,1.38629147758e-11,1.38629147758e-11,0.0012
-25.15625,0.0006,-0.0006,1.46994638883e-11,1.46994638883e-11,0.0012
-25.0911458333,0.0006,-0.0006,1.55864940453e-11,1.55864940453e-11,0.0012
-25.0260416667,0.0006,-0.0006,1.65270514945e-11,1.65270514945e-11,0.0012
-24.9609375,0.0006,-0.0006,1.75243663077e-11,1.75243663077e-11,0.0012
-24.8958333333,0.0006,-0.0006,1.85818634733e-11,1.85818634733e-11,0.0012
-24.8307291667,0.0006,-0.0006,1.97031746584e-11,1.97031746584e-11,0.0012
-24.765625,0.0006,-0.0006,2.08921506812e-11,2.08921506812e-11,0.0012
-24.7005208333,0.0006,-0.0006,2.21528747348e-11,2.21528747348e-11,0.0012
-24.6354166667,0.0006,-0.0006,2.34896764102e-11,2.34896764102e-11,0.0012
-24.5703125,0.0006,-0.0006,2.4907146565e-11,2.4907146565e-11,0.0012
-24.5052083333,0.0006,-0.0006,2.64101530893e-11,2.64101530893e-11,0.0012
-24.4401041667,0.0006,-0.0006,2.8003857623e-11,2.8003857623e-11,0.0012
-24.375,0.0006,-0.0006,2.96937332819e-11,2.96937332819e-11,0.0012
-24.3098958333,0.0006,-0.0006,3.14855834537e-11,3.14855834537e-11,0.0012
-24.2447916667,0.0006,-0.0006,3.33855617282e-11,3.33855617282e-11,0.0012
-24.1796875,0.0006,-0.0006,3.54001930295e-11,3.54001930295e-11,0.0012
-24.1145833333,0.0006,-0.0006,3.75363960243e-11,3.75363960243e-11,0.0012
-24.0494791667,0.0006,-0.0006,3.98015068822e-11,3.98015068822e-11,0.0012
-23.984375,0.0006,-0.0006,4.22033044692e-11,4.22033044692e-11,0.0012
-23.9192708333,0.0006,-0.0006,4.47500370626e-11,4.47500370626e-11,0.0012
-23.8541666667,0.0006,-0.0006,4.74504506765e-11,4.74504506765e-11,0.0012
-23.7890625,0.0006,-0.0006,5.03138190981e-11,5.03138190981e-11,0.0012
-23.7239583333,0.0006,-0.0006,5.33499757357e-11,5.33499757357e-11,0.0012
-23.6588541667,0.0006,-0.0006,5.65693473885e-11,5.65693473885e-11,0.0012
-23.59375,0.0006,-0.0006,5.99829900544e-11,5.99829900544e-11,0.0012
-23.5286458333,0.0006,-0.0006,6.36026268989e-11,6.36026268989e-11,0.0012
-23.4635416667,0.0006,-0.0006,6.74406885147e-11,6.74406885147e-11,0.0012
-23.3984375,0.0006,-0.0006,7.15103556111e-11,7.15103556111e-11,0.0012
-23.3333333333,0.0006,-0.0006,7.58256042791e-11,7.58256042791e-11,0.0012
-23.2682291667,0.0006,-0.0006,8.04012539884e-11,8.04012539884e-11,0.0012
-23.203125,0.0006,-0.0006,8.52530184807e-11,8.52530184807e-11,0.0012
-23.1380208333,0.0006,-0.0006,9.03975597334e-11,9.03975597334e-11,0.0012
-23.0729166667,0.0006,-0.0006,9.58525451813e-11,9.58525451813e-11,0.0012
-23.0078125,0.0006,-0.0006,1.01636708389e-10,1.01636708389e-10,0.0012
-22.9427083333,0.0006,-0.0006,1.07769913388e-10,1.07769913388e-10,0.0012
-22.8776041667,0.0006,-0.0006,1.14273222891e-10,1.14273222891e-10,0.0012
-22.8125,0.0006,-0.0006,1.21168970628e-10,1.21168970628e-10,0.0012
-22.7473958333,0.0006,-0.0006,1.28480838044e-10,1.28480838044e-10,0.0012
-22.6822916667,0.0006,-0.0006,1.36233935627e-10,1.36233935627e-10,0.0012
-22.6171875,0.0006,-0.0006,1.44454889141e-10,1.44454889141e-10,0.0012
-22.5520833333,0.0006,-0.0006,1.53171931066e-10,1.53171931066e-10,0.0012
-22.4869791667,0.0006,-0.0006,1.62414997554e-10,1.62414997554e-10,0.0012
-22.421875,0.0006,-0.0006,1.72215831236e-10,1.72215831236e-10,0.0012
-22.3567708333,0.0006,-0.0006,1.82608090231e-10,1.82608090231e-10,0.0012
-22.2916666667,0.0006,-0.0006,1.93627463738e-10,1.93627463738e-10,0.0012
-22.2265625,0.0006,-0.0006,2.053117946e-10,2.053117946e-10,0.0012
-22.1614583333,0.0006,-0.0006,2.1770120926e-10,2.1770120926e-10,0.0012
-22.0963541667,0.0006,-0.0006,2.3083825557e-10,2.3083825557e-10,0.0012
-22.03125,0.0006,-0.0006,2.44768048903e-10,2.44768048903e-10,0.0012
-21.9661458333,0.0006,-0.0006,2.59538427095e-10,2.59538427095e-10,0.0012
-21.9010416667,0.0006,-0.0006,2.75200114724e-10,2.75200114724e-10,0.0012
-21.8359375,0.0006,-0.0006,2.91806897313e-10,2.91806897313e-10,0.0012
-21.7708333333,0.0006,-0.0006,3.09415806039e-10,3.09415806039e-10,0.0012
-21.7057291667,0.0006,-0.0006,3.28087313592e-10,3.28087313592e-10,0.0012
-21.640625,0.0006,-0.0006,3.47885541847e-10,3.47885541847e-10,0.0012
-21.5755208333,0.0006,-0.0006,3.68878482075e-10,3.68878482075e-10,0.0012
-21.5104166667,0.0006,-0.0006,3.91138228441e-10,3.91138228441e-10,0.0012
-21.4453125,0.0006,-0.0006,4.14741225585e-10,4.14741225585e-10,0.0012
-21.3802083333,0.0006,-0.0006,4.39768531155e-10,4.39768531155e-10,0.0012
-21.3151041667,0.0006,-0.0006,4.66306094171e-10,4.66306094171e-10,0.0012
-21.25,0.0006,-0.0006,4.94445050194e-10,4.94445050194e-10,0.0012
-21.1848958333,0.0006,-0.0006,5.24282034306e-10,5.24282034306e-10,0.0012
-21.1197916667,0.0006,-0.0006,5.55919512975e-10,5.55919512975e-10,0.0012
-21.0546875,0.0006,-0.0006,5.89466135941e-10,5.89466135941e-10,0.0012
-20.9895833333,0.0006,-0.0006,6.2503710935e-10,6.2503710935e-10,0.0012
-20.9244791667,0.0006,-0.0006,6.62754591392e-10,6.62754591392e-10,0.0012
-20.859375,0.0006,-0.0006,7.02748111817e-10,7.02748111817e-10,0.0012
-20.7942708333,0.0006,-0.0006,7.45155016769e-10,7.45155016769e-10,0.0012
-20.7291666667,0.0006,-0.0006,7.9012094046e-10,7.9012094046e-10,0.0012
-20.6640625,0.0006,-0.0006,8.37800305312e-10,8.37800305312e-10,0.0012
-20.5989583333,0.0006,-0.0006,8.88356852272e-10,8.88356852272e-10,0.0012
-20.5338541667,0.0006,-0.0006,9.41964203134e-10,9.41964203134e-10,0.0012
-20.46875,0.0006,-0.0006,9.98806456792e-10,9.98806456792e-10,0.0012
-20.4036458333,0.0006,-0.0006,1.05907882148e-09,1.05907882148e-09,0.0012
-20.3385416667,0.0006,-0.0006,1.12298828515e-09,1.12298828515e-09,0.0012
-20.2734375,0.0006,-0.0006,1.1907543263e-09,1.1907543263e-09,0.0012
-20.2083333333,0.0006,-0.0006,1.26260966777e-09,1.26260966777e-09,0.0012
-20.1432291667,0.0006,-0.0006,1.33880107586e-09,1.33880107586e-09,0.0012
-20.078125,0.0006,-0.0006,1.41959020786e-09,1.41959020786e-09,0.0012
-20.0130208333,0.0006,-0.0006,1.50525451062e-09,1.50525451062e-09,0.0012
-19.9479166667,0.0006,-0.0006,1.59608817334e-09,1.59608817334e-09,0.0012
-19.8828125,0.0006,-0.0006,1.69240313786e-09,1.69240313786e-09,0.0012
-19.8177083333,0.0006,-0.0006,1.79453017001e-09,1.79453017001e-09,0.00120000000001
-19.7526041667,0.0006,-0.0006,1.90281999544e-09,1.90281999544e-09,0.00120000000001
-19.6875,0.0006,-0.0006,2.01764450415e-09,2.01764450415e-09,0.00120000000001
-19.6223958333,0.0006,-0.0006,2.13939802761e-09,2.13939802761e-09,0.00120000000001
-19.5572916667,0.0006,-0.0006,2.26849869296e-09,2.26849869296e-09,0.00120000000001
-19.4921875,0.0006,-0.0006,2.40538985899e-09,2.40538985899e-09,0.00120000000001
-19.4270833333,0.0006,-0.0006,2.55054163871e-09,2.55054163871e-09,0.00120000000001
-19.3619791667,0.0006,-0.0006,2.70445251379e-09,2.70445251379e-09,0.00120000000001
-19.296875,0.0006,-0.0006,2.86765104648e-09,2.86765104648e-09,0.00120000000001
-19.2317708333,0.0006,-0.0006,3.04069769479e-09,3.04069769479e-09,0.00120000000002
-19.1666666667,0.0006,-0.0006,3.22418673726e-09,3.22418673726e-09,0.00120000000002
-19.1015625,0.0006,-0.0006,3.41874831375e-09,3.41874831375e-09,0.00120000000002
-19.0364583333,0.0006,-0.0006,3.62505058957e-09,3.62505058957e-09,0.00120000000002
-18.9713541667,0.0006,-0.0006,3.84380205003e-09,3.84380205003e-09,0.00120000000002
-18.90625,0.0006,-0.0006,4.07575393357e-09,4.07575393357e-09,0.00120000000003
-18.8411458333,0.0006,-0.0006,4.32170281164e-09,4.32170281164e-09,0.00120000000003
-18.7760416667,0.0006,-0.0006,4.58249332431e-09,4.58249332431e-09,0.00120000000003
-18.7109375,0.0006,-0.0006,4.85902108096e-09,4.85902108096e-09,0.00120000000004
-18.6458333333,0.0006,-0.0006,5.15223573593e-09,5.15223573593e-09,0.00120000000004
-18.5807291667,0.0006,-0.0006,5.4631442499e-09,5.4631442499e-09,0.00120000000005
-18.515625,0.0006,-0.0006,5.79281434797e-09,5.79281434797e-09,0.00120000000006
-18.4505208333,0.0006,-0.0006,6.14237818646e-09,6.14237818646e-09,0.00120000000006
-18.3854166667,0.0006,-0.0006,6.51303624096e-09,6.51303624096e-09,0.00120000000007
-18.3203125,0.0006,-0.0006,6.90606142904e-09,6.90606142904e-09,0.00120000000008
-18.2552083333,0.0006,-0.0006,7.32280348168e-09,7.32280348168e-09,0.00120000000009
-18.1901041667,0.0006,-0.0006,7.76469357858e-09,7.76469357858e-09,0.0012000000001
-18.125,0.0006,-0.0006,8.23324926309e-09,8.23324926309e-09,0.00120000000011
-18.0598958333,0.0006,-0.0006,8.73007965376e-09,8.73007965376e-09,0.00120000000013
-17.9947916667,0.0006,-0.0006,9.25689097047e-09,9.25689097047e-09,0.00120000000014
-17.9296875,0.0006,-0.0006,9.81549239384e-09,9.81549239384e-09,0.00120000000016
-17.8645833333,0.0006,-0.0006,1.04078022784e-08,1.04078022784e-08,0.00120000000018
-17.7994791667,0.0006,-0.0006,1.10358547407e-08,1.10358547407e-08,0.0012000000002
-17.734375,0.0006,-0.0006,1.17018066446e-08,1.17018066446e-08,0.00120000000023
-17.6692708333,0.0006,-0.0006,1.24079450088e-08,1.24079450088e-08,0.00120000000026
-17.6041666667,0.0006,-0.0006,1.31566948607e-08,1.31566948607e-08,0.00120000000029
-17.5390625,0.0006,-0.0006,1.39506275644e-08,1.39506275644e-08,0.00120000000032
-17.4739583333,0.0006,-0.0006,1.47924696515e-08,1.47924696515e-08,0.00120000000036
-17.4088541667,0.0006,-0.0006,1.56851121844e-08,1.56851121844e-08,0.00120000000041
-17.34375,0.0006,-0.0006,1.66316206849e-08,1.66316206849e-08,0.00120000000046
-17.2786458333,0.0006,-0.0006,1.76352456619e-08,1.76352456619e-08,0.00120000000052
-17.2135416667,0.0006,-0.0006,1.86994337743e-08,1.86994337743e-08,0.00120000000058
-17.1484375,0.0006,-0.0006,1.98278396674e-08,1.98278396674e-08,0.00120000000066
-17.0833333333,0.0006,-0.0006,2.10243385238e-08,2.10243385238e-08,0.00120000000074
-17.0182291667,0.0006,-0.0006,2.22930393719e-08,2.22930393719e-08,0.00120000000083
-16.953125,0.0006,-0.0006,2.36382991966e-08,2.36382991966e-08,0.00120000000093
-16.8880208333,0.0006,-0.0006,2.50647379026e-08,2.50647379026e-08,0.00120000000105
-16.8229166667,0.0006,-0.0006,2.65772541798e-08,2.65772541798e-08,0.00120000000118
-16.7578125,0.0006,-0.0006,2.81810423265e-08,2.81810423265e-08,0.00120000000132
-16.6927083333,0.0006,-0.0006,2.9881610088e-08,2.9881610088e-08,0.00120000000149
-16.6276041667,0.0006,-0.0006,3.16847975708e-08,3.16847975708e-08,0.00120000000167
-16.5625,0.0006,-0.0006,3.35967972993e-08,3.35967972993e-08,0.00120000000188
-16.4973958333,0.0006,-0.0006,3.56241754819e-08,3.56241754819e-08,0.00120000000212
-16.4322916667,0.0006,-0.0006,3.77738945608e-08,3.77738945608e-08,0.00120000000238
-16.3671875,0.0006,-0.0006,4.00533371226e-08,4.00533371226e-08,0.00120000000267
-16.3020833333,0.0006,-0.0006,4.24703312515e-08,4.24703312515e-08,0.00120000000301
-16.2369791667,0.0006,-0.0006,4.50331774126e-08,4.50331774126e-08,0.00120000000338
-16.171875,0.0006,-0.0006,4.77506769578e-08,4.77506769578e-08,0.0012000000038
-16.1067708333,0.0006,-0.0006,5.06321623507e-08,5.06321623507e-08,0.00120000000427
-16.0416666667,0.0006,-0.0006,5.36875292172e-08,5.36875292172e-08,0.0012000000048
-15.9765625,0.0006,-0.0006,5.69272703283e-08,5.69272703283e-08,0.0012000000054
-15.9114583333,0.0006,-0.0006,6.0362511635e-08,6.0362511635e-08,0.00120000000607
-15.8463541667,0.0006,-0.0006,6.40050504772e-08,6.40050504772e-08,0.00120000000683
-15.78125,0.0006,-0.0006,6.78673960977e-08,6.78673960977e-08,0.00120000000768
-15.7161458333,0.0006,-0.0006,7.19628126022e-08,7.19628126022e-08,0.00120000000863
-15.6510416667,0.0006,-0.0006,7.63053645106e-08,7.63053645106e-08,0.0012000000097
-15.5859375,0.0006,-0.0006,8.09099650576e-08,8.09099650576e-08,0.00120000001091
-15.5208333333,0.0006,-0.0006,8.57924274081e-08,8.57924274081e-08,0.00120000001227
-15.4557291667,0.0006,-0.0006,9.09695189627e-08,9.09695189627e-08,0.00120000001379
-15.390625,0.0006,-0.0006,9.64590189404e-08,9.64590189404e-08,0.00120000001551
-15.3255208333,0.0006,-0.0006,1.02279779436e-07,1.02279779436e-07,0.00120000001744
-15.2604166667,0.0006,-0.0006,1.08451790164e-07,1.08451790164e-07,0.0012000000196
-15.1953125,0.0006,-0.0006,1.14996247104e-07,1.14996247104e-07,0.00120000002204
-15.1302083333,0.0006,-0.0006,1.21935625295e-07,1.21935625295e-07,0.00120000002478
-15.0651041667,0.0006,-0.0006,1.29293756018e-07,1.29293756018e-07,0.00120000002786
-15,0.0006,-0.0006,1.37095908638e-07,1.37095908638e-07,0.00120000003133
-14.9348958333,0.0006,-0.0006,1.45368877387e-07,1.45368877387e-07,0.00120000003522
-14.8697916667,0.0006,-0.0006,1.54141073373e-07,1.54141073373e-07,0.0012000000396
-14.8046875,0.0006,-0.0006,1.63442622161e-07,1.63442622161e-07,0.00120000004452
-14.7395833333,0.0006,-0.0006,1.73305467221e-07,1.73305467221e-07,0.00120000005006
-14.6744791667,0.0006,-0.0006,1.83763479634e-07,1.83763479634e-07,0.00120000005628
-14.609375,0.0006,-0.0006,1.94852574408e-07,1.94852574408e-07,0.00120000006328
-14.5442708333,0.0006,-0.0006,2.06610833823e-07,2.06610833823e-07,0.00120000007115
-14.4791666667,0.0006,-0.0006,2.19078638211e-07,2.19078638211e-07,0.00120000007999
-14.4140625,0.0006,-0.0006,2.32298804628e-07,2.32298804628e-07,0.00120000008994
-14.3489583333,0.0006,-0.0006,2.46316733901e-07,2.46316733901e-07,0.00120000010112
-14.2838541667,0.0006,-0.0006,2.61180566542e-07,2.61180566542e-07,0.00120000011369
-14.21875,0.0006,-0.0006,2.76941348071e-07,2.76941348071e-07,0.00120000012783
-14.1536458333,0.0006,-0.0006,2.93653204322e-07,2.93653204322e-07,0.00120000014372
-14.0885416667,0.0006,-0.0006,3.11373527315e-07,3.11373527315e-07,0.00120000016159
-14.0234375,0.0006,-0.0006,3.3016317236e-07,3.3016317236e-07,0.00120000018168
-13.9583333333,0.0006,-0.0006,3.50086667043e-07,3.50086667043e-07,0.00120000020427
-13.8932291667,0.0006,-0.0006,3.71212432825e-07,3.71212432825e-07,0.00120000022966
-13.828125,0.0006,-0.0006,3.93613020021e-07,3.93613020021e-07,0.00120000025822
-13.7630208333,0.0006,-0.0006,4.17365356949e-07,4.17365356949e-07,0.00120000029032
-13.6979166667,0.0006,-0.0006,4.42551014121e-07,4.42551014121e-07,0.00120000032642
-13.6328125,0.0006,-0.0006,4.69256484369e-07,4.69256484369e-07,0.001200000367
-13.5677083333,0.0006,-0.0006,4.97573479884e-07,4.97573479884e-07,0.00120000041263
-13.5026041667,0.0006,-0.0006,5.27599247173e-07,5.27599247173e-07,0.00120000046393
-13.4375,0.0006,-0.0006,5.59436901022e-07,5.59436901022e-07,0.00120000052162
-13.3723958333,0.0006,-0.0006,5.93195778619e-07,5.93195778619e-07,0.00120000058647
-13.3072916667,0.0006,-0.0006,6.28991815035e-07,6.28991815035e-07,0.00120000065938
-13.2421875,0.0006,-0.0006,6.66947941372e-07,6.66947941372e-07,0.00120000074137
-13.1770833333,0.0006,-0.0006,7.07194506937e-07,7.07194506937e-07,0.00120000083354
-13.1119791667,0.0006,-0.0006,7.49869726882e-07,7.49869726882e-07,0.00120000093717
-13.046875,0.0006,-0.0006,7.95120156871e-07,7.95120156871e-07,0.00120000105369
-12.9817708333,0.0006,-0.0006,8.4310119638e-07,8.4310119638e-07,0.0012000011847
-12.9166666667,0.0006,-0.0006,8.93977622368e-07,8.93977622368e-07,0.00120000133199
-12.8515625,0.0006,-0.0006,9.47924155163e-07,9.47924155163e-07,0.0012000014976
-12.7864583333,0.0006,-0.0006,1.00512605848e-06,1.00512605848e-06,0.0012000016838
-12.7213541667,0.0006,-0.0006,1.06577977567e-06,1.06577977567e-06,0.00120000189314
-12.65625,0.0006,-0.0006,1.13009360431e-06,1.13009360431e-06,0.00120000212852
-12.5911458333,0.0006,-0.0006,1.19828841161e-06,1.19828841161e-06,0.00120000239316
-12.5260416667,0.0006,-0.0006,1.27059839284e-06,1.27059839284e-06,0.0012000026907
-12.4609375,0.0006,-0.0006,1.34727187566e-06,1.34727187566e-06,0.00120000302523
-12.3958333333,0.0006,-0.0006,1.4285721729e-06,1.4285721729e-06,0.00120000340136
-12.3307291667,0.0006,-0.0006,1.51477848685e-06,1.51477848685e-06,0.00120000382425
-12.265625,0.0006,-0.0006,1.60618686808e-06,1.60618686808e-06,0.00120000429972
-12.2005208333,0.0006,-0.0006,1.70311123216e-06,1.70311123216e-06,0.0012000048343
-12.1354166667,0.0006,-0.0006,1.80588443771e-06,1.80588443771e-06,0.00120000543535
-12.0703125,0.0006,-0.0006,1.91485942949e-06,1.91485942949e-06,0.00120000611113
-12.0052083333,0.0006,-0.0006,2.03041045048e-06,2.03041045048e-06,0.00120000687092
-11.9401041667,0.0006,-0.0006,2.15293432716e-06,2.15293432716e-06,0.00120000772519
-11.875,0.0006,-0.0006,2.28285183222e-06,2.28285183222e-06,0.00120000868566
-11.8098958333,0.0006,-0.0006,2.42060912967e-06,2.42060912967e-06,0.00120000976554
-11.7447916667,0.0006,-0.0006,2.56667930696e-06,2.56667930696e-06,0.00120001097969
-11.6796875,0.0006,-0.0006,2.72156399976e-06,2.72156399976e-06,0.00120001234479
-11.6145833333,0.0006,-0.0006,2.8857951146e-06,2.8857951146e-06,0.00120001387961
-11.5494791667,0.0006,-0.0006,3.05993665561e-06,3.05993665561e-06,0.00120001560525
-11.484375,0.0006,-0.0006,3.2445866614e-06,3.2445866614e-06,0.00120001754544
-11.4192708333,0.0006,-0.0006,3.44037925884e-06,3.44037925884e-06,0.00120001972685
-11.3541666667,0.0006,-0.0006,3.64798684081e-06,3.64798684081e-06,0.00120002217948
-11.2890625,0.0006,-0.0006,3.86812237532e-06,3.86812237532e-06,0.00120002493703
-11.2239583333,0.0006,-0.0006,4.10154185401e-06,4.10154185401e-06,0.00120002803742
-11.1588541667,0.0006,-0.0006,4.34904688836e-06,4.34904688836e-06,0.00120003152327
-11.09375,0.0006,-0.0006,4.61148746262e-06,4.61148746262e-06,0.0012000354425
-11.0286458333,0.0006,-0.0006,4.88976485281e-06,4.88976485281e-06,0.00120003984901
-10.9635416667,0.0006,-0.0006,5.18483472189e-06,5.18483472189e-06,0.00120004480335
-10.8984375,0.0006,-0.0006,5.49771040173e-06,5.49771040173e-06,0.00120005037364
-10.8333333333,0.0006,-0.0006,5.82946637309e-06,5.82946637309e-06,0.00120005663646
-10.7682291667,0.0006,-0.0006,6.18124195561e-06,6.18124195561e-06,0.0012000636779
-10.703125,0.0006,-0.0006,6.55424522049e-06,6.55424522049e-06,0.00120007159475
-10.6380208333,0.0006,-0.0006,6.94975713923e-06,6.94975713923e-06,0.00120008049584
-10.5729166667,0.0006,-0.0006,7.36913598278e-06,7.36913598278e-06,0.00120009050353
-10.5078125,0.0006,-0.0006,7.81382198612e-06,7.81382198612e-06,0.00120010175538
-10.4427083333,0.0006,-0.0006,8.28534229432e-06,8.28534229432e-06,0.00120011440604
-10.3776041667,0.0006,-0.0006,8.7853162071e-06,8.7853162071e-06,0.00120012862941
-10.3125,0.0006,-0.0006,9.31546073983e-06,9.31546073983e-06,0.00120014462097
-10.2473958333,0.0006,-0.0006,9.87759652011e-06,9.87759652011e-06,0.00120016260051
-10.1822916667,0.0006,-0.0006,1.04736540402e-05,1.04736540402e-05,0.00120018281512
-10.1171875,0.0006,-0.0006,1.11056802867e-05,1.11056802867e-05,0.00120020554262
-10.0520833333,0.0006,-0.0006,1.17758457705e-05,1.17758457705e-05,0.00120023109532
-9.98697916667,0.0006,-0.0006,1.24864519805e-05,1.24864519805e-05,0.00120025982434
-9.921875,0.0006,-0.0006,1.32399392876e-05,1.32399392876e-05,0.00120029212443
-9.85677083333,0.0006,-0.0006,1.40388953253e-05,1.40388953253e-05,0.00120032843936
-9.79166666667,0.0006,-0.0006,1.48860638764e-05,1.48860638764e-05,0.00120036926801
-9.7265625,0.0006,-0.0006,1.57843542956e-05,1.57843542956e-05,0.00120041517125
-9.66145833333,0.0006,-0.0006,1.67368515006e-05,1.67368515006e-05,0.00120046677955
-9.59635416667,0.0006,-0.0006,1.77468265668e-05,1.77468265668e-05,0.00120052480166
-9.53125,0.0006,-0.0006,1.88177479607e-05,1.88177479607e-05,0.00120059003434
-9.46614583333,0.0006,-0.0006,1.99532934509e-05,1.99532934509e-05,0.00120066337317
-9.40104166667,0.0006,-0.0006,2.11573627392e-05,2.11573627392e-05,0.00120074582489
-9.3359375,0.0006,-0.0006,2.24340908522e-05,2.24340908522e-05,0.00120083852109
-9.27083333333,0.0006,-0.0006,2.37878623422e-05,2.37878623422e-05,0.00120094273368
-9.20572916667,0.0006,-0.0006,2.52233263448e-05,2.52233263448e-05,0.00120105989225
-9.140625,0.0006,-0.0006,2.67454125445e-05,2.67454125445e-05,0.00120119160352
-9.07552083333,0.0006,-0.0006,2.83593481049e-05,2.83593481049e-05,0.00120133967324
-9.01041666667,0.0006,-0.0006,3.00706756194e-05,3.00706756194e-05,0.00120150613071
-8.9453125,0.0006,-0.0006,3.18852721461e-05,3.18852721461e-05,0.00120169325633
-8.88020833333,0.0006,-0.0006,3.38093693902e-05,3.38093693902e-05,0.00120190361254
-8.81510416667,0.0006,-0.0006,3.58495751056e-05,3.58495751056e-05,0.00120214007842
-8.75,0.0006,-0.0006,3.80128957869e-05,3.80128957869e-05,0.00120240588862
-8.68489583333,0.0006,-0.0006,4.03067607315e-05,4.03067607315e-05,0.0012027046769
-8.61979166667,0.0006,-0.0006,4.27390475531e-05,4.27390475531e-05,0.00120304052498
-8.5546875,0.0006,-0.0006,4.53181092351e-05,4.53181092351e-05,0.00120341801719
-8.48958333333,0.0006,-0.0006,4.80528028168e-05,4.80528028168e-05,0.00120384230173
-8.42447916667,0.0006,-0.0006,5.09525198099e-05,5.09525198099e-05,0.00120431915915
-8.359375,0.0006,-0.0006,5.40272184513e-05,5.40272184513e-05,0.00120485507898
-8.29427083333,0.0006,-0.0006,5.72874579014e-05,5.72874579014e-05,0.0012054573453
-8.22916666667,0.0006,-0.0006,6.0744434507e-05,6.0744434507e-05,0.00120613413238
-8.1640625,0.0006,-0.0006,6.44100202512e-05,6.44100202512e-05,0.00120689461132
-8.09895833333,0.0006,-0.0006,6.82968035251e-05,6.82968035251e-05,0.00120774906892
-8.03385416667,0.0006,-0.0006,7.24181323581e-05,7.24181323581e-05,0.00120870904008
-7.96875,0.0006,-0.0006,7.67881602586e-05,7.67881602586e-05,0.00120978745498
-7.90364583333,0.0006,-0.0006,8.14218948198e-05,8.14218948198e-05,0.00121099880257
-7.83854166667,0.0006,-0.0006,8.63352492586e-05,8.63352492586e-05,0.00121235931186
-7.7734375,0.0006,-0.0006,9.15450970657e-05,9.15450970657e-05,0.00121388715258
-7.70833333333,0.0006,-0.0006,9.7069329952e-05,9.7069329952e-05,0.00121560265682
-7.64322916667,0.0006,-0.0006,0.000102926919293,0.000102926919293,0.00121752856347
-7.578125,0.0006,-0.0006,0.000109137981279,0.000109137981279,0.00121969028685
-7.51302083333,0.0006,-0.0006,0.000115723846002,0.000115723846002,0.00122211621139
-7.44791666667,0.0006,-0.0006,0.000122707130703,0.000122707130703,0.00122483801366
-7.3828125,0.0006,-0.0006,0.000130111817448,0.000130111817448,0.00122789101314
-7.31770833333,0.0006,-0.0006,0.000137963335486,0.000137963335486,0.00123131455273
-7.25260416667,0.0006,-0.0006,0.000146288648576,0.000146288648576,0.00123515240955
-7.1875,0.0006,-0.0006,0.000155116347593,0.000155116347593,0.00123945323638
-7.12239583333,0.0006,-0.0006,0.000164476748707,0.000164476748707,0.00124427103296
-7.05729166667,0.0006,-0.0006,0.000174401997501,0.000174401997501,0.00124966564605
-6.9921875,0.0006,-0.0006,0.000184926179362,0.000184926179362,0.00125570329587
-6.92708333333,0.0006,-0.0006,0.00019608543654,0.00019608543654,0.00126245712549
-6.86197916667,0.0006,-0.0006,0.000207918092267,0.000207918092267,0.00127000776863
-6.796875,0.0006,-0.0006,0.000220464782366,0.000220464782366,0.00127844392957
-6.73177083333,0.0006,-0.0006,0.000233768594804,0.000233768594804,0.00128786296774
-6.66666666667,0.0006,-0.0006,0.000247875217667,0.000247875217667,0.00129837147771
-6.6015625,0.0006,-0.0006,0.000262833096057,0.000262833096057,0.00131008585426
-6.53645833333,0.0006,-0.0006,0.000278693598469,0.000278693598469,0.00132313283056
-6.47135416667,0.0006,-0.0006,0.000295511193198,0.000295511193198,0.00133764997709
-6.40625,0.0006,-0.0006,0.000313343635393,0.000313343635393,0.00135378614831
-6.34114583333,0.0006,-0.0006,0.000332252165406,0.000332252165406,0.00137170186472
-6.27604166667,0.0006,-0.0006,0.000352301719095,0.000352301719095,0.00139156961921
-6.2109375,0.0006,-0.0006,0.000373561150839,0.000373561150839,0.00141357409911
-6.14583333333,0.0006,-0.0006,0.000396103469987,0.000396103469987,0.00143791231852
-6.08072916667,0.0006,-0.0006,0.000420006091595,0.000420006091595,0.00146479366052
-6.015625,0.0006,-0.0006,0.000445351102284,0.000445351102284,0.00149443983392
-5.95052083333,0.0006,-0.0006,0.000472225542139,0.000472225542139,0.00152708475554
-5.88541666667,0.0006,-0.0006,0.000500721703629,0.000500721703629,0.00156297437533
-5.8203125,0.0006,-0.0006,0.000530937448554,0.000530937448554,0.00160236646779
-5.75520833333,0.0006,-0.0006,0.000562976544124,0.000562976544124,0.00164553041811
-5.69010416667,0.0006,-0.0006,0.000596949019319,0.000596949019319,0.00169274703564
-5.625,0.0006,-0.0006,0.000632971542749,0.000632971542749,0.00174430842907
-5.55989583333,0.0006,-0.0006,0.000671167823321,0.000671167823321,0.00180051797776
-5.49479166667,0.0006,-0.0006,0.00071166903508,0.00071166903508,0.00186169043129
-5.4296875,0.0006,-0.0006,0.000754614267689,0.000754614267689,0.00192815216516
-5.36458333333,0.0006,-0.0006,0.000800151004091,0.000800151004091,0.00200024161475
-5.29947916667,0.0006,-0.0006,0.000848435626998,0.000848435626998,0.00207830990294
-5.234375,0.0006,-0.0006,0.000899633955939,0.000899633955939,0.00216272166927
-5.16927083333,0.0006,-0.0006,0.000953921816724,0.000953921816724,0.00225385610226
-5.10416666667,0.0006,-0.0006,0.00101148564526,0.00101148564526,0.00235210816976
-5.0390625,0.0006,-0.0006,0.00107252312782,0.00107252312782,0.00245789003799
-4.97395833333,0.0006,-0.0006,0.00113724387993,0.00113724387993,0.00257163266618
-4.90885416667,0.0006,-0.0006,0.00120587016624,0.00120587016624,0.00269378756239
-4.84375,0.0006,-0.0006,0.00127863766381,0.00127863766381,0.0028248286853
-4.77864583333,0.0006,-0.0006,0.00135579627152,0.00135579627152,0.00296525447803
-4.71354166667,0.0006,-0.0006,0.00143761096821,0.00143761096821,0.00311559002176
-4.6484375,0.0006,-0.0006,0.00152436272273,0.00152436272273,0.00327638929949
-4.58333333333,0.0006,-0.0006,0.00161634945882,0.00161634945882,0.00344823756317
-4.51822916667,0.0006,-0.0006,0.00171388707822,0.00171388707822,0.00363175380052
-4.453125,0.0006,-0.0006,0.00181731054561,0.00181731054561,0.00382759330085
-4.38802083333,0.0006,-0.0006,0.00192697503887,0.00192697503887,0.00403645032198
-4.32291666667,0.0006,-0.0006,0.00204325716891,0.00204325716891,0.00425906086281
-4.2578125,0.0006,-0.0006,0.00216655627295,0.00216655627295,0.00449620554861
-4.19270833333,0.0006,-0.0006,0.002297295786,0.002297295786,0.0047487126375
-4.12760416667,0.0006,-0.0006,0.002435924695,0.002435924695,0.00501746115868
-4.0625,0.0006,-0.0006,0.00258291908072,0.00258291908072,0.00530338419409
-3.99739583333,0.0006,-0.0006,0.00273878375273,0.00273878375273,0.00560747231619
-3.93229166667,0.0006,-0.0006,0.00290405398303,0.00290405398303,0.00593077719574
-3.8671875,0.0006,-0.0006,0.00307929734429,0.00307929734429,0.00627441539414
-3.80208333333,0.0006,-0.0006,0.00326511565899,0.00326511565899,0.00663957235568
-3.73697916667,0.0006,-0.0006,0.00346214706623,0.00346214706623,0.00702750661564
-3.671875,0.0006,-0.0006,0.00367106821322,0.00367106821322,0.00743955424098
-3.60677083333,0.0006,-0.0006,0.00389259657904,0.00389259657904,0.00787713352105
-3.54166666667,0.0006,-0.0006,0.00412749293858,0.00412749293858,0.00834174992625
-3.4765625,0.0006,-0.0006,0.00437656397526,0.00437656397526,0.0088350013536
-3.41145833333,0.0006,-0.0006,0.0046406650513,0.0046406650513,0.00935858367881
-3.34635416667,0.0006,-0.0006,0.00492070314522,0.00492070314522,0.00991429663534
-3.28125,0.0006,-0.0006,0.00521763996663,0.00521763996663,0.010504050042
-3.21614583333,0.0006,-0.0006,0.0055324952589,0.0055324952589,0.0111298704017
-3.15104166667,0.0006,-0.0006,0.00586635030119,0.00586635030119,0.0117939078945
-3.0859375,0.0006,-0.0006,0.00622035162179,0.00622035162179,0.0124984437909
-3.02083333333,0.0006,-0.0006,0.00659571493555,0.00659571493555,0.0132458983102
-2.95572916667,0.0006,-0.0006,0.00699372931888,0.00699372931888,0.0140388389528
-2.890625,0.0006,-0.0006,0.00741576163672,0.00741576163672,0.014879989335
-2.82552083333,0.0006,-0.0006,0.00786326123662,0.00786326123662,0.0157722385571
-2.76041666667,0.0006,-0.0006,0.00833776492616,0.00833776492616,0.0167186511374
-2.6953125,0.0006,-0.0006,0.00884090225059,0.00884090225059,0.0177224775474
-2.63020833333,0.0006,-0.0006,0.00937440108912,0.00937440108912,0.0187871653827
-2.56510416667,0.0006,-0.0006,0.00994009358872,0.00994009358872,0.0199163712109
-2.5,0.0006,-0.0006,0.0105399224562,0.0105399224562,0.0211139731346
-2.43489583333,0.0006,-0.0006,0.0111759476298,0.0111759476298,0.0223840841156
-2.36979166667,0.0006,-0.0006,0.0118503533534,0.0118503533534,0.0237310661033
-2.3046875,0.0006,-0.0006,0.0125654556779,0.0125654556779,0.0251595450192
-2.23958333333,0.0006,-0.0006,0.0133237104148,0.0133237104148,0.0266744266455
-2.17447916667,0.0006,-0.0006,0.0141277215699,0.0141277215699,0.0282809134758
-2.109375,0.0006,-0.0006,0.0149802502864,0.0149802502864,0.0299845225837
-2.04427083333,0.0006,-0.0006,0.0158842243269,0.0158842243269,0.0317911045713
-1.97916666667,0.0006,-0.0006,0.0168427481278,0.0168427481278,0.0337068636629
-1.9140625,0.0006,-0.0006,0.0178591134612,0.0178591134612,0.0357383790131
-1.84895833333,0.0006,-0.0006,0.018936810739,0.018936810739,0.0378926273022
-1.78385416667,0.0006,-0.0006,0.0200795409998,0.0200795409998,0.0401770066961
-1.71875,0.0006,-0.0006,0.0212912286192,0.0212912286192,0.0425993622542
-1.65364583333,0.0006,-0.0006,0.0225760347869,0.0225760347869,0.0451680128719
-1.58854166667,0.0006,-0.0006,0.0239383717968,0.0239383717968,0.0478917798493
-1.5234375,0.0006,-0.0006,0.0253829182003,0.0253829182003,0.0507800171864
-1.45833333333,0.0006,-0.0006,0.0269146348729,0.0269146348729,0.0538426437071
-1.39322916667,0.0006,-0.0006,0.0285387820512,0.0285387820512,0.0570901771224
-1.328125,0.0006,-0.0006,0.0302609373975,0.0302609373975,0.0605337701511
-1.26302083333,0.0006,-0.0006,0.0320870151548,0.0320870151548,0.0641852488208
-1.19791666667,0.0006,-0.0006,0.0340232864574,0.0340232864574,0.0680571530807
-1.1328125,0.0006,-0.0006,0.0360764008674,0.0360764008674,0.0721627798673
-1.06770833333,0.0006,-0.0006,0.0382534092105,0.0382534092105,0.0765162287683
-1.00260416667,0.0006,-0.0006,0.0405617877906,0.0405617877906,0.0811324504441
-0.9375,0.0006,-0.0006,0.043009464064,0.043009464064,0.0860272979716
-0.872395833333,0.0006,-0.0006,0.045604843865,0.045604843865,0.0912175812867
-0.807291666667,0.0006,-0.0006,0.0483568402725,0.0483568402725,0.0967211249137
-0.7421875,0.0006,-0.0006,0.0512749042199,0.0512749042199,0.102556829178
-0.677083333333,0.0006,-0.0006,0.0543690569513,0.0543690569513,0.108744735114
-0.611979166667,0.0006,-0.0006,0.0576499244366,0.0576499244366,0.115306093292
-0.546875,0.0006,-0.0006,0.0611287738635,0.0611287738635,0.122263436792
-0.481770833333,0.0006,-0.0006,0.0648175523312,0.0648175523312,0.129640658595
-0.416666666667,0.0006,-0.0006,0.0687289278791,0.0687289278791,0.137463093627
-0.3515625,0.0006,-0.0006,0.0728763329919,0.0728763329919,0.145757605776
-0.286458333333,0.0006,-0.0006,0.0772740107295,0.0772740107295,0.154552680135
-0.221354166667,0.0006,-0.0006,0.0819370636401,0.0819370636401,0.163878520837
-0.15625,0.0006,-0.0006,0.0868815056263,0.0868815056263,0.173767154778
-0.0911458333333,0.0006,-0.0006,0.0921243169397,0.0921243169397,0.184252541601
-0.0260416666667,0.0006,-0.0006,0.097683502495,0.097683502495,0.195370690327
0.0390625,0.0006,-0.0006,0.10345454478,0.10345454478,0.20691256932
0.104166666667,0.0006,-0.0006,0.108948963862,0.108948963862,0.217901231998
0.169270833333,0.0006,-0.0006,0.114130694574,0.114130694574,0.228264543404
0.234375,0.0006,-0.0006,0.119017532066,0.119017532066,0.238038088877
0.299479166667,0.0006,-0.0006,0.123626258764,0.123626258764,0.247255429514
0.364583333333,0.0006,-0.0006,0.127972702004,0.127972702004,0.255948217093
0.4296875,0.0006,-0.0006,0.132071788384,0.132071788384,0.264146302545
0.494791666667,0.0006,-0.0006,0.135937595027,0.135937595027,0.271877838315
0.559895833333,0.0006,-0.0006,0.139583397923,0.139583397923,0.279169374938
0.625,0.0006,-0.0006,0.143021717527,0.143021717527,0.286045952143
0.690104166667,0.0006,-0.0006,0.146264361748,0.146264361748,0.292531184783
0.755208333333,0.0006,-0.0006,0.149322466508,0.149322466508,0.298647343897
0.8203125,0.0006,-0.0006,0.152206533981,0.152206533981,0.30441543316
0.885416666667,0.0006,-0.0006,0.154926468659,0.154926468659,0.309855260993
0.950520833333,0.0006,-0.0006,0.15749161137,0.15749161137,0.314985508567
1.015625,0.0006,-0.0006,0.159910771351,0.159910771351,0.319823793949
1.08072916667,0.0006,-0.0006,0.162192256506,0.162192256506,0.324386732592
1.14583333333,0.0006,-0.0006,0.164343901934,0.164343901934,0.328689994388
1.2109375,0.0006,-0.0006,0.166373096836,0.166373096836,0.332748357477
1.27604166667,0.0006,-0.0006,0.168286809895,0.168286809895,0.336575758988
1.34114583333,0.0006,-0.0006,0.170091613202,0.170091613202,0.340185342904
1.40625,0.0006,-0.0006,0.171793704831,0.171793704831,0.343589505191
1.47135416667,0.0006,-0.0006,0.173398930121,0.173398930121,0.346799936373
1.53645833333,0.0006,-0.0006,0.174912801754,0.174912801754,0.34982766167
1.6015625,0.0006,-0.0006,0.176340518682,0.176340518682,0.352683078863
1.66666666667,0.0006,-0.0006,0.177686983985,0.177686983985,0.355375993999
1.73177083333,0.0006,-0.0006,0.178956821708,0.178956821708,0.357915655068
1.796875,0.0006,-0.0006,0.180154392739,0.180154392739,0.360310783758
1.86197916667,0.0006,-0.0006,0.181283809789,0.181283809789,0.362569605408
1.92708333333,0.0006,-0.0006,0.182348951513,0.182348951513,0.364699877257
1.9921875,0.0006,-0.0006,0.183353475831,0.183353475831,0.366708915078
2.05729166667,0.0006,-0.0006,0.184300832492,0.184300832492,0.368603618307
2.12239583333,0.0006,-0.0006,0.185194274916,0.185194274916,0.370390493731
2.1875,0.0006,-0.0006,0.186036871372,0.186036871372,0.372075677839
2.25260416667,0.0006,-0.0006,0.186831515513,0.186831515513,0.373664957891
2.31770833333,0.0006,-0.0006,0.187580936315,0.187580936315,0.375163791797
2.3828125,0.0006,-0.0006,0.188287707445,0.188287707445,0.376577326853
2.44791666667,0.0006,-0.0006,0.188954256104,0.188954256104,0.377910417426
2.51302083333,0.0006,-0.0006,0.18958287136,0.18958287136,0.379167641621
2.578125,0.0006,-0.0006,0.190175712009,0.190175712009,0.380353317
2.64322916667,0.0006,-0.0006,0.190734813992,0.190734813992,0.381471515416
2.70833333333,0.0006,-0.0006,0.19126209738,0.19126209738,0.38252607699
2.7734375,0.0006,-0.0006,0.191759372978,0.191759372978,0.383520623303
2.83854166667,0.0006,-0.0006,0.192228348532,0.192228348532,0.384458569831
2.90364583333,0.0006,-0.0006,0.192670634603,0.192670634603,0.385343137676
2.96875,0.0006,-0.0006,0.193087750096,0.193087750096,0.386177364624
3.03385416667,0.0006,-0.0006,0.193481127471,0.193481127471,0.386964115584
3.09895833333,0.0006,-0.0006,0.19385211767,0.19385211767,0.387706092421
3.1640625,0.0006,-0.0006,0.19420199475,0.19420199475,0.388405843235
3.22916666667,0.0006,-0.0006,0.194531960263,0.194531960263,0.389065771118
3.29427083333,0.0006,-0.0006,0.19484314738,0.19484314738,0.389688142396
3.359375,0.0006,-0.0006,0.195136624783,0.195136624783,0.390275094423
3.42447916667,0.0006,-0.0006,0.195413400334,0.195413400334,0.390828642912
3.48958333333,0.0006,-0.0006,0.195674424539,0.195674424539,0.391350688865
3.5546875,0.0006,-0.0006,0.195920593811,0.195920593811,0.391843025096
3.61979166667,0.0006,-0.0006,0.196152753545,0.196152753545,0.39230734239
3.68489583333,0.0006,-0.0006,0.196371701027,0.196371701027,0.392745235308
3.75,0.0006,-0.0006,0.196578188169,0.196578188169,0.393158207666
3.81510416667,0.0006,-0.0006,0.196772924091,0.196772924091,0.393547677697
3.88020833333,0.0006,-0.0006,0.196956577556,0.196956577556,0.393914982923
3.9453125,0.0006,-0.0006,0.197129779271,0.197129779271,0.394261384745
4.01041666667,0.0006,-0.0006,0.197293124044,0.197293124044,0.394588072781
4.07552083333,0.0006,-0.0006,0.197447172838,0.197447172838,0.394896168944
4.140625,0.0006,-0.0006,0.197592454687,0.197592454687,0.395186731302
4.20572916667,0.0006,-0.0006,0.197729468521,0.197729468521,0.395460757706
4.27083333333,0.0006,-0.0006,0.197858684872,0.197858684872,0.395719189221
4.3359375,0.0006,-0.0006,0.197980547498,0.197980547498,0.395962913353
4.40104166667,0.0006,-0.0006,0.1980954749,0.1980954749,0.396192767102
4.46614583333,0.0006,-0.0006,0.198203861764,0.198203861764,0.396409539835
4.53125,0.0006,-0.0006,0.198306080311,0.198306080311,0.396613975993
4.59635416667,0.0006,-0.0006,0.198402481583,0.198402481583,0.396806777655
4.66145833333,0.0006,-0.0006,0.198493396641,0.198493396641,0.39698860694
4.7265625,0.0006,-0.0006,0.198579137707,0.198579137707,0.397160088289
4.79166666667,0.0006,-0.0006,0.198659999233,0.198659999233,0.397321810604
4.85677083333,0.0006,-0.0006,0.198736258916,0.198736258916,0.397474329274
4.921875,0.0006,-0.0006,0.198808178647,0.198808178647,0.39761816808
4.98697916667,0.0006,-0.0006,0.198876005413,0.198876005413,0.397753820994
5.05208333333,0.0006,-0.0006,0.198939972145,0.198939972145,0.397881753877
5.1171875,0.0006,-0.0006,0.199000298519,0.199000298519,0.398002406077
5.18229166667,0.0006,-0.0006,0.199057191709,0.199057191709,0.398116191939
5.24739583333,0.0006,-0.0006,0.199110847097,0.199110847097,0.398223502228
5.3125,0.0006,-0.0006,0.199161448947,0.199161448947,0.39832470547
5.37760416667,0.0006,-0.0006,0.199209171037,0.199209171037,0.398420149217
5.44270833333,0.0006,-0.0006,0.199254177255,0.199254177255,0.398510161243
5.5078125,0.0006,-0.0006,0.19929662216,0.19929662216,0.398595050669
5.57291666667,0.0006,-0.0006,0.199336651519,0.199336651519,0.398675109023
5.63802083333,0.0006,-0.0006,0.199374402799,0.199374402799,0.398750611242
5.703125,0.0006,-0.0006,0.199410005647,0.199410005647,0.398821816616
5.76822916667,0.0006,-0.0006,0.199443582331,0.199443582331,0.39888896968
5.83333333333,0.0006,-0.0006,0.19947524816,0.19947524816,0.398952301051
5.8984375,0.0006,-0.0006,0.199505111881,0.199505111881,0.399012028223
5.96354166667,0.0006,-0.0006,0.199533276052,0.199533276052,0.39906835631
6.02864583333,0.0006,-0.0006,0.199559837395,0.199559837395,0.399121478757
6.09375,0.0006,-0.0006,0.199584887128,0.199584887128,0.399171577995
6.15885416667,0.0006,-0.0006,0.199608511275,0.199608511275,0.399218826077
6.22395833333,0.0006,-0.0006,0.199630790968,0.199630790968,0.399263385262
6.2890625,0.0006,-0.0006,0.19965180272,0.19965180272,0.399305408576
6.35416666667,0.0006,-0.0006,0.19967161869,0.19967161869,0.399345040335
6.41927083333,0.0006,-0.0006,0.199690306929,0.199690306929,0.399382416645
6.484375,0.0006,-0.0006,0.199707931616,0.199707931616,0.399417665861
6.54947916667,0.0006,-0.0006,0.19972455328,0.19972455328,0.399450909039
6.61458333333,0.0006,-0.0006,0.199740229002,0.199740229002,0.399482260341
6.6796875,0.0006,-0.0006,0.199755012616,0.199755012616,0.399511827436
6.74479166667,0.0006,-0.0006,0.199768954892,0.199768954892,0.399539711861
6.80989583333,0.0006,-0.0006,0.19978210371,0.19978210371,0.399566009379
6.875,0.0006,-0.0006,0.199794504227,0.199794504227,0.399590810301
6.94010416667,0.0006,-0.0006,0.199806199028,0.199806199028,0.399614199798
7.00520833333,0.0006,-0.0006,0.199817228276,0.199817228276,0.399636258194
7.0703125,0.0006,-0.0006,0.199827629847,0.199827629847,0.399657061243
7.13541666667,0.0006,-0.0006,0.199837439463,0.199837439463,0.399676680387
7.20052083333,0.0006,-0.0006,0.199846690813,0.199846690813,0.399695183002
7.265625,0.0006,-0.0006,0.199855415666,0.199855415666,0.39971263263
7.33072916667,0.0006,-0.0006,0.199863643986,0.199863643986,0.399729089196
7.39583333333,0.0006,-0.0006,0.199871404031,0.199871404031,0.399744609216
7.4609375,0.0006,-0.0006,0.199878722451,0.199878722451,0.399759245989
7.52604166667,0.0006,-0.0006,0.199885624378,0.199885624378,0.399773049781
7.59114583333,0.0006,-0.0006,0.199892133515,0.199892133515,0.399786067997
7.65625,0.0006,-0.0006,0.199898272216,0.199898272216,0.399798345343
7.72135416667,0.0006,-0.0006,0.199904061562,0.199904061562,0.399809923984
7.78645833333,0.0006,-0.0006,0.199909521436,0.199909521436,0.399820843682
7.8515625,0.0006,-0.0006,0.199914670587,0.199914670587,0.399831141938
7.91666666667,0.0006,-0.0006,0.199919526699,0.199919526699,0.399840854118
7.98177083333,0.0006,-0.0006,0.199924106449,0.199924106449,0.399850013577
8.046875,0.0006,-0.0006,0.199928425564,0.199928425564,0.399858651769
8.11197916667,0.0006,-0.0006,0.199932498878,0.199932498878,0.39986679836
8.17708333333,0.0006,-0.0006,0.199936340379,0.199936340379,0.399874481327
8.2421875,0.0006,-0.0006,0.19993996326,0.19993996326,0.399881727056
8.30729166667,0.0006,-0.0006,0.199943379961,0.199943379961,0.399888560428
8.37239583333,0.0006,-0.0006,0.199946602218,0.199946602218,0.399895004912
8.4375,0.0006,-0.0006,0.199949641095,0.199949641095,0.399901082639
8.50260416667,0.0006,-0.0006,0.199952507029,0.199952507029,0.399906814482
8.56770833333,0.0006,-0.0006,0.199955209863,0.199955209863,0.399912220125
8.6328125,0.0006,-0.0006,0.199957758877,0.199957758877,0.399917318131
8.69791666667,0.0006,-0.0006,0.199960162827,0.199960162827,0.399922126009
8.76302083333,0.0006,-0.0006,0.199962429968,0.199962429968,0.39992666027
8.828125,0.0006,-0.0006,0.199964568085,0.199964568085,0.399930936485
8.89322916667,0.0006,-0.0006,0.199966584522,0.199966584522,0.39993496934
8.95833333333,0.0006,-0.0006,0.199968486203,0.199968486203,0.399938772685
9.0234375,0.0006,-0.0006,0.199970279658,0.199970279658,0.39994235958
9.08854166667,0.0006,-0.0006,0.199971971048,0.199971971048,0.399945742345
9.15364583333,0.0006,-0.0006,0.199973566181,0.199973566181,0.399948932596
9.21875,0.0006,-0.0006,0.199975070534,0.199975070534,0.399951941289
9.28385416667,0.0006,-0.0006,0.199976489275,0.199976489275,0.399954778757
9.34895833333,0.0006,-0.0006,0.199977827274,0.199977827274,0.399957454744
9.4140625,0.0006,-0.0006,0.199979089128,0.199979089128,0.39995997844
9.47916666667,0.0006,-0.0006,0.199980279169,0.199980279169,0.399962358512
9.54427083333,0.0006,-0.0006,0.199981401485,0.199981401485,0.399964603134
9.609375,0.0006,-0.0006,0.19998245993,0.19998245993,0.399966720014
9.67447916667,0.0006,-0.0006,0.199983458139,0.199983458139,0.399968716422
9.73958333333,0.0006,-0.0006,0.199984399539,0.199984399539,0.399970599214
9.8046875,0.0006,-0.0006,0.199985287364,0.199985287364,0.399972374856
9.86979166667,0.0006,-0.0006,0.199986124663,0.199986124663,0.399974049446
9.93489583333,0.0006,-0.0006,0.199986914311,0.199986914311,0.399975628735
10,0.0006,-0.0006,0.19998765902,0.19998765902,0.399977118146
10.0651041667,0.0006,-0.0006,0.199988361347,0.199988361347,0.399978522795
10.1302083333,0.0006,-0.0006,0.199989023705,0.199989023705,0.399979847504
10.1953125,0.0006,-0.0006,0.199989648368,0.199989648368,0.399981096825
10.2604166667,0.0006,-0.0006,0.199990237481,0.199990237481,0.399982275046
10.3255208333,0.0006,-0.0006,0.199990793068,0.199990793068,0.399983386214
10.390625,0.0006,-0.0006,0.199991317036,0.199991317036,0.399984434146
10.4557291667,0.0006,-0.0006,0.199991811185,0.199991811185,0.399985422439
10.5208333333,0.0006,-0.0006,0.199992277212,0.199992277212,0.399986354489
10.5859375,0.0006,-0.0006,0.199992716717,0.199992716717,0.399987233496
10.6510416667,0.0006,-0.0006,0.19999313121,0.19999313121,0.399988062478
10.7161458333,0.0006,-0.0006,0.199993522114,0.199993522114,0.399988844282
10.78125,0.0006,-0.0006,0.199993890772,0.199993890772,0.399989581594
10.8463541667,0.0006,-0.0006,0.199994238449,0.199994238449,0.399990276946
10.9114583333,0.0006,-0.0006,0.19999456634,0.19999456634,0.399990932725
10.9765625,0.0006,-0.0006,0.19999487557,0.19999487557,0.399991551183
11.0416666667,0.0006,-0.0006,0.199995167203,0.199995167203,0.399992134445
11.1067708333,0.0006,-0.0006,0.199995442238,0.199995442238,0.399992684513
11.171875,0.0006,-0.0006,0.199995701621,0.199995701621,0.399993203277
11.2369791667,0.0006,-0.0006,0.199995946243,0.199995946243,0.399993692518
11.3020833333,0.0006,-0.0006,0.199996176943,0.199996176943,0.399994153916
11.3671875,0.0006,-0.0006,0.199996394513,0.199996394513,0.399994589055
11.4322916667,0.0006,-0.0006,0.199996599702,0.199996599702,0.399994999431
11.4973958333,0.0006,-0.0006,0.199996793214,0.199996793214,0.399995386453
11.5625,0.0006,-0.0006,0.199996975713,0.199996975713,0.399995751449
11.6276041667,0.0006,-0.0006,0.199997147825,0.199997147825,0.399996095672
11.6927083333,0.0006,-0.0006,0.199997310143,0.199997310143,0.399996420307
11.7578125,0.0006,-0.0006,0.199997463223,0.199997463223,0.399996726466
11.8229166667,0.0006,-0.0006,0.199997607592,0.199997607592,0.399997015201
11.8880208333,0.0006,-0.0006,0.199997743744,0.199997743744,0.399997287505
11.953125,0.0006,-0.0006,0.199997872148,0.199997872148,0.399997544311
12.0182291667,0.0006,-0.0006,0.199997993245,0.199997993245,0.399997786503
12.0833333333,0.0006,-0.0006,0.199998107449,0.199998107449,0.399998014912
12.1484375,0.0006,-0.0006,0.199998215155,0.199998215155,0.399998230322
12.2135416667,0.0006,-0.0006,0.199998316731,0.199998316731,0.399998433472
12.2786458333,0.0006,-0.0006,0.199998412526,0.199998412526,0.399998625062
12.34375,0.0006,-0.0006,0.199998502869,0.199998502869,0.399998805748
12.4088541667,0.0006,-0.0006,0.199998588071,0.199998588071,0.399998976151
12.4739583333,0.0006,-0.0006,0.199998668424,0.199998668424,0.399999136857
12.5390625,0.0006,-0.0006,0.199998744205,0.199998744205,0.399999288416
12.6041666667,0.0006,-0.0006,0.199998815672,0.199998815672,0.399999431351
12.6692708333,0.0006,-0.0006,0.199998883072,0.199998883072,0.399999566151
12.734375,0.0006,-0.0006,0.199998946637,0.199998946637,0.399999693279
12.7994791667,0.0006,-0.0006,0.199999006584,0.199999006584,0.399999813173
12.8645833333,0.0006,-0.0006,0.199999063119,0.199999063119,0.399999926243
12.9296875,0.0006,-0.0006,0.199999116438,0.199999116438,0.400000032879
12.9947916667,0.0006,-0.0006,0.199999166721,0.199999166721,0.400000133446
13.0598958333,0.0006,-0.0006,0.199999214143,0.199999214143,0.40000022829
13.125,0.0006,-0.0006,0.199999258867,0.199999258867,0.400000317736
13.1901041667,0.0006,-0.0006,0.199999301045,0.199999301045,0.400000402091
13.2552083333,0.0006,-0.0006,0.199999340822,0.199999340822,0.400000481646
13.3203125,0.0006,-0.0006,0.199999378336,0.199999378336,0.400000556674
13.3854166667,0.0006,-0.0006,0.199999413715,0.199999413715,0.400000627432
13.4505208333,0.0006,-0.0006,0.199999447081,0.199999447081,0.400000694162
13.515625,0.0006,-0.0006,0.199999478547,0.199999478547,0.400000757096
13.5807291667,0.0006,-0.0006,0.199999508223,0.199999508223,0.400000816447
13.6458333333,0.0006,-0.0006,0.199999536211,0.199999536211,0.400000872421
13.7109375,0.0006,-0.0006,0.199999562605,0.199999562605,0.40000092521
13.7760416667,0.0006,-0.0006,0.199999587497,0.199999587497,0.400000974994
13.8411458333,0.0006,-0.0006,0.199999610973,0.199999610973,0.400001021945
13.90625,0.0006,-0.0006,0.199999633112,0.199999633112,0.400001066224
13.9713541667,0.0006,-0.0006,0.199999653992,0.199999653992,0.400001107983
14.0364583333,0.0006,-0.0006,0.199999673683,0.199999673683,0.400001147366
14.1015625,0.0006,-0.0006,0.199999692254,0.199999692254,0.400001184507
14.1666666667,0.0006,-0.0006,0.199999709768,0.199999709768,0.400001219534
14.2317708333,0.0006,-0.0006,0.199999726285,0.199999726285,0.400001252569
14.296875,0.0006,-0.0006,0.199999741862,0.199999741862,0.400001283723
14.3619791667,0.0006,-0.0006,0.199999756553,0.199999756553,0.400001313104
14.4270833333,0.0006,-0.0006,0.199999770408,0.199999770408,0.400001340813
14.4921875,0.0006,-0.0006,0.199999783474,0.199999783474,0.400001366945
14.5572916667,0.0006,-0.0006,0.199999795796,0.199999795796,0.40000139159
14.6223958333,0.0006,-0.0006,0.199999807418,0.199999807418,0.400001414833
14.6875,0.0006,-0.0006,0.199999818377,0.199999818377,0.400001436752
14.7526041667,0.0006,-0.0006,0.199999828714,0.199999828714,0.400001457425
14.8177083333,0.0006,-0.0006,0.199999838462,0.199999838462,0.40000147692
14.8828125,0.0006,-0.0006,0.199999847655,0.199999847655,0.400001495307
14.9479166667,0.0006,-0.0006,0.199999856325,0.199999856325,0.400001512647
15.0130208333,0.0006,-0.0006,0.199999864501,0.199999864501,0.400001529
15.078125,0.0006,-0.0006,0.199999872213,0.199999872213,0.400001544422
15.1432291667,0.0006,-0.0006,0.199999879485,0.199999879485,0.400001558967
15.2083333333,0.0006,-0.0006,0.199999886343,0.199999886343,0.400001572684
15.2734375,0.0006,-0.0006,0.199999892812,0.199999892812,0.40000158562
15.3385416667,0.0006,-0.0006,0.199999898912,0.199999898912,0.40000159782
15.4036458333,0.0006,-0.0006,0.199999904665,0.199999904665,0.400001609326
15.46875,0.0006,-0.0006,0.19999991009,0.19999991009,0.400001620177
15.5338541667,0.0006,-0.0006,0.199999915207,0.199999915207,0.400001630411
15.5989583333,0.0006,-0.0006,0.199999920033,0.199999920033,0.400001640062
15.6640625,0.0006,-0.0006,0.199999924584,0.199999924584,0.400001649164
15.7291666667,0.0006,-0.0006,0.199999928876,0.199999928876,0.400001657748
15.7942708333,0.0006,-0.0006,0.199999932923,0.199999932923,0.400001665843
15.859375,0.0006,-0.0006,0.199999936741,0.199999936741,0.400001673478
15.9244791667,0.0006,-0.0006,0.199999940341,0.199999940341,0.400001680678
15.9895833333,0.0006,-0.0006,0.199999943736,0.199999943736,0.400001687468
16.0546875,0.0006,-0.0006,0.199999946938,0.199999946938,0.400001693872
16.1197916667,0.0006,-0.0006,0.199999949958,0.199999949958,0.400001699912
16.1848958333,0.0006,-0.0006,0.199999952806,0.199999952806,0.400001705608
16.25,0.0006,-0.0006,0.199999955491,0.199999955491,0.400001710979
16.3151041667,0.0006,-0.0006,0.199999958024,0.199999958024,0.400001716045
16.3802083333,0.0006,-0.0006,0.199999960413,0.199999960413,0.400001720823
16.4453125,0.0006,-0.0006,0.199999962666,0.199999962666,0.400001725329
16.5104166667,0.0006,-0.0006,0.199999964791,0.199999964791,0.400001729578
16.5755208333,0.0006,-0.0006,0.199999966795,0.199999966795,0.400001733585
16.640625,0.0006,-0.0006,0.199999968684,0.199999968684,0.400001737365
16.7057291667,0.0006,-0.0006,0.199999970467,0.199999970467,0.400001740929
16.7708333333,0.0006,-0.0006,0.199999972147,0.199999972147,0.400001744291
16.8359375,0.0006,-0.0006,0.199999973732,0.199999973732,0.400001747461
16.9010416667,0.0006,-0.0006,0.199999975227,0.199999975227,0.400001750451
16.9661458333,0.0006,-0.0006,0.199999976637,0.199999976637,0.40000175327
17.03125,0.0006,-0.0006,0.199999977967,0.199999977967,0.40000175593
17.0963541667,0.0006,-0.0006,0.199999979221,0.199999979221,0.400001758437
17.1614583333,0.0006,-0.0006,0.199999980403,0.199999980403,0.400001760802
17.2265625,0.0006,-0.0006,0.199999981518,0.199999981518,0.400001763033
17.2916666667,0.0006,-0.0006,0.19999998257,0.19999998257,0.400001765137
17.3567708333,0.0006,-0.0006,0.199999983562,0.199999983562,0.40000176712
17.421875,0.0006,-0.0006,0.199999984498,0.199999984498,0.400001768991
17.4869791667,0.0006,-0.0006,0.19999998538,0.19999998538,0.400001770756
17.5520833333,0.0006,-0.0006,0.199999986212,0.199999986212,0.40000177242
17.6171875,0.0006,-0.0006,0.199999986997,0.199999986997,0.400001773989
17.6822916667,0.0006,-0.0006,0.199999987737,0.199999987737,0.400001775469
17.7473958333,0.0006,-0.0006,0.199999988435,0.199999988435,0.400001776865
17.8125,0.0006,-0.0006,0.199999989093,0.199999989093,0.400001778181
17.8776041667,0.0006,-0.0006,0.199999989713,0.199999989713,0.400001779423
17.9427083333,0.0006,-0.0006,0.199999990299,0.199999990299,0.400001780594
18.0078125,0.0006,-0.0006,0.199999990851,0.199999990851,0.400001781698
18.0729166667,0.0006,-0.0006,0.199999991372,0.199999991372,0.400001782739
18.1380208333,0.0006,-0.0006,0.199999991863,0.199999991863,0.400001783721
18.203125,0.0006,-0.0006,0.199999992326,0.199999992326,0.400001784648
18.2682291667,0.0006,-0.0006,0.199999992763,0.199999992763,0.400001785521
18.3333333333,0.0006,-0.0006,0.199999993174,0.199999993174,0.400001786345
18.3984375,0.0006,-0.0006,0.199999993563,0.199999993563,0.400001787122
18.4635416667,0.0006,-0.0006,0.199999993929,0.199999993929,0.400001787854
18.5286458333,0.0006,-0.0006,0.199999994275,0.199999994275,0.400001788545
18.59375,0.0006,-0.0006,0.199999994601,0.199999994601,0.400001789197
18.6588541667,0.0006,-0.0006,0.199999994908,0.199999994908,0.400001789812
18.7239583333,0.0006,-0.0006,0.199999995198,0.199999995198,0.400001790391
18.7890625,0.0006,-0.0006,0.199999995471,0.199999995471,0.400001790938
18.8541666667,0.0006,-0.0006,0.199999995729,0.199999995729,0.400001791453
18.9192708333,0.0006,-0.0006,0.199999995972,0.199999995972,0.400001791939
18.984375,0.0006,-0.0006,0.199999996201,0.199999996201,0.400001792398
19.0494791667,0.0006,-0.0006,0.199999996417,0.199999996417,0.40000179283
19.1145833333,0.0006,-0.0006,0.199999996621,0.199999996621,0.400001793238
19.1796875,0.0006,-0.0006,0.199999996813,0.199999996813,0.400001793623
19.2447916667,0.0006,-0.0006,0.199999996995,0.199999996995,0.400001793985
19.3098958333,0.0006,-0.0006,0.199999997166,0.199999997166,0.400001794327
19.375,0.0006,-0.0006,0.199999997327,0.199999997327,0.40000179465
19.4401041667,0.0006,-0.0006,0.199999997479,0.199999997479,0.400001794954
19.5052083333,0.0006,-0.0006,0.199999997623,0.199999997623,0.400001795241
19.5703125,0.0006,-0.0006,0.199999997758,0.199999997758,0.400001795512
19.6354166667,0.0006,-0.0006,0.199999997886,0.199999997886,0.400001795767
19.7005208333,0.0006,-0.0006,0.199999998006,0.199999998006,0.400001796008
19.765625,0.0006,-0.0006,0.199999998119,0.199999998119,0.400001796235
19.8307291667,0.0006,-0.0006,0.199999998226,0.199999998226,0.400001796449
19.8958333333,0.0006,-0.0006,0.199999998327,0.199999998327,0.400001796651
19.9609375,0.0006,-0.0006,0.199999998423,0.199999998423,0.400001796841
20.0260416667,0.0006,-0.0006,0.199999998512,0.199999998512,0.400001797021
20.0911458333,0.0006,-0.0006,0.199999998597,0.199999998597,0.40000179719
20.15625,0.0006,-0.0006,0.199999998677,0.199999998677,0.40000179735
20.2213541667,0.0006,-0.0006,0.199999998752,0.199999998752,0.4000017975
20.2864583333,0.0006,-0.0006,0.199999998823,0.199999998823,0.400001797642
20.3515625,0.0006,-0.0006,0.19999999889,0.19999999889,0.400001797776
20.4166666667,0.0006,-0.0006,0.199999998953,0.199999998953,0.400001797902
20.4817708333,0.0006,-0.0006,0.199999999013,0.199999999013,0.400001798022
20.546875,0.0006,-0.0006,0.199999999069,0.199999999069,0.400001798134
20.6119791667,0.0006,-0.0006,0.199999999122,0.199999999122,0.40000179824
20.6770833333,0.0006,-0.0006,0.199999999172,0.199999999172,0.40000179834
20.7421875,0.0006,-0.0006,0.199999999219,0.199999999219,0.400001798434
20.8072916667,0.0006,-0.0006,0.199999999264,0.199999999264,0.400001798523
20.8723958333,0.0006,-0.0006,0.199999999305,0.199999999305,0.400001798607
20.9375,0.0006,-0.0006,0.199999999345,0.199999999345,0.400001798686
21.0026041667,0.0006,-0.0006,0.199999999382,0.199999999382,0.40000179876
21.0677083333,0.0006,-0.0006,0.199999999417,0.199999999417,0.400001798831
21.1328125,0.0006,-0.0006,0.199999999451,0.199999999451,0.400001798897
21.1979166667,0.0006,-0.0006,0.199999999482,0.199999999482,0.40000179896
21.2630208333,0.0006,-0.0006,0.199999999511,0.199999999511,0.400001799019
21.328125,0.0006,-0.0006,0.199999999539,0.199999999539,0.400001799074
21.3932291667,0.0006,-0.0006,0.199999999565,0.199999999565,0.400001799127
21.4583333333,0.0006,-0.0006,0.19999999959,0.19999999959,0.400001799176
21.5234375,0.0006,-0.0006,0.199999999613,0.199999999613,0.400001799223
21.5885416667,0.0006,-0.0006,0.199999999635,0.199999999635,0.400001799267
21.6536458333,0.0006,-0.0006,0.199999999656,0.199999999656,0.400001799308
21.71875,0.0006,-0.0006,0.199999999676,0.199999999676,0.400001799347
21.7838541667,0.0006,-0.0006,0.199999999694,0.199999999694,0.400001799384
21.8489583333,0.0006,-0.0006,0.199999999712,0.199999999712,0.400001799419
21.9140625,0.0006,-0.0006,0.199999999728,0.199999999728,0.400001799452
21.9791666667,0.0006,-0.0006,0.199999999743,0.199999999743,0.400001799483
22.0442708333,0.0006,-0.0006,0.199999999758,0.199999999758,0.400001799512
22.109375,0.0006,-0.0006,0.199999999772,0.199999999772,0.40000179954
22.1744791667,0.0006,-0.0006,0.199999999785,0.199999999785,0.400001799566
22.2395833333,0.0006,-0.0006,0.199999999797,0.199999999797,0.40000179959
22.3046875,0.0006,-0.0006,0.199999999809,0.199999999809,0.400001799613
22.3697916667,0.0006,-0.0006,0.19999999982,0.19999999982,0.400001799635
22.4348958333,0.0006,-0.0006,0.19999999983,0.19999999983,0.400001799656
22.5,0.0006,-0.0006,0.199999999839,0.199999999839,0.400001799675
22.5651041667,0.0006,-0.0006,0.199999999849,0.199999999849,0.400001799693
22.6302083333,0.0006,-0.0006,0.199999999857,0.199999999857,0.40000179971
22.6953125,0.0006,-0.0006,0.199999999865,0.199999999865,0.400001799727
22.7604166667,0.0006,-0.0006,0.199999999873,0.199999999873,0.400001799742
22.8255208333,0.0006,-0.0006,0.19999999988,0.19999999988,0.400001799756
22.890625,0.0006,-0.0006,0.199999999887,0.199999999887,0.40000179977
22.9557291667,0.0006,-0.0006,0.199999999893,0.199999999893,0.400001799783
23.0208333333,0.0006,-0.0006,0.1999999999,0.1999999999,0.400001799795
23.0859375,0.0006,-0.0006,0.199999999905,0.199999999905,0.400001799806
23.1510416667,0.0006,-0.0006,0.199999999911,0.199999999911,0.400001799817
23.2161458333,0.0006,-0.0006,0.199999999916,0.199999999916,0.400001799827
23.28125,0.0006,-0.0006,0.199999999921,0.199999999921,0.400001799837
23.3463541667,0.0006,-0.0006,0.199999999925,0.199999999925,0.400001799846
23.4114583333,0.0006,-0.0006,0.199999999929,0.199999999929,0.400001799855
23.4765625,0.0006,-0.0006,0.199999999933,0.199999999933,0.400001799863
23.5416666667,0.0006,-0.0006,0.199999999937,0.199999999937,0.40000179987
23.6067708333,0.0006,-0.0006,0.199999999941,0.199999999941,0.400001799877
23.671875,0.0006,-0.0006,0.199999999944,0.199999999944,0.400001799884
23.7369791667,0.0006,-0.0006,0.199999999947,0.199999999947,0.40000179989
23.8020833333,0.0006,-0.0006,0.19999999995,0.19999999995,0.400001799896
23.8671875,0.0006,-0.0006,0.199999999953,0.199999999953,0.400001799902
23.9322916667,0.0006,-0.0006,0.199999999956,0.199999999956,0.400001799907
23.9973958333,0.0006,-0.0006,0.199999999958,0.199999999958,0.400001799913
24.0625,0.0006,-0.0006,0.199999999961,0.199999999961,0.400001799917
24.1276041667,0.0006,-0.0006,0.199999999963,0.199999999963,0.400001799922
24.1927083333,0.0006,-0.0006,0.199999999965,0.199999999965,0.400001799926
24.2578125,0.0006,-0.0006,0.199999999967,0.199999999967,0.40000179993
24.3229166667,0.0006,-0.0006,0.199999999969,0.199999999969,0.400001799934
24.3880208333,0.0006,-0.0006,0.199999999971,0.199999999971,0.400001799937
24.453125,0.0006,-0.0006,0.199999999972,0.199999999972,0.400001799941
24.5182291667,0.0006,-0.0006,0.199999999974,0.199999999974,0.400001799944
24.5833333333,0.0006,-0.0006,0.199999999975,0.199999999975,0.400001799947
24.6484375,0.0006,-0.0006,0.199999999977,0.199999999977,0.40000179995
24.7135416667,0.0006,-0.0006,0.199999999978,0.199999999978,0.400001799952
24.7786458333,0.0006,-0.0006,0.199999999979,0.199999999979,0.400001799955
24.84375,0.0006,-0.0006,0.199999999981,0.199999999981,0.400001799957
24.9088541667,0.0006,-0.0006,0.199999999982,0.199999999982,0.400001799959
24.9739583333,0.0006,-0.0006,0.199999999983,0.199999999983,0.400001799961
25.0390625,0.0006,-0.0006,0.199999999984,0.199999999984,0.400001799963
25.1041666667,0.0006,-0.0006,0.199999999985,0.199999999985,0.400001799965
25.1692708333,0.0006,-0.0006,0.199999999985,0.199999999985,0.400001799967
25.234375,0.0006,-0.0006,0.199999999986,0.199999999986,0.400001799969
25.2994791667,0.0006,-0.0006,0.199999999987,0.199999999987,0.40000179997
25.3645833333,0.0006,-0.0006,0.199999999988,0.199999999988,0.400001799972
25.4296875,0.0006,-0.0006,0.199999999989,0.199999999989,0.400001799973
25.4947916667,0.0006,-0.0006,0.199999999989,0.199999999989,0.400001799974
25.5598958333,0.0006,-0.0006,0.19999999999,0.19999999999,0.400001799976
25.625,0.0006,-0.0006,0.19999999999,0.19999999999,0.400001799977
25.6901041667,0.0006,-0.0006,0.199999999991,0.199999999991,0.400001799978
25.7552083333,0.0006,-0.0006,0.199999999991,0.199999999991,0.400001799979
25.8203125,0.0006,-0.0006,0.199999999992,0.199999999992,0.40000179998
25.8854166667,0.0006,-0.0006,0.199999999992,0.199999999992,0.400001799981
25.9505208333,0.0006,-0.0006,0.199999999993,0.199999999993,0.400001799982
26.015625,0.0006,-0.0006,0.199999999993,0.199999999993,0.400001799982
26.0807291667,0.0006,-0.0006,0.199999999994,0.199999999994,0.400001799983
26.1458333333,0.0006,-0.0006,0.199999999994,0.199999999994,0.400001799984
26.2109375,0.0006,-0.0006,0.199999999994,0.199999999994,0.400001799985
26.2760416667,0.0006,-0.0006,0.199999999995,0.199999999995,0.400001799985
26.3411458333,0.0006,-0.0006,0.199999999995,0.199999999995,0.400001799986
26.40625,0.0006,-0.0006,0.199999999995,0.199999999995,0.400001799986
26.4713541667,0.0006,-0.0006,0.199999999995,0.199999999995,0.400001799987
26.5364583333,0.0006,-0.0006,0.199999999996,0.199999999996,0.400001799987
26.6015625,0.0006,-0.0006,0.199999999996,0.199999999996,0.400001799988
26.6666666667,0.0006,-0.0006,0.199999999996,0.199999999996,0.400001799988
26.7317708333,0.0006,-0.0006,0.199999999996,0.199999999996,0.400001799989
26.796875,0.0006,-0.0006,0.199999999997,0.199999999997,0.400001799989
26.8619791667,0.0006,-0.0006,0.199999999997,0.199999999997,0.40000179999
26.9270833333,0.0006,-0.0006,0.199999999997,0.199999999997,0.40000179999
26.9921875,0.0006,-0.0006,0.199999999997,0.199999999997,0.40000179999
27.0572916667,0.0006,-0.0006,0.199999999997,0.199999999997,0.400001799991
27.1223958333,0.0006,-0.0006,0.199999999997,0.199999999997,0.400001799991
27.1875,0.0006,-0.0006,0.199999999998,0.199999999998,0.400001799991
27.2526041667,0.0006,-0.0006,0.199999999998,0.199999999998,0.400001799991
27.3177083333,0.0006,-0.0006,0.199999999998,0.199999999998,0.400001799992
27.3828125,0.0006,-0.0006,0.199999999998,0.199999999998,0.400001799992
27.4479166667,0.0006,-0.0006,0.199999999998,0.199999999998,0.400001799992
27.5130208333,0.0006,-0.0006,0.199999999998,0.199999999998,0.400001799992
27.578125,0.0006,-0.0006,0.199999999998,0.199999999998,0.400001799993
27.6432291667,0.0006,-0.0006,0.199999999998,0.199999999998,0.400001799993
27.7083333333,0.0006,-0.0006,0.199999999999,0.199999999999,0.400001799993
27.7734375,0.0006,-0.0006,0.199999999999,0.199999999999,0.400001799993
27.8385416667,0.0006,-0.0006,0.199999999999,0.199999999999,0.400001799993
27.9036458333,0.0006,-0.0006,0.199999999999,0.199999999999,0.400001799993
27.96875,0.0006,-0.0006,0.199999999999,0.199999999999,0.400001799994
28.0338541667,0.0006,-0.0006,0.199999999999,0.199999999999,0.400001799994
28.0989583333,0.0006,-0.0006,0.199999999999,0.199999999999,0.400001799994
28.1640625,0.0006,-0.0006,0.199999999999,0.199999999999,0.400001799994
28.2291666667,0.0006,-0.0006,0.199999999999,0.199999999999,0.400001799994
28.2942708333,0.0006,-0.0006,0.199999999999,0.199999999999,0.400001799994
28.359375,0.0006,-0.0006,0.199999999999,0.199999999999,0.400001799994
28.4244791667,0.0006,-0.0006,0.199999999999,0.199999999999,0.400001799994
28.4895833333,0.0006,-0.0006,0.199999999999,0.199999999999,0.400001799994
28.5546875,0.0006,-0.0006,0.199999999999,0.199999999999,0.400001799995
28.6197916667,0.0006,-0.0006,0.199999999999,0.199999999999,0.400001799995
28.6848958333,0.0006,-0.0006,0.199999999999,0.199999999999,0.400001799995
28.75,0.0006,-0.0006,0.199999999999,0.199999999999,0.400001799995
28.8151041667,0.0006,-0.0006,0.199999999999,0.199999999999,0.400001799995
28.8802083333,0.0006,-0.0006,0.199999999999,0.199999999999,0.400001799995
28.9453125,0.0006,-0.0006,0.2,0.2,0.400001799995
29.0104166667,0.0006,-0.0006,0.2,0.2,0.400001799995
29.0755208333,0.0006,-0.0006,0.2,0.2,0.400001799995
29.140625,0.0006,-0.0006,0.2,0.2,0.400001799995
29.2057291667,0.0006,-0.0006,0.2,0.2,0.400001799995
29.2708333333,0.0006,-0.0006,0.2,0.2,0.400001799995
29.3359375,0.0006,-0.0006,0.2,0.2,0.400001799995
29.4010416667,0.0006,-0.0006,0.2,0.2,0.400001799995
29.4661458333,0.0006,-0.0006,0.2,0.2,0.400001799995
29.53125,0.0006,-0.0006,0.2,0.2,0.400001799995
29.5963541667,0.0006,-0.0006,0.2,0.2,0.400001799995
29.6614583333,0.0006,-0.0006,0.2,0.2,0.400001799995
29.7265625,0.0006,-0.0006,0.2,0.2,0.400001799995
29.7916666667,0.0006,-0.0006,0.2,0.2,0.400001799995
29.8567708333,0.0006,-0.0006,0.2,0.2,0.400001799996
29.921875,0.0006,-0.0006,0.2,0.2,0.400001799996
29.9869791667,0.0006,-0.0006,0.2,0.2,0.400001799996
30.0520833333,0.0006,-0.0006,0.2,0.2,0.400001799996
30.1171875,0.0006,-0.0006,0.2,0.2,0.400001799996
30.1822916667,0.0006,-0.0006,0.2,0.2,0.400001799996
30.2473958333,0.0006,-0.0006,0.2,0.2,0.400001799996
30.3125,0.0006,-0.0006,0.2,0.2,0.400001799996
30.3776041667,0.0006,-0.0006,0.2,0.2,0.400001799996
30.4427083333,0.0006,-0.0006,0.2,0.2,0.400001799996
30.5078125,0.0006,-0.0006,0.2,0.2,0.400001799996
30.5729166667,0.0006,-0.0006,0.2,0.2,0.400001799996
30.6380208333,0.0006,-0.0006,0.2,0.2,0.400001799996
30.703125,0.0006,-0.0006,0.2,0.2,0.400001799996
30.7682291667,0.0006,-0.0006,0.2,0.2,0.400001799996
30.8333333333,0.0006,-0.0006,0.2,0.2,0.400001799996
30.8984375,0.0006,-0.0006,0.2,0.2,0.400001799996
30.9635416667,0.0006,-0.0006,0.2,0.2,0.400001799996
31.0286458333,0.0006,-0.0006,0.2,0.2,0.400001799996
31.09375,0.0006,-0.0006,0.2,0.2,0.400001799996
31.1588541667,0.0006,-0.0006,0.2,0.2,0.400001799996
31.2239583333,0.0006,-0.0006,0.2,0.2,0.400001799996
31.2890625,0.0006,-0.0006,0.2,0.2,0.400001799996
31.3541666667,0.0006,-0.0006,0.2,0.2,0.400001799996
31.4192708333,0.0006,-0.0006,0.2,0.2,0.400001799996
31.484375,0.0006,-0.0006,0.2,0.2,0.400001799996
31.5494791667,0.0006,-0.0006,0.2,0.2,0.400001799996
31.6145833333,0.0006,-0.0006,0.2,0.2,0.400001799996
31.6796875,0.0006,-0.0006,0.2,0.2,0.400001799996
31.7447916667,0.0006,-0.0006,0.2,0.2,0.400001799996
31.8098958333,0.0006,-0.0006,0.2,0.2,0.400001799996
31.875,0.0006,-0.0006,0.2,0.2,0.400001799996
31.9401041667,0.0006,-0.0006,0.2,0.2,0.400001799996
32.0052083333,0.0006,-0.0006,0.2,0.2,0.400001799996
32.0703125,0.0006,-0.0006,0.2,0.2,0.400001799996
32.1354166667,0.0006,-0.0006,0.2,0.2,0.400001799996
32.2005208333,0.0006,-0.0006,0.2,0.2,0.400001799996
32.265625,0.0006,-0.0006,0.2,0.2,0.400001799996
32.3307291667,0.0006,-0.0006,0.2,0.2,0.400001799996
32.3958333333,0.0006,-0.0006,0.2,0.2,0.400001799996
32.4609375,0.0006,-0.0006,0.2,0.2,0.400001799996
32.5260416667,0.0006,-0.0006,0.2,0.2,0.400001799996
32.5911458333,0.0006,-0.0006,0.2,0.2,0.400001799996
32.65625,0.0006,-0.0006,0.2,0.2,0.400001799996
32.7213541667,0.0006,-0.0006,0.2,0.2,0.400001799996
32.7864583333,0.0006,-0.0006,0.2,0.2,0.400001799996
32.8515625,0.0006,-0.0006,0.2,0.2,0.400001799996
32.9166666667,0.0006,-0.0006,0.2,0.2,0.400001799996
32.9817708333,0.0006,-0.0006,0.2,0.2,0.400001799996
33.046875,0.0006,-0.0006,0.2,0.2,0.400001799996
33.1119791667,0.0006,-0.0006,0.2,0.2,0.400001799996
33.1770833333,0.0006,-0.0006,0.2,0.2,0.400001799996
33.2421875,0.0006,-0.0006,0.2,0.2,0.400001799996
33.3072916667,0.0006,-0.0006,0.2,0.2,0.400001799996
33.3723958333,0.0006,-0.0006,0.2,0.2,0.400001799996
33.4375,0.0006,-0.0006,0.2,0.2,0.400001799996
33.5026041667,0.0006,-0.0006,0.2,0.2,0.400001799996
33.5677083333,0.0006,-0.0006,0.2,0.2,0.400001799996
33.6328125,0.0006,-0.0006,0.2,0.2,0.400001799996
33.6979166667,0.0006,-0.0006,0.2,0.2,0.400001799996
33.7630208333,0.0006,-0.0006,0.2,0.2,0.400001799996
33.828125,0.0006,-0.0006,0.2,0.2,0.400001799996
33.8932291667,0.0006,-0.0006,0.2,0.2,0.400001799996
33.9583333333,0.0006,-0.0006,0.2,0.2,0.400001799996
34.0234375,0.0006,-0.0006,0.2,0.2,0.400001799996
34.0885416667,0.0006,-0.0006,0.2,0.2,0.400001799996
34.1536458333,0.0006,-0.0006,0.2,0.2,0.400001799996
34.21875,0.0006,-0.0006,0.2,0.2,0.400001799996
34.2838541667,0.0006,-0.0006,0.2,0.2,0.400001799996
34.3489583333,0.0006,-0.0006,0.2,0.2,0.400001799996
34.4140625,0.0006,-0.0006,0.2,0.2,0.400001799996
34.4791666667,0.0006,-0.0006,0.2,0.2,0.400001799996
34.5442708333,0.0006,-0.0006,0.2,0.2,0.400001799996
34.609375,0.0006,-0.0006,0.2,0.2,0.400001799996
34.6744791667,0.0006,-0.0006,0.2,0.2,0.400001799996
34.7395833333,0.0006,-0.0006,0.2,0.2,0.400001799996
34.8046875,0.0006,-0.0006,0.2,0.2,0.400001799996
34.8697916667,0.0006,-0.0006,0.2,0.2,0.400001799996
34.9348958333,0.0006,-0.0006,0.2,0.2,0.400001799996
35,0.0006,-0.0006,0.2,0.2,0.400001799996
35.0651041667,0.0006,-0.0006,0.2,0.2,0.400001799996
35.1302083333,0.0006,-0.0006,0.2,0.2,0.400001799996
35.1953125,0.0006,-0.0006,0.2,0.2,0.400001799996
35.2604166667,0.0006,-0.0006,0.2,0.2,0.400001799996
35.3255208333,0.0006,-0.0006,0.2,0.2,0.400001799996
35.390625,0.0006,-0.0006,0.2,0.2,0.400001799996
35.4557291667,0.0006,-0.0006,0.2,0.2,0.400001799996
35.5208333333,0.0006,-0.0006,0.2,0.2,0.400001799996
35.5859375,0.0006,-0.0006,0.2,0.2,0.400001799996
35.6510416667,0.0006,-0.0006,0.2,0.2,0.400001799996
35.7161458333,0.0006,-0.0006,0.2,0.2,0.400001799996
35.78125,0.0006,-0.0006,0.2,0.2,0.400001799996
35.8463541667,0.0006,-0.0006,0.2,0.2,0.400001799996
35.9114583333,0.0006,-0.0006,0.2,0.2,0.400001799996
35.9765625,0.0006,-0.0006,0.2,0.2,0.400001799996
36.0416666667,0.0006,-0.0006,0.2,0.2,0.400001799996
36.1067708333,0.0006,-0.0006,0.2,0.2,0.400001799996
36.171875,0.0006,-0.0006,0.2,0.2,0.400001799996
36.2369791667,0.0006,-0.0006,0.2,0.2,0.400001799996
36.3020833333,0.0006,-0.0006,0.2,0.2,0.400001799996
36.3671875,0.0006,-0.0006,0.2,0.2,0.400001799996
36.4322916667,0.0006,-0.0006,0.2,0.2,0.400001799996
36.4973958333,0.0006,-0.0006,0.2,0.2,0.400001799996
36.5625,0.0006,-0.0006,0.2,0.2,0.400001799996
36.6276041667,0.0006,-0.0006,0.2,0.2,0.400001799996
36.6927083333,0.0006,-0.0006,0.2,0.2,0.400001799996
36.7578125,0.0006,-0.0006,0.2,0.2,0.400001799996
36.8229166667,0.0006,-0.0006,0.2,0.2,0.400001799996
36.8880208333,0.0006,-0.0006,0.2,0.2,0.400001799996
36.953125,0.0006,-0.0006,0.2,0.2,0.400001799996
37.0182291667,0.0006,-0.0006,0.2,0.2,0.400001799996
37.0833333333,0.0006,-0.0006,0.2,0.2,0.400001799996
37.1484375,0.0006,-0.0006,0.2,0.2,0.400001799996
37.2135416667,0.0006,-0.0006,0.2,0.2,0.400001799996
37.2786458333,0.0006,-0.0006,0.2,0.2,0.400001799996
37.34375,0.0006,-0.0006,0.2,0.2,0.400001799996
37.4088541667,0.0006,-0.0006,0.2,0.2,0.400001799996
37.4739583333,0.0006,-0.0006,0.2,0.2,0.400001799996
37.5390625,0.0006,-0.0006,0.2,0.2,0.400001799996
37.6041666667,0.0006,-0.0006,0.2,0.2,0.400001799996
37.6692708333,0.0006,-0.0006,0.2,0.2,0.400001799996
37.734375,0.0006,-0.0006,0.2,0.2,0.400001799996
37.7994791667,0.0006,-0.0006,0.2,0.2,0.400001799996
37.8645833333,0.0006,-0.0006,0.2,0.2,0.400001799996
37.9296875,0.0006,-0.0006,0.2,0.2,0.400001799996
37.9947916667,0.0006,-0.0006,0.2,0.2,0.400001799996
38.0598958333,0.0006,-0.0006,0.2,0.2,0.400001799996
38.125,0.0006,-0.0006,0.2,0.2,0.400001799996
38.1901041667,0.0006,-0.0006,0.2,0.2,0.400001799996
38.2552083333,0.0006,-0.0006,0.2,0.2,0.400001799996
38.3203125,0.0006,-0.0006,0.2,0.2,0.400001799996
38.3854166667,0.0006,-0.0006,0.2,0.2,0.400001799996
38.4505208333,0.0006,-0.0006,0.2,0.2,0.400001799996
38.515625,0.0006,-0.0006,0.2,0.2,0.400001799996
38.5807291667,0.0006,-0.0006,0.2,0.2,0.400001799996
38.6458333333,0.0006,-0.0006,0.2,0.2,0.400001799996
38.7109375,0.0006,-0.0006,0.2,0.2,0.400001799996
38.7760416667,0.0006,-0.0006,0.2,0.2,0.400001799996
38.8411458333,0.0006,-0.0006,0.2,0.2,0.400001799996
38.90625,0.0006,-0.0006,0.2,0.2,0.400001799996
38.9713541667,0.0006,-0.0006,0.2,0.2,0.400001799996
39.0364583333,0.0006,-0.0006,0.2,0.2,0.400001799996
39.1015625,0.0006,-0.0006,0.2,0.2,0.400001799996
39.1666666667,0.0006,-0.0006,0.2,0.2,0.400001799996
39.2317708333,0.0006,-0.0006,0.2,0.2,0.400001799996
39.296875,0.0006,-0.0006,0.2,0.2,0.400001799996
39.3619791667,0.0006,-0.0006,0.2,0.2,0.400001799996
39.4270833333,0.0006,-0.0006,0.2,0.2,0.400001799996
39.4921875,0.0006,-0.0006,0.2,0.2,0.400001799996
39.5572916667,0.0006,-0.0006,0.2,0.2,0.400001799996
39.6223958333,0.0006,-0.0006,0.2,0.2,0.400001799996
39.6875,0.0006,-0.0006,0.2,0.2,0.400001799996
39.7526041667,0.0006,-0.0006,0.2,0.2,0.400001799996
39.8177083333,0.0006,-0.0006,0.2,0.2,0.400001799996
39.8828125,0.0006,-0.0006,0.2,0.2,0.400001799996
39.9479166667,0.0006,-0.0006,0.2,0.2,0.400001799996
40.0130208333,0.0006,-0.0006,0.2,0.2,0.400001799996
40.078125,0.0006,-0.0006,0.2,0.2,0.400001799996
40.1432291667,0.0006,-0.0006,0.2,0.2,0.400001799996
40.2083333333,0.0006,-0.0006,0.2,0.2,0.400001799996
40.2734375,0.0006,-0.0006,0.2,0.2,0.400001799996
40.3385416667,0.0006,-0.0006,0.2,0.2,0.400001799996
40.4036458333,0.0006,-0.0006,0.2,0.2,0.400001799996
40.46875,0.0006,-0.0006,0.2,0.2,0.400001799996
40.5338541667,0.0006,-0.0006,0.2,0.2,0.400001799996
40.5989583333,0.0006,-0.0006,0.2,0.2,0.400001799996
40.6640625,0.0006,-0.0006,0.2,0.2,0.400001799996
40.7291666667,0.0006,-0.0006,0.2,0.2,0.400001799996
40.7942708333,0.0006,-0.0006,0.2,0.2,0.400001799996
40.859375,0.0006,-0.0006,0.2,0.2,0.400001799996
40.9244791667,0.0006,-0.0006,0.2,0.2,0.400001799996
40.9895833333,0.0006,-0.0006,0.2,0.2,0.400001799996
41.0546875,0.0006,-0.0006,0.2,0.2,0.400001799996
41.1197916667,0.0006,-0.0006,0.2,0.2,0.400001799996
41.1848958333,0.0006,-0.0006,0.2,0.2,0.400001799996
41.25,0.0006,-0.0006,0.2,0.2,0.400001799996
41.3151041667,0.0006,-0.0006,0.2,0.2,0.400001799996
41.3802083333,0.0006,-0.0006,0.2,0.2,0.400001799996
41.4453125,0.0006,-0.0006,0.2,0.2,0.400001799996
41.5104166667,0.0006,-0.0006,0.2,0.2,0.400001799996
41.5755208333,0.0006,-0.0006,0.2,0.2,0.400001799996
41.640625,0.0006,-0.0006,0.2,0.2,0.400001799996
41.7057291667,0.0006,-0.0006,0.2,0.2,0.400001799996
41.7708333333,0.0006,-0.0006,0.2,0.2,0.400001799996
41.8359375,0.0006,-0.0006,0.2,0.2,0.400001799996
41.9010416667,0.0006,-0.0006,0.2,0.2,0.400001799996
41.9661458333,0.0006,-0.0006,0.2,0.2,0.400001799996
42.03125,0.0006,-0.0006,0.2,0.2,0.400001799996
42.0963541667,0.0006,-0.0006,0.2,0.2,0.400001799996
42.1614583333,0.0006,-0.0006,0.2,0.2,0.400001799996
42.2265625,0.0006,-0.0006,0.2,0.2,0.400001799996
42.2916666667,0.0006,-0.0006,0.2,0.2,0.400001799996
42.3567708333,0.0006,-0.0006,0.2,0.2,0.400001799996
42.421875,0.0006,-0.0006,0.2,0.2,0.400001799996
42.4869791667,0.0006,-0.0006,0.2,0.2,0.400001799996
42.5520833333,0.0006,-0.0006,0.2,0.2,0.400001799996
42.6171875,0.0006,-0.0006,0.2,0.2,0.400001799996
42.6822916667,0.0006,-0.0006,0.2,0.2,0.400001799996
42.7473958333,0.0006,-0.0006,0.2,0.2,0.400001799996
42.8125,0.0006,-0.0006,0.2,0.2,0.400001799996
42.8776041667,0.0006,-0.0006,0.2,0.2,0.400001799996
42.9427083333,0.0006,-0.0006,0.2,0.2,0.400001799996
43.0078125,0.0006,-0.0006,0.2,0.2,0.400001799996
43.0729166667,0.0006,-0.0006,0.2,0.2,0.400001799996
43.1380208333,0.0006,-0.0006,0.2,0.2,0.400001799996
43.203125,0.0006,-0.0006,0.2,0.2,0.400001799996
43.2682291667,0.0006,-0.0006,0.2,0.2,0.400001799996
43.3333333333,0.0006,-0.0006,0.2,0.2,0.400001799996
43.3984375,0.0006,-0.0006,0.2,0.2,0.400001799996
43.4635416667,0.0006,-0.0006,0.2,0.2,0.400001799996
43.5286458333,0.0006,-0.0006,0.2,0.2,0.400001799996
43.59375,0.0006,-0.0006,0.2,0.2,0.400001799996
43.6588541667,0.0006,-0.0006,0.2,0.2,0.400001799996
43.7239583333,0.0006,-0.0006,0.2,0.2,0.400001799996
43.7890625,0.0006,-0.0006,0.2,0.2,0.400001799996
43.8541666667,0.0006,-0.0006,0.2,0.2,0.400001799996
43.9192708333,0.0006,-0.0006,0.2,0.2,0.400001799996
43.984375,0.0006,-0.0006,0.2,0.2,0.400001799996
44.0494791667,0.0006,-0.0006,0.2,0.2,0.400001799996
44.1145833333,0.0006,-0.0006,0.2,0.2,0.400001799996
44.1796875,0.0006,-0.0006,0.2,0.2,0.400001799996
44.2447916667,0.0006,-0.0006,0.2,0.2,0.400001799996
44.3098958333,0.0006,-0.0006,0.2,0.2,0.400001799996
44.375,0.0006,-0.0006,0.2,0.2,0.400001799996
44.4401041667,0.0006,-0.0006,0.2,0.2,0.400001799996
44.5052083333,0.0006,-0.0006,0.2,0.2,0.400001799996
44.5703125,0.0006,-0.0006,0.2,0.2,0.400001799996
44.6354166667,0.0006,-0.0006,0.2,0.2,0.400001799996
44.7005208333,0.0006,-0.0006,0.2,0.2,0.400001799996
44.765625,0.0006,-0.0006,0.2,0.2,0.400001799996
44.8307291667,0.0006,-0.0006,0.2,0.2,0.400001799996
44.8958333333,0.0006,-0.0006,0.2,0.2,0.400001799996
44.9609375,0.0006,-0.0006,0.2,0.2,0.400001799996
45.0260416667,0.0006,-0.0006,0.2,0.2,0.400001799996
45.0911458333,0.0006,-0.0006,0.2,0.2,0.400001799996
45.15625,0.0006,-0.0006,0.2,0.2,0.400001799996
45.2213541667,0.0006,-0.0006,0.2,0.2,0.400001799996
45.2864583333,0.0006,-0.0006,0.2,0.2,0.400001799996
45.3515625,0.0006,-0.0006,0.2,0.2,0.400001799996
45.4166666667,0.0006,-0.0006,0.2,0.2,0.400001799996
45.4817708333,0.0006,-0.0006,0.2,0.2,0.400001799996
45.546875,0.0006,-0.0006,0.2,0.2,0.400001799996
45.6119791667,0.0006,-0.0006,0.2,0.2,0.400001799996
45.6770833333,0.0006,-0.0006,0.2,0.2,0.400001799996
45.7421875,0.0006,-0.0006,0.2,0.2,0.400001799996
45.8072916667,0.0006,-0.0006,0.2,0.2,0.400001799996
45.8723958333,0.0006,-0.0006,0.2,0.2,0.400001799996
45.9375,0.0006,-0.0006,0.2,0.2,0.400001799996
46.0026041667,0.0006,-0.0006,0.2,0.2,0.400001799996
46.0677083333,0.0006,-0.0006,0.2,0.2,0.400001799996
46.1328125,0.0006,-0.0006,0.2,0.2,0.400001799996
46.1979166667,0.0006,-0.0006,0.2,0.2,0.400001799996
46.2630208333,0.0006,-0.0006,0.2,0.2,0.400001799996
46.328125,0.0006,-0.0006,0.2,0.2,0.400001799996
46.3932291667,0.0006,-0.0006,0.2,0.2,0.400001799996
46.4583333333,0.0006,-0.0006,0.2,0.2,0.400001799996
46.5234375,0.0006,-0.0006,0.2,0.2,0.400001799996
46.5885416667,0.0006,-0.0006,0.2,0.2,0.400001799996
46.6536458333,0.0006,-0.0006,0.2,0.2,0.400001799996
46.71875,0.0006,-0.0006,0.2,0.2,0.400001799996
46.7838541667,0.0006,-0.0006,0.2,0.2,0.400001799996
46.8489583333,0.0006,-0.0006,0.2,0.2,0.400001799996
46.9140625,0.0006,-0.0006,0.2,0.2,0.400001799996
46.9791666667,0.0006,-0.0006,0.2,0.2,0.400001799996
47.0442708333,0.0006,-0.0006,0.2,0.2,0.400001799996
47.109375,0.0006,-0.0006,0.2,0.2,0.400001799996
47.1744791667,0.0006,-0.0006,0.2,0.2,0.400001799996
47.2395833333,0.0006,-0.0006,0.2,0.2,0.400001799996
47.3046875,0.0006,-0.0006,0.2,0.2,0.400001799996
47.3697916667,0.0006,-0.0006,0.2,0.2,0.400001799996
47.4348958333,0.0006,-0.0006,0.2,0.2,0.400001799996
47.5,0.0006,-0.0006,0.2,0.2,0.400001799996
47.5651041667,0.0006,-0.0006,0.2,0.2,0.400001799996
47.6302083333,0.0006,-0.0006,0.2,0.2,0.400001799996
47.6953125,0.0006,-0.0006,0.2,0.2,0.400001799996
47.7604166667,0.0006,-0.0006,0.2,0.2,0.400001799996
47.8255208333,0.0006,-0.0006,0.2,0.2,0.400001799996
47.890625,0.0006,-0.0006,0.2,0.2,0.400001799996
47.9557291667,0.0006,-0.0006,0.2,0.2,0.400001799996
48.0208333333,0.0006,-0.0006,0.2,0.2,0.400001799996
48.0859375,0.0006,-0.0006,0.2,0.2,0.400001799996
48.1510416667,0.0006,-0.0006,0.2,0.2,0.400001799996
48.2161458333,0.0006,-0.0006,0.2,0.2,0.400001799996
48.28125,0.0006,-0.0006,0.2,0.2,0.400001799996
48.3463541667,0.0006,-0.0006,0.2,0.2,0.400001799996
48.4114583333,0.0006,-0.0006,0.2,0.2,0.400001799996
48.4765625,0.0006,-0.0006,0.2,0.2,0.400001799996
48.5416666667,0.0006,-0.0006,0.2,0.2,0.400001799996
48.6067708333,0.0006,-0.0006,0.2,0.2,0.400001799996
48.671875,0.0006,-0.0006,0.2,0.2,0.400001799996
48.7369791667,0.0006,-0.0006,0.2,0.2,0.400001799996
48.8020833333,0.0006,-0.0006,0.2,0.2,0.400001799996
48.8671875,0.0006,-0.0006,0.2,0.2,0.400001799996
48.9322916667,0.0006,-0.0006,0.2,0.2,0.400001799996
48.9973958333,0.0006,-0.0006,0.2,0.2,0.400001799996
49.0625,0.0006,-0.0006,0.2,0.2,0.400001799996
49.1276041667,0.0006,-0.0006,0.2,0.2,0.400001799996
49.1927083333,0.0006,-0.0006,0.2,0.2,0.400001799996
49.2578125,0.0006,-0.0006,0.2,0.2,0.400001799996
49.3229166667,0.0006,-0.0006,0.2,0.2,0.400001799996
49.3880208333,0.0006,-0.0006,0.2,0.2,0.400001799996
49.453125,0.0006,-0.0006,0.2,0.2,0.400001799996
49.5182291667,0.0006,-0.0006,0.2,0.2,0.400001799996
49.5833333333,0.0006,-0.0006,0.2,0.2,0.400001799996
49.6484375,0.0006,-0.0006,0.2,0.2,0.400001799996
49.7135416667,0.0006,-0.0006,0.2,0.2,0.400001799996
49.7786458333,0.0006,-0.0006,0.2,0.2,0.400001799996
49.84375,0.0006,-0.0006,0.2,0.2,0.400001799996
49.9088541667,0.0006,-0.0006,0.2,0.2,0.400001799996
49.9739583333,0.0006,-0.0006,0.2,0.2,0.400001799996
50.0390625,0.0006,-0.0006,0.2,0.2,0.400001799996
50.1041666667,0.0006,-0.0006,0.2,0.2,0.400001799996
50.1692708333,0.0006,-0.0006,0.2,0.2,0.400001799996
50.234375,0.0006,-0.0006,0.2,0.2,0.400001799996
50.2994791667,0.0006,-0.0006,0.2,0.2,0.400001799996
50.3645833333,0.0006,-0.0006,0.2,0.2,0.400001799996
50.4296875,0.0006,-0.0006,0.2,0.2,0.400001799996
50.4947916667,0.0006,-0.0006,0.2,0.2,0.400001799996
50.5598958333,0.0006,-0.0006,0.2,0.2,0.400001799996
50.625,0.0006,-0.0006,0.2,0.2,0.400001799996
50.6901041667,0.0006,-0.0006,0.2,0.2,0.400001799996
50.7552083333,0.0006,-0.0006,0.2,0.2,0.400001799996
50.8203125,0.0006,-0.0006,0.2,0.2,0.400001799996
50.8854166667,0.0006,-0.0006,0.2,0.2,0.400001799996
50.9505208333,0.0006,-0.0006,0.2,0.2,0.400001799996
51.015625,0.0006,-0.0006,0.2,0.2,0.400001799996
51.0807291667,0.0006,-0.0006,0.2,0.2,0.400001799996
51.1458333333,0.0006,-0.0006,0.2,0.2,0.400001799996
51.2109375,0.0006,-0.0006,0.2,0.2,0.400001799996
51.2760416667,0.0006,-0.0006,0.2,0.2,0.400001799996
51.3411458333,0.0006,-0.0006,0.2,0.2,0.400001799996
51.40625,0.0006,-0.0006,0.2,0.2,0.400001799996
51.4713541667,0.0006,-0.0006,0.2,0.2,0.400001799996
51.5364583333,0.0006,-0.0006,0.2,0.2,0.400001799996
51.6015625,0.0006,-0.0006,0.2,0.2,0.400001799996
51.6666666667,0.0006,-0.0006,0.2,0.2,0.400001799996
51.7317708333,0.0006,-0.0006,0.2,0.2,0.400001799996
51.796875,0.0006,-0.0006,0.2,0.2,0.400001799996
51.8619791667,0.0006,-0.0006,0.2,0.2,0.400001799996
51.9270833333,0.0006,-0.0006,0.2,0.2,0.400001799996
51.9921875,0.0006,-0.0006,0.2,0.2,0.400001799996
52.0572916667,0.0006,-0.0006,0.2,0.2,0.400001799996
52.1223958333,0.0006,-0.0006,0.2,0.2,0.400001799996
52.1875,0.0006,-0.0006,0.2,0.2,0.400001799996
52.2526041667,0.0006,-0.0006,0.2,0.2,0.400001799996
52.3177083333,0.0006,-0.0006,0.2,0.2,0.400001799996
52.3828125,0.0006,-0.0006,0.2,0.2,0.400001799996
52.4479166667,0.0006,-0.0006,0.2,0.2,0.400001799996
52.5130208333,0.0006,-0.0006,0.2,0.2,0.400001799996
52.578125,0.0006,-0.0006,0.2,0.2,0.400001799996
52.6432291667,0.0006,-0.0006,0.2,0.2,0.400001799996
52.7083333333,0.0006,-0.0006,0.2,0.2,0.400001799996
52.7734375,0.0006,-0.0006,0.2,0.2,0.400001799996
52.8385416667,0.0006,-0.0006,0.2,0.2,0.400001799996
52.9036458333,0.0006,-0.0006,0.2,0.2,0.400001799996
52.96875,0.0006,-0.0006,0.2,0.2,0.400001799996
53.0338541667,0.0006,-0.0006,0.2,0.2,0.400001799996
53.0989583333,0.0006,-0.0006,0.2,0.2,0.400001799996
53.1640625,0.0006,-0.0006,0.2,0.2,0.400001799996
53.2291666667,0.0006,-0.0006,0.2,0.2,0.400001799996
53.2942708333,0.0006,-0.0006,0.2,0.2,0.400001799996
53.359375,0.0006,-0.0006,0.2,0.2,0.400001799996
53.4244791667,0.0006,-0.0006,0.2,0.2,0.400001799996
53.4895833333,0.0006,-0.0006,0.2,0.2,0.400001799996
53.5546875,0.0006,-0.0006,0.2,0.2,0.400001799996
53.6197916667,0.0006,-0.0006,0.2,0.2,0.400001799996
53.6848958333,0.0006,-0.0006,0.2,0.2,0.400001799996
53.75,0.0006,-0.0006,0.2,0.2,0.400001799996
53.8151041667,0.0006,-0.0006,0.2,0.2,0.400001799996
53.8802083333,0.0006,-0.0006,0.2,0.2,0.400001799996
53.9453125,0.0006,-0.0006,0.2,0.2,0.400001799996
54.0104166667,0.0006,-0.0006,0.2,0.2,0.400001799996
54.0755208333,0.0006,-0.0006,0.2,0.2,0.400001799996
54.140625,0.0006,-0.0006,0.2,0.2,0.400001799996
54.2057291667,0.0006,-0.0006,0.2,0.2,0.400001799996
54.2708333333,0.0006,-0.0006,0.2,0.2,0.400001799996
54.3359375,0.0006,-0.0006,0.2,0.2,0.400001799996
54.4010416667,0.0006,-0.0006,0.2,0.2,0.400001799996
54.4661458333,0.0006,-0.0006,0.2,0.2,0.400001799996
54.53125,0.0006,-0.0006,0.2,0.2,0.400001799996
54.5963541667,0.0006,-0.0006,0.2,0.2,0.400001799996
54.6614583333,0.0006,-0.0006,0.2,0.2,0.400001799996
54.7265625,0.0006,-0.0006,0.2,0.2,0.400001799996
54.7916666667,0.0006,-0.0006,0.2,0.2,0.400001799996
54.8567708333,0.0006,-0.0006,0.2,0.2,0.400001799996
54.921875,0.0006,-0.0006,0.2,0.2,0.400001799996
54.9869791667,0.0006,-0.0006,0.2,0.2,0.400001799996
55.0520833333,0.0006,-0.0006,0.2,0.2,0.400001799996
55.1171875,0.0006,-0.0006,0.2,0.2,0.400001799996
55.1822916667,0.0006,-0.0006,0.2,0.2,0.400001799996
55.2473958333,0.0006,-0.0006,0.2,0.2,0.400001799996
55.3125,0.0006,-0.0006,0.2,0.2,0.400001799996
55.3776041667,0.0006,-0.0006,0.2,0.2,0.400001799996
55.4427083333,0.0006,-0.0006,0.2,0.2,0.400001799996
55.5078125,0.0006,-0.0006,0.2,0.2,0.400001799996
55.5729166667,0.0006,-0.0006,0.2,0.2,0.400001799996
55.6380208333,0.0006,-0.0006,0.2,0.2,0.400001799996
55.703125,0.0006,-0.0006,0.2,0.2,0.400001799996
55.7682291667,0.0006,-0.0006,0.2,0.2,0.400001799996
55.8333333333,0.0006,-0.0006,0.2,0.2,0.400001799996
55.8984375,0.0006,-0.0006,0.2,0.2,0.400001799996
55.9635416667,0.0006,-0.0006,0.2,0.2,0.400001799996
56.0286458333,0.0006,-0.0006,0.2,0.2,0.400001799996
56.09375,0.0006,-0.0006,0.2,0.2,0.400001799996
56.1588541667,0.0006,-0.0006,0.2,0.2,0.400001799996
56.2239583333,0.0006,-0.0006,0.2,0.2,0.400001799996
56.2890625,0.0006,-0.0006,0.2,0.2,0.400001799996
56.3541666667,0.0006,-0.0006,0.2,0.2,0.400001799996
56.4192708333,0.0006,-0.0006,0.2,0.2,0.400001799996
56.484375,0.0006,-0.0006,0.2,0.2,0.400001799996
56.5494791667,0.0006,-0.0006,0.2,0.2,0.400001799996
56.6145833333,0.0006,-0.0006,0.2,0.2,0.400001799996
56.6796875,0.0006,-0.0006,0.2,0.2,0.400001799996
56.7447916667,0.0006,-0.0006,0.2,0.2,0.400001799996
56.8098958333,0.0006,-0.0006,0.2,0.2,0.400001799996
56.875,0.0006,-0.0006,0.2,0.2,0.400001799996
56.9401041667,0.0006,-0.0006,0.2,0.2,0.400001799996
57.0052083333,0.0006,-0.0006,0.2,0.2,0.400001799996
57.0703125,0.0006,-0.0006,0.2,0.2,0.400001799996
57.1354166667,0.0006,-0.0006,0.2,0.2,0.400001799996
57.2005208333,0.0006,-0.0006,0.2,0.2,0.400001799996
57.265625,0.0006,-0.0006,0.2,0.2,0.400001799996
57.3307291667,0.0006,-0.0006,0.2,0.2,0.400001799996
57.3958333333,0.0006,-0.0006,0.2,0.2,0.400001799996
57.4609375,0.0006,-0.0006,0.2,0.2,0.400001799996
57.5260416667,0.0006,-0.0006,0.2,0.2,0.400001799996
57.5911458333,0.0006,-0.0006,0.2,0.2,0.400001799996
57.65625,0.0006,-0.0006,0.2,0.2,0.400001799996
57.7213541667,0.0006,-0.0006,0.2,0.2,0.400001799996
57.7864583333,0.0006,-0.0006,0.2,0.2,0.400001799996
57.8515625,0.0006,-0.0006,0.2,0.2,0.400001799996
57.9166666667,0.0006,-0.0006,0.2,0.2,0.400001799996
57.9817708333,0.0006,-0.0006,0.2,0.2,0.400001799996
58.046875,0.0006,-0.0006,0.2,0.2,0.400001799996
58.1119791667,0.0006,-0.0006,0.2,0.2,0.400001799996
58.1770833333,0.0006,-0.0006,0.2,0.2,0.400001799996
58.2421875,0.0006,-0.0006,0.2,0.2,0.400001799996
58.3072916667,0.0006,-0.0006,0.2,0.2,0.400001799996
58.3723958333,0.0006,-0.0006,0.2,0.2,0.400001799996
58.4375,0.0006,-0.0006,0.2,0.2,0.400001799996
58.5026041667,0.0006,-0.0006,0.2,0.2,0.400001799996
58.5677083333,0.0006,-0.0006,0.2,0.2,0.400001799996
58.6328125,0.0006,-0.0006,0.2,0.2,0.400001799996
58.6979166667,0.0006,-0.0006,0.2,0.2,0.400001799996
58.7630208333,0.0006,-0.0006,0.2,0.2,0.400001799996
58.828125,0.0006,-0.0006,0.2,0.2,0.400001799996
58.8932291667,0.0006,-0.0006,0.2,0.2,0.400001799996
58.9583333333,0.0006,-0.0006,0.2,0.2,0.400001799996
59.0234375,0.0006,-0.0006,0.2,0.2,0.400001799996
59.0885416667,0.0006,-0.0006,0.2,0.2,0.400001799996
59.1536458333,0.0006,-0.0006,0.2,0.2,0.400001799996
59.21875,0.0006,-0.0006,0.2,0.2,0.400001799996
59.2838541667,0.0006,-0.0006,0.2,0.2,0.400001799996
59.3489583333,0.0006,-0.0006,0.2,0.2,0.400001799996
59.4140625,0.0006,-0.0006,0.2,0.2,0.400001799996
59.4791666667,0.0006,-0.0006,0.2,0.2,0.400001799996
59.5442708333,0.0006,-0.0006,0.2,0.2,0.400001799996
59.609375,0.0006,-0.0006,0.2,0.2,0.400001799996
59.6744791667,0.0006,-0.0006,0.2,0.2,0.400001799996
59.7395833333,0.0006,-0.0006,0.2,0.2,0.400001799996
59.8046875,0.0006,-0.0006,0.2,0.2,0.400001799996
59.8697916667,0.0006,-0.0006,0.2,0.2,0.400001799996
59.9348958333,0.0006,-0.0006,0.2,0.2,0.400001799996
