time,block_index,ess,wf_error_inst,wf_error_cum_rms,wf_fidelity
4,1,399.917912604,5.38900638381e-11,5.38900638381e-11,1
8,2,399.919744839,1.09655382893e-10,8.63957232099e-11,1
12,3,399.908809017,1.67552610236e-10,1.19725128489e-10,1
16,4,399.918042359,2.27631899373e-10,1.53963145579e-10,1
20,5,399.908682773,2.89913853123e-10,1.89139442222e-10,1
24,6,399.917230635,3.54521439395e-10,2.25297615763e-10,1
28,7,399.915421697,4.21493841525e-10,2.62463916555e-10,1
32,8,399.903850597,4.91005543863e-10,3.00686214466e-10,1
36,9,399.915742649,5.63084490284e-10,3.39993748269e-10,1
40,10,399.914031841,6.37855839505e-10,3.80423686401e-10,1
44,11,399.906908661,7.15419076647e-10,4.22013169439e-10,1
48,12,399.913745778,7.95868508533e-10,4.64798607809e-10,1
52,13,399.906736755,8.79326458222e-10,5.08819748194e-10,1
56,14,399.914221733,9.6589926584e-10,5.54116372623e-10,1
60,15,399.913528049,1.05570910386e-09,6.00730170914e-10,1
64,16,399.906821032,1.1488789596e-09,6.48704186124e-10,1
68,17,399.919330221,1.24554167963e-09,6.98083427225e-10,1
72,18,399.902384343,1.34583457701e-09,7.48914723001e-10,1
76,19,399.921537824,1.44985861152e-09,8.01242742485e-10,1
80,20,399.918250269,1.55779233917e-09,8.55117702053e-10,1
84,21,399.917395807,1.66979321757e-09,9.10592038619e-10,1
88,22,399.909285122,1.7860033859e-09,9.67718572237e-10,1
92,23,399.919266883,1.90661884375e-09,1.02655478234e-09,1
96,24,399.912345395,2.03173738311e-09,1.08715407104e-09,1
100,25,399.905998974,2.16162081823e-09,1.14957905239e-09,1
104,26,399.917054292,2.29649308479e-09,1.21389678358e-09,1
108,27,399.907632684,2.43651346777e-09,1.28017328557e-09,1
112,28,399.915005113,2.58186830898e-09,1.34847562447e-09,1
116,29,399.907565429,2.73287248864e-09,1.41888025683e-09,1
120,30,399.921926936,2.88924552336e-09,1.49143280112e-09,1
124,31,399.909402158,3.05196272332e-09,1.5662326947e-09,1
128,32,399.911699828,3.22001712713e-09,1.64330213263e-09,1
132,33,399.915293249,3.39544824129e-09,1.72278148538e-09,1
136,34,399.904510624,3.57709648063e-09,1.80472279737e-09,1
140,35,399.91482077,3.76565063644e-09,1.88920961159e-09,1
144,36,399.91389407,3.96187217348e-09,1.97635596629e-09,1
148,37,399.571907622,4.13854779863e-09,2.06478166164e-09,1
152,38,399.920027228,4.35036618428e-09,2.15619455484e-09,1
156,39,399.913401742,4.57051136432e-09,2.25068777264e-09,1
160,40,399.919384092,4.79922385859e-09,2.3483545952e-09,1
164,41,399.914619516,5.03701273687e-09,2.44930188911e-09,1
168,42,399.913629753,5.28389514194e-09,2.55362402318e-09,1
172,43,399.911215446,5.54193131956e-09,2.66150342251e-09,1
176,44,399.908513476,5.80874904716e-09,2.77298815531e-09,1
180,45,399.919163263,6.08581350852e-09,2.88818863526e-09,1
184,46,399.920986192,6.37542000239e-09,3.0073080982e-09,1
188,47,399.911064056,6.67816321438e-09,3.13055414782e-09,1
192,48,399.908434798,6.99183644125e-09,3.25801298284e-09,1
196,49,399.908998799,7.31634634134e-09,3.38975664773e-09,1
200,50,399.584943269,7.58169977486e-09,3.52282337873e-09,1
204,51,399.575057842,7.85877017596e-09,3.65758544742e-09,1
208,52,399.909878159,8.227801376e-09,3.79769973914e-09,1
212,53,399.908918063,8.61400596953e-09,3.94340220625e-09,1
216,54,399.592267757,8.91355473488e-09,4.09069352289e-09,1
220,55,399.90782863,9.33168633137e-09,4.24414921058e-09,1
224,56,399.91228473,9.76735558462e-09,4.40394582369e-09,1
228,57,399.90837409,1.02279094707e-08,4.57053013537e-09,1
232,58,399.588867306,1.05676117471e-08,4.73867056139e-09,1
236,59,399.584396711,1.09243814716e-08,4.90888512062e-09,1
240,60,399.283786181,1.11681646361e-08,5.07684274568e-09,1
244,61,399.285837473,1.14392299929e-08,5.24375650404e-09,1
248,62,399.280690628,1.17630112642e-08,5.41158308585e-09,1
252,63,399.918404149,1.23139127555e-08,5.58813482249e-09,1
256,64,399.633120279,1.27890012108e-08,5.77017567975e-09,1
260,65,399.909950646,1.33630866412e-08,5.96070134825e-09,1
264,66,399.907650074,1.40106273973e-08,6.16164224058e-09,1
268,67,399.911801904,1.46812038298e-08,6.37308105453e-09,1
272,68,399.617873449,1.51832677547e-08,6.58855344547e-09,1
276,69,399.917839754,1.59249549626e-08,6.81581565804e-09,1
280,70,399.905554615,1.67460822208e-08,7.05675961915e-09,1
284,71,399.587263193,1.73051894623e-08,7.30166826866e-09,1
288,72,399.605971211,1.79241284554e-08,7.5522199696e-09,1
292,73,399.915421598,1.88615976034e-08,7.81844830095e-09,1
296,74,399.903649102,1.98664670569e-08,8.10157665941e-09,1
300,75,399.625623102,2.05104163119e-08,8.38864904542e-09,1
304,76,399.607291164,2.11625681732e-08,8.67965084811e-09,1
308,77,399.601008478,2.18772233546e-08,8.97628524526e-09,1
312,78,399.903315638,2.31525942525e-08,9.29586155133e-09,1
316,79,399.917767093,2.45611078426e-08,9.64133065887e-09,1
320,80,399.627868364,2.5334469522e-08,9.99080867534e-09,1
324,81,399.616766553,2.61756600567e-08,1.03461484564e-08,1
328,82,399.621057992,2.71051011961e-08,1.07096675777e-08,1
332,83,399.898911808,2.887253058e-08,1.11066979419e-08,1
336,84,399.621505964,2.99010990867e-08,1.15123386592e-08,1
340,85,399.646577222,3.09358037741e-08,1.1926182286e-08,1
344,86,399.311020166,3.12936774859e-08,1.23274930417e-08,1
348,87,399.350250258,3.22062982445e-08,1.27335266265e-08,1
352,88,399.910258584,3.42516250333e-08,1.31769378201e-08,1
356,89,399.906790699,3.6479155005e-08,1.36613608719e-08,1
360,90,399.36051569,3.70637138779e-08,1.41358631321e-08,1
364,91,399.6401943,3.8672096589e-08,1.46308298002e-08,1
368,92,399.625472081,4.04844017035e-08,1.51508911418e-08,1
372,93,399.081872295,4.16808506194e-08,1.56767918076e-08,1
376,94,399.639258369,4.29662419354e-08,1.62106956662e-08,1
380,95,399.624467565,4.5055984611e-08,1.6774663609e-08,1
384,96,399.908417311,4.79519414434e-08,1.7389944386e-08,1
388,97,399.072549831,4.89583364884e-08,1.80000843708e-08,1
392,98,399.124337156,5.32153300865e-08,1.86974204211e-08,1
396,99,399.646082279,5.35971140569e-08,1.93669552513e-08,1
400,100,399.382292802,5.52500037657e-08,2.00462913106e-08,1
404,101,398.874976211,6.80560007736e-08,2.10649628794e-08,1
408,102,399.131953046,7.75011339729e-08,2.23219369239e-08,1
412,103,399.626234644,6.80118979888e-08,2.32021598441e-08,1
416,104,398.88033352,8.52630572779e-08,2.45573958278e-08,1
420,105,399.152508705,9.7792885991e-08,2.62374287892e-08,1
424,106,399.914538759,8.16462739186e-08,2.72909540509e-08,1
428,107,399.637461221,7.24540828541e-08,2.80516860175e-08,1
432,108,399.404087114,7.23139634872e-08,2.87755197167e-08,1
436,109,399.167491612,8.09888583485e-08,2.96750741716e-08,1
440,110,399.159190539,9.22587685273e-08,3.08218006263e-08,1
444,111,399.171069424,1.04672068886e-07,3.22510444454e-08,1
448,112,398.442737432,1.70362693618e-07,3.59163043339e-08,1
452,113,399.183761728,1.87635692381e-07,3.98764702906e-08,1
456,114,399.433923241,1.80593505285e-07,4.31540518631e-08,1
460,115,399.433008236,1.70451617772e-07,4.5811787349e-08,1
464,116,399.695926812,1.31849398317e-07,4.72280826516e-08,1
468,117,399.430944338,1.1536725843e-07,4.82201727538e-08,1
472,118,398.511395061,1.96250264094e-07,5.13017674246e-08,1
476,119,399.455662485,1.71366292254e-07,5.34465274552e-08,1
480,120,399.21210454,1.54555130321e-07,5.50616709286e-08,1
484,121,398.983110048,1.75515379438e-07,5.71079998357e-08,1
488,122,398.51842807,2.90986169075e-07,6.2678800745e-08,1
492,123,398.321593917,4.73916280876e-07,7.56484032763e-08,1
496,124,399.22178034,4.44163335532e-07,8.52496722903e-08,1
500,125,398.814196451,4.85486080087e-07,9.53673971768e-08,1
504,126,398.162213875,7.71497306848e-07,1.17246032525e-07,0.999999999999
508,127,399.055263554,7.80892045996e-07,1.35793614751e-07,0.999999999999
512,128,399.068407968,7.34941661764e-07,1.50052263908e-07,0.999999999999
516,129,399.040935127,6.79697500099e-07,1.61004501245e-07,1
520,130,398.824969928,7.25283771326e-07,1.72538346335e-07,0.999999999999
524,131,399.108950621,6.54839707088e-07,1.81150849506e-07,1
528,132,398.630061945,7.45270441852e-07,1.91767607105e-07,0.999999999999
532,133,398.883548617,7.14583318846e-07,2.00842303705e-07,0.999999999999
536,134,398.530581632,9.49364289584e-07,2.16246775003e-07,0.999999999999
540,135,398.29891499,1.30279835936e-06,2.42875993916e-07,0.999999999998
544,136,398.922396395,1.20816507153e-06,2.63225801593e-07,0.999999999999
548,137,398.729149978,1.20955835363e-06,2.81888512513e-07,0.999999999999
552,138,398.927370099,9.64211571218e-07,2.92612907006e-07,0.999999999999
556,139,397.853013329,1.78820672099e-06,3.28650636911e-07,0.999999999997
560,140,398.58293693,1.7765501058e-06,3.60254798691e-07,0.999999999997
564,141,398.402273502,2.00378900942e-06,3.96660377727e-07,0.999999999996
568,142,398.271326447,2.44168735765e-06,4.45214779185e-07,0.999999999994
572,143,397.816131708,3.6423362442e-06,5.38148299288e-07,0.999999999987
576,144,397.666420805,5.09581802783e-06,6.8404777201e-07,0.999999999974
580,145,398.574899228,5.08900476044e-06,8.02060469318e-07,0.999999999974
584,146,398.744123544,4.62306334054e-06,8.86162108051e-07,0.999999999979
588,147,398.0610169,5.48961066587e-06,9.92444876372e-07,0.99999999997
592,148,399.098988574,3.97012691624e-06,1.04153308302e-06,0.999999999984
596,149,397.460231101,6.25346441051e-06,1.15756893271e-06,0.999999999961
600,150,398.047646083,7.25855415096e-06,1.29702613087e-06,0.999999999947
604,151,398.494156043,6.84667162291e-06,1.40768569155e-06,0.999999999953
608,152,397.536334292,9.60063518347e-06,1.6046614372e-06,0.999999999908
612,153,398.877198032,7.56231619499e-06,1.71227641944e-06,0.999999999943
616,154,398.44017995,6.86585267922e-06,1.7941448513e-06,0.999999999953
620,155,398.433055594,7.20959393377e-06,1.87976908293e-06,0.999999999948
624,156,398.152866388,7.975681042e-06,1.97955725088e-06,0.999999999936
628,157,398.048107303,9.0194780572e-06,2.10043959958e-06,0.999999999919
632,158,398.076769912,9.60566634876e-06,2.22887939192e-06,0.999999999908
636,159,398.779643596,6.41450715325e-06,2.27935032994e-06,0.999999999959
640,160,398.278908245,8.62409043761e-06,2.37230052666e-06,0.999999999926
644,161,397.536872463,1.60090533918e-05,2.68043214823e-06,0.999999999744
648,162,398.395829019,1.76119592608e-05,3.00916343909e-06,0.99999999969
652,163,398.830442892,1.19186288332e-05,3.14181591328e-06,0.999999999858
656,164,398.397351948,1.39521117485e-05,3.31628980281e-06,0.999999999805
660,165,398.377469922,1.61737683108e-05,3.53786991434e-06,0.999999999738
664,166,398.014926301,2.57752639725e-05,4.0550359999e-06,0.999999999336
668,167,398.053440123,3.72983731142e-05,4.96741432782e-06,0.999999998609
672,168,398.707752895,3.39653210256e-05,5.60314658876e-06,0.999999998846
676,169,399.259070809,1.45045732767e-05,5.69687183483e-06,0.99999999979
679.989643149,170,398.924157415,9.36253513115e-06,5.72530091416e-06,0.999999999912
683.836699582,171,398.805584496,7.2777244609e-06,5.73560097349e-06,0.999999999947
687.551074929,172,399.201881671,9.30097914967e-06,5.76270864591e-06,0.999999999913
691.141709431,173,399.059471002,1.37402878234e-05,5.84021883287e-06,0.999999999811
694.616624414,174,399.158787087,1.81645959564e-05,5.98401296223e-06,0.99999999967
697.983096322,175,399.052243709,2.13088492682e-05,6.18049031533e-06,0.999999999546
701.247723799,176,399.035502216,1.10778605757e-05,6.21921947249e-06,0.999999999877
704.416500633,177,399.344284907,1.80235736362e-05,6.34787156628e-06,0.999999999675
707.49496574,178,399.158374647,1.89689713982e-05,6.48772422123e-06,0.99999999964
710.488135518,179,399.25615664,1.40609326334e-05,6.55438379383e-06,0.999999999802
713.40062552,180,399.509205005,1.46118383151e-05,6.62626772653e-06,0.999999999786
716.236710389,181,399.478110225,1.04223502575e-05,6.65319335197e-06,0.999999999891
719.000303705,182,399.297988151,7.77360286796e-06,6.65986445243e-06,0.99999999994
721.695027435,183,399.601821735,2.66563864309e-05,6.92779053127e-06,0.999999999289
724.324294519,184,399.62309719,2.79184370405e-05,7.20898920575e-06,0.999999999221
726.891192161,185,399.587138074,2.39030689172e-05,7.40115015587e-06,0.999999999429
729.398611085,186,399.533769143,2.30591796807e-05,7.57240148093e-06,0.999999999468
731.849256304,187,399.323887688,9.03407521241e-06,7.58096746256e-06,0.999999999918
734.245603988,188,399.681442956,9.78575555433e-06,7.59438855892e-06,0.999999999904
736.590056524,189,399.569661037,1.82967257231e-05,7.6903089011e-06,0.999999999665
738.884808681,190,399.66014529,3.02959026462e-05,7.97874233431e-06,0.999999999082
741.131924824,191,399.729928605,2.53351240175e-05,8.1662474365e-06,0.999999999358
743.333372933,192,399.71799906,9.35713342444e-06,8.17289951672e-06,0.999999999912
745.490989986,193,399.561039965,1.41199234523e-05,8.21481640333e-06,0.999999999801
747.60645749,194,399.599245765,1.58877362291e-05,8.27263511876e-06,0.999999999748
749.681419454,195,399.733650574,2.26883624686e-05,8.40983587824e-06,0.999999999485
751.717396752,196,399.775106038,2.77216836569e-05,8.61889622741e-06,0.999999999232
753.715829128,197,398.569517593,2.38287895477e-05,8.76302342141e-06,0.999999999432
755.67804542,198,399.745088789,2.62678035515e-05,8.93798546376e-06,0.99999999931
757.605362172,199,399.649352631,1.68334742107e-05,8.995003503e-06,0.999999999717
759.498968742,200,399.811688588,2.38217070555e-05,9.12923360497e-06,0.999999999433
761.360066233,201,399.726297314,1.91780404631e-05,9.20641634322e-06,0.999999999632
763.189728746,202,399.735084068,2.1353942663e-05,9.30569115391e-06,0.999999999544
764.98900505,203,399.796682594,3.76569747399e-05,9.65167156524e-06,0.999999998582
766.758907361,204,399.697920644,2.98001446802e-05,9.85146194874e-06,0.999999999112
768.500349901,205,399.66899787,1.96967009149e-05,9.92322374412e-06,0.999999999612
770.214230724,206,399.656776423,1.05088743195e-05,9.92615016984e-06,0.99999999989
771.901400385,207,399.740675102,1.77199717102e-05,9.97844526712e-06,0.999999999686
773.562711972,208,399.784213393,3.79032491207e-05,1.02955171054e-05,0.999999998563
775.198957393,209,399.808172779,6.52402785423e-05,1.12185359725e-05,0.999999995744
776.810888795,210,399.698367385,7.39458723357e-05,1.23001745735e-05,0.999999994532
778.399193317,211,399.531266602,5.08403719341e-05,1.27603772975e-05,0.999999997415
779.964518953,212,399.561621274,3.77911497998e-05,1.29921449917e-05,0.999999998572
781.507531903,213,399.582205177,2.7613472655e-05,1.30989767989e-05,0.999999999237
783.028859199,214,399.631923095,2.09884529832e-05,1.31468583549e-05,0.999999999559
784.529090646,215,399.644554797,2.72230619925e-05,1.32469970989e-05,0.999999999259
786.00883725,216,399.59728336,2.54419049018e-05,1.33291870176e-05,0.999999999353
787.468631443,217,399.670850945,4.08622425742e-05,1.35846626384e-05,0.99999999833
788.909034033,218,399.615740183,4.94120955814e-05,1.39605274132e-05,0.999999997558
790.330540891,219,399.657360798,6.65669156197e-05,1.46369385176e-05,0.999999995569
791.733654257,220,399.37409511,5.32593957089e-05,1.50386043355e-05,0.999999997163
793.118811646,221,399.53048185,5.89402766689e-05,1.55195210154e-05,0.999999996526
794.486484357,222,399.502569536,6.38003371949e-05,1.60656810264e-05,0.99999999593
795.837110406,223,399.462721096,6.56462005559e-05,1.66214755685e-05,0.999999995691
797.171107094,224,399.418588406,6.48810831872e-05,1.71415501781e-05,0.99999999579
798.4888745,225,399.651517651,9.21439174292e-05,1.81731225032e-05,0.999999991509
799.790835219,226,399.435693262,0.000100729755137,1.93312438437e-05,0.999999989854
801.077346003,227,399.091759125,7.8092389509e-05,1.99728825754e-05,0.999999993902
802.348738615,228,399.403993824,8.65484632971e-05,2.07369254105e-05,0.999999992509
803.605396385,229,399.168625155,7.64213906353e-05,2.12989540055e-05,0.99999999416
804.847639445,230,399.076711256,6.04307768189e-05,2.16229231164e-05,0.999999996348
806.075788213,231,399.177134149,5.6779507201e-05,2.18971026747e-05,0.999999996776
807.290174118,232,398.962343512,3.80431203882e-05,2.19921494996e-05,0.999999998553
808.491084354,233,399.137357019,3.75873320458e-05,2.2082627114e-05,0.999999998587
809.678838385,234,398.813542375,2.14237533108e-05,2.20798532455e-05,0.999999999541
810.853702254,235,399.136728355,2.336537283e-05,2.20854820682e-05,0.999999999454
812.015977727,236,399.076631422,2.46201607082e-05,2.20968356204e-05,0.999999999394
813.165931019,237,398.975668871,2.38005042416e-05,2.2104299951e-05,0.999999999434
814.303820531,238,398.718876134,2.4808056764e-05,2.2116351775e-05,0.999999999385
815.429883979,239,398.853007711,2.93963123772e-05,2.21517966772e-05,0.999999999136
816.544378625,240,398.862523605,3.13251423146e-05,2.21978851744e-05,0.999999999019
817.647542937,241,399.157788779,2.59238376985e-05,2.22146367633e-05,0.999999999328
818.73962648,242,398.809890784,2.85698490228e-05,2.22446341497e-05,0.999999999184
819.820835182,243,398.972243175,2.62677917363e-05,2.22626802087e-05,0.99999999931
820.891395474,244,398.990379506,2.76457529953e-05,2.22873955104e-05,0.999999999236
821.951521231,245,398.327480761,2.49238782825e-05,2.22987902459e-05,0.999999999379
823.001386515,246,398.520132894,2.63717380311e-05,2.23168516975e-05,0.999999999305
824.041202394,247,398.880020054,2.34978285407e-05,2.23217589501e-05,0.999999999448
825.07117967,248,398.718271659,1.86528941317e-05,2.23081767835e-05,0.999999999652
826.091500326,249,398.355436584,2.05926938954e-05,2.23015512085e-05,0.999999999576
827.102334371,250,398.297408686,2.64680686913e-05,2.231976667e-05,0.999999999299
828.103859521,251,398.598022315,2.55082982176e-05,2.23333732131e-05,0.999999999349
829.0962615,252,398.155645108,3.21591403681e-05,2.23808910519e-05,0.999999998966
830.079694527,253,398.08448877,4.34296831307e-05,2.25028779024e-05,0.999999998114
831.054321564,254,398.6456084,3.65357256027e-05,2.25752352173e-05,0.999999998665
832.020321845,255,398.224078119,3.95759824615e-05,2.26668224892e-05,0.999999998434
832.977839188,256,398.905406009,2.38261458727e-05,2.26714664311e-05,0.999999999432
833.927046398,257,398.040327503,2.84184298064e-05,2.26966483948e-05,0.999999999192
834.868066251,258,398.256883938,2.96290121257e-05,2.27276003865e-05,0.999999999122
835.801048788,259,398.31507255,2.87204726078e-05,2.27537744278e-05,0.999999999175
836.726136356,260,398.013554691,3.13195339108e-05,2.27928872288e-05,0.999999999019
837.643459214,261,398.409093214,2.32363668273e-05,2.27946028499e-05,0.99999999946
838.553162611,262,398.47220406,1.82335936399e-05,2.2778930671e-05,0.999999999668
839.455378602,263,398.435868813,2.25614374558e-05,2.27781076337e-05,0.999999999491
840.35023343,264,398.014185961,2.37056007e-05,2.27816921099e-05,0.999999999438
841.237840735,265,397.888149225,2.28134384394e-05,2.27818119905e-05,0.99999999948
842.118318287,266,397.841702717,2.11399930364e-05,2.27758613698e-05,0.999999999553
842.991782844,267,397.787708683,2.27778050149e-05,2.27758686497e-05,0.999999999481
843.858352698,268,398.813875183,4.42018252401e-05,2.28931190224e-05,0.999999998046
844.718160173,269,398.017112095,5.41827265047e-05,2.30880970532e-05,0.999999997064
845.57130045,270,398.54281004,7.26611386884e-05,2.34657229723e-05,0.99999999472
846.417889468,271,398.291816652,8.59072379043e-05,2.39966860619e-05,0.99999999262
847.258027095,272,397.026666073,6.87986195282e-05,2.43130733199e-05,0.999999995267
848.091790455,273,398.098579291,8.17700752673e-05,2.47679701682e-05,0.999999993314
848.919303091,274,398.917300207,0.000111518090389,2.56242340111e-05,0.999999987564
849.740676943,275,397.665851301,0.000116378522718,2.65229050624e-05,0.999999986456
850.555985931,276,397.297772827,0.000110075136662,2.72913209696e-05,0.999999987883
851.365315448,277,397.495232368,0.000116335976446,2.81244867222e-05,0.999999986466
852.168765631,278,397.076410008,0.000107595491966,2.88059821288e-05,0.999999988423
852.966415163,279,397.379492236,0.000109585099323,2.94932720943e-05,0.999999987991
853.758358868,280,396.736394642,9.54279697578e-05,2.99878256241e-05,0.999999990894
854.54467051,281,397.173844309,9.47145196146e-05,3.04629961754e-05,0.999999991029
855.325443527,282,397.254722833,9.66732845063e-05,3.0949058817e-05,0.999999990654
856.100761877,283,398.450382163,0.00012256377925,3.17417781643e-05,0.999999984978
856.870724137,284,397.74519235,0.0001327630548,3.26505173725e-05,0.999999982374
857.635397375,285,396.42457352,0.000124032749209,3.34110029008e-05,0.999999984616
858.3948419,286,397.548675855,0.000131326988023,3.42446405133e-05,0.999999982753
859.149147135,287,396.936138613,0.000128085677443,3.50110398855e-05,0.999999983594
859.899147135,288,397.048027922,0.000127411502658,3.57474997808e-05,0.999999983766
860.649147135,289,397.360605053,0.000131965022615,3.65201411217e-05,0.999999982585
861.399147135,290,397.955646473,0.000147545249955,3.7472513387e-05,0.99999997823
862.149147135,291,397.656502624,0.00016060918021,3.85747007718e-05,0.999999974205
862.899147135,292,396.138271724,0.000143369282351,3.94119855716e-05,0.999999979445
863.649147135,293,397.244295397,0.000150773968481,4.03186004013e-05,0.999999977267
864.399147135,294,395.343740879,0.000123168593282,4.08859471017e-05,0.999999984829
865.149147135,295,396.092282623,0.000102589914549,4.12513144183e-05,0.999999989475
865.899147135,296,397.091177466,9.91259078447e-05,4.1582662434e-05,0.999999990174
866.649147135,297,396.51960268,8.96723952283e-05,4.18374283374e-05,0.999999991959
867.399147135,298,397.807710911,0.00010040786833,4.21702267724e-05,0.999999989918
868.149147135,299,397.683273122,0.000108544520809,4.25650658635e-05,0.999999988218
868.899147135,300,396.913548737,9.89254141978e-05,4.28761745157e-05,0.999999990214
869.649147135,301,396.753113429,9.20804455387e-05,4.31326745121e-05,0.999999991521
870.399147135,302,397.482093994,9.4350351458e-05,4.34021202065e-05,0.999999991098
871.149147135,303,397.249577321,9.07307410867e-05,4.36428184309e-05,0.999999991768
871.899147135,304,398.033462252,0.00010524113402,4.39870818084e-05,0.999999988924
872.649147135,305,396.999165167,9.82297359487e-05,4.42736477256e-05,0.999999990351
873.399147135,306,398.193437448,0.000116275456203,4.46982448373e-05,0.99999998648
874.149147135,307,396.592071706,9.36600741376e-05,4.49444005236e-05,0.999999991228
874.899147135,308,397.470989214,9.30369869002e-05,4.51834506117e-05,0.999999991344
875.649147135,309,397.987208181,0.000105103209543,4.55048025875e-05,0.999999988953
876.399147135,310,397.266130769,9.82433869799e-05,4.57727226903e-05,0.999999990348
877.149147135,311,398.260405741,0.000117019439571,4.61783072013e-05,0.999999986306
877.899147135,312,397.555987603,0.000116474123664,4.65734130609e-05,0.999999986434
878.649147135,313,397.813014279,0.000122556160885,4.70121270284e-05,0.99999998498
879.399147135,314,396.770773492,9.93347660545e-05,4.72707758796e-05,0.999999990133
880.149147135,315,397.338662525,9.50768811081e-05,4.74987337018e-05,0.99999999096
880.899147135,316,396.569056043,7.00670368566e-05,4.75870370534e-05,0.999999995091
881.649147135,317,398.110011801,8.15570160916e-05,4.77322247312e-05,0.999999993348
882.399147135,318,397.294833382,7.45714339886e-05,4.78402310837e-05,0.999999994439
883.149147135,319,396.607359462,5.4775756941e-05,4.78635428231e-05,0.999999997
883.899147135,320,397.892315271,6.0454734821e-05,4.79080450686e-05,0.999999996345
884.649147135,321,396.792352464,4.72315567788e-05,4.79059524619e-05,0.999999997769
885.399147135,322,397.267172818,4.57699708548e-05,4.78994664231e-05,0.999999997905
886.149147135,323,397.762281687,4.719069998e-05,4.78972882848e-05,0.999999997773
886.899147135,324,397.44105603,5.14744402545e-05,4.79087397852e-05,0.99999999735
887.649147135,325,398.846095042,5.41209702959e-05,4.79290892919e-05,0.999999997071
888.399147135,326,398.025425329,5.88934882744e-05,4.79665547807e-05,0.999999996532
889.149147135,327,397.828571498,5.9498323821e-05,4.80060429941e-05,0.99999999646
889.899147135,328,397.488323696,5.47127761217e-05,4.80279136787e-05,0.999999997007
890.649147135,329,397.615016158,5.23705365819e-05,4.80417078987e-05,0.999999997257
891.399147135,330,397.73731338,5.15128887038e-05,4.80526053999e-05,0.999999997346
892.149147135,331,398.199665779,5.71930267097e-05,4.80828368356e-05,0.999999996729
892.899147135,332,398.423528436,7.01067786844e-05,4.81642975998e-05,0.999999995085
893.649147135,333,398.233198265,7.95781749088e-05,4.82892355817e-05,0.999999993667
894.399147135,334,397.439298043,6.61708316507e-05,4.83526442221e-05,0.999999995621
895.149147135,335,397.829610622,6.50374513966e-05,4.84110074438e-05,0.99999999577
895.899147135,336,398.14156733,7.14982316582e-05,4.84960291424e-05,0.999999994888
896.649147135,337,397.461199086,6.07361093523e-05,4.85369161743e-05,0.999999996311
897.399147135,338,397.423417007,5.73278263199e-05,4.85652718154e-05,0.999999996714
898.149147135,339,397.331582803,6.58113890781e-05,4.86251413141e-05,0.999999995669
898.899147135,340,398.035718215,6.81321168218e-05,4.86939743232e-05,0.999999995358
899.649147135,341,398.337650419,6.43207589962e-05,4.87471249192e-05,0.999999995863
900.399147135,342,398.035448434,6.24488489861e-05,4.87927975226e-05,0.9999999961
901.149147135,343,397.859580022,6.39556931952e-05,4.88438463677e-05,0.99999999591
901.899147135,344,397.968141314,6.38101022096e-05,4.88939926116e-05,0.999999995928
902.649147135,345,398.482504466,6.03264320961e-05,4.89309902409e-05,0.999999996361
903.399147135,346,398.401742889,6.17613849714e-05,4.89729160648e-05,0.999999996186
904.149147135,347,398.317534233,6.49033519226e-05,4.90262629383e-05,0.999999995788
904.899147135,348,398.036276169,6.38895378762e-05,4.9075423124e-05,0.999999995918
905.649147135,349,397.919431387,6.00059522321e-05,4.91102182474e-05,0.999999996399
906.399147135,350,397.941217125,5.63104406773e-05,4.91322934216e-05,0.999999996829
907.149147135,351,398.306529466,5.91080124044e-05,4.91635895613e-05,0.999999996506
907.899147135,352,398.131964996,5.80791972837e-05,4.9191206837e-05,0.999999996627
908.649147135,353,398.751484875,7.56692958004e-05,4.92863110852e-05,0.999999994274
909.399147135,354,397.73880484,6.1104822365e-05,4.93236853589e-05,0.999999996266
910.149147135,355,398.59799171,7.10586416896e-05,4.93983438278e-05,0.999999994951
910.899147135,356,398.188305063,6.98481261111e-05,4.94676285341e-05,0.999999995121
911.649147135,357,397.924954644,6.32519231695e-05,4.95116000582e-05,0.999999995999
912.399147135,358,398.17942685,6.18891744148e-05,4.95504806872e-05,0.99999999617
913.149147135,359,398.306038489,6.31963051818e-05,4.95937064082e-05,0.999999996006
913.899147135,360,398.208744251,6.19347488737e-05,4.96322373652e-05,0.999999996164
914.649147135,361,398.177936104,6.06432636134e-05,4.96661106732e-05,0.999999996322
915.399147135,362,398.152819428,5.90924004597e-05,4.96946130268e-05,0.999999996508
916.149147135,363,398.525769834,6.25425374722e-05,4.97345660022e-05,0.999999996088
916.899147135,364,398.06789082,6.53582788241e-05,4.97842053633e-05,0.999999995728
917.649147135,365,398.234446047,7.18496606157e-05,4.98580010881e-05,0.999999994838
918.399147135,366,398.567867384,6.19831864108e-05,4.98951445577e-05,0.999999996158
919.149147135,367,398.3431668,6.49237161304e-05,4.99422392194e-05,0.999999995785
919.899147135,368,398.129665912,7.49709451809e-05,5.00272221112e-05,0.999999994379
920.649147135,369,398.673144498,7.19367769058e-05,5.0099547144e-05,0.999999994825
921.399147135,370,399.061064312,7.84814563769e-05,5.01978863899e-05,0.999999993841
922.149147135,371,398.393611942,7.85898982513e-05,5.02959611956e-05,0.999999993824
922.899147135,372,398.411387503,7.97787839762e-05,5.03983409797e-05,0.999999993635
923.649147135,373,398.311665349,7.78073092153e-05,5.04917185658e-05,0.999999993946
924.399147135,374,398.909137869,8.98868267244e-05,5.06379338989e-05,0.99999999192
925.149147135,375,398.84484135,0.000112545462748,5.09032392398e-05,0.999999987334
925.899147135,376,398.133646725,9.33675221768e-05,5.10630322341e-05,0.999999991283
926.649147135,377,398.121329925,8.88776346268e-05,5.1200291674e-05,0.999999992101
927.399147135,378,398.315926393,9.24983859139e-05,5.13533791886e-05,0.999999991444
928.149147135,379,398.251585449,8.72556703045e-05,5.14810630308e-05,0.999999992386
928.899147135,380,398.507411538,8.21707795842e-05,5.15857916093e-05,0.999999993248
929.649147135,381,398.313867815,6.70973033866e-05,5.16326040096e-05,0.999999995498
930.399147135,382,398.660496114,7.14578289239e-05,5.16944291483e-05,0.999999994894
931.149147135,383,398.373918806,6.46762218159e-05,5.17325660539e-05,0.999999995817
931.899147135,384,398.549984479,6.5513539914e-05,5.17732181077e-05,0.999999995708
932.649147135,385,398.298276926,5.64358619243e-05,5.17858726659e-05,0.999999996815
933.399147135,386,398.908048291,6.97563042068e-05,5.18404771127e-05,0.999999995134
934.149147135,387,397.935425397,5.24105596707e-05,5.18419582727e-05,0.999999997253
934.899147135,388,398.662053749,5.35141557236e-05,5.18463373826e-05,0.999999997136
935.649147135,389,399.00128885,6.81167373564e-05,5.18947039886e-05,0.99999999536
936.399147135,390,398.942372495,8.76465782808e-05,5.20178071135e-05,0.999999992318
937.149147135,391,399.143914265,0.000128940575947,5.23588848164e-05,0.999999983374
937.899147135,392,399.214376997,0.000180840929079,5.3083768368e-05,0.999999967297
938.649147135,393,398.71936425,0.000179641906631,5.37850473598e-05,0.999999967729
939.399147135,394,398.545106538,0.000158475089709,5.43068239119e-05,0.999999974886
940.149147135,395,398.24616421,0.000122550119404,5.45874190167e-05,0.999999984981
940.899147135,396,398.75004421,0.000122079234729,5.48625217961e-05,0.999999985097
941.649147135,397,398.966319389,0.00015259149606,5.53259883228e-05,0.999999976716
942.399147135,398,398.796608562,0.000164163548779,5.58657932699e-05,0.99999997305
943.149147135,399,398.775624081,0.000182614592866,5.65397559884e-05,0.999999966652
943.899147135,400,398.906802341,0.000195451047495,5.73084193389e-05,0.999999961799
944.649147135,401,399.183311123,0.000252247180298,5.86066521638e-05,0.999999936371
945.399147135,402,398.951821804,0.000280225023007,6.01791825781e-05,0.999999921474
946.149147135,403,399.071744274,0.00032407690875,6.22346978038e-05,0.999999894974
946.899147135,404,398.681141198,0.000314399049498,6.40955598362e-05,0.999999901153
947.649147135,405,398.527398144,0.000281409526844,6.55258049488e-05,0.999999920809
948.399147135,406,398.706883025,0.000271616598296,6.68189262906e-05,0.999999926224
949.149147135,407,398.571725856,0.000259536632855,6.79654385632e-05,0.999999932641
949.899147135,408,398.923037321,0.000265275436638,6.91408497553e-05,0.999999929629
950.649147135,409,398.661899506,0.000232255983157,7.0004703658e-05,0.999999946057
951.399147135,410,398.75056788,0.000222167959756,7.07749429073e-05,0.999999950641
952.149147135,411,398.287901312,0.000144490585789,7.10471806541e-05,0.999999979122
952.899147135,412,398.73584115,0.000141446771109,7.13022532169e-05,0.999999979993
953.649147135,413,398.810892727,0.000125894713715,7.14848083258e-05,0.999999984151
954.399147135,414,398.872852987,0.000118240745323,7.16345228569e-05,0.999999986019
955.149147135,415,399.088682108,0.00013817501715,7.18689461475e-05,0.999999980908
955.899147135,416,399.221533702,0.000188301545671,7.23737764203e-05,0.999999964543
956.649147135,417,398.849844482,0.000171663591604,7.27741028699e-05,0.999999970532
957.399147135,418,399.316093014,0.000225108485607,7.35161838206e-05,0.999999949326
958.149147135,419,399.529019067,0.000313565100434,7.5009277274e-05,0.999999901677
958.899147135,420,399.245641195,0.000370187410502,7.70667124674e-05,0.999999862961
959.649147135,421,399.186206905,0.000402092316874,7.94305005963e-05,0.999999838322
960.399147135,422,399.109165291,0.000434013764945,8.21012987047e-05,0.999999811632
961.149147135,423,399.0492569,0.000440729878743,8.47578366161e-05,0.999999805757
961.899147135,424,399.013754663,0.000438364939957,8.72935523792e-05,0.999999807836
962.649147135,425,399.212510878,0.000470943848701,9.01337276601e-05,0.999999778212
963.399147135,426,399.456097442,0.000548084547522,9.38625310548e-05,0.999999699603
964.149147135,427,399.094894355,0.000572358881432,9.77585939213e-05,0.999999672405
964.899147135,428,398.617699813,0.000516192164029,0.000100781797664,0.999999733546
965.649147135,429,398.657290956,0.000495924850758,0.000103472628888,0.999999754059
966.399147135,430,398.762646469,0.000448150289358,0.000105587653616,0.999999799161
967.149147135,431,399.063650979,0.000445756607365,0.00010762854581,0.999999801301
967.899147135,432,398.943932149,0.000416218232601,0.000109353108248,0.999999826762
968.649147135,433,399.236091692,0.000459268269819,0.000111434355309,0.999999789073
969.399147135,434,398.775591713,0.000420028166477,0.000113117238546,0.999999823576
970.149147135,435,399.014288437,0.000399235266622,0.000114597145347,0.999999840611
970.899147135,436,398.863815213,0.000360183724687,0.000115758094655,0.999999870268
971.649147135,437,399.073041305,0.000348744167101,0.000116822880256,0.999999878378
972.399147135,438,399.135633727,0.000364498228284,0.000117982021664,0.999999867141
973.149147135,439,398.808023172,0.000307209528773,0.000118756191077,0.999999905622
973.899147135,440,398.94177541,0.000277680707234,0.000119357541814,0.999999922893
974.649147135,441,398.758323941,0.000272422931053,0.000119925830065,0.999999925786
975.399147135,442,398.803230881,0.000207956472841,0.000120197783601,0.999999956754
976.149147135,443,398.823774197,0.000164604217127,0.000120316481864,0.999999972905
976.899147135,444,399.247780066,0.000178375276357,0.000120478685474,0.999999968182
977.649147135,445,399.03937457,0.000176341043176,0.000120633222786,0.999999968904
978.399147135,446,399.382259372,0.000216403198596,0.000120932818414,0.99999995317
979.149147135,447,398.720154506,0.000157183551022,0.000121026035237,0.999999975293
979.899147135,448,399.283904889,0.000187753224186,0.000121215890931,0.999999964749
980.649147135,449,399.292247011,0.000220882116836,0.000121528716775,0.999999951211
981.399147135,450,399.069837754,0.000201036256067,0.000121762970085,0.999999959584
982.149147135,451,399.524007996,0.000271197469583,0.000122296461661,0.999999926452
982.899147135,452,399.186916464,0.000258250569847,0.000122763540086,0.999999933307
983.649147135,453,399.13032419,0.000246536269353,0.000123173821025,0.99999993922
984.399147135,454,399.2974889,0.000293643643897,0.000123807506051,0.999999913773
985.149147135,455,399.291224947,0.000320927641603,0.000124583191632,0.999999897005
985.899147135,456,399.469866837,0.000377421298857,0.000125695337355,0.999999857553
986.649147135,457,399.028018242,0.000346302456671,0.000126598439252,0.999999880075
987.399147135,458,399.343643173,0.000384689733961,0.00012773129987,0.999999852014
988.149147135,459,399.414112499,0.000421701418881,0.000129101407519,0.999999822168
988.899147135,460,399.111063139,0.000388391047027,0.000130226226294,0.999999849152
989.649147135,461,399.024106365,0.0003469590848,0.000131084751883,0.999999879619
990.399147135,462,399.393804903,0.000373534722652,0.000132090984339,0.999999860472
991.149147135,463,399.363411652,0.000390145305186,0.000133188205082,0.999999847787
991.899147135,464,398.844793913,0.000244534554358,0.000133528050696,0.999999940203
992.649147135,465,398.9963555,0.000189359876984,0.000133673142305,0.999999964143
993.399147135,466,398.931590643,0.000125807719695,0.000133656759286,0.999999984172
994.149147135,467,399.563086182,0.000177735337643,0.000133766664637,0.99999996841
994.899147135,468,399.139979003,0.000147427600065,0.00013379734167,0.999999978265
995.649147135,469,399.373090159,0.00016689417912,0.000133876615295,0.999999972146
996.399147135,470,399.066947447,0.000139920222504,0.00013388976363,0.999999980422
997.149147135,471,399.22379324,0.000131401273144,0.000133884529207,0.999999982734
997.899147135,472,399.085976007,0.000131900404198,0.000133880356636,0.999999982602
998.649147135,473,399.32611857,0.000133485285691,0.000133879522621,0.999999982182
999.399147135,474,399.214306536,0.000149093254074,0.000133913438486,0.999999977771
1000.14914714,475,399.582832757,0.000126243138233,0.00013389775203,0.999999984063
1000.89914714,476,399.230344477,0.000132621570748,0.000133895083727,0.999999982412
1001.64914714,477,399.357358346,0.000130966731363,0.000133889011618,0.999999982848
1002.39914714,478,399.563720999,0.00013058316836,0.000133882180835,0.999999982948
1003.14914714,479,399.416909233,0.000131331979844,0.000133876907427,0.999999982752
1003.89914714,480,399.482338435,0.00014325345902,0.000133897124467,0.999999979478
1004.64914714,481,399.430323664,0.000146647270419,0.000133924891239,0.999999978495
1005.39914714,482,399.60764177,0.000200265229294,0.000134096506056,0.999999959894
1006.14914714,483,399.449058369,0.000256246566944,0.000134464085105,0.999999934338
1006.89914714,484,399.145234443,0.000177199902834,0.000134566374787,0.9999999686
1007.64914714,485,399.448180512,0.000182514305221,0.000134682799058,0.999999966689
1008.39914714,486,399.12857169,0.0001278871068,0.00013466916823,0.999999983645
1009.14914714,487,399.465064794,0.000130188231884,0.000134660119902,0.999999983051
1009.89914714,488,399.435873547,0.000130135637968,0.000134651003872,0.999999983065
1010.64914714,489,399.475165623,0.000139261258011,0.000134660592852,0.999999980606
1011.39914714,490,399.527524325,0.000155683705639,0.000134706838318,0.999999975763
1012.14914714,491,399.503384575,0.000168809720251,0.000134785063442,0.999999971503
1012.89914714,492,399.4819432,0.000175292578049,0.000134879734382,0.999999969273
1013.64914714,493,399.394673552,0.000180334019619,0.00013498742628,0.99999996748
1014.39914714,494,399.466058741,0.000178403073739,0.000135089406943,0.999999968172
1015.14914714,495,399.529379135,0.000212227446389,0.000135289584926,0.99999995496
1015.89914714,496,399.576039868,0.000250236039546,0.000135619379706,0.999999937382
1016.64914714,497,399.33068357,0.000189768307615,0.000135750018968,0.999999963988
1017.39914714,498,399.364900553,0.000154842301235,0.000135791046663,0.999999976024
1018.14914714,499,399.300903367,0.000142759538266,0.000135805369144,0.99999997962
1018.89914714,500,399.171117665,0.000200837389728,0.000135966478979,0.999999959664
1019.64914714,501,399.499169334,0.000206611371563,0.00013614400297,0.999999957312
1020.39914714,502,399.576475878,0.000185781065427,0.000136260856625,0.999999965485
1021.14914714,503,399.53790721,0.000163792165089,0.000136321107,0.999999973172
1021.89914714,504,399.635571877,0.000138561414004,0.000136325588505,0.999999980801
1022.64914714,505,399.492388544,0.000142743086827,0.000136338594913,0.999999979624
1023.39914714,506,399.56755592,0.000145529416147,0.000136357369522,0.999999978821
1024.14914714,507,399.639937317,0.000162497130348,0.000136413857352,0.999999973595
1024.89914714,508,399.485116096,0.000157471050723,0.000136458500469,0.999999975203
1025.64914714,509,399.60725063,0.000179208219312,0.000136555609403,0.999999967884
1026.39914714,510,399.407148513,0.00015789002451,0.000136600701916,0.999999975071
1027.14914714,511,399.327503537,0.000208049478274,0.000136776976361,0.999999956715
1027.89914714,512,399.48195933,0.000242798759876,0.000137064004943,0.999999941049
1028.64914714,513,399.512701577,0.000243667957236,0.00013735231868,0.999999940626
1029.39914714,514,399.513595483,0.000271934585515,0.000137741875798,0.999999926052
1030.14914714,515,399.775334981,0.000194928334003,0.000137875902908,0.999999962003
1030.89914714,516,399.691044526,0.000182376561191,0.000137976025755,0.999999966739
1031.64914714,517,399.483919275,0.00020080088516,0.000138125128817,0.999999959679
1032.39914714,518,399.722450155,0.000192509687163,0.000138250730172,0.99999996294
1033.14914714,519,399.444047638,0.000175403506254,0.000138331910379,0.999999969234
1033.89914714,520,399.660768509,0.00019006809122,0.000138449957809,0.999999963874
1034.64914714,521,399.393816777,0.00017291586659,0.000138524325364,0.9999999701
1035.39914714,522,399.550855992,0.000171278624145,0.000138594473699,0.999999970664
1036.14914714,523,399.458444403,0.000195168989515,0.000138724663843,0.999999961909
1036.89914714,524,399.502127089,0.000220152631324,0.000138925522392,0.999999951533
1037.64914714,525,399.395745143,0.000289037229233,0.00013936522846,0.999999916457
1038.39914714,526,399.470151865,0.000382489274615,0.000140227938896,0.999999853702
1039.14914714,527,399.625229052,0.000377571034317,0.00014105698887,0.99999985744
1039.89914714,528,399.501947907,0.000430797557798,0.000142164974265,0.999999814413
1040.64914714,529,399.575679141,0.000464541610539,0.000143459442108,0.999999784201
1041.39914714,530,399.561993089,0.000511873336816,0.000145038432202,0.999999737986
1042.14914714,531,399.749707872,0.000428128526195,0.000146088046144,0.999999816706
1042.89914714,532,399.588275463,0.000462426734081,0.000147321258665,0.999999786162
1043.64914714,533,399.685304352,0.000399718269811,0.000148197835845,0.999999840225
1044.39914714,534,399.494552836,0.000479643314696,0.000149506821811,0.999999769942
1045.14914714,535,399.634283145,0.000487968639146,0.000150849532811,0.999999761887
1045.89914714,536,399.603378742,0.000523050918797,0.000152392722192,0.999999726418
1046.64914714,537,399.5759651,0.000552020022935,0.000154103066543,0.999999695274
1047.39914714,538,399.661289531,0.000546814308335,0.000155754253023,0.999999700994
1048.14914714,539,399.647773065,0.000555362136702,0.000157437607213,0.999999691573
1048.89914714,540,399.490241536,0.000667193221693,0.000159890728219,0.999999554853
1049.64914714,541,399.581442466,0.00064385701147,0.000162123592977,0.999999585448
1050.39914714,542,399.581810369,0.000655002835776,0.000164399302674,0.999999570971
1051.14914714,543,399.582152619,0.000700080307643,0.000166972926463,0.999999509888
1051.89914714,544,399.650814052,0.00068828635522,0.000169409416376,0.999999526262
1052.64914714,545,399.703145209,0.000633580367352,0.000171416010278,0.999999598576
1053.39914714,546,399.577667358,0.000693620696509,0.000173812502377,0.99999951889
1054.14914714,547,399.673048552,0.00070120608465,0.000176222702294,0.99999950831
1054.89914714,548,399.572186281,0.000776480650428,0.000179159133482,0.999999397078
1055.64914714,549,399.740973343,0.00072588861738,0.000181657094073,0.999999473086
1056.39914714,550,399.59099475,0.000821063030512,0.000184837816404,0.999999325856
1057.14914714,551,399.582507068,0.000931569336579,0.000188886226109,0.999999132179
1057.89914714,552,399.544394222,0.00105238972617,0.000193958131173,0.999998892476
1058.64914714,553,399.750650038,0.00100081095541,0.000198401059824,0.999998998378
1059.39914714,554,399.613088322,0.00102840248156,0.000202980231926,0.999998942389
1060.14914714,555,399.741101953,0.000991325804489,0.00020711691764,0.999999017273
1060.89914714,556,399.660689213,0.00100904803205,0.000211309060893,0.999998981822
1061.64914714,557,399.637763633,0.000979478959572,0.000215159845036,0.999999040621
1062.39914714,558,399.708818305,0.000952280245923,0.00021871431663,0.999999093163
1063.14914714,559,399.694398867,0.000974944264147,0.000222375279917,0.999999049484
1063.89914714,560,399.647777635,0.000988172024571,0.000226066763413,0.999999023516
1064.64914714,561,399.782025182,0.000920063884732,0.000229181210181,0.999999153483
1065.39914714,562,399.716293962,0.000927794436333,0.000232297750855,0.999999139198
1066.14914714,563,399.668535243,0.000961044796288,0.000235599039297,0.999999076393
1066.89914714,564,399.710715457,0.000948635293506,0.000238755259642,0.999999100091
1067.64914714,565,399.684831527,0.00100220567812,0.000242241428467,0.999998995584
1068.39914714,566,399.726776737,0.00101003312575,0.000245722705893,0.999998979833
1069.14914714,567,399.75805023,0.000951564789584,0.000248737044189,0.999999094525
1069.89914714,568,399.771138575,0.000913615206525,0.000251457193913,0.999999165307
1070.64914714,569,399.763036879,0.000855108347479,0.000253780759541,0.99999926879
1071.39914714,570,399.701229209,0.000873146853304,0.000256181969605,0.999999237615
1072.14914714,571,399.805694837,0.00076831676695,0.00025796915175,0.999999409689
1072.89914714,572,399.717384608,0.000807269653504,0.000259944318378,0.999999348316
1073.64914714,573,399.793886984,0.000754218207701,0.000261621620838,0.999999431155
1074.39914714,574,399.845076764,0.000640751083405,0.000262758241607,0.999999589438
1075.14914714,575,399.762200872,0.000634583555612,0.000263860118332,0.999999597304
1075.89914714,576,399.765852781,0.00059157933359,0.000264780796671,0.999999650034
1076.64914714,577,399.783874716,0.000497132599711,0.000265359538663,0.999999752859
1077.39914714,578,399.709460732,0.00056617146468,0.000266173708902,0.99999967945
1078.14914714,579,399.758371631,0.000575294193059,0.000267016276574,0.999999669037
1078.89914714,580,399.751493633,0.000562439545626,0.000267806227828,0.999999683662
1079.64914714,581,399.679193062,0.000582288872474,0.000268663941801,0.99999966094
1080.39914714,582,399.856652313,0.000469746755365,0.00026913832284,0.999999779338
1081.14914714,583,399.600731846,0.000613090569734,0.000270103544965,0.99999962412
1081.89914714,584,399.759129429,0.000637033286681,0.000271156565515,0.999999594189
1082.64914714,585,399.720159222,0.000686777962392,0.000272408628622,0.999999528336
1083.39914714,586,399.828860711,0.000616934585065,0.000273366660275,0.999999619392
1084.14914714,587,399.765622719,0.000641171138432,0.000274412764259,0.9999995889
1084.89914714,588,399.810358398,0.000603268785119,0.000275305710077,0.999999636067
1085.64914714,589,399.823005677,0.000550620357557,0.000276005967957,0.999999696817
1086.39914714,590,399.741220829,0.000621636685258,0.000276956940113,0.999999613568
1087.14914714,591,399.756980516,0.000639639903474,0.00027797057552,0.999999590861
1087.89914714,592,399.76877072,0.000642140944517,0.000278986827458,0.999999587655
1088.64914714,593,399.78175687,0.000584221093745,0.000279782000852,0.999999658686
1089.39914714,594,399.813236422,0.000524744761625,0.000280374305156,0.999999724643
1090.14914714,595,399.824779713,0.000450874988814,0.000280747742105,0.999999796712
1090.89914714,596,399.75584769,0.000521150442281,0.000281323210094,0.999999728402
1091.64914714,597,399.714869231,0.000594676433536,0.000282139226323,0.99999964636
1092.39914714,598,399.897328117,0.000449345588298,0.000282501456611,0.999999798089
1093.14914714,599,399.814524354,0.00037013700217,0.000282670401714,0.999999862999
1093.89914714,600,399.840829255,0.000323015816281,0.000282742433629,0.999999895661
1094.64914714,601,399.768725443,0.000352650257242,0.000282873102516,0.999999875638
1095.39914714,602,399.881625747,0.000257949867501,0.000282833522881,0.999999933462
1096.14914714,603,399.798712343,0.000279360872106,0.000282827799221,0.999999921958
1096.89914714,604,399.749120438,0.000345691392287,0.000282943421082,0.999999880497
1097.64914714,605,399.866813596,0.000278300919032,0.000282935810376,0.999999922549
1098.39914714,606,399.786754341,0.000325770636158,0.000283011835305,0.999999893873
1099.14914714,607,399.739426663,0.000425161860714,0.00028330468098,0.999999819237
1099.89914714,608,399.791228038,0.000480310135983,0.000283741026932,0.999999769302
1100.64914714,609,399.809842279,0.000505832548148,0.00028424797954,0.999999744133
1101.39914714,610,399.763702047,0.00058534163731,0.000285001999938,0.999999657375
1102.14914714,611,399.799264442,0.000603355044857,0.000285812886415,0.999999635963
1102.89914714,612,399.801443451,0.000621587553326,0.000286682494369,0.999999613629
1103.64914714,613,399.843091214,0.000599868964834,0.000287471387476,0.999999640157
1104.39914714,614,399.707916707,0.000596644744783,0.000288244663719,0.999999644015
1105.14914714,615,399.839900154,0.000551044437916,0.000288866108114,0.99999969635
1105.89914714,616,399.831247875,0.000560511159805,0.000289513710722,0.999999685827
1106.64914714,617,399.897431466,0.000445051561067,0.000289833337033,0.999999801929
1107.39914714,618,399.810744774,0.000501290503518,0.000290299943362,0.999999748708
1108.14914714,619,399.783980488,0.000582611118438,0.000291009060068,0.999999660564
1108.89914714,620,399.816374308,0.00060114443228,0.000291774818281,0.999999638625
1109.64914714,621,399.830140129,0.000525379455316,0.000292301107664,0.999999723976
1110.39914714,622,399.855784898,0.000502813627718,0.000292761062649,0.999999747178
1111.14914714,623,399.842165474,0.000512415680707,0.000293245503805,0.99999973743
1111.89914714,624,399.800835665,0.000579109670925,0.000293926121775,0.999999664632
1112.64914714,625,399.84021914,0.000565516490796,0.000294560742801,0.999999680191
1113.39914714,626,399.863626327,0.000503760307178,0.000295013250222,0.999999746226
1114.14914714,627,399.826184504,0.000561503951054,0.000295629597749,0.999999684713
1114.89914714,628,399.83523935,0.000603737128241,0.000296374937787,0.999999635502
1115.64914714,629,399.865317861,0.00058121128795,0.000297044626077,0.999999662193
1116.39914714,630,399.854795416,0.000551373686864,0.000297620586893,0.999999695987
1117.14914714,631,399.828565615,0.000586121731918,0.000298298628656,0.999999656461
1117.89914714,632,399.883243837,0.000531773744861,0.000298812180802,0.999999717217
1118.64914714,633,399.812962772,0.000574855581972,0.000299449019042,0.999999669541
1119.39914714,634,399.864824367,0.000568499214814,0.000300063402752,0.999999676809
1120.14914714,635,399.829772883,0.000579994093053,0.000300709172561,0.999999663607
1120.89914714,636,399.766026831,0.000800430108579,0.000302144334449,0.999999359312
1121.64914714,637,399.788822129,0.000934301359493,0.000304168118154,0.999999127081
1122.39914714,638,399.829049245,0.000966329946769,0.000306328022647,0.999999066207
1123.14914714,639,399.87121317,0.000957862879554,0.000308424783684,0.999999082499
1123.89914714,640,399.860271649,0.000984191311849,0.000310629524346,0.999999031368
1124.64914714,641,399.815064139,0.00106851741309,0.000313243258646,0.999998858271
1125.39914714,642,399.871310159,0.00103701044704,0.000315663690429,0.99999892461
1126.14914714,643,399.870486408,0.00104589403129,0.000318103495944,0.999998906106
1126.89914714,644,399.859589458,0.00108976902892,0.000320744136441,0.999998812404
1127.64914714,645,399.872834627,0.00109888555593,0.000323402955858,0.999998792451
1128.39914714,646,399.841821693,0.0011312673416,0.000326203357214,0.999998720235
1129.14914714,647,399.845850359,0.00122801322033,0.000329507129516,0.999998491984
1129.89914714,648,399.843664134,0.00130172831682,0.000333200177633,0.999998305504
1130.64914714,649,399.937510347,0.00113477923244,0.000335909895407,0.999998712277
1131.39914714,650,399.863825434,0.00115560169485,0.000338698021638,0.999998664585
1132.14914714,651,399.883946345,0.00108280418844,0.000341088193344,0.999998827535
1132.89914714,652,399.837166546,0.00123274186807,0.000344228810055,0.999998480348
1133.64914714,653,399.856997346,0.00128917857333,0.000347645165572,0.999998338019
1134.39914714,654,399.880159462,0.00127481548858,0.000350937758053,0.999998374846
1135.14914714,655,399.914823597,0.00115423114346,0.000353557990083,0.999998667751
1135.89914714,656,399.897185966,0.00112785019071,0.000356022180778,0.999998727954
1136.64914714,657,399.905639123,0.00104292883799,0.00035807041837,0.9999989123
1137.39914714,658,399.899115952,0.00101681988775,0.000359987334268,0.999998966078
1138.14914714,659,399.902166527,0.000949813795735,0.000361611940484,0.999999097854
1138.89914714,660,399.871747866,0.000988203648733,0.000363379533384,0.999999023454
1139.64914714,661,399.869587609,0.00100356554943,0.00036519664174,0.999998992856
1140.39914714,662,399.853167437,0.00115417801581,0.000367667513234,0.999998667874
1141.14914714,663,399.8775268,0.00115218396959,0.00037010513954,0.999998672473
1141.89914714,664,399.831622386,0.00139332679787,0.000373758286477,0.999998058641
1142.64914714,665,399.896173356,0.00140227149919,0.000377415062024,0.999998033636
1143.39914714,666,399.865214757,0.00149564779569,0.00038155871667,0.999997763039
1144.14914714,667,399.880648803,0.00153516641091,0.000385878374642,0.999997643265
1144.89914714,668,399.883768356,0.00153338529515,0.000390127003186,0.999997648731
1145.64914714,669,399.89099611,0.001578311728,0.000394582241907,0.999997508934
1146.39914714,670,399.900583617,0.00152246332811,0.000398650610148,0.999997682107
1147.14914714,671,399.874802162,0.00163979641583,0.000403351974884,0.99999731107
1147.89914714,672,399.891489628,0.00166152425341,0.000408116211968,0.999997239339
1148.64914714,673,399.909180269,0.00165221929554,0.000412756059013,0.999997270173
1149.39914714,674,399.928158752,0.00157037356297,0.000416861674409,0.999997533928
1150.14914714,675,399.910915022,0.00156126736319,0.000420865069691,0.999997562446
1150.89914714,676,399.856219346,0.00168133360184,0.000425496372732,0.999997173119
1151.64914714,677,399.930441204,0.00159914944669,0.000429601101916,0.999997442723
1152.39914714,678,399.896217927,0.00166267851578,0.000434007294924,0.999997235502
1153.14914714,679,399.869817463,0.00181223490734,0.000439228565416,0.999996715807
1153.89914714,680,399.91564834,0.00180294799704,0.000444317847889,0.999996749381
1154.64914714,681,399.878077881,0.00189268129042,0.000449876342016,0.999996417761
1155.39914714,682,399.906447761,0.00189630596936,0.000455373097594,0.999996404027
1156.14914714,683,399.887432698,0.00199173795919,0.000461377587213,0.999996032984
1156.89914714,684,399.910901073,0.00201902691411,0.000467458892933,0.999995923534
1157.64914714,685,399.952749374,0.00186259229774,0.000472507577833,0.999996530753
1158.39914714,686,399.916484732,0.00187164331487,0.000477539987042,0.999996496954
1159.14914714,687,399.94352161,0.0017283116488,0.000481726556463,0.999997012941
1159.89914714,688,399.914092712,0.00168984010075,0.000485668303088,0.999997144442
1160.64914714,689,399.92316803,0.00168043600124,0.000489520026741,0.999997176137
1161.39914714,690,399.89895018,0.00175746354483,0.000493719466926,0.999996911324
1162.14914714,691,399.890739088,0.00184788164388,0.000498345040944,0.999996585336
1162.89914714,692,399.897656298,0.00194378720422,0.000503437065999,0.999996221695
1163.64914714,693,399.891554425,0.00207688367158,0.000509222408006,0.999995686559
1164.39914714,694,399.916373674,0.00212278020369,0.000515195978685,0.999995493809
1165.14914714,695,399.915323662,0.00214503414134,0.000521215289348,0.999995398834
1165.89914714,696,399.903705005,0.00219938102001,0.000527470534228,0.999995162729
1166.64914714,697,399.924139176,0.00218461401845,0.000533547792245,0.999995227467
1167.39914714,698,399.910197439,0.00216602834687,0.000539432116347,0.999995308327
1168.14914714,699,399.92524731,0.00207339940068,0.000544720947789,0.99999570102
1168.89914714,700,399.904918345,0.00221192581384,0.000550714513242,0.99999510739
1169.64914714,701,399.922301417,0.002192656268,0.000556517952278,0.999995192264
1170.39914714,702,399.93662225,0.00216384213818,0.00056208617177,0.999995317793
1171.14914714,703,399.937226865,0.0021351108549,0.000567429362494,0.999995441307
1171.89914714,704,399.916689535,0.00219483470795,0.000573028344722,0.999995182706
1172.64914714,705,399.925626202,0.00217556232154,0.000578454232727,0.999995266934
1173.39914714,706,399.904532787,0.00228698128175,0.000584417386732,0.999994769723
1174.14914714,707,399.922666522,0.00232830977901,0.000590532166992,0.999994578981
1174.89914714,708,399.934592585,0.00233662935132,0.000596613208062,0.999994540171
1175.64914714,709,399.926064138,0.00240113495022,0.000602973533995,0.999994234559
1176.39914714,710,399.93581957,0.00240960471373,0.000609296923973,0.999994193814
1177.14914714,711,399.944203521,0.00233862016361,0.000615152652523,0.999994530863
1177.89914714,712,399.947972193,0.00224895030144,0.000620471536253,0.999994942229
1178.64914714,713,399.94402209,0.00221996650572,0.000625585301841,0.999995071755
1179.39914714,714,399.931426383,0.00224262173583,0.000630755706743,0.999994970654
1180.14914714,715,399.930850848,0.00230735728827,0.000636193630011,0.999994676109
1180.89914714,716,399.951897729,0.00217562417033,0.000640927346174,0.999995266665
1181.64914714,717,399.962476983,0.00201135616891,0.000644869964727,0.99999595445
1182.39914714,718,399.940015205,0.00199665437657,0.000648714490871,0.999996013375
1183.14914714,719,399.947658918,0.00196760725614,0.000652403037001,0.999996128525
1183.89914714,720,399.948377873,0.00193864354581,0.000655940916007,0.999996241665
1184.64914714,721,399.950337623,0.00186800447014,0.000659167244684,0.999996510562
1185.39914714,722,399.914140153,0.00199416499135,0.000662878224365,0.99999602331
1186.14914714,723,399.962369689,0.001849069231,0.000665979557194,0.999996580946
1186.89914714,724,399.940326253,0.00183081986489,0.000668988684386,0.999996648101
1187.64914714,725,399.96595596,0.0016681716463,0.000671391760002,0.999997217205
1188.39914714,726,399.954259733,0.00162037729172,0.000673619005349,0.999997374379
1189.14914714,727,399.953637595,0.00155085447545,0.00067560841329,0.999997594852
1189.89914714,728,399.943063696,0.0015335001398,0.000677532280985,0.999997648379
1190.64914714,729,399.94850694,0.00154084863465,0.000679468250624,0.999997625787
1191.39914714,730,399.939463851,0.0016220543546,0.000681651568948,0.999997368941
1192.14914714,731,399.928667393,0.00173390370216,0.000684197324865,0.99999699358
1192.89914714,732,399.949290153,0.00171960860903,0.000686677620086,0.999997042948
1193.64914714,733,399.964102285,0.00159452351785,0.000688731805987,0.999997457496
1194.39914714,734,399.946864686,0.00163878129861,0.00069091541187,0.999997314398
1195.14914714,735,399.961235153,0.00157240723521,0.000692876993905,0.999997527537
1195.89914714,736,399.966295605,0.0014695809964,0.000694521835516,0.999997840333
1196.64914714,737,399.954566702,0.0014371432325,0.000696066450957,0.99999793462
1197.39914714,738,399.95465977,0.00130897970529,0.000697261576842,0.999998286573
1198.14914714,739,399.957823267,0.00125943676879,0.000698328156632,0.99999841382
1198.89914714,740,399.950542849,0.00130203050642,0.000699495628949,0.999998304717
1199.64914714,741,399.929723154,0.00150638370254,0.000701210493461,0.999997730809
1200.39914714,742,399.951775068,0.00155036259476,0.000703045431347,0.999997596377
1201.14914714,743,399.960656949,0.00152091112442,0.00070478431026,0.999997686831
1201.89914714,744,399.963215529,0.00147320588657,0.000706378373153,0.999997829666
1202.64914714,745,399.950742245,0.00151414703919,0.000708080516564,0.99999770736
1203.39914714,746,399.968167787,0.00142981599445,0.000709539552714,0.999997955627
1204.14914714,747,399.961839697,0.00137920816371,0.000710857856374,0.999998097786
1204.89914714,748,399.966257717,0.00129267424341,0.000711953157257,0.999998328994
1205.64914714,749,399.951974497,0.00137251954675,0.000713243057745,0.999998116191
1206.39914714,750,399.954489986,0.00143486872001,0.000714690494457,0.999997941153
1207.14914714,751,399.967555719,0.00134765517886,0.000715905516041,0.999998183826
1207.89914714,752,399.957931036,0.00133050118205,0.000717072658922,0.999998229767
1208.64914714,753,399.96461776,0.00128047098294,0.000718114037048,0.999998360395
1209.39914714,754,399.956037974,0.0013208040304,0.000719247888793,0.999998255477
1210.14914714,755,399.962591799,0.00132791657306,0.000720394278245,0.999998236638
1210.89914714,756,399.96125485,0.00135334844428,0.000721598322113,0.999998168449
1211.64914714,757,399.967056986,0.00132440311747,0.000722726355418,0.999998245957
1212.39914714,758,399.964097933,0.00133195504714,0.000723867942075,0.999998225897
1213.14914714,759,399.960540848,0.00135419778081,0.000725059016437,0.999998166149
1213.89914714,760,399.958862674,0.00137314198516,0.000726291813811,0.999998114482
1214.64914714,761,399.973265768,0.00126852588143,0.000727269663159,0.999998390843
1215.39914714,762,399.965337706,0.00125469720772,0.000728212198035,0.999998425736
1216.14914714,763,399.96905034,0.00120519338595,0.000729041598903,0.999998547509
1216.89914714,764,399.971066417,0.00113847858236,0.000729727675187,0.999998703867
1217.64914714,765,399.968752302,0.00112759065936,0.000730389237588,0.99999872854
1218.39914714,766,399.964516476,0.0011698764335,0.000731135215029,0.99999863139
1219.14914714,767,399.967122062,0.00113592423685,0.000731808755685,0.999998709677
1219.89914714,768,399.968507585,0.00114268490012,0.000732493617441,0.999998694272
1220.64914714,769,399.957846496,0.00123313383363,0.000733366604975,0.999998479382
1221.39914714,770,399.976731873,0.00115098314001,0.00073406305696,0.999998675238
1222.14914714,771,399.966508664,0.00117286991871,0.000734801934696,0.999998624377
1222.89914714,772,399.968778749,0.00119748230002,0.000735589527624,0.999998566037
1223.64914714,773,399.967447914,0.00121949976194,0.000736420986929,0.999998512821
1224.39914714,774,399.968828153,0.00120337677532,0.000737215134109,0.999998551885
1225.14914714,775,399.9655949,0.00126128269806,0.000738131133737,0.999998409167
1225.89914714,776,399.960901869,0.00139230409543,0.000739346698858,0.99999806149
1226.64914714,777,399.966222225,0.00143086171825,0.000740651729737,0.999997952636
1227.39914714,778,399.975211035,0.00140101361688,0.00074187789958,0.999998037162
1228.14914714,779,399.972658761,0.00138719807105,0.000743065633069,0.999998075682
1228.89914714,780,399.974327839,0.00135525372146,0.000744172973631,0.999998163288
1229.64914714,781,399.971306696,0.00139828735759,0.000745377621719,0.999998044793
1230.39914714,782,399.965346111,0.00151276037339,0.000746862589462,0.999997711557
1231.14914714,783,399.949254657,0.00184773290176,0.000749300765414,0.999996585886
1231.89914714,784,399.971325662,0.00191123864025,0.000751927340707,0.99999634717
1232.64914714,785,399.978802158,0.00186178114049,0.000754380577697,0.999996533774
1233.39914714,786,399.972148067,0.00192558310742,0.000757022730901,0.999996292133
1234.14914714,787,399.975683836,0.00191113706906,0.000759602659094,0.999996347558
1234.89914714,788,399.97975349,0.00186178956559,0.000762012321829,0.999996533743
1235.64914714,789,399.977503322,0.00182852183781,0.000764306524539,0.999996656511
1236.39914714,790,399.978132941,0.00181698202441,0.000766553345878,0.999996698579
1237.14914714,791,399.976006621,0.00182133850595,0.000768800976988,0.999996682729
1237.89914714,792,399.979836581,0.00179103334085,0.000770946764563,0.999996792202
1238.64914714,793,399.970825572,0.00193067885939,0.000773504969396,0.999996272483
1239.39914714,794,399.981446946,0.00188155096182,0.000775896340848,0.999996459769
1240.14914714,795,399.974163915,0.00192049085224,0.000778394008422,0.999996311718
1240.89914714,796,399.984856925,0.00179277328446,0.000780495860751,0.999996785967
1241.64914714,797,399.982272924,0.00174374868941,0.000782447816963,0.999996959343
1242.39914714,798,399.985539857,0.00163889943217,0.00078410668374,0.99999731401
1243.14914714,799,399.981790097,0.00160913210894,0.00078568090472,0.999997410696
1243.89914714,800,399.978367944,0.00165407960563,0.000787364490001,0.999997264023
1244.64914714,801,399.975754174,0.00173322851753,0.000789252362915,0.999996995921
1245.39914714,802,399.976817889,0.0017717489944,0.000791237428296,0.999996860908
1246.14914714,803,399.983824311,0.00172293380752,0.000793078674563,0.999997031501
1246.89914714,804,399.991255491,0.0015037257085,0.000794357542276,0.99999773881
1247.64914714,805,399.982409463,0.0014711108402,0.000795555438375,0.999997835834
1248.39914714,806,399.980290213,0.00151534492014,0.000796851416395,0.999997703731
1249.14914714,807,399.984805024,0.00146751783661,0.000798031333551,0.999997846393
1249.89914714,808,399.97829501,0.00154557168886,0.000799388672189,0.99999761121
1250.64914714,809,399.972789552,0.0017113744907,0.000801157058825,0.999997071199
1251.39914714,810,399.980738466,0.00177509085551,0.000803087965883,0.999996849055
1252.14914714,811,399.987380223,0.00168868228711,0.000804780243138,0.999997148354
1252.89914714,812,399.981192253,0.00173049479704,0.0008065739651,0.99999700539
1253.64914714,813,399.982992817,0.00173483559473,0.000808370753156,0.999996990348
1254.39914714,814,399.982676642,0.00177995879585,0.000810279394538,0.999996831749
1255.14914714,815,399.979351453,0.00191994533309,0.000812570023873,0.999996313813
1255.89914714,816,399.989136665,0.00181422738448,0.000814551713154,0.999996708582
1256.64914714,817,399.989297838,0.00170917380795,0.000816246283154,0.999997078727
1257.39914714,818,399.988751852,0.00162356765146,0.000817719975295,0.99999736403
1258.14914714,819,399.983116154,0.00164259370273,0.000819233737477,0.999997301888
1258.89914714,820,399.985655595,0.00165040736594,0.000820760141566,0.999997276157
1259.64914714,821,399.978502306,0.0018199995685,0.000822715795204,0.999996687604
1260.39914714,822,399.985823233,0.00176134975049,0.000824507125175,0.999996897649
1261.14914714,823,399.98574725,0.00178756815159,0.000826358643007,0.999996804603
1261.89914714,824,399.985975136,0.0018139624784,0.0008282711871,0.999996709543
1262.64914714,825,399.98496417,0.00187837270987,0.000830348307615,0.999996471719
1263.39914714,826,399.984024049,0.00198106648868,0.000832703400829,0.999996075379
1264.14914714,827,399.989732827,0.00191297547613,0.00083485418357,0.999996340528
1264.89914714,828,399.986231705,0.0019361748934,0.000837058687671,0.99999625123
1265.64914714,829,399.989399972,0.0018646069338,0.000839056595285,0.999996523244
1266.39914714,830,399.984346791,0.00194128926327,0.000841253971659,0.9999962314
1267.14914714,831,399.992144439,0.00181643266077,0.000843105592853,0.999996700575
1267.89914714,832,399.990011607,0.00176768734141,0.000844824450755,0.999996875284
1268.64914714,833,399.986376961,0.00185100776356,0.000846749465179,0.999996573773
1269.39914714,834,399.990359334,0.0018024124221,0.000848540084702,0.999996751312
1270.14914714,835,399.992139921,0.00169783375775,0.000850064843675,0.999997117363
1270.89914714,836,399.986919987,0.00173542229142,0.000851673865263,0.999996988312
1271.64914714,837,399.985770315,0.00185262683019,0.000853570381648,0.999996567777
1272.39914714,838,399.986906186,0.00191010486014,0.000855609014482,0.999996351503
1273.14914714,839,399.99057193,0.00183536023941,0.000857443405593,0.999996631456
1273.89914714,840,399.991344459,0.00178632810676,0.000859146504566,0.999996809034
1274.64914714,841,399.98912674,0.00183175285101,0.0008609556951,0.999996644684
1275.39914714,842,399.988348257,0.00189281581681,0.000862913333038,0.999996417251
1276.14914714,843,399.991334874,0.00186271932675,0.00086478439308,0.99999653028
1276.89914714,844,399.992362872,0.00177259146927,0.000866422997217,0.999996857922
1277.64914714,845,399.988913812,0.00181118728673,0.000868148921807,0.999996719603
1278.39914714,846,399.992192728,0.00174021256342,0.000869696079414,0.999996971663
1279.14914714,847,399.988914617,0.00179802310766,0.000871375428911,0.999996767116
1279.89914714,848,399.991651378,0.00176475128061,0.000872967537773,0.999996885655
1280.64914714,849,399.990603511,0.00180974153935,0.000874661296384,0.999996724838
1281.39914714,850,399.989568596,0.00188977141106,0.000876546518672,0.999996428767
1282.14914714,851,399.990104643,0.00192942635727,0.000878524572043,0.999996277317
1282.89914714,852,399.992286116,0.00191764517509,0.000880463345375,0.99999632264
1283.64914714,853,399.994334565,0.00178968235846,0.00088207813181,0.99999679704
1284.39914714,854,399.989652314,0.00192937304907,0.000884030331772,0.999996277523
1285.14914714,855,399.990877838,0.00199090137312,0.000886132875966,0.999996036316
1285.89914714,856,399.991051705,0.00205265417115,0.000888389740464,0.999995786615
1286.64914714,857,399.994747974,0.00192380064328,0.000890299929938,0.999996298995
1287.39914714,858,399.993464972,0.00189312114932,0.000892125102227,0.999996416096
1288.14914714,859,399.99121523,0.00197357435516,0.000894144847175,0.999996105008
1288.89914714,860,399.991063018,0.00207349197999,0.000896417664172,0.999995700636
1289.64914714,861,399.989313453,0.00224561933708,0.000899159748969,0.9999949572
1290.39914714,862,399.992349586,0.00228882596535,0.000902013159071,0.999994761283
1291.14914714,863,399.992833734,0.00233442308104,0.000904985958713,0.999994550476
1291.89914714,864,399.993888331,0.00232227972508,0.000907906133856,0.999994607024
1292.64914714,865,399.993678926,0.00230764318951,0.000910767219278,0.99999467479
1293.39914714,866,399.992654682,0.00237020492852,0.000913797695604,0.999994382136
1294.14914714,867,399.992502784,0.00245223526276,0.000917060000538,0.999993986551
1294.89914714,868,399.99521004,0.00238198282384,0.000920090667385,0.999994326166
1295.64914714,869,399.994460494,0.00236985838675,0.000923068532168,0.999994383779
1296.39914714,870,399.994561925,0.00233584612214,0.000925930671736,0.99999454383
1297.14914714,871,399.994396763,0.00232119367151,0.000928735273123,0.999994612067
1297.89914714,872,399.992750296,0.00246368407102,0.000931944609782,0.99999393027
1298.64914714,873,399.995648085,0.00237156475094,0.000934862773827,0.999994375689
1299.39914714,874,399.994716358,0.00233511408807,0.000937660543779,0.99999454725
1300.14914714,875,399.994366016,0.00238082057729,0.000940574585948,0.999994331701
1300.89914714,876,399.996417917,0.00227219338163,0.000943167175733,0.999994837144
1301.64914714,877,399.994098188,0.0023129275502,0.000945859355019,0.999994650373
1302.39914714,878,399.995619552,0.00228147670262,0.000948451030293,0.999994794871
1303.14914714,879,399.994811015,0.00232721408141,0.000951155838809,0.999994584082
1303.89914714,880,399.994924088,0.00237308397517,0.000953975276183,0.99999436848
1304.64914714,881,399.995002648,0.00237505795381,0.000956785592654,0.999994359108
1305.39914714,882,399.994704751,0.00245968804819,0.000959823026629,0.999993949944
1306.14914714,883,399.99543346,0.00248636016871,0.000962921611694,0.999993818023
1306.89914714,884,399.996753922,0.00239692182771,0.00096574752128,0.999994254774
1307.64914714,885,399.993296775,0.00261204831847,0.000969187178457,0.999993177215
1308.39914714,886,399.995515018,0.00263614946251,0.000972680336841,0.999993050728
1309.14914714,887,399.99485832,0.00273818267268,0.000976469770538,0.99999250237
1309.89914714,888,399.996453717,0.00270647632461,0.000980136903143,0.999992674999
1310.64914714,889,399.996339071,0.00269431962979,0.00098374462612,0.999992740655
1311.39914714,890,399.997511469,0.00256556985187,0.000986945691822,0.999993417862
1312.14914714,891,399.997563648,0.00241498723196,0.000989704103934,0.999994167845
1312.89914714,892,399.995708144,0.00247766593098,0.000992621880643,0.999993861181
1313.64914714,893,399.996306736,0.00250451103356,0.000995599819807,0.999993727434
1314.39914714,894,399.996875715,0.00245089924114,0.000998413436689,0.999993993102
1315.14914714,895,399.99646698,0.00247772347746,0.00100128665204,0.999993860896
1315.89914714,896,399.996537276,0.0025046909426,0.00100421992731,0.999993726533
1316.64914714,897,399.996766417,0.00251231781594,0.00100715932539,0.999993688269
1317.39914714,898,399.996250521,0.00259764441747,0.00101032396998,0.999993252255
1318.14914714,899,399.997047253,0.00256328947806,0.00101337441995,0.999993429558
1318.89914714,900,399.996971406,0.00254834460135,0.00101636721054,0.99999350595
1319.64914714,901,399.998186291,0.00240111597593,0.00101894781203,0.99999423465
1320.39914714,902,399.99602092,0.0025410887273,0.00102189151485,0.999993542879
1321.14914714,903,399.996364335,0.00262014106492,0.00102504069284,0.999993134873
1321.89914714,904,399.996703304,0.00266075197169,0.00102828865159,0.999992920411
1322.64914714,905,399.99780771,0.00250691368403,0.00103109335432,0.999993715394
1323.39914714,906,399.99671372,0.00252388960832,0.00103392986826,0.999993629991
1324.14914714,907,399.997169924,0.00256970801484,0.00103687647958,0.999993396612
1324.89914714,908,399.997830587,0.00251838733122,0.00103966998275,0.999993657735
1325.64914714,909,399.997998863,0.00242601665867,0.00104220886057,0.999994114452
1326.39914714,910,399.997697063,0.00241371739916,0.0010447047028,0.999994173977
1327.14914714,911,399.998202192,0.00232408689987,0.00104696654679,0.999994598627
1327.89914714,912,399.998244766,0.00223484276322,0.00104900595475,0.999995005484
1328.64914714,913,399.997844572,0.00222290497371,0.00105100922251,0.9999950587
1329.39914714,914,399.998211973,0.00215339472181,0.00105284626266,0.999995362897
1330.14914714,915,399.998145433,0.00208121931539,0.00105451773086,0.999995668531
1330.89914714,916,399.996239616,0.0023497951883,0.00105679777717,0.99999447847
1331.64914714,917,399.99745357,0.00245386272568,0.00105932530049,0.999993978567
1332.39914714,918,399.997510875,0.00253623269147,0.00106205213596,0.999993567534
1333.14914714,919,399.997031398,0.00273583993562,0.00106530366303,0.999992515194
1333.89914714,920,399.997986758,0.00276250712473,0.00106861283337,0.999992368569
1334.64914714,921,399.997500547,0.00284081942718,0.00107212685596,0.999991929761
1335.39914714,922,399.997991494,0.00288698204134,0.00107575511337,0.999991665352
1336.14914714,923,399.99829471,0.00287445871474,0.00107932713975,0.999991737504
1336.89914714,924,399.998165675,0.00290119344805,0.00108295684764,0.999991583094
1337.64914714,925,399.998205004,0.00288400711677,0.0010865171584,0.99999168252
1338.39914714,926,399.99897903,0.00271264425411,0.00108958301869,0.999992641575
1339.14914714,927,399.998445659,0.00270013990493,0.00109260027752,0.999992709258
1339.89914714,928,399.998032634,0.00280505874707,0.00109588676465,0.999992131661
1340.64914714,929,399.998518039,0.00277067250547,0.00109906249579,0.999992323389
1341.39914714,930,399.998844566,0.00268014276681,0.00110198155374,0.999992816848
1342.14914714,931,399.997692709,0.00287807597863,0.00110542128192,0.999991716696
1342.89914714,932,399.998142094,0.00298098089126,0.00110913466205,0.999991113773
1343.64914714,933,399.998518245,0.00298577137437,0.00111284149582,0.999991085189
1344.39914714,934,399.998819093,0.00293392041975,0.00111638094873,0.999991392129
1345.14914714,935,399.998652899,0.00294102008138,0.00111992159672,0.99999135042
1345.89914714,936,399.998559864,0.00298744808687,0.0011235744263,0.999991075174
1346.64914714,937,399.998899098,0.00293582612217,0.00112706289887,0.999991380944
1347.39914714,938,399.997997323,0.00317634767943,0.00113122615117,0.999989910841
1348.14914714,939,399.998834903,0.0031639015507,0.00113532830896,0.999989989752
1348.89914714,940,399.998417118,0.00328680033678,0.00113977705596,0.999989196973
1349.64914714,941,399.999002469,0.00321273924652,0.00114397554582,0.999989678333
1350.39914714,942,399.998492745,0.00333579113217,0.00114852228007,0.999988872528
1351.14914714,943,399.998475348,0.00345679880732,0.00115341941126,0.999988050578
1351.89914714,944,399.998714209,0.0035429841097,0.00115856136288,0.999987447303
1352.64914714,945,399.998993391,0.0035303388154,0.00116362911397,0.999987536747
1353.39914714,946,399.99868158,0.0036562528397,0.00116907342124,0.99998663186
1354.14914714,947,399.998760606,0.00376252565609,0.00117483544858,0.999985843451
1354.89914714,948,399.999399963,0.00358911008313,0.00117998757899,0.99998711833
1355.64914714,949,399.999134417,0.00355685263562,0.00118500404002,0.999987348839
1356.39914714,950,399.999021098,0.00356159754499,0.00119000379859,0.999987315063
1357.14914714,951,399.999088949,0.00354658849826,0.0011949252486,0.99998742175
1357.89914714,952,399.998776603,0.00360179950516,0.00119998898729,0.999987027082
1358.64914714,953,399.999093291,0.00358499110478,0.00120496829124,0.99998714788
1359.39914714,954,399.99923631,0.00355218090867,0.00120981528672,0.999987382051
1360.14914714,955,399.998983823,0.00363636460112,0.00121489367221,0.999986776896
1360.89914714,956,399.999045758,0.00370079907778,0.00122014302699,0.999986304133
1361.64914714,957,399.999143778,0.00372559650012,0.00122543751141,0.999986119979
1362.39914714,958,399.999382836,0.00365303815524,0.00123047116893,0.999986655357
1363.14914714,959,399.999470625,0.00354094397505,0.00123513353114,0.999987461755
1363.89914714,960,399.999273636,0.00352601868468,0.00123972438934,0.999987567231
1364.64914714,961,399.999125246,0.00361022081579,0.00124454003949,0.999986966348
1365.39914714,962,399.999022268,0.00377391015402,0.00124982992243,0.999985757653
1366.14914714,963,399.999327693,0.00378075569219,0.00125510798701,0.999985705937
1366.89914714,964,399.999438567,0.00372809951926,0.0012601903428,0.999986101322
1367.64914714,965,399.999483065,0.00365569129967,0.00126502284883,0.999986635966
1368.39914714,966,399.999346942,0.00366058733542,0.00126984161702,0.999986600145
1369.14914714,967,399.999420838,0.00364775975111,0.00127459422771,0.999986693893
1369.89914714,968,399.999379464,0.00367466703095,0.00127939896562,0.999986496868
1370.64914714,969,399.999283155,0.00371908902881,0.00128430783164,0.999986168425
1371.39914714,970,399.999600189,0.00360716538343,0.00128886004283,0.9999869884
1372.14914714,971,399.999373734,0.003651656713,0.00129351547605,0.999986665448
1372.89914714,972,399.999336287,0.00369605628444,0.00129827395406,0.999986339215
1373.64914714,973,399.999304511,0.00375820239313,0.00130318801041,0.999985875965
1374.39914714,974,399.999280923,0.00392213296381,0.001308567584,0.999984616932
1375.14914714,975,399.999293923,0.00400285180514,0.00131416381421,0.999983977242
1375.89914714,976,399.999588005,0.00392821434482,0.00131949511241,0.999984569192
1376.64914714,977,399.99942206,0.00403456197066,0.00132512119742,0.999983722376
1377.39914714,978,399.999653513,0.003941783172,0.00133042771853,0.999984462406
1378.14914714,979,399.999512359,0.00396667085771,0.0013357776378,0.999984265584
1378.89914714,980,399.999586246,0.00393181836613,0.00134099063043,0.999984540864
1379.64914714,981,399.999477904,0.00401650290059,0.00134642769287,0.99998386777
1380.39914714,982,399.999549459,0.00404144729837,0.00135190758539,0.99998366677
1381.14914714,983,399.999524793,0.00412795936993,0.00135761909128,0.999982960024
1381.89914714,984,399.999482557,0.00427440875588,0.00136375369861,0.999981729513
1382.64914714,985,399.999729949,0.00416154295887,0.001369495592,0.999982681635
1383.39914714,986,399.999524847,0.00424447925812,0.0013754589896,0.999981984477
1384.14914714,987,399.999673646,0.00421138766085,0.00138128201836,0.999982264293
1384.89914714,988,399.999666085,0.00419827510519,0.001387028655,0.999982374564
1385.64914714,989,399.999707363,0.00414534213285,0.00139257970323,0.999982816212
1386.39914714,990,399.999747043,0.00405265079703,0.00139782303608,0.999983576089
1387.14914714,991,399.999645173,0.00409956431806,0.00140317377584,0.999983193643
1387.89914714,992,399.999744577,0.00402694349471,0.00140828225888,0.999983783792
1388.64914714,993,399.999692046,0.00398977499154,0.00141325588595,0.999984081759
1389.39914714,994,399.999685129,0.00397267322967,0.00141815381672,0.99998421793
1390.14914714,995,399.999623097,0.0040373124141,0.00142320791939,0.999983700175
1390.89914714,996,399.999636395,0.00416393728677,0.00142859901028,0.999982661701
1391.64914714,997,399.999709807,0.00414700803867,0.0014339098716,0.999982802398
1392.39914714,998,399.999718131,0.00415199800709,0.00143920496686,0.999982760987
1393.14914714,999,399.999700216,0.0041969416146,0.00144460011878,0.999982385759
1393.89914714,1000,399.999756517,0.00416202949753,0.0014498638292,0.999982677585
1394.64914714,1001,399.999693205,0.00424694733983,0.0014553431421,0.99998196352
1395.39914714,1002,399.999769944,0.00423372110859,0.00146075271089,0.999982075686
1396.14914714,1003,399.999731164,0.00427870252791,0.00146626177876,0.999981692788
1396.89914714,1004,399.99981525,0.00418378743542,0.00147146749391,0.999982495999
1397.64914714,1005,399.999744938,0.00422876324894,0.00147677202456,0.999982117641
1398.39914714,1006,399.999751972,0.00427378870927,0.00148217546058,0.999981734813
1399.14914714,1007,399.999769541,0.00432056634245,0.00148768277992,0.999981332794
1399.89914714,1008,399.999794126,0.00430558538969,0.00149311598904,0.99998146202
1400.64914714,1009,399.999772041,0.00437235919324,0.00149871039526,0.999980882566
1401.39914714,1010,399.999805639,0.00437921453928,0.00150429272367,0.999980822572
1402.14914714,1011,399.99975648,0.00446252948751,0.0015100847062,0.99998008593
1402.89914714,1012,399.999807489,0.0044893163193,0.0015159213321,0.999979846141
1403.64914714,1013,399.999829781,0.00447611290956,0.00152168571827,0.999979964514
1404.39914714,1014,399.99980938,0.00452300637436,0.00152755327316,0.999979542518
1405.14914714,1015,399.999773749,0.00462635182358,0.00153369061291,0.999978596983
1405.89914714,1016,399.999810525,0.0046497799778,0.00153986093726,0.999978379663
1406.64914714,1017,399.999832148,0.00467654486893,0.00154607395231,0.999978130048
1407.39914714,1018,399.999799894,0.00478188090305,0.00155256518527,0.999977133746
1408.14914714,1019,399.999877351,0.00470835943683,0.00155879711269,0.999977831474
1408.89914714,1020,399.999824136,0.00477357341481,0.00156518575043,0.999977213127
1409.64914714,1021,399.999842774,0.00482047335302,0.00157167618757,0.999976763172
1410.39914714,1022,399.999840537,0.00488746581097,0.00157832891373,0.999976112821
1411.14914714,1023,399.999837443,0.00493094923049,0.00158507244338,0.999975685887
1411.89914714,1024,399.999813004,0.00511843732715,0.00159235217758,0.999973801771
1412.64914714,1025,399.999823416,0.00526419164179,0.00160004610362,0.999972288478
1413.39914714,1026,399.999839585,0.0053698231288,0.00160802877839,0.999971165207
1414.14914714,1027,399.999906933,0.00523260099238,0.001615518202,0.999972620074
1414.89914714,1028,399.999853658,0.00531816799055,0.00162322912979,0.999971717289
1415.64914714,1029,399.999874306,0.00536502098287,0.0016310378437,0.999971216757
1416.39914714,1030,399.99989373,0.00535157650383,0.00163875161686,0.999971360834
1417.14914714,1031,399.999891219,0.0053582618262,0.00164643548122,0.999971289236
1417.89914714,1032,399.999886867,0.00532298424356,0.00165395848826,0.999971666039
1418.64914714,1033,399.999907066,0.00528948599982,0.00166132939363,0.999972021534
1419.39914714,1034,399.99990908,0.00523420128278,0.00166848496929,0.999972603325
1420.14914714,1035,399.999906957,0.00519905612103,0.00167549052835,0.999972969998
1420.89914714,1036,399.999900601,0.00520414151569,0.00168246865339,0.999972917094
1421.64914714,1037,399.999938756,0.00504831998098,0.00168894857309,0.999974514628
1422.39914714,1038,399.999910567,0.00505506511133,0.00169541067466,0.99997444648
1423.14914714,1039,399.999938173,0.00494124066548,0.0017015140952,0.99997558429
1423.89914714,1040,399.999899645,0.00502846455497,0.00170782884275,0.999974714704
1424.64914714,1041,399.999925596,0.00499514737694,0.00171401468145,0.999975048658
1425.39914714,1042,399.999916318,0.00502215415472,0.00172024193162,0.999974778127
1426.14914714,1043,399.999911375,0.00508937774345,0.00172662357789,0.999974098402
1426.89914714,1044,399.999938964,0.00501599986154,0.00173276462832,0.999974839904
1427.64914714,1045,399.999926171,0.00500087929994,0.00173883062346,0.999974991363
1428.39914714,1046,399.999912398,0.00498178832665,0.00174481178185,0.999975181939
1429.14914714,1047,399.999920441,0.00502701662965,0.00175088461346,0.999974729263
1429.89914714,1048,399.999945408,0.00495350642817,0.00175672568299,0.999975462925
1430.64914714,1049,399.999931061,0.00495853858266,0.00176254980287,0.999975413046
1431.39914714,1050,399.999933259,0.00498553632106,0.00176841599517,0.999975144582
1432.14914714,1051,399.99993769,0.00497044636757,0.00177421140083,0.999975294815
1432.89914714,1052,399.999936907,0.00499749638852,0.00178004896861,0.999975025186
1433.64914714,1053,399.999941463,0.00500447938811,0.00178587499198,0.999974955343
1434.39914714,1054,399.999937716,0.00505168516693,0.00179179675462,0.99997448064
1435.14914714,1055,399.999944293,0.00503655461699,0.00179764759796,0.999974633278
1435.89914714,1056,399.999941093,0.00508379204195,0.00180359393861,0.999974155225
1436.64914714,1057,399.999952682,0.00505067999026,0.00180942181608,0.999974490794
1437.39914714,1058,399.999936919,0.00513601092274,0.0018154463103,0.999973621566
1438.14914714,1059,399.999947824,0.00514096218874,0.00182145274687,0.999973570682
1438.89914714,1060,399.999936669,0.00518404981659,0.00182754299385,0.999973125808
1439.64914714,1061,399.999942478,0.00529163795428,0.00183389123183,0.999971998764
1440.39914714,1062,399.999941164,0.00537523857762,0.00184043381544,0.999971107019
1441.14914714,1063,399.999957302,0.00531801645457,0.00184678513961,0.999971718901
1441.89914714,1064,399.999965388,0.00524432436798,0.00185290542455,0.999972497251
1442.64914714,1065,399.999947874,0.00530797938076,0.00185916375321,0.999971825553
1443.39914714,1066,399.999965351,0.0052543745363,0.0018652470308,0.999972391739
1444.14914714,1067,399.999962539,0.00524111556891,0.0018712643377,0.999972530896
1444.89914714,1068,399.999960041,0.00526816897555,0.00187732204549,0.999972246588
1445.64914714,1069,399.99997149,0.00515239227302,0.00188304934438,0.99997345303
1446.39914714,1070,399.999984872,0.00489581666605,0.00188811066564,0.999976031123
1447.14914714,1071,399.999963863,0.00483669320166,0.00189300713716,0.999976606536
1447.89914714,1072,399.999974083,0.00474301772447,0.00189766132482,0.999977503909
1448.64914714,1073,399.999965068,0.00474803108331,0.00190230713781,0.999977456328
1449.39914714,1074,399.999969291,0.00473485012379,0.00190690249698,0.99997758132
1450.14914714,1075,399.999958253,0.00486050303428,0.00191177164409,0.99997637565
1450.89914714,1076,399.999979895,0.00472666261948,0.00191630828046,0.999977658785
1451.64914714,1077,399.999966368,0.00479396524407,0.00192098066995,0.999977018029
1452.39914714,1078,399.999978203,0.00470051954734,0.00192541937144,0.999977905238
1453.14914714,1079,399.999974167,0.00462302974246,0.00192966617542,0.99997862771
1453.89914714,1080,399.999967544,0.00468827815291,0.0019340412528,0.999978020169
1454.64914714,1081,399.999968768,0.00477569026219,0.00193859577778,0.999977192913
1455.39914714,1082,399.999972039,0.00482294293457,0.00194323909924,0.999976739357
1456.14914714,1083,399.999960077,0.00506931838858,0.00194844038724,0.999974302176
1456.89914714,1084,399.999975565,0.00505419519904,0.00195358212166,0.999974455274
1457.64914714,1085,399.999978787,0.00502092701462,0.0019586220575,0.999974790451
1458.39914714,1086,399.999973724,0.00506617914268,0.00196374683356,0.999974333994
1459.14914714,1087,399.999967696,0.00527457438264,0.00196935227704,0.999972179059
1459.89914714,1088,399.999981634,0.00522114532458,0.0019748010556,0.999972739827
1460.64914714,1089,399.999982069,0.00516778229141,0.00198009633138,0.999973294204
1461.39914714,1090,399.999980467,0.00513247814974,0.0019852837861,0.999973657842
1462.14914714,1091,399.999975835,0.00515356496969,0.00199049818904,0.999973440944
1462.89914714,1092,399.999977926,0.00519889599855,0.0019957971217,0.999972971663
1463.64914714,1093,399.999981425,0.00520583568698,0.00200108887149,0.999972899458
1464.39914714,1094,399.999981974,0.00521282002066,0.00200637360449,0.999972826692
1465.14914714,1095,399.999979274,0.00521402424251,0.00201163768977,0.999972814136
1465.89914714,1096,399.999983762,0.00520075217247,0.00201684720139,0.99997295236
1466.64914714,1097,399.999980096,0.00526627904614,0.00202218842744,0.999972266497
1467.39914714,1098,399.999988587,0.00515221499493,0.00202723896797,0.999973454857
1468.14914714,1099,399.999979772,0.0052580418624,0.00203251441682,0.999972353187
1468.89914714,1100,399.999990497,0.00508160147675,0.00203735967698,0.999974177493
1469.64914714,1101,399.999983415,0.00508477576508,0.00204219184741,0.999974145223
1470.39914714,1102,399.999982802,0.00515034553033,0.00204715262004,0.999973474117
1471.14914714,1103,399.999982606,0.00523612469266,0.00205228923862,0.999972583186
1471.89914714,1104,399.999984181,0.0052597459377,0.00205745833765,0.999972335264
1472.64914714,1105,399.999985239,0.00526332200305,0.00206261341715,0.999972297633
1473.39914714,1106,399.999983488,0.00536948540083,0.00206799313999,0.999971168834
1474.14914714,1107,399.999993048,0.00519429910747,0.00207294603052,0.999973019439
1474.89914714,1108,399.999984994,0.00528022182681,0.00207807365525,0.999972119452
1475.64914714,1109,399.999986131,0.00536769683989,0.00208338102182,0.999971188038
1476.39914714,1110,399.999987385,0.00539303677636,0.00208872418154,0.999970915366
1477.14914714,1111,399.999985393,0.00554118701608,0.00209439224214,0.999969295482
1477.89914714,1112,399.999987816,0.00560854116889,0.00210019563834,0.999968544513
1478.64914714,1113,399.999985401,0.00573350282839,0.00210627497153,0.999967127215
1479.39914714,1114,399.999983992,0.0059396821997,0.0021128372764,0.999964720487
1480.14914714,1115,399.999992561,0.00584499544765,0.00211913143282,0.99996583632
1480.89914714,1116,399.999989419,0.00587042721551,0.00212545852499,0.999965538381
1481.64914714,1117,399.999990323,0.00589725754006,0.00213182185634,0.999965222656
1482.39914714,1118,399.999991133,0.00584031063303,0.00213801510306,0.999965891063
1483.14914714,1119,399.99999015,0.00584423279765,0.00214418899022,0.999965845235
1483.89914714,1120,399.999991521,0.00585073003174,0.00215034994917,0.999965769251
1484.64914714,1121,399.999988806,0.00595599693025,0.00215673940966,0.999964526415
1485.39914714,1122,399.999989118,0.00606146498804,0.00216335975863,0.99996325898
1486.14914714,1123,399.999992618,0.00604756587428,0.00216991363945,0.999963427281
1486.89914714,1124,399.999992111,0.00607425019294,0.00217650228684,0.999963103825
1487.64914714,1125,399.999992,0.00612123415632,0.00218317604026,0.999962530843
1488.39914714,1126,399.999993921,0.00606690400174,0.00218968337366,0.999963193015
1489.14914714,1127,399.999992174,0.00607089216588,0.00219616970781,0.999963144608
1489.89914714,1128,399.999994765,0.00595449776333,0.00220234379605,0.999964544271
1490.64914714,1129,399.999992271,0.00604203366898,0.00220870030516,0.999963494162
1491.39914714,1130,399.999991903,0.00617015367098,0.00221533990126,0.999961929566
1492.14914714,1131,399.999992335,0.0061933322775,0.0022220049845,0.999961643003
1492.89914714,1132,399.999992947,0.00621785285625,0.00222869872646,0.99996133868
1493.64914714,1133,399.999994761,0.00618359684571,0.00223527679069,0.999961763496
1494.39914714,1134,399.999994255,0.00616859664847,0.00224178756104,0.999961948777
1495.14914714,1135,399.999994807,0.00615465979647,0.00224823440131,0.999962120522
1495.89914714,1136,399.99999546,0.00610019393025,0.00225452120257,0.99996278798
1496.64914714,1137,399.999995334,0.00606606192868,0.00226069873387,0.999963203231
1497.39914714,1138,399.999995479,0.00603197671233,0.00226676869091,0.999963615588
1498.14914714,1139,399.99999527,0.00599665152846,0.00227272975009,0.999964040494
1498.89914714,1140,399.999997104,0.00584097698987,0.00227831006565,0.999965883279
1499.64914714,1141,399.999992878,0.00609075257995,0.00228443875934,0.999962903077
1500.39914714,1142,399.99999545,0.00607568586234,0.00229050532565,0.999963086382
1501.14914714,1143,399.999995677,0.0060822452619,0.00229656048387,0.999963006635
1501.89914714,1144,399.999997007,0.00596719582507,0.00230232602437,0.999964392891
1502.64914714,1145,399.999995244,0.0060129123293,0.00230817074868,0.999963845212
1503.39914714,1146,399.999996415,0.00597899835791,0.00231391386591,0.999964251898
1504.14914714,1147,399.999996146,0.00598566666495,0.00231964778043,0.999964172115
1504.89914714,1148,399.999996256,0.00599236712143,0.00232537263607,0.999964091859
1505.64914714,1149,399.999995692,0.0060801504871,0.00233127133094,0.999963032112
1506.39914714,1150,399.999996474,0.00608690852006,0.00233716021489,0.999962949888
1507.14914714,1151,399.999996327,0.00609203673804,0.00234303568344,0.999962887433
1507.89914714,1152,399.999996506,0.00611907676414,0.0023489473046,0.99996255725
1508.64914714,1153,399.999996765,0.00612589309257,0.00235484923989,0.999962473786
1509.39914714,1154,399.999995432,0.00622907001531,0.0023609601787,0.999961199063
1510.14914714,1155,399.999997681,0.0061344208225,0.00236683077796,0.999962369235
1510.89914714,1156,399.999996076,0.00628307044915,0.00237301319832,0.999960523415
1511.64914714,1157,399.999995847,0.00645042907033,0.00237955596229,0.999958392398
1512.39914714,1158,399.999998077,0.00629329600334,0.00238570714271,0.999960394818
1513.14914714,1159,399.999996679,0.00629541481658,0.00239183674114,0.999960368145
1513.89914714,1160,399.99999767,0.00621943754964,0.00239776922117,0.999961318971
1514.64914714,1161,399.999997563,0.0062057918512,0.00240364649922,0.999961488518
1515.39914714,1162,399.999995996,0.00641244361407,0.00240996498387,0.99995888099
1516.14914714,1163,399.999997223,0.00641634150039,0.00241626501993,0.999958830985
1516.89914714,1164,399.999996049,0.00662232730288,0.00242301407308,0.999956145262
1517.64914714,1165,399.999997717,0.00662873288699,0.00242974783455,0.999956060383
1518.39914714,1166,399.99999768,0.00665548816109,0.00243651403707,0.999955704968
1519.14914714,1167,399.999998785,0.00647907851864,0.00244284359912,0.999958021982
1519.89914714,1168,399.999997614,0.00654652748383,0.0024492995647,0.999957143437
1520.64914714,1169,399.99999807,0.00653276120396,0.00245569619604,0.999957323486
1521.39914714,1170,399.999997601,0.00659891384587,0.0024622160949,0.99995645481
1522.14914714,1171,399.999997427,0.00668414546035,0.0024689034887,0.999955322698
1522.89914714,1172,399.999998712,0.00652680548587,0.00247520321244,0.999957401264
1523.64914714,1173,399.999998622,0.00643172203122,0.0024812645817,0.99995863338
1524.39914714,1174,399.999997222,0.00666042152019,0.00248781352251,0.999955639277
1525.14914714,1175,399.999998432,0.00656284437093,0.00249411403353,0.999956929538
1525.89914714,1176,399.999997795,0.00660658017518,0.00250048593168,0.999956353575
1526.64914714,1177,399.999998618,0.00655193185013,0.00250670898719,0.99995707265
1527.39914714,1178,399.999997947,0.00665888320421,0.00251314474576,0.999955659766
1528.14914714,1179,399.999998844,0.00656357786824,0.00251934107042,0.99995691991
1528.89914714,1180,399.999998176,0.00667163092066,0.00252575165957,0.999955489836
1529.64914714,1181,399.999998497,0.00669839095799,0.00253219502419,0.999955132062
1530.39914714,1182,399.999998605,0.00670484968262,0.00253862559854,0.999955045496
1531.14914714,1183,399.999998668,0.00666944407141,0.00254495045447,0.99995551901
1531.89914714,1184,399.99999802,0.00689955237116,0.00255176576118,0.999952396744
1532.64914714,1185,399.999998316,0.00700650636291,0.0025587967233,0.999950909471
1533.39914714,1186,399.999998955,0.00691006156928,0.0025655760682,0.999952251619
1534.14914714,1187,399.999999383,0.00671315325097,0.00257188685579,0.999954934081
1534.89914714,1188,399.999998734,0.00671839585401,0.00257818310592,0.999954863666
1535.64914714,1189,399.999998764,0.00672364471161,0.00258446494518,0.999954793113
1536.39914714,1190,399.999998841,0.00675047323622,0.00259077965987,0.99995443163
1537.14914714,1191,399.999998834,0.00675571639284,0.00259707990233,0.999954360817
1537.89914714,1192,399.999998858,0.00680289516279,0.00260345743101,0.999953721153
1538.64914714,1193,399.999998758,0.00686914146583,0.00260995416932,0.999952815452
1539.39914714,1194,399.99999875,0.00695575102029,0.00261661556662,0.999951618113
1540.14914714,1195,399.999999043,0.00696225063833,0.00262326337056,0.999951527653
1540.89914714,1196,399.999998819,0.00704886766245,0.0026300762091,0.999950314082
1541.64914714,1197,399.999999191,0.0069727344537,0.0026366909943,0.999951381565
1542.39914714,1198,399.999998956,0.0070606136389,0.00264347294047,0.999950148356
1543.14914714,1199,399.999999186,0.00704679810161,0.00265019559439,0.999950343253
1543.89914714,1200,399.999998754,0.00723513565911,0.00265731187442,0.999947653497
1544.64914714,1201,399.999999281,0.00715897663252,0.00266422604827,0.99994874971
1545.39914714,1202,399.999999039,0.00722528290855,0.00267125939144,0.999947795968
1546.14914714,1203,399.999999496,0.00708932952656,0.00267796059086,0.999949742038
1546.89914714,1204,399.999998927,0.00721542369665,0.00268491297788,0.999947938338
1547.64914714,1205,399.999999384,0.00716084817778,0.0026917149689,0.999948722911
1548.39914714,1206,399.999999313,0.00708347031828,0.00269831923112,0.999949825078
1549.14914714,1207,399.999999352,0.00706959376245,0.0027048663874,0.999950021469
1549.89914714,1208,399.999999065,0.00725925453382,0.00271180176109,0.999947303918
1550.64914714,1209,399.999999456,0.00716273014069,0.00271849624587,0.999948695955
1551.39914714,1210,399.999999264,0.00716677585387,0.00272517205147,0.999948637983
1552.14914714,1211,399.999999512,0.00709181604197,0.00273165901413,0.999949706778
1552.89914714,1212,399.999999197,0.00717732435717,0.00273830376765,0.999948486678
1553.64914714,1213,399.999999167,0.00730370599871,0.00274519633517,0.99994665659
1554.39914714,1214,399.999999444,0.00731008029835,0.00275207426852,0.99994656344
1555.14914714,1215,399.999999436,0.00729501231075,0.00275889095014,0.999946783503
1555.89914714,1216,399.999999456,0.00723816249101,0.00276555682195,0.99994760969
1556.64914714,1217,399.99999959,0.0071212563725,0.00277194695102,0.999949288351
1557.39914714,1218,399.999999526,0.00710723793437,0.00277828245464,0.999949487807
1558.14914714,1219,399.999999634,0.007011797876,0.0027843946868,0.999950835295
1558.89914714,1220,399.999999337,0.00711784605984,0.00279070360722,0.999949336909
1559.64914714,1221,399.999999398,0.0071435058751,0.00279704157455,0.999948970975
1560.39914714,1222,399.999999579,0.00708771534232,0.00280323898839,0.999949764922
1561.14914714,1223,399.999999509,0.0071551621893,0.00280955242001,0.999948804309
1561.89914714,1224,399.99999966,0.00708004934498,0.0028156862939,0.999949873529
1562.64914714,1225,399.999999536,0.00710572112614,0.0028218495285,0.999949509365
1563.39914714,1226,399.999999586,0.00709065789314,0.00282795847083,0.999949723203
1564.14914714,1227,399.999999508,0.00721924384449,0.00283430888242,0.999947883197
1564.89914714,1228,399.99999968,0.00716453099347,0.00284052198463,0.999948670154
1565.64914714,1229,399.999999387,0.0074346283272,0.00284727493042,0.999944727065
1566.39914714,1230,399.999999732,0.0073391358844,0.00285380000726,0.99994613781
1567.14914714,1231,399.999999623,0.00738631181897,0.00286039828032,0.999945443142
1567.89914714,1232,399.999999618,0.00737010019008,0.0028669368285,0.999945682361
1568.64914714,1233,399.999999675,0.00737650917227,0.00287346326627,0.999945587853
1569.39914714,1234,399.999999654,0.0074236943482,0.00288006262264,0.999944889522
1570.14914714,1235,399.999999751,0.00734866691545,0.00288648079049,0.999945997824
1570.89914714,1236,399.9999997,0.00735516785414,0.0028928877349,0.999945902237
1571.64914714,1237,399.999999561,0.00754374575763,0.00289966187311,0.99994309271
1572.39914714,1238,399.999999601,0.00773361174146,0.00290681236606,0.999940192144
1573.14914714,1239,399.999999686,0.00775925879396,0.00291398884067,0.999939794809
1573.89914714,1240,399.999999708,0.00776453284625,0.00292114745381,0.999939712938
1574.64914714,1241,399.999999692,0.00785253762511,0.00292846616618,0.999938338603
1575.39914714,1242,399.999999688,0.00796094616371,0.00293598996479,0.99993662434
1576.14914714,1243,399.99999972,0.00802861384595,0.00294363033033,0.999935542398
1576.89914714,1244,399.999999681,0.00813579792433,0.00295147462916,0.999933809887
1577.64914714,1245,399.999999789,0.00801751780999,0.00295902628144,0.999935720441
1578.39914714,1246,399.999999785,0.00800360962126,0.00296651649347,0.999935943259
1579.14914714,1247,399.999999758,0.00796690961075,0.00297389684935,0.999936529358
1579.89914714,1248,399.999999735,0.00803336819013,0.00298139004876,0.999935466037
1580.64914714,1249,399.999999802,0.0079774784946,0.00298873265332,0.999936360849
1581.39914714,1250,399.999999807,0.00792159296905,0.00299592692883,0.999937249349
1582.14914714,1251,399.999999859,0.00776374634688,0.00300276297772,0.999939725151
1582.89914714,1252,399.999999846,0.00768864614812,0.00300941862022,0.999940885594
1583.64914714,1253,399.999999787,0.00771430998336,0.00301610128718,0.999940490307
1584.39914714,1254,399.99999981,0.00774116407138,0.00302281330408,0.999940075277
1585.14914714,1255,399.999999781,0.00780759368349,0.00302963562157,0.99993904241
1585.89914714,1256,399.999999787,0.00787404061308,0.00303656839072,0.999938000445
1586.64914714,1257,399.999999795,0.00798245029597,0.00304369903387,0.999936281502
1587.39914714,1258,399.999999838,0.00798892696934,0.0030508151901,0.999936178064
1588.14914714,1259,399.999999797,0.00807576344742,0.00305808468939,0.999934783108
1588.89914714,1260,399.999999822,0.0080594927706,0.00306529146453,0.999935045631
1589.64914714,1261,399.999999887,0.00796395258129,0.00307227237445,0.999936576465
1590.39914714,1262,399.999999875,0.0078672656349,0.00307902947822,0.999938107089
1591.14914714,1263,399.999999812,0.00797451039255,0.00308597907664,0.999936408195
1591.89914714,1264,399.999999848,0.007979799563,0.00309291289303,0.999936323813
1592.64914714,1265,399.999999841,0.00802588952664,0.00309991433642,0.999935586135
1593.39914714,1266,399.999999806,0.00811070524077,0.00310706295349,0.999934217542
1594.14914714,1267,399.999999844,0.0082190751233,0.00311440816028,0.999932447945
1594.89914714,1268,399.999999895,0.00816420873188,0.00312161099381,0.999933346806
1595.64914714,1269,399.999999875,0.00819100202192,0.00312884111653,0.999932908611
1596.39914714,1270,399.999999844,0.00829833823139,0.00313626541051,0.999931138768
1597.14914714,1271,399.999999902,0.00820161088488,0.0031434608036,0.99993273471
1597.89914714,1272,399.9999999,0.00816719196366,0.00315055819735,0.999933298088
1598.64914714,1273,399.999999913,0.00809200341952,0.00315747645589,0.999934520553
1599.39914714,1274,399.999999875,0.00813809918215,0.00316446155147,0.999933772438
1600.14914714,1275,399.999999845,0.00832702684367,0.00317180496895,0.999930661826
1600.89914714,1276,399.99999994,0.0081701877601,0.00317880102103,0.999933249146
1601.64914714,1277,399.999999861,0.00827639552779,0.00318598546389,0.99993150245
1602.39914714,1278,399.999999929,0.0081807586648,0.00319294968924,0.999933076307
1603.14914714,1279,399.999999925,0.00806362708497,0.00319965543803,0.999934978975
1603.89914714,1280,399.999999924,0.00800886329637,0.00320622948296,0.999935859137
1604.64914714,1281,399.999999909,0.00803573049274,0.00321283221414,0.999935428078
1605.39914714,1282,399.999999912,0.00806262217429,0.00321946357941,0.99993499518
1606.14914714,1283,399.999999911,0.00810993190957,0.00322616343375,0.999934230086
1606.89914714,1284,399.999999909,0.0081776547352,0.00323297186253,0.999933127081
1607.64914714,1285,399.999999933,0.00812303688192,0.00323964848916,0.99993401736
1608.39914714,1286,399.999999908,0.00812697299969,0.00324630869311,0.9999339534
1609.14914714,1287,399.999999896,0.00831706995169,0.00325331825594,0.999930827544
1609.89914714,1288,399.999999928,0.00832362289327,0.00326031488294,0.999930718502
1610.64914714,1289,399.99999993,0.00828807375539,0.00326721559659,0.999931309013
1611.39914714,1290,399.999999914,0.00831245050505,0.00327413900618,0.99993090436
1612.14914714,1291,399.999999936,0.00825650912751,0.00328092770198,0.999931831219
1612.89914714,1292,399.999999927,0.00817779985943,0.00328753963737,0.999933124708
1613.64914714,1293,399.999999932,0.00822505558036,0.00329421909598,0.999932349605
1614.39914714,1294,399.999999972,0.00800708280258,0.00330046054428,0.999935887653
1615.14914714,1295,399.99999992,0.00797034021944,0.00330661205261,0.999936474686
1615.89914714,1296,399.999999929,0.00797448909495,0.00331275037563,0.999936408535
1616.64914714,1297,399.999999931,0.0080829309562,0.00331907016166,0.999934667294
1617.39914714,1298,399.999999959,0.0079873557389,0.00332519030248,0.999936203166
1618.14914714,1299,399.999999941,0.00799263982846,0.00333129955921,0.999936118729
1618.89914714,1300,399.999999961,0.00789711084101,0.00333721332183,0.999937636613
1619.64914714,1301,399.999999947,0.00792401483667,0.00334315648841,0.999937210975
1620.39914714,1302,399.999999943,0.00794967405532,0.00334912670722,0.999936803681
1621.14914714,1303,399.999999959,0.00789500964656,0.00335497809851,0.999937669794
1621.89914714,1304,399.999999957,0.00781868884148,0.00336067352191,0.999938869039
1622.64914714,1305,399.999999955,0.00782524242044,0.00336636227168,0.999938766518
1623.39914714,1306,399.999999948,0.00791337586078,0.00337219021712,0.999937379463
1624.14914714,1307,399.999999959,0.00789958667365,0.003377974519,0.999937597504
1624.89914714,1308,399.999999969,0.00769956039508,0.00338338759763,0.999940717648
1625.64914714,1309,399.999999947,0.00778633901228,0.00338893524869,0.999939373844
1626.39914714,1310,399.999999957,0.00783369745985,0.00339454856083,0.999938634126
1627.14914714,1311,399.999999968,0.00771659930148,0.00339993980916,0.999940454982
1627.89914714,1312,399.999999967,0.00761990103083,0.00340514835141,0.999941937951
1628.64914714,1313,399.999999963,0.00758436415639,0.00341028068999,0.999942478248
1629.39914714,1314,399.999999962,0.0075692120019,0.00341537194058,0.99994270785
1630.14914714,1315,399.999999975,0.00741137658874,0.00342018503492,0.999945072251
1630.89914714,1316,399.999999965,0.00743836121813,0.00342502851781,0.999944671548
1631.64914714,1317,399.999999962,0.00740146333288,0.00342979721151,0.999945219091
1632.39914714,1318,399.999999971,0.00736729351584,0.00343449632196,0.999945723723
1633.14914714,1319,399.999999959,0.00745403318381,0.00343932359987,0.999944438161
1633.89914714,1320,399.999999986,0.00723647413148,0.0034437852918,0.999947634128
1634.64914714,1321,399.99999995,0.00744405247593,0.003448568951,0.99994458685
1635.39914714,1322,399.999999964,0.00751045020682,0.0034534475089,0.999943593933
1636.14914714,1323,399.999999974,0.00747624075252,0.00345825579782,0.999944106605
1636.89914714,1324,399.999999971,0.00739863155057,0.00346292427066,0.999945261
1637.64914714,1325,399.999999964,0.00744342081123,0.0034676517678,0.999944596254
1638.39914714,1326,399.999999969,0.00753147445942,0.0034725088996,0.999943277697
1639.14914714,1327,399.99999997,0.00761954963157,0.00347749653141,0.999941943306
1639.89914714,1328,399.999999978,0.00758530211358,0.0034824132257,0.999942464019
1640.64914714,1329,399.999999966,0.00771289296974,0.00348752617649,0.999940512167
1641.39914714,1330,399.99999998,0.00765825855789,0.00349253357543,0.999941351936
1642.14914714,1331,399.999999975,0.00770561169629,0.00349760443757,0.99994062443
1642.89914714,1332,399.999999975,0.00771084800904,0.00350266901238,0.999940543707
1643.64914714,1333,399.999999973,0.0077147981837,0.00350772520836,0.999940482775
1644.39914714,1334,399.999999981,0.00768055208569,0.00351271030641,0.99994100999
1645.14914714,1335,399.99999998,0.0076667347026,0.00351765830907,0.999941222043
1645.89914714,1336,399.999999968,0.00777391099259,0.00352276778438,0.999939567221
1646.64914714,1337,399.999999973,0.00783907025142,0.00352797007356,0.999938549922
1647.39914714,1338,399.999999979,0.00784433982373,0.00353316568484,0.999938467279
1648.14914714,1339,399.999999986,0.00770680416377,0.00353812019817,0.999940606052
1648.89914714,1340,399.999999984,0.00761008577736,0.00354290438556,0.999942087433
1649.64914714,1341,399.999999979,0.00759376424138,0.00354764892009,0.999942335576
1650.39914714,1342,399.999999981,0.007641027744,0.00355245558011,0.999941615547
1651.14914714,1343,399.999999976,0.00783109346876,0.00355755636341,0.999938674915
1651.89914714,1344,399.999999979,0.00795999592377,0.00356285481844,0.999936639469
1652.64914714,1345,399.999999989,0.00784410054379,0.00356794671138,0.999938471033
1653.39914714,1346,399.99999998,0.0079309519565,0.00357316623683,0.99993710099
1654.14914714,1347,399.999999986,0.00791708763572,0.00357834762349,0.999937320706
1654.89914714,1348,399.999999983,0.00792234079907,0.00358352246009,0.999937237501
1655.64914714,1349,399.999999985,0.00790719762863,0.00358865742146,0.999937477203
1656.39914714,1350,399.999999986,0.00791374344471,0.00359378812756,0.999937373645
1657.14914714,1351,399.999999977,0.0081841860894,0.00359935161473,0.99993302022
1657.89914714,1352,399.999999991,0.0080682862882,0.00360470505716,0.999934903816
1658.64914714,1353,399.999999989,0.00801366030602,0.00360995273527,0.99993578228
1659.39914714,1354,399.999999986,0.00789650521954,0.00361499466103,0.999937646177
1660.14914714,1355,399.999999985,0.00788002136062,0.00361999562916,0.999937906227
1660.89914714,1356,399.999999989,0.00778327945907,0.00362482819859,0.999939421478
1661.64914714,1357,399.99999999,0.00772866233,0.00362956122021,0.999940268671
1662.39914714,1358,399.999999988,0.0076931145516,0.00363422558144,0.999940816864
1663.14914714,1359,399.999999992,0.0075148265306,0.00363860296019,0.99994352818
1663.89914714,1360,399.999999985,0.00764238971736,0.00364316377654,0.999941594732
1664.64914714,1361,399.999999988,0.00771014077224,0.00364781695735,0.999940554613
1665.39914714,1362,399.999999988,0.00777791143847,0.00365256288723,0.999939505009
1666.14914714,1363,399.999999989,0.00778314260034,0.00365730387302,0.999939423609
1666.89914714,1364,399.999999992,0.00772858100941,0.00366194706293,0.999940269928
1667.64914714,1365,399.999999991,0.00769445370668,0.0036665249989,0.999940796258
1668.39914714,1366,399.999999985,0.00786135829529,0.00367134939886,0.999938200001
1669.14914714,1367,399.999999988,0.0078232113594,0.00367610089209,0.9999387983
1669.89914714,1368,399.999999987,0.00799170446184,0.00368110390676,0.99993613368
1670.64914714,1369,399.999999989,0.00799582464612,0.00368609936363,0.99993606781
1671.39914714,1370,399.999999989,0.00806236405682,0.00369118643084,0.999934999342
1672.14914714,1371,399.99999999,0.00815044970169,0.00369639999589,0.999933571273
1672.89914714,1372,399.999999994,0.00807524592061,0.00370147849697,0.999934791466
1673.64914714,1373,399.999999993,0.0080409124776,0.00370648829316,0.999935344772
1674.39914714,1374,399.999999995,0.00790458928432,0.00371127091392,0.999937518444
1675.14914714,1375,399.999999991,0.0079710511269,0.00371614368491,0.999936463353
1675.89914714,1376,399.99999999,0.00807834086087,0.00372117115687,0.999934741474
1676.64914714,1377,399.999999994,0.00800323509934,0.00372606685727,0.999935949254
1677.39914714,1378,399.999999994,0.00790647181971,0.00373079932098,0.99993748868
1678.14914714,1379,399.999999993,0.00787092455485,0.00373546450098,0.999938049506
1678.89914714,1380,399.999999991,0.00804067565826,0.0037403787612,0.99993534858
1679.64914714,1381,399.999999991,0.00810590859446,0.00374538129052,0.999934295325
1680.39914714,1382,399.999999993,0.00792628704111,0.00375009210721,0.999937174961
1681.14914714,1383,399.999999993,0.0078692055149,0.00375470339877,0.999938076563
1681.89914714,1384,399.999999992,0.00795616169105,0.00375943462567,0.999936700493
1682.64914714,1385,399.999999992,0.00800126301424,0.00376422211074,0.999935980815
1683.39914714,1386,399.999999996,0.00788511490659,0.00376882000417,0.999937825929
1684.14914714,1387,399.999999996,0.00778945170378,0.00377326242254,0.999939325363
1684.89914714,1388,399.999999992,0.00787532396673,0.00377782149646,0.999937980234
1685.64914714,1389,399.999999992,0.00791953957528,0.00378243498721,0.999937281876
1686.39914714,1390,399.999999994,0.00796667568615,0.00378710735726,0.999936533086
1687.14914714,1391,399.999999995,0.00789033485159,0.00379165250544,0.999937743585
1687.89914714,1392,399.999999995,0.00789664654621,0.00379619512126,0.999937643945
1688.64914714,1393,399.999999994,0.0079846604369,0.00380085779992,0.999936246214
1689.39914714,1394,399.999999997,0.0078889260472,0.00380536485443,0.999937765814
1690.14914714,1395,399.999999994,0.00797591283847,0.00380998995483,0.999936385826
1690.89914714,1396,399.999999996,0.00790062218115,0.00381449059564,0.999937581143
1691.64914714,1397,399.999999997,0.00780497061418,0.00381883870768,0.999939083361
1692.39914714,1398,399.999999994,0.00793164890289,0.00382336214875,0.999937089935
1693.14914714,1399,399.999999994,0.00812178334763,0.0038281587645,0.999934037723
1693.89914714,1400,399.999999995,0.00816794730408,0.0038330126067,0.99993328575
1694.64914714,1401,399.999999995,0.00819369777267,0.00383789257314,0.999932864444
1695.39914714,1402,399.999999997,0.00815922580037,0.00384270707722,0.999933428142
1696.14914714,1403,399.999999995,0.00830749952508,0.00384773485379,0.999930986642
1696.89914714,1404,399.999999996,0.00833430470706,0.00385279015452,0.999930540571
1697.64914714,1405,399.999999996,0.00836005079165,0.00385787129748,0.999930110772
1698.39914714,1406,399.999999997,0.00832559356929,0.00386288561445,0.999930685693
1699.14914714,1407,399.999999995,0.00843302754261,0.00386805173128,0.999928885311
1699.89914714,1408,399.999999996,0.00847920519046,0.00387327523605,0.999928104372
1700.64914714,1409,399.999999995,0.00856524327672,0.00387861847873,0.999926637953
1701.39914714,1410,399.999999996,0.00865331183684,0.0038840852554,0.999925121596
1702.14914714,1411,399.999999995,0.00890486104654,0.0038899389854,0.999920705022
1702.89914714,1412,399.999999997,0.00891020295607,0.00389578429715,0.999920609859
1703.64914714,1413,399.999999997,0.00889510899798,0.00390158822194,0.999920878601
1704.39914714,1414,399.999999997,0.00894133763971,0.003907449954,0.999920054079
1705.14914714,1415,399.999999997,0.00894766695007,0.00391330486307,0.999919940859
1705.89914714,1416,399.999999997,0.00891213094743,0.00391908559161,0.999920575499
1706.64914714,1417,399.999999997,0.00889703691242,0.00392482549765,0.999920844301
1707.39914714,1418,399.999999997,0.00890337685185,0.00393055906754,0.999920731452
1708.14914714,1419,399.999999998,0.00890974108497,0.00393628637061,0.999920618089
1708.89914714,1420,399.999999998,0.0088139514272,0.00394184565205,0.999922315769
1709.64914714,1421,399.999999998,0.00875796845167,0.00394730160699,0.999923299459
1710.39914714,1422,399.999999996,0.00884112954631,0.00395287256267,0.999921835956
1711.14914714,1423,399.999999998,0.00872383712479,0.00395824498317,0.999923896114
1711.89914714,1424,399.999999998,0.00873010133699,0.00396361227715,0.999923786783
1712.64914714,1425,399.999999998,0.00865370304599,0.00396884738301,0.999925114826
1713.39914714,1426,399.999999998,0.008680427775,0.00397410913695,0.999924651593
1714.14914714,1427,399.999999998,0.00864586154179,0.00397930383917,0.999925250475
1714.89914714,1428,399.999999998,0.008611328979,0.00398443213897,0.999925846388
1715.64914714,1429,399.999999998,0.00859726294657,0.00398952545391,0.999926088436
1716.39914714,1430,399.999999999,0.00850150474233,0.0039944618441,0.999927725723
1717.14914714,1431,399.999999998,0.00848639033849,0.00399936282287,0.999927982476
1717.89914714,1432,399.999999998,0.00859384726909,0.00400441100957,0.999926147153
1718.64914714,1433,399.999999998,0.00851744490944,0.00400933203597,0.999927454448
1719.39914714,1434,399.999999998,0.00858512877924,0.00401434072358,0.999926296922
1720.14914714,1435,399.999999998,0.00861197547284,0.00401937622473,0.999925835254
1720.89914714,1436,399.999999999,0.00857756307583,0.00402434724563,0.999926426765
1721.64914714,1437,399.999999998,0.00864530525207,0.00402940597724,0.999925260094
1722.39914714,1438,399.999999999,0.00848840766723,0.00403421965348,0.999927948233
1723.14914714,1439,399.999999998,0.00853451892466,0.0040390884404,0.999927163313
1723.89914714,1440,399.999999998,0.00858187415447,0.00404401421057,0.999926352792
1724.64914714,1441,399.999999998,0.00862677226383,0.0040489933762,0.999925580185
1725.39914714,1442,399.999999999,0.00846865776707,0.00405372833226,0.999928283121
1726.14914714,1443,399.999999998,0.00853641334001,0.00405854958266,0.999927130975
1726.89914714,1444,399.999999998,0.0086438023106,0.00406351566311,0.999925286077
1727.64914714,1445,399.999999999,0.00871156666763,0.0040685688442,0.999924110046
1728.39914714,1446,399.999999999,0.00873850283064,0.00407364867899,0.999923640026
1729.14914714,1447,399.999999999,0.00868128243653,0.00407863073357,0.999924636755
1729.89914714,1448,399.999999999,0.0085039666577,0.00408334216456,0.999927683859
1730.64914714,1449,399.999999999,0.00836630253983,0.00408784563624,0.999930006207
1731.39914714,1450,399.999999999,0.00829119626232,0.00409223253079,0.999931257246
1732.14914714,1451,399.999999999,0.00817397981056,0.00409644634456,0.99993318717
1732.89914714,1452,399.999999998,0.00830168393856,0.00410082671375,0.999931083231
1733.64914714,1453,399.999999999,0.00841030098832,0.00410534854496,0.999929268088
1734.39914714,1454,399.999999999,0.00847679909053,0.00410995315041,0.999928145168
1735.14914714,1455,399.999999999,0.00848206135767,0.00411455373749,0.999928055929
1735.89914714,1456,399.999999999,0.00846567310783,0.00411911972223,0.999928333663
1736.64914714,1457,399.999999999,0.00845175988562,0.00412365480603,0.99992856903
1737.39914714,1458,399.999999999,0.00851954394875,0.00412827426046,0.999927418688
1738.14914714,1459,399.999999999,0.00846355296127,0.00413280337999,0.999928369554
1738.89914714,1460,399.999999999,0.00830677984807,0.00413710371549,0.999930998599
1739.64914714,1461,399.999999999,0.00835284977373,0.00414145713183,0.999930231118
1740.39914714,1462,399.999999999,0.0083581035364,0.00414580727314,0.999930143325
1741.14914714,1463,399.999999998,0.00846418581549,0.0041502938715,0.999928358842
1741.89914714,1464,399.999999999,0.00848650390942,0.00415480060308,0.999927980548
1742.64914714,1465,399.999999999,0.00844994928583,0.00415924550704,0.999928599632
1743.39914714,1466,399.999999999,0.00839500426046,0.00416360379559,0.999929525145
1744.14914714,1467,400,0.00823795719955,0.00416773798133,0.999932137213
1744.89914714,1468,399.999999999,0.00815949250824,0.00417175740249,0.99993342379
1745.64914714,1469,399.999999999,0.00832732705674,0.00417599302762,0.999930656826
1746.39914714,1470,399.999999999,0.00825095049214,0.00418011557821,0.999931922975
1747.14914714,1471,399.999999999,0.00829718881324,0.00418429062719,0.999931157843
1747.89914714,1472,399.999999999,0.00834259471618,0.00418851712276,0.999930402324
1748.64914714,1473,399.999999999,0.00842974932572,0.00419285197233,0.999928940589
1749.39914714,1474,399.999999999,0.00837235530978,0.00419709853415,0.999929904895
1750.14914714,1475,399.999999999,0.00841867682832,0.00420139780927,0.999929127136
1750.89914714,1476,399.999999999,0.00846380138316,0.00420574823384,0.999928365349
1751.64914714,1477,399.999999999,0.00846983116299,0.00421009649132,0.999928263247
1752.39914714,1478,400,0.00833212798307,0.00421424866288,0.999930576848
1753.14914714,1479,399.999999999,0.00827569127785,0.00421831602477,0.999931514106
1753.89914714,1480,399.999999999,0.00826071479786,0.00422235416471,0.999931761755
1754.64914714,1481,400,0.0082053693105,0.00422631020242,0.999932673048
1755.39914714,1482,400,0.00815006022177,0.00423018506242,0.999933577621
1756.14914714,1483,399.999999999,0.00823789548972,0.0042341657778,0.999932138229
1756.89914714,1484,399.999999999,0.00822230819544,0.00423811699988,0.999932394791
1757.64914714,1485,399.999999999,0.00826814416653,0.00424211922086,0.99993163896
1758.39914714,1486,399.999999999,0.00835542544243,0.00424622726443,0.999930188084
1759.14914714,1487,399.999999999,0.00842183396938,0.00425041396105,0.99992907397
1759.89914714,1488,400,0.00836597355827,0.00425451685412,0.999930011711
1760.64914714,1489,400,0.00828966314699,0.00425851007062,0.999931282665
1761.39914714,1490,400,0.00825426687213,0.00426244809181,0.999931868239
1762.14914714,1491,400,0.00807609471724,0.0042661484955,0.999934777758
1762.89914714,1492,399.999999999,0.00812249030778,0.00426989972322,0.999934026239
1763.64914714,1493,400,0.00800492550201,0.00427349405936,0.999935922194
1764.39914714,1494,400,0.00790856559188,0.0042769605807,0.999937455568
1765.14914714,1495,400,0.00791407313488,0.00428042647174,0.999937368427
1765.89914714,1496,400,0.00787908412566,0.00428384181824,0.999937920997
1766.64914714,1497,400,0.00794634651332,0.00428733281295,0.999936856574
1767.39914714,1498,400,0.00797274801072,0.00429084900587,0.999936436299
1768.14914714,1499,400,0.00799917531109,0.00429439041938,0.999936014218
1768.89914714,1500,400,0.00802509036408,0.00429795640566,0.999935598962
1769.64914714,1501,399.999999999,0.00811187707362,0.00430162314214,0.999934198533
1770.39914714,1502,400,0.00817871818152,0.00430536607225,0.999933109688
1771.14914714,1503,400,0.00804150213369,0.0043089289488,0.999935335289
1771.89914714,1504,400,0.00794524004156,0.00431236551394,0.999936874157
1772.64914714,1505,400,0.00788938395223,0.00431572669575,0.999937758589
1773.39914714,1506,400,0.00795618846545,0.00431916217314,0.999936700067
1774.14914714,1507,400,0.00798211546105,0.00432262208415,0.999936286848
1774.89914714,1508,400,0.00784448245369,0.00432590769214,0.999938465042
1775.64914714,1509,400,0.00776867863258,0.00432909587085,0.999939648543
1776.39914714,1510,400,0.00765151371471,0.00433213939242,0.999941455195
1777.14914714,1511,400,0.0076774267807,0.00433520707295,0.999941057987
1777.89914714,1512,400,0.00764253133364,0.00433822778056,0.999941592568
1778.64914714,1513,400,0.00785289755705,0.0043414905303,0.999938332951
1779.39914714,1514,400,0.00793961337456,0.00434485061817,0.999936963533
1780.14914714,1515,400,0.00788293716289,0.00434813561323,0.999937860267
1780.89914714,1516,400,0.00784756094769,0.00435137162048,0.999938416735
1781.64914714,1517,400,0.00787388744071,0.00435463228851,0.999938002858
1782.39914714,1518,400,0.00806339930205,0.00435811450243,0.999934982649
1783.14914714,1519,400,0.00802769158481,0.00436154599404,0.999935557206
1783.89914714,1520,400,0.00805367511647,0.00436500176763,0.999935139369
1784.64914714,1521,400,0.0078754507769,0.00436823662856,0.999937978237
1785.39914714,1522,400,0.00802409749235,0.00437164245644,0.999935614896
1786.14914714,1523,400,0.00794815150384,0.00437495014013,0.999936827885
1786.89914714,1524,400,0.00799456480821,0.00437830643712,0.999936087955
1787.64914714,1525,400,0.00797998798734,0.00438163834232,0.999936320806
1788.39914714,1526,400,0.00784275557985,0.00438480109969,0.999938492131
1789.14914714,1527,400,0.00784787399474,0.00438796343242,0.999938411822
1789.89914714,1528,400,0.00779174167816,0.00439105393258,0.999939289683
1790.64914714,1529,400,0.00771524734867,0.00439404994339,0.999940475844
1791.39914714,1530,400,0.00768014661523,0.00439699983737,0.999941016218
1792.14914714,1531,400,0.00776773692983,0.00440004433494,0.999939663173
1792.89914714,1532,400,0.00791638007302,0.00440325555981,0.999937331908
1793.64914714,1533,400,0.00794265880507,0.00440649110694,0.999936915166
1794.39914714,1534,400,0.00800953111349,0.00440979891527,0.99993584844
1795.14914714,1535,400,0.00795402782512,0.0044130345405,0.999936734442
1795.89914714,1536,400,0.0077963207912,0.00441608049272,0.999939218306
1796.64914714,1537,400,0.00770001438699,0.00441901052346,0.999940710657
1797.39914714,1538,400,0.007745998773,0.00442198702496,0.999940000403
1798.14914714,1539,400,0.0076905617256,0.0044248948288,0.999940856135
1798.89914714,1540,400,0.0077369460889,0.00442784942224,0.999940140561
1799.64914714,1541,400,0.00776329749853,0.00443082812534,0.99993973212
1800.39914714,1542,400,0.00774879343593,0.0044337845138,0.999939957102
1801.14914714,1543,400,0.0078360429243,0.00443683441593,0.999938597374
1801.89914714,1544,400,0.00786157194691,0.00443990750566,0.999938196641
1802.64914714,1545,400,0.0079083644802,0.00444302824499,0.999937458749
1803.39914714,1546,400,0.00793393736767,0.00444617223051,0.999937053628
1804.14914714,1547,400,0.00763310286662,0.00444896973174,0.999941736589
1804.89914714,1548,400,0.00772036499999,0.00445185907043,0.999940396852
1805.64914714,1549,400,0.00768538644159,0.0044547037616,0.999940935707
1806.39914714,1550,400,0.00765044189067,0.0044575041882,0.999941471595
1807.14914714,1551,400,0.00777903619682,0.00446044265246,0.999939487511
1807.89914714,1552,400,0.00776458563704,0.00446335918665,0.999939712119
1808.64914714,1553,400,0.00770928892235,0.00446620838246,0.999940567747
1809.39914714,1554,400,0.00767386929122,0.0044690128705,0.999941112597
1810.14914714,1555,400,0.00763792198076,0.00447177241835,0.999941662999
1810.89914714,1556,400,0.00772514744271,0.00447462295493,0.999940322987
1811.64914714,1557,400,0.00779244444902,0.00447754291583,0.999939278731
1812.39914714,1558,400,0.00781745676312,0.00448048519523,0.999938888303
1813.14914714,1559,400,0.00802705074932,0.00448365932579,0.999935567494
1813.89914714,1560,400,0.00799140034712,0.0044867863521,0.99993613854
1814.64914714,1561,400,0.00779270516076,0.00448968345612,0.999939274668
1815.39914714,1562,400,0.0079007758148,0.00449269582716,0.999937578716
1816.14914714,1563,400,0.00792709355334,0.00449573196935,0.999937162175
1816.89914714,1564,400,0.00776941675839,0.00449858630262,0.999939637074
1817.64914714,1565,400,0.00781580132209,0.00450148649013,0.999938914183
1818.39914714,1566,400,0.00786260886104,0.00450443312855,0.999938180337
1819.14914714,1567,400,0.00780637008103,0.00450731170178,0.999939061515
1819.89914714,1568,400,0.00789404566431,0.0045102820925,0.999937685014
1820.64914714,1569,400,0.00796088521942,0.0045133215716,0.999936625311
1821.39914714,1570,400,0.00794635071774,0.00451633883372,0.999936856507
1822.14914714,1571,400,0.00784961546786,0.00451924263374,0.999938384486
1822.89914714,1572,400,0.00797821296813,0.00452228403787,0.999936349131
1823.64914714,1573,400,0.00800461679265,0.00452534917704,0.999935927136
1824.39914714,1574,400,0.00809188234708,0.00452850688547,0.999934522512
1825.14914714,1575,400,0.00809736964259,0.00453166461122,0.99993443368
1825.89914714,1576,400,0.00814334215042,0.00453486836926,0.999933687078
1826.64914714,1577,400,0.00808749739013,0.00453800247899,0.999934593456
1827.39914714,1578,400,0.00803131872024,0.0045410672736,0.99993549896
1828.14914714,1579,400,0.00797549604257,0.00454406385641,0.999936392474
1828.89914714,1580,400,0.00785864770712,0.00454692590761,0.99993824261
1829.64914714,1581,400,0.00800698401368,0.00454994612667,0.999935889235
1830.39914714,1582,400,0.0079514600124,0.0045528990181,0.999936775283
1831.14914714,1583,400,0.0079368682295,0.00455583019508,0.999937007115
1831.89914714,1584,400,0.007942753707,0.00455876226125,0.999936913659
1832.64914714,1585,400,0.00792781420254,0.00456167235036,0.99993715075
1833.39914714,1586,400,0.00776974643722,0.00456440554199,0.999939631951
1834.14914714,1587,400,0.00765298499969,0.00456700942956,0.999941432678
1834.89914714,1588,400,0.00761760290615,0.0045695713277,0.999941972968
1835.64914714,1589,400,0.00766440465136,0.00457217779147,0.999941257764
1836.39914714,1590,400,0.0077725514534,0.00457489424971,0.999939588356
1837.14914714,1591,400,0.00769582827667,0.00457752420688,0.999940775104
1837.89914714,1592,400,0.00755867103355,0.00458000587958,0.999942867308
1838.64914714,1593,400,0.00744201735247,0.00458236323667,0.999944617145
1839.39914714,1594,400,0.00742658511958,0.00458470072726,0.999944846594
1840.14914714,1595,400,0.00747340033416,0.00458708176823,0.999944149067
1840.89914714,1596,400,0.00756018351229,0.00458954764975,0.999942844442
1841.64914714,1597,400,0.00756610422295,0.00459201522762,0.999942754886
1842.39914714,1598,400,0.00753118045811,0.00459444248741,0.999943282125
1843.14914714,1599,400,0.00743448100539,0.00459676698909,0.999944729256
1843.89914714,1600,400,0.0073995907265,0.00459905224471,0.999945246807
1844.64914714,1601,400,0.00734430619242,0.00460127818871,0.999946061894
1845.39914714,1602,400,0.0073696645127,0.00460352557642,0.999945688782
1846.14914714,1603,400,0.0073143591855,0.00460571406733,0.999946500865
1846.89914714,1604,400,0.00725909579564,0.00460784430843,0.999947306222
1847.64914714,1605,400,0.00724411954146,0.00460995623457,0.999947523421
1848.39914714,1606,400,0.00706634156558,0.00461189282645,0.99995006744
1849.14914714,1607,400,0.0070928453139,0.00461385150361,0.999949692178
1849.89914714,1608,400,0.00717994618815,0.00461589066095,0.999948449037
1850.64914714,1609,400,0.00712478255861,0.00461787328394,0.999949238118
1851.39914714,1610,400,0.00709008119213,0.00461981943536,0.99994973138
1852.14914714,1611,400,0.00711590270159,0.00462178698581,0.99994936457
1852.89914714,1612,400,0.00712205654462,0.0046237571371,0.999949276954
1853.64914714,1613,400,0.00712824119113,0.00462572991401,0.999949188823
1854.39914714,1614,400,0.00707321898737,0.00462764709811,0.999949970199
1855.14914714,1615,400,0.00709987948336,0.0046295863846,0.999949592347
1855.89914714,1616,400,0.00700412316732,0.00463143223715,0.99995094286
1856.64914714,1617,400,0.00717270991204,0.00463343457497,0.999948552894
1857.39914714,1618,400,0.00729967013955,0.00463555606506,0.999946715526
1858.14914714,1619,400,0.00744798419091,0.00463781961939,0.999944528301
1858.89914714,1620,400,0.00747461281407,0.00464010570851,0.999944130944
1859.64914714,1621,400,0.00741872856306,0.00464233255278,0.999944963224
1860.39914714,1622,400,0.00738327021729,0.00464452075058,0.999945488064
1861.14914714,1623,400,0.00740907886095,0.00464673053424,0.999945106304
1861.89914714,1624,400,0.0073131833833,0.00464884304897,0.999946518064
1862.64914714,1625,400,0.00738067665565,0.00465101761562,0.999945526354
1863.39914714,1626,400,0.00732569866281,0.00465313506186,0.999946334859
1864.14914714,1627,400,0.00727076764886,0.0046551960132,0.999947136636
1864.89914714,1628,400,0.00731511072381,0.00465729617458,0.999946489871
1865.64914714,1629,400,0.0071988581454,0.00465928166157,0.999948177113
1866.39914714,1630,400,0.00716339514875,0.0046612303502,0.999948686428
1867.14914714,1631,400,0.00723090094855,0.00466323971611,0.999947714755
1867.89914714,1632,400,0.00705255191426,0.00466507845912,0.99995026213
1868.64914714,1633,400,0.0069772396636,0.00466684490454,0.999951318719
1869.39914714,1634,400,0.00702438397354,0.00466865178566,0.999950658638
1870.14914714,1635,400,0.00705115453789,0.00467048043134,0.999950281838
1870.89914714,1636,400,0.0070952897011,0.00467234696712,0.999949657498
1871.64914714,1637,400,0.00707934925484,0.00467419571371,0.999949883442
1872.39914714,1638,400,0.00700307921987,0.00467597135813,0.999950957483
1873.14914714,1639,400,0.00692769110726,0.00467767567167,0.999952007672
1873.89914714,1640,400,0.00687276344057,0.00467932789877,0.99995276568
1874.64914714,1641,400,0.00687810886248,0.00468098231458,0.999952692178
1875.39914714,1642,400,0.00684175784761,0.00468260169975,0.999953190897
1876.14914714,1643,400,0.00678680557142,0.0046841698992,0.999953939801
1876.89914714,1644,400,0.00677269821964,0.00468572325102,0.999954131085
1877.64914714,1645,400,0.00679941763527,0.00468729771609,0.999953768454
1878.39914714,1646,400,0.00668341641864,0.00468876841446,0.999955332444
1879.14914714,1647,400,0.00685291528951,0.00469038537211,0.999953038103
1879.89914714,1648,400,0.00677776887182,0.00469193357677,0.999954062377
1880.64914714,1649,400,0.0068431305839,0.0046935369089,0.999953172112
1881.39914714,1650,400,0.00690862653603,0.00469519588206,0.999952271449
1882.14914714,1651,400,0.00697517247537,0.00469691183279,0.999951347561
1882.89914714,1652,400,0.00687947520273,0.00469853967461,0.999952673381
1883.64914714,1653,400,0.00688480722447,0.00470016970724,0.999952599991
1884.39914714,1654,400,0.00691154470296,0.00470182092146,0.99995223112
1885.14914714,1655,400,0.00695870654537,0.00470351157881,0.999951576989
1885.89914714,1656,400,0.00696402181141,0.00470520433668,0.999951502988
1886.64914714,1657,400,0.00705093976896,0.00470697253649,0.999950284866
1887.39914714,1658,400,0.00711850600669,0.00470879925474,0.999949327514
1888.14914714,1659,400,0.00690050044044,0.00471042752214,0.999952383661
1888.89914714,1660,400,0.00696811440012,0.00471211320636,0.999951445971
1889.64914714,1661,400,0.00703241889516,0.00471385375185,0.999950545696
1890.39914714,1662,400,0.00713976306512,0.00471568861555,0.999949024433
1891.14914714,1663,400,0.00722772397468,0.00471760110374,0.999947760688
1891.89914714,1664,400,0.00737495629126,0.00471964740255,0.999945610759
1892.64914714,1665,400,0.0072587692699,0.00472158222075,0.999947310963
1893.39914714,1666,400,0.00726510653581,0.00472351977322,0.999947218924
1894.14914714,1667,400,0.0072102558614,0.00472540381109,0.999948012886
1894.89914714,1668,400,0.00719413448847,0.00472727011525,0.999948245099
1895.64914714,1669,400,0.00726069312721,0.00472919439399,0.99994728303
1896.39914714,1670,400,0.00712316373105,0.00473099039781,0.999949261182
1897.14914714,1671,400,0.00718879449253,0.00473284295724,0.999948321901
1897.89914714,1672,400,0.00719330430719,0.00473469667371,0.999948257042
1898.64914714,1673,400,0.00719868882668,0.00473655233965,0.999948179551
1899.39914714,1674,400,0.00730616375081,0.004738503328,0.999946620684
1900.14914714,1675,400,0.00741366682409,0.0047405508301,0.999945038299
1900.89914714,1676,400,0.00750077190498,0.00474267672617,0.999943739212
1901.64914714,1677,400,0.00744490194139,0.00474474666556,0.999944574203
1902.39914714,1678,400,0.00753135261394,0.00474689450931,0.999943279532
1903.14914714,1679,400,0.00761792302021,0.00474912106264,0.999941968091
1903.89914714,1680,400,0.00770512679873,0.00475142762291,0.999940631902
1904.64914714,1681,400,0.00766971524972,0.00475369625545,0.999941176333
1905.39914714,1682,400,0.00763485299312,0.00475592776114,0.999941709869
1906.14914714,1683,400,0.00761934186383,0.00475814079693,0.999941946472
1906.89914714,1684,400,0.00764525527217,0.00476037484905,0.999941550926
1907.64914714,1685,400,0.00756898031532,0.00476253289962,0.999942711358
1908.39914714,1686,400,0.00753358832368,0.00476465414586,0.999943245852
1909.14914714,1687,400,0.00760038341701,0.00476683478788,0.999942235006
1909.89914714,1688,400,0.00758543560078,0.00476899775194,0.999942461994
1910.64914714,1689,400,0.00750962526975,0.0047710861719,0.999943606323
1911.39914714,1690,400,0.00755647022126,0.00477321495417,0.999942900573
1912.14914714,1691,400,0.00762324982579,0.00477540303771,0.999941886906
1912.89914714,1692,400,0.00756655504626,0.00477753426746,0.999942748064
1913.64914714,1693,400,0.00763338382315,0.00477972479601,0.9999417323
1914.39914714,1694,400,0.00761882911119,0.00478189803441,0.999941954285
1915.14914714,1695,400,0.00766485846718,0.00478411110049,0.999941250808
1915.89914714,1696,400,0.00760939552739,0.00478626835494,0.999942097938
1916.64914714,1697,400,0.00755397043775,0.00478837038375,0.999942938345
1917.39914714,1698,400,0.00753945987965,0.00479045555342,0.999943157353
1918.14914714,1699,400,0.00738192660136,0.00479239301873,0.999945507902
1918.89914714,1700,400,0.00742878373968,0.00479436999696,0.999944813934
1919.64914714,1701,400,0.00743424678561,0.00479634881345,0.999944732738
1920.39914714,1702,400,0.00754096700745,0.00479842233448,0.999943134625
1921.14914714,1703,400,0.00756655720843,0.0048005161711,0.999942748031
1921.89914714,1704,400,0.0075720814873,0.00480261174849,0.999942664404
1922.64914714,1705,400,0.00761881385499,0.00480474728429,0.999941954518
1923.39914714,1706,400,0.00760425231108,0.00480686585378,0.999942176183
1924.14914714,1707,400,0.00758931927086,0.00480896718987,0.999942403062
1924.89914714,1708,400,0.00749302140736,0.00481097677402,0.999943855418
1925.64914714,1709,400,0.00743764611832,0.00481293291012,0.999944682185
1926.39914714,1710,400,0.00768881417856,0.00481511668181,0.99994088301
1927.14914714,1711,400,0.00767435831568,0.00481728344035,0.999941105092
1927.89914714,1712,400,0.00757818457083,0.00481935780132,0.999942571943
1928.64914714,1713,400,0.00768581304685,0.00482152830477,0.99994092915
1929.39914714,1714,400,0.00761009647201,0.00482362526017,0.99994208727
1930.14914714,1715,400,0.00767684979663,0.00482578051077,0.999941066846
1930.89914714,1716,400,0.00776405215314,0.00482801355121,0.999939720403
1931.64914714,1717,400,0.00770819458721,0.00483019085632,0.999940584619
1932.39914714,1718,400,0.00787716624336,0.00483252325019,0.999937951215
1933.14914714,1719,400,0.00794396738721,0.00483491538851,0.999936894378
1933.89914714,1720,400,0.00796988993872,0.00483732835517,0.999936481863
1934.64914714,1721,400,0.00793403010853,0.00483970308087,0.999937052157
1935.39914714,1722,400,0.00789907419021,0.00484204069688,0.9999376056
1936.14914714,1723,400,0.00790456224652,0.00484437966887,0.999937518872
1936.89914714,1724,400,0.00789007319538,0.00484670110648,0.999937747714
1937.64914714,1725,400,0.0080187178447,0.00484914107805,0.999935701198
1938.39914714,1726,400,0.00806561528456,0.00485162203712,0.999934946908
1939.14914714,1727,400,0.0080506340448,0.00485408445659,0.999935188342
1939.89914714,1728,400,0.0081174397152,0.00485660713253,0.999934108258
1940.64914714,1729,400,0.00806156862943,0.00485907178595,0.999935012167
1941.39914714,1730,400,0.00810793833429,0.00486157691655,0.999934262416
1942.14914714,1731,400,0.00831789997227,0.00486428266512,0.999930813737
1942.89914714,1732,400,0.0084047724991,0.00486706995575,0.999929361047
1943.64914714,1733,400,0.00841069386687,0.00486985833619,0.99992926148
1944.39914714,1734,400,0.00837573095306,0.0048726071761,0.999929848361
1945.14914714,1735,400,0.00832034546834,0.00487529663914,0.999930773049
1945.89914714,1736,400,0.00830536927067,0.00487796682193,0.999931022031
1946.64914714,1737,400,0.00822955880517,0.00488055854053,0.999932275509
1947.39914714,1738,400,0.00815379001431,0.00488307276995,0.999933516813
1948.14914714,1739,400,0.00818029420414,0.00488560829397,0.999933083906
1948.89914714,1740,400,0.00806370596759,0.00488802825615,0.999934977703
1949.64914714,1741,400,0.00800850091574,0.00489039213792,0.999935864941
1950.39914714,1742,400,0.00801392031347,0.00489275725945,0.999935778112
1951.14914714,1743,400,0.0077543515916,0.00489487866709,0.999939870935
1951.89914714,1744,400,0.00769924493402,0.00489694686711,0.999940722506
1952.64914714,1745,400,0.00758289920528,0.00489890783176,0.999942500466
1953.39914714,1746,400,0.00744530759468,0.00490074494172,0.999944568163
1954.14914714,1747,400,0.00734857887362,0.00490249572139,0.999945999118
1954.89914714,1748,400,0.00719060907128,0.00490410991347,0.99994829581
1955.64914714,1749,400,0.00713473947607,0.00490567508932,0.99994909614
1956.39914714,1750,400,0.00715971027402,0.00490725876033,0.999948739206
1957.14914714,1751,400,0.00732704476022,0.00490898112418,0.999946315136
1957.89914714,1752,400,0.00731270717064,0.0049106887204,0.999946525029
1958.64914714,1753,400,0.00733925011697,0.00491241635663,0.999946136133
1959.39914714,1754,400,0.00750573797032,0.00491428478346,0.999943664691
1960.14914714,1755,400,0.00740861952923,0.00491606643044,0.99994511311
1960.89914714,1756,400,0.00743455794763,0.0049178676954,0.999944728112
1961.64914714,1757,400,0.00754190993858,0.00491975925053,0.999943120403
1962.39914714,1758,400,0.00748643842012,0.00492159975271,0.999943954025
1963.14914714,1759,400,0.00745144301627,0.00492340729413,0.999944476768
1963.89914714,1760,400,0.00749822627119,0.00492525246085,0.999943777393
1964.64914714,1761,400,0.00750416588791,0.00492709997713,0.999943688287
1965.39914714,1762,400,0.00751013514837,0.00492894986485,0.999943598665
1966.14914714,1763,400,0.007433868099,0.00493073140593,0.999944738369
1966.89914714,1764,400,0.0073581301628,0.0049324459054,0.999945858653
1967.64914714,1765,400,0.00734372675324,0.0049341457097,0.999946070404
1968.39914714,1766,400,0.00738899459172,0.00493588125965,0.999945403504
1969.14914714,1767,400,0.00731274761112,0.00493754999544,0.999946524437
1969.89914714,1768,400,0.00731870118643,0.00493922126833,0.99994643733
1970.64914714,1769,400,0.00736554450487,0.00494092943643,0.99994574949
1971.39914714,1770,400,0.00737052379131,0.00494263927865,0.999945676117
1972.14914714,1771,400,0.0073551619159,0.00494433368261,0.999945902325
1972.89914714,1772,400,0.0074223699299,0.00494608225386,0.999944909183
1973.64914714,1773,400,0.00750922601849,0.00494790215371,0.99994361232
1974.39914714,1774,400,0.00761693672883,0.00494981210634,0.999941983116
1975.14914714,1775,400,0.00756147835609,0.00495167128516,0.999942824862
1975.89914714,1776,400,0.00760786862295,0.00495356766858,0.999942121173
1976.64914714,1777,400,0.00763351330783,0.0049554833863,0.999941730323
1977.39914714,1778,400,0.0076183640361,0.00495738310315,0.999941961372
1978.14914714,1779,400,0.0075628163239,0.00495923216646,0.999942804627
1978.89914714,1780,400,0.00765039532903,0.00496115390239,0.999941472308
1979.64914714,1781,400,0.00767611900644,0.00496309503876,0.999941078065
1980.39914714,1782,400,0.00770235313841,0.00496505603806,0.999940674636
1981.14914714,1783,400,0.00776900763937,0.00496707228567,0.999939643431
1981.89914714,1784,400,0.00795859134074,0.00496925362859,0.999936661827
1982.64914714,1785,400,0.00794389245838,0.00497141840149,0.999936895568
1983.39914714,1786,400,0.00807215247789,0.00497369543704,0.999934841416
1984.14914714,1787,400,0.00801605326771,0.0049759181341,0.999935743922
1984.89914714,1788,400,0.0079398641643,0.00497806906479,0.999936959551
1985.64914714,1789,400,0.00815020916545,0.00498040659335,0.999933575194
1986.39914714,1790,400,0.00809434772777,0.00498268954431,0.999934482608
1987.14914714,1791,400,0.00826363324659,0.00498512398177,0.999931713531
1987.89914714,1792,400,0.00831020115854,0.00498759769293,0.999930941749
1988.64914714,1793,400,0.00829539669075,0.00499005368232,0.999931187578
1989.39914714,1794,400,0.00832151335765,0.00499252995432,0.999930753614
1990.14914714,1795,400,0.00836830434077,0.00499504579105,0.999929972708
1990.89914714,1796,400,0.00833306305725,0.00499752477408,0.999930561266
1991.64914714,1797,400,0.00833874538993,0.00500000504289,0.999930466534
1992.39914714,1798,400,0.00836488998831,0.00500250560163,0.999930029839
1993.14914714,1799,400,0.00845241612533,0.00500508387144,0.999928557938
1993.89914714,1800,400,0.00851949080131,0.00500772109775,0.999927419594
1994.64914714,1801,400,0.00840211771533,0.0050102439564,0.999929405664
1995.39914714,1802,400,0.00840755067904,0.00501276780252,0.999929314341
1996.14914714,1803,400,0.00845393420153,0.00501533082609,0.999928532273
1996.89914714,1804,400,0.00845983069693,0.00501789520988,0.999928432545
1997.64914714,1805,400,0.00846551439489,0.00502046075241,0.99992833635
1998.39914714,1806,400,0.00853258537436,0.0050230849832,0.999927196312
1999.14914714,1807,400,0.00843568910404,0.00502561441752,0.999928840415
1999.89914714,1808,400,0.00864597491903,0.00502833734202,0.999925248515
2000.64914714,1809,400,0.00879490947787,0.00503119848686,0.999922651063
2001.39914714,1810,400,0.00873919448574,0.00503400123852,0.999923627938
2002.14914714,1811,400,0.00868348641639,0.00503674613538,0.999924598485
2002.89914714,1812,400,0.00877104000335,0.00503957018652,0.999923070337
2003.64914714,1813,400,0.00889953341347,0.00504251372625,0.999920799873
2004.39914714,1814,400,0.00902775093497,0.0050455778771,0.999918501374
2005.14914714,1815,400,0.00901363686281,0.00504862290037,0.999918756001
2005.89914714,1816,400,0.00901935567109,0.00505166835839,0.999918652878
2006.64914714,1817,400,0.00898375672318,0.00505467374202,0.999919293744
2007.39914714,1818,400,0.0090099391615,0.00505769965504,0.999918822644
2008.14914714,1819,400,0.00901529785043,0.00506072568121,0.999918726056
2008.89914714,1820,400,0.00916397772936,0.00506389321562,0.999916023275
2009.64914714,1821,400,0.00908749216678,0.00506697964848,0.999917419191
2010.39914714,1822,400,0.00901103359881,0.00506998591771,0.999918802922
2011.14914714,1823,400,0.00899624267311,0.00507297271016,0.999919069255
2011.89914714,1824,400,0.00891980344667,0.00507588051436,0.999920438689
2012.64914714,1825,400,0.00892527788441,0.00507878873975,0.999920341001
2013.39914714,1826,400,0.00882841957737,0.00508159945855,0.999922060526
2014.14914714,1827,400,0.00889548154562,0.00508446952627,0.999920871973
2014.89914714,1828,400,0.00890114130707,0.00508734025286,0.999920771253
2015.64914714,1829,400,0.00892747734055,0.00509023144066,0.999920301736
2016.39914714,1830,400,0.00897435639401,0.00509316285058,0.999919462549
2017.14914714,1831,400,0.009062245658,0.00509617431883,0.99991787739
2017.89914714,1832,400,0.0090062076331,0.00509912652997,0.999918889869
2018.64914714,1833,400,0.00911459634712,0.0051021788214,0.999916925859
2019.39914714,1834,400,0.00911995852195,0.00510523118382,0.999916828086
2020.14914714,1835,400,0.0090434517917,0.00510820427439,0.999918217652
2020.89914714,1836,400,0.00900791719612,0.00511113822226,0.999918859074
2021.64914714,1837,400,0.00905429570873,0.00511411187951,0.999918021409
2022.39914714,1838,400,0.00895738960451,0.00511698778353,0.999919766781
2023.14914714,1839,400,0.00894240257207,0.005119844701,0.999920035035
2023.89914714,1840,400,0.00900932594662,0.00512276065112,0.999918833693
2024.64914714,1841,400,0.00899488558794,0.00512565800144,0.99991909367
2025.39914714,1842,400,0.00893942711346,0.00512849792872,0.999920088239
2026.14914714,1843,400,0.00900625100548,0.00513139660701,0.999918889088
2026.89914714,1844,400,0.00905317252846,0.00513433525854,0.999918041747
2027.64914714,1845,400,0.00914075816802,0.00513735310781,0.999916448285
2028.39914714,1846,400,0.00908504654292,0.00514031241549,0.999917463632
2029.14914714,1847,400,0.00902934138572,0.00514321370767,0.999918472656
2029.89914714,1848,400,0.00893235183785,0.00514601863329,0.999920214682
2030.64914714,1849,400,0.00895852474018,0.00514884359216,0.999919746445
2031.39914714,1850,400,0.00884108278578,0.00515155428013,0.999921836783
2032.14914714,1851,400,0.00874478828192,0.00515417186635,0.99992353014
2032.89914714,1852,400,0.00860687921002,0.00515666001708,0.999925923002
2033.64914714,1853,400,0.00865318896283,0.00515918608942,0.999925123722
2034.39914714,1854,400,0.0088018538575,0.00516184378093,0.999922528869
2035.14914714,1855,400,0.00893034292246,0.00516461615246,0.999920250565
2035.89914714,1856,400,0.00905859514492,0.00516750432964,0.999917943537
2036.64914714,1857,400,0.00906427621259,0.00517039314707,0.999917840584
2037.39914714,1858,400,0.00917369515815,0.00517338105055,0.999915845088
2038.14914714,1859,400,0.00915853064476,0.00517634957285,0.999916123075
2038.89914714,1860,400,0.00924575248221,0.00517939651998,0.999914517888
2039.64914714,1861,400,0.00914873690128,0.00518234588683,0.999916302365
2040.39914714,1862,400,0.00905174906095,0.00518519899503,0.999918067517
2041.14914714,1863,400,0.00899573577995,0.00518799517844,0.999919078375
2041.89914714,1864,400,0.0088988035561,0.00519069722165,0.999920812863
2042.64914714,1865,400,0.00886354700384,0.00519336263546,0.999921439078
2043.39914714,1866,400,0.00893039746587,0.00519608516984,0.999920249591
2044.14914714,1867,400,0.00887466319651,0.00519875224436,0.999921241904
2044.89914714,1868,400,0.0088801218633,0.00520142008535,0.99992114499
2045.64914714,1869,400,0.00878325242032,0.005203995747,0.999922855965
2046.39914714,1870,400,0.00885031728896,0.0052066281127,0.999921673418
2047.14914714,1871,400,0.00891738882627,0.00520931747115,0.999920481757
2047.89914714,1872,400,0.00908795552947,0.00521215995056,0.99991741077
2048.64914714,1873,400,0.00911414636462,0.00521502225119,0.999916934061
2049.39914714,1874,400,0.00914076833032,0.00521790477938,0.9999164481
2050.14914714,1875,400,0.00912559478787,0.00522076848685,0.999916725254
2050.89914714,1876,400,0.00906991219957,0.00522357587864,0.999917738385
2051.64914714,1877,400,0.00913663589564,0.00522644069047,0.999916523627
2052.39914714,1878,400,0.00914235989275,0.00522930621144,0.999916419002
2053.14914714,1879,400,0.0090657989902,0.00523209621689,0.999917812977
2053.89914714,1880,400,0.00903020816192,0.00523484904858,0.999918457003
2054.64914714,1881,400,0.00901544777733,0.00523758399049,0.999918723353
2055.39914714,1882,400,0.00906210036089,0.00524035735781,0.999917880023
2056.14914714,1883,400,0.00921075821305,0.00524326388298,0.999915163733
2056.89914714,1884,400,0.0092980437527,0.0052462474417,0.999913548251
2057.64914714,1885,400,0.00930374171809,0.0052492314977,0.999913442263
2058.39914714,1886,400,0.00924801668853,0.00525215851421,0.999914476016
2059.14914714,1887,400,0.00915134876702,0.00525499111822,0.999916254569
2059.89914714,1888,400,0.00919768065317,0.00525786201866,0.99991540446
2060.64914714,1889,400,0.00918261654603,0.00526071438408,0.999915681331
2061.39914714,1890,400,0.00927019959097,0.00526364341623,0.999914065246
2062.14914714,1891,400,0.00907085846696,0.00526638416341,0.999917721219
2062.89914714,1892,400,0.00905583420986,0.00526910693093,0.999917993548
2063.64914714,1893,400,0.0090819820223,0.00527184917948,0.999917519303
2064.39914714,1894,400,0.00900555166093,0.00527451791787,0.999918901684
2065.14914714,1895,400,0.00911340037356,0.00527728019399,0.999916947658
2065.89914714,1896,400,0.0090781139735,0.00528000605288,0.999917589545
2066.64914714,1897,400,0.00902235924139,0.00528267728142,0.99991859869
2067.39914714,1898,400,0.00890501613155,0.00528523949469,0.99992070226
2068.14914714,1899,400,0.00893114449779,0.00528782097498,0.999920236249
2068.89914714,1900,400,0.00899806928967,0.00529045816645,0.999919036388
2069.64914714,1901,400,0.00898325007169,0.00529307803037,0.999919302846
2070.39914714,1902,400,0.00902972227533,0.00529573539947,0.999918465778
2071.14914714,1903,400,0.00895338205766,0.00529832056683,0.999919838556
2071.89914714,1904,400,0.00887713361491,0.00530083440785,0.999921198051
2072.64914714,1905,400,0.00880081873323,0.00530327765184,0.999922547089
2073.39914714,1906,400,0.00878594354099,0.00530570427419,0.999922808686
2074.14914714,1907,400,0.00877109434971,0.00530811436646,0.999923069384
2074.89914714,1908,400,0.00865391385029,0.00531042008064,0.999925111177
2075.64914714,1909,400,0.00872101258097,0.00531277985547,0.999923945386
2076.39914714,1910,400,0.00866516426414,0.00531508829014,0.999924916338
2077.14914714,1911,400,0.00862986601776,0.00531736326922,0.999925526799
2077.89914714,1912,400,0.00865590449301,0.00531965702327,0.999925076721
2078.64914714,1913,400,0.0087229027458,0.00532200457502,0.999923912415
2079.39914714,1914,400,0.0086261839149,0.00532426631134,0.999925590335
2080.14914714,1915,400,0.00852947661068,0.00532644340107,0.999927249352
2080.89914714,1916,400,0.00851461780852,0.00532860492741,0.999927502598
2081.64914714,1917,400,0.0086021047948,0.00533083659243,0.999926005162
2082.39914714,1918,400,0.00862817610235,0.00533308695628,0.999925555963
2083.14914714,1919,400,0.0085723893684,0.00533528716637,0.999926515491
2083.89914714,1920,400,0.00859849369287,0.0053375060484,0.999926067273
2084.64914714,1921,400,0.00846083968708,0.00533960723289,0.999928415473
2085.39914714,1922,400,0.00830278970117,0.00534157637161,0.999931064871
2086.14914714,1923,400,0.00818562713117,0.0053434487367,0.999932996631
2086.89914714,1924,400,0.00810937141519,0.00534525808901,0.999934239176
2087.64914714,1925,400,0.00797183671696,0.00534695751187,0.999936450829
2088.39914714,1926,400,0.00797741608009,0.00534865895001,0.999936361845
2089.14914714,1927,400,0.0080648377013,0.00535042609425,0.99993495945
2089.89914714,1928,400,0.00807044904783,0.00535219520986,0.999934868913
2090.64914714,1929,400,0.00815789599137,0.00535403061104,0.99993344984
2091.39914714,1930,400,0.00824532725207,0.005355932853,0.999932015734
2092.14914714,1931,400,0.00829188806173,0.00535786966216,0.999931245774
2092.89914714,1932,400,0.00829755817968,0.00535980830944,0.999931151713
2093.64914714,1933,400,0.00824187695703,0.00536169982235,0.999932072618
2094.39914714,1934,400,0.00808370075558,0.00536346424084,0.99993465485
2095.14914714,1935,400,0.00829384097985,0.00536539200579,0.999931213385
2095.89914714,1936,400,0.00811530494864,0.00536717611848,0.99993414291
2096.64914714,1937,400,0.00807999679272,0.00536893030451,0.999934714717
2097.39914714,1938,400,0.00814696806522,0.00537073431297,0.999933628013
2098.14914714,1939,400,0.00811169245996,0.00537250832794,0.999934201528
2098.89914714,1940,400,0.00815827054001,0.00537431627184,0.999933443729
2099.64914714,1941,400,0.00810249222089,0.0053760782864,0.999934350697
2100.39914714,1942,400,0.00825136301887,0.00537795446682,0.999931916167
2101.14914714,1943,400,0.00831844759577,0.00537988123274,0.999930804627
2101.89914714,1944,400,0.00840568743783,0.00538187505473,0.999929345667
2102.64914714,1945,400,0.00847267828715,0.00538392007761,0.999928215011
2103.39914714,1946,400,0.00847832117194,0.00538596678652,0.999928119362
2104.14914714,1947,400,0.00846347582414,0.00538799862932,0.99992837086
2104.89914714,1948,400,0.00848956976121,0.00539004868701,0.999927928504
2105.64914714,1949,400,0.00843392504102,0.00539205105882,0.999928870173
2106.39914714,1950,400,0.0085828069678,0.00539417106446,0.999926336781
2107.14914714,1951,400,0.00862957128648,0.00539632629237,0.999925531886
2107.89914714,1952,400,0.00851270050575,0.00539838339314,0.999927535243
2108.64914714,1953,400,0.00870284064098,0.00540059278181,0.999924261999
2109.39914714,1954,400,0.00860589678021,0.00540271953473,0.999925939912
2110.14914714,1955,400,0.00859112798399,0.00540483125817,0.999926193882
2110.89914714,1956,400,0.00845358079781,0.0054068291592,0.999928538248
2111.64914714,1957,400,0.0083975846985,0.00540877970921,0.999929481814
2112.39914714,1958,400,0.00854622502065,0.00541084642715,0.999926963372
2113.14914714,1959,400,0.00859311867513,0.00541294814482,0.999926159675
2113.89914714,1960,400,0.00870113225987,0.00541513490453,0.99992429173
2114.64914714,1961,400,0.0086454388704,0.00541727308241,0.999925257783
2115.39914714,1962,400,0.00865114449778,0.00541941287908,0.999925159099
2116.14914714,1963,400,0.00877963376361,0.00542165487415,0.999922919516
2116.89914714,1964,400,0.00876571611273,0.0054238821992,0.999923163697
2117.64914714,1965,400,0.00875053787853,0.00542609387678,0.999923429553
2118.39914714,1966,400,0.00879678170522,0.00542834042237,0.999922618129
2119.14914714,1967,400,0.00900756707199,0.00543075941812,0.999918865381
2119.89914714,1968,400,0.0089719300685,0.00543314491815,0.999919506091
2120.64914714,1969,400,0.00889578337216,0.00543546338667,0.999920866604
2121.39914714,1970,400,0.00883969338454,0.00543773208295,0.999921861347
2122.14914714,1971,400,0.00882494928637,0.00543998538716,0.999922121786
2122.89914714,1972,400,0.00887160638404,0.00544227394174,0.999921296149
2123.64914714,1973,400,0.0088359917339,0.00544452986178,0.999921926774
2124.39914714,1974,400,0.00873937821906,0.00544670359941,0.999923624727
2125.14914714,1975,400,0.00868415139357,0.00544882956204,0.999924586936
2125.89914714,1976,400,0.00871035333253,0.00545097370205,0.999924131184
2126.64914714,1977,400,0.00865470857185,0.00545307001642,0.999925097422
2127.39914714,1978,400,0.0085786105585,0.00545510263802,0.999926408795
2128.14914714,1979,400,0.00842068340692,0.00545700815486,0.999929093348
2128.89914714,1980,400,0.00838500437314,0.00545888334516,0.999929692937
2129.64914714,1981,400,0.00841072477113,0.00546077596614,0.99992926096
2130.39914714,1982,400,0.00847739208237,0.00546271801664,0.999928135115
2131.14914714,1983,400,0.00852363430976,0.00546469369343,0.999927348978
2131.89914714,1984,400,0.00873360108698,0.00546683370583,0.999923725667
2132.64914714,1985,400,0.00859604713662,0.00546886093383,0.999926109339
2133.39914714,1986,400,0.00856048652544,0.00547085729441,0.999926719413
2134.14914714,1987,400,0.00866819759498,0.00547293624172,0.999924863762
2134.89914714,1988,400,0.00869467156253,0.00547503342516,0.999924404115
2135.64914714,1989,400,0.00886377295598,0.00547726397113,0.999921435072
2136.39914714,1990,400,0.00876683255404,0.00547941299836,0.999923144124
2137.14914714,1991,400,0.00879298836153,0.00548158006736,0.99992268485
2137.89914714,1992,400,0.00875774603795,0.0054837157939,0.999923303355
2138.64914714,1993,400,0.008763773311,0.00548585337658,0.999923197752
2139.39914714,1994,400,0.00866680479863,0.00548791075547,0.999924887905
2140.14914714,1995,400,0.00883696496503,0.00549010127151,0.999921909575
2140.89914714,1996,400,0.00878087896626,0.00549224365264,0.999922897651
2141.64914714,1997,400,0.0088484208772,0.00549443731399,0.99992170698
2142.39914714,1998,400,0.00885371897211,0.00549663217528,0.999921613197
2143.14914714,1999,400,0.00900231260994,0.00549894465488,0.99991896001
2143.89914714,2000,400,0.00911001806744,0.00550134250305,0.999917009293
2144.64914714,2001,400,0.00905398073448,0.00550369069932,0.999918027113
2145.39914714,2002,400,0.00899826665067,0.00550598992876,0.999919032836
2146.14914714,2003,400,0.00896338769117,0.00550825751295,0.999919659295
2146.89914714,2004,400,0.00890770018137,0.00551047684247,0.999920654451
2147.64914714,2005,400,0.00887248756401,0.00551266474382,0.999921280514
2148.39914714,2006,400,0.00887821351402,0.00551485419087,0.999921178878
2149.14914714,2007,400,0.00876114143479,0.00551694733696,0.999923243874
2149.89914714,2008,400,0.00870505062713,0.00551899340432,0.999924223529
2150.64914714,2009,400,0.00881309261226,0.00552112199683,0.999922330907
2151.39914714,2010,400,0.00875742252641,0.00552320359801,0.999923309021
2152.14914714,2011,400,0.00870175984136,0.00552523861454,0.999924280809
2152.89914714,2012,400,0.00876845572755,0.00552732324742,0.999923115662
2153.64914714,2013,400,0.00879508620625,0.00552942603495,0.999922647955
2154.39914714,2014,400,0.00878036234271,0.00553151432181,0.999922906723
2155.14914714,2015,400,0.00872424274919,0.00553355569802,0.999923889037
2155.89914714,2016,400,0.00881140275429,0.00553566277544,0.999922360689
2156.64914714,2017,400,0.00881673261904,0.00553777116884,0.999922266737
2157.39914714,2018,400,0.00886338065921,0.00553991355777,0.999921442026
2158.14914714,2019,400,0.00891003342027,0.00554209004937,0.99992061288
2158.89914714,2020,400,0.00907911989,0.00554439932952,0.999917571281
2159.64914714,2021,400,0.00908483237647,0.00554670999249,0.999917467524
2160.39914714,2022,400,0.00890718112175,0.00554887497102,0.999920663698
2161.14914714,2023,400,0.00887199415004,0.00555100911161,0.999921289269
2161.89914714,2024,400,0.00889820685955,0.00555316104605,0.999920823482
2162.64914714,2025,400,0.00900579757495,0.00555539563944,0.999918897255
2163.39914714,2026,400,0.0091548093422,0.00555774729736,0.999916191222
2164.14914714,2027,400,0.00903726147833,0.00556000077055,0.999918329573
2164.89914714,2028,400,0.00906394077023,0.0055622725156,0.999917846665
2165.64914714,2029,400,0.00921248739751,0.00556466132396,0.999915131877
2166.39914714,2030,400,0.00917728511591,0.00556701811369,0.999915779211
2167.14914714,2031,400,0.00920304004261,0.00556939251181,0.999915305847
2167.89914714,2032,400,0.00914783744911,0.00557171882508,0.999916318821
2168.64914714,2033,400,0.00913263019961,0.0055740296144,0.999916596805
2169.39914714,2034,400,0.00905699839642,0.00557627652961,0.999917972462
2170.14914714,2035,400,0.00910317808837,0.00557855726941,0.999917133865
2170.89914714,2036,400,0.0090060935514,0.00558075747263,0.999918891924
2171.64914714,2037,400,0.00915510512924,0.00558307363002,0.999916185806
2172.39914714,2038,400,0.00907896609657,0.00558532557279,0.999917574073
2173.14914714,2039,400,0.00902283009836,0.00558752980459,0.999918590194
2173.89914714,2040,400,0.00900765826027,0.00558971901259,0.999918863739
2174.64914714,2041,400,0.00899251123677,0.00559189327496,0.999919136376
2175.39914714,2042,400,0.00895691813221,0.00559403659962,0.999919775227
2176.14914714,2043,400,0.00896229056464,0.00559618121655,0.999919678961
2176.89914714,2044,400,0.00896768870912,0.00559832714385,0.999919582176
2177.64914714,2045,400,0.00893216938519,0.00560044239471,0.999920217941
2178.39914714,2046,400,0.00904020066674,0.00560263946999,0.999918276442
2179.14914714,2047,400,0.00898447289331,0.00560478976324,0.999919280876
2179.89914714,2048,400,0.00892848824092,0.00560689346625,0.999920283686
2180.64914714,2049,400,0.00901631750662,0.00560906289552,0.999918707671
2181.39914714,2050,400,0.00898107279144,0.00561120179911,0.999919341958
2182.14914714,2051,400,0.00898647586559,0.00561334201927,0.999919244882
2182.89914714,2052,400,0.00899216706868,0.00561548377878,0.999919142566
2183.64914714,2053,400,0.00899758656114,0.00561762686326,0.999919045075
2184.39914714,2054,400,0.00890091580967,0.00561969209591,0.999920775267
2185.14914714,2055,400,0.00890660488002,0.00562175894563,0.999920673963
2185.89914714,2056,400,0.00897370388493,0.00562387490682,0.99991947426
2186.64914714,2057,400,0.00902066242507,0.0056260245239,0.999918629305
2187.39914714,2058,400,0.0090465082059,0.00562819138961,0.999918162364
2188.14914714,2059,400,0.00915490415504,0.00563044041061,0.999916189486
2188.89914714,2060,400,0.0090988440818,0.00563264225587,0.99991721275
2189.64914714,2061,400,0.00910422763746,0.00563484532447,0.999917114757
2190.39914714,2062,400,0.00915058187603,0.00563708179597,0.999916268604
2191.14914714,2063,400,0.00923791167991,0.00563938422973,0.999914662808
2191.89914714,2064,400,0.00934596467568,0.00564176971682,0.999912654852
2192.64914714,2065,400,0.00943355283054,0.00564422244997,0.999911010061
2193.39914714,2066,400,0.00941852077401,0.00564665959913,0.999911293434
2194.14914714,2067,400,0.00960829081731,0.00564924795055,0.999907682878
2194.89914714,2068,400,0.00957282387601,0.00565180351266,0.999908363142
2195.64914714,2069,400,0.00951689942555,0.00565430982329,0.999909430676
2196.39914714,2070,400,0.00925617923562,0.00565660360364,0.999914324981
2197.14914714,2071,400,0.00909792577507,0.00565877031812,0.999917229459
2197.89914714,2072,400,0.00900119011922,0.00566085947868,0.999918980218
2198.64914714,2073,400,0.00915022443332,0.00566306107211,0.999916275145
2199.39914714,2074,400,0.00913540323415,0.00566524815537,0.999916546149
2200.14914714,2075,400,0.00912045784559,0.00566742068734,0.999916818979
2200.89914714,2076,400,0.00910577189291,0.00566957892424,0.999917086637
2201.64914714,2077,400,0.0090704876252,0.00567170704182,0.999917727946
2202.39914714,2078,400,0.00913757068557,0.00567388411325,0.999916506545
2203.14914714,2079,400,0.0092863815186,0.00567617442319,0.999913764977
2203.89914714,2080,400,0.00923046935168,0.00567841778054,0.99991480025
2204.64914714,2081,400,0.0092774211927,0.00568069485143,0.999913931308
2205.39914714,2082,400,0.00909881303182,0.00568283012366,0.999917213315
2206.14914714,2083,400,0.00924779899619,0.00568507795658,0.999914480042
2206.89914714,2084,400,0.00910991318826,0.00568721596102,0.999917011204
2207.64914714,2085,400,0.009033488144,0.00568929266591,0.999918397757
2208.39914714,2086,400,0.00905962725149,0.0056913865409,0.999917924838
2209.14914714,2087,400,0.00918795170046,0.00569357617315,0.999915583325
2209.89914714,2088,400,0.00917299056616,0.00569575131841,0.999915858014
2210.64914714,2089,400,0.00919900477868,0.00569794362822,0.999915380101
2211.39914714,2090,400,0.00920464893902,0.00570013735772,0.999915276233
2212.14914714,2091,400,0.00910848738475,0.00570225429957,0.999917037178
2212.89914714,2092,400,0.00915487787036,0.00570440393152,0.999916189967
2213.64914714,2093,400,0.00930440725582,0.00570666624921,0.999913429879
2214.39914714,2094,400,0.00924904497303,0.00570888254943,0.999914456997
2215.14914714,2095,400,0.00909059527316,0.00571097443735,0.999917362785
2215.89914714,2096,400,0.00901407674764,0.00571300571888,0.999918748071
2216.64914714,2097,400,0.00899930960077,0.00571502324414,0.999919014066
2217.39914714,2098,400,0.0089235080749,0.00571698150082,0.999920372589
2218.14914714,2099,400,0.00880603103623,0.00571885046674,0.999922455321
2218.89914714,2100,400,0.00870905383931,0.0057206463486,0.999924153819
2219.64914714,2101,400,0.00871475904342,0.00572244409217,0.999924054417
2220.39914714,2102,400,0.00865945685947,0.00572419963428,0.999925015213
2221.14914714,2103,400,0.00860339258323,0.00572591278257,0.999925983006
2221.89914714,2104,400,0.00854735441276,0.00572758391411,0.999926944067
2222.64914714,2105,400,0.00861444650936,0.00572930070782,0.999925792688
2223.39914714,2106,400,0.00868154468141,0.00573106343426,0.999924632202
2224.14914714,2107,400,0.00878957621956,0.005732902074,0.999922744842
2224.89914714,2108,400,0.00873353155642,0.00573469776132,0.999923726881
2225.64914714,2109,400,0.00873891368473,0.00573649507091,0.999923632846
2226.39914714,2110,400,0.00876507696762,0.00573830902659,0.999923174901
2227.14914714,2111,400,0.00875000880642,0.00574010980113,0.999923438811
2227.89914714,2112,400,0.00885777013372,0.00574198653842,0.999921541447
2228.64914714,2113,400,0.00892485757273,0.00574391003456,0.999920348503
2229.39914714,2114,400,0.00899223507539,0.00574588076065,0.999919141343
2230.14914714,2115,400,0.00899828079367,0.00574785342192,0.999919032582
2230.89914714,2116,400,0.00910634178765,0.00574990394268,0.999917076258
2231.64914714,2117,400,0.00907074998682,0.00575192523133,0.999917723187
2232.39914714,2118,400,0.00913754350761,0.00575399379991,0.999916507041
2233.14914714,2119,400,0.00914324432047,0.00575606394589,0.99991640283
2233.89914714,2120,400,0.0091083617206,0.00575810531836,0.999917039467
2234.64914714,2121,400,0.00909324063218,0.00576013277956,0.999917314684
2235.39914714,2122,400,0.00907814371505,0.00576214639948,0.999917589005
2236.14914714,2123,400,0.00908354405304,0.0057641614274,0.999917490929
2236.89914714,2124,400,0.00919133293582,0.00576625427274,0.999915521183
2237.64914714,2125,400,0.00903321937564,0.00576822684884,0.999918402612
2238.39914714,2126,400,0.00891582229726,0.00577011101078,0.999920509693
2239.14914714,2127,400,0.00888034429309,0.00577196707325,0.99992114104
2239.89914714,2128,400,0.00886536246995,0.00577380997632,0.999921406893
2240.64914714,2129,400,0.00889134692325,0.00577566932251,0.999920945512
2241.39914714,2130,400,0.00891762567512,0.00577754534007,0.999920477533
2242.14914714,2131,400,0.00884123642263,0.00577936391417,0.999921834066
2242.89914714,2132,400,0.00876520517817,0.00578112590701,0.999923172654
2243.64914714,2133,400,0.00887345457152,0.00578296310835,0.999921263354
2244.39914714,2134,400,0.00883851268694,0.00578477293826,0.999921882219
2245.14914714,2135,400,0.00890561894796,0.00578662869853,0.999920691524
2245.89914714,2136,400,0.00891170245426,0.00578848651038,0.999920583136
2246.64914714,2137,400,0.00901938160196,0.00579042000659,0.99991865241
2247.39914714,2138,400,0.0089428608265,0.00579229555517,0.999920026839
2248.14914714,2139,400,0.00892809707627,0.00579415809962,0.999920290671
2248.89914714,2140,400,0.00879018312577,0.00579591980031,0.999922734173
2249.64914714,2141,400,0.00873448252348,0.00579764000106,0.99992371027
2250.39914714,2142,400,0.00867878901414,0.00579931905085,0.99992468004
2251.14914714,2143,400,0.00864323661479,0.00580097127902,0.999925295856
2251.89914714,2144,400,0.00875158979122,0.00580269724567,0.999923411143
2252.64914714,2145,400,0.00871601841244,0.00580439613774,0.999924032466
2253.39914714,2146,400,0.00878347959496,0.00580614032343,0.999922851974
2254.14914714,2147,400,0.00868687099226,0.00580781468445,0.999924539696
2254.89914714,2148,400,0.00869220324244,0.00580949071766,0.99992444703
2255.64914714,2149,400,0.00865663017657,0.00581113999888,0.999925064158
2256.39914714,2150,400,0.00868247914797,0.00581280521008,0.999924615977
2257.14914714,2151,400,0.00866742342073,0.00581445795389,0.999924877182
2257.89914714,2152,400,0.00869332619512,0.00581612665695,0.999924427508
2258.64914714,2153,400,0.00861691997044,0.00581774053585,0.999925750069
2259.39914714,2154,400,0.00860194221073,0.00581934218201,0.999926007959
2260.14914714,2155,400,0.0084643435795,0.00582084829943,0.999928356171
2260.89914714,2156,400,0.00853139163073,0.00582239801929,0.999927216681
2261.64914714,2157,400,0.00861874249661,0.00582400551634,0.999925718657
2262.39914714,2158,400,0.00860393329649,0.00582560093663,0.999925973702
2263.14914714,2159,400,0.00844586956502,0.00582708733688,0.999928668559
2263.89914714,2160,400,0.00849229521398,0.00582860321268,0.999927882222
2264.64914714,2161,400,0.008518411452,0.00583013492268,0.999927437983
2265.39914714,2162,400,0.00840128549282,0.00583158622342,0.999929419648
2266.14914714,2163,400,0.00844771650316,0.00583306682437,0.999928637359
2266.89914714,2164,400,0.00847371382058,0.00583456310262,0.999928197463
2267.64914714,2165,400,0.00858179199462,0.00583613056002,0.999926354202
2268.39914714,2166,400,0.00879208757301,0.00583784062445,0.99992270069
2269.14914714,2167,400,0.00869525020709,0.00583948169898,0.999924394053
2269.89914714,2168,400,0.00855763233751,0.00584102705279,0.99992676827
2270.64914714,2169,400,0.00846082948428,0.00584250557289,0.999928415646
2271.39914714,2170,400,0.00846637911328,0.00584398606056,0.999928321709
2272.14914714,2171,400,0.00851293956292,0.00584549595772,0.999927531173
2272.89914714,2172,400,0.00860036229235,0.00584706297755,0.999926035136
2273.64914714,2173,400,0.00858552692437,0.00584861810525,0.999926290086
2274.39914714,2174,400,0.00852971384943,0.00585013383493,0.999927245305
2275.14914714,2175,400,0.00859671711879,0.0058516928598,0.99992609782
2275.89914714,2176,400,0.00850002445665,0.00585318514025,0.999927750889
2276.64914714,2177,400,0.00840331115487,0.00585461153867,0.999929385608
2277.39914714,2178,400,0.00844984049857,0.0058560670211,0.99992860147
2278.14914714,2179,400,0.00839409594984,0.00585748402353,0.999929540394
2278.89914714,2180,400,0.00854299749824,0.0058589981098,0.999927018525
2279.64914714,2181,400,0.00848724920257,0.00586047327779,0.999927967898
2280.39914714,2182,400,0.00843150725835,0.00586190985699,0.999928910949
2281.14914714,2183,400,0.00841657704949,0.0058633349423,0.999929162485
2281.89914714,2184,400,0.00827898349284,0.00586466870214,0.999931459607
2282.64914714,2185,400,0.00832545131103,0.00586603103727,0.999930688062
2283.39914714,2186,400,0.00843338443473,0.00586746232336,0.999928879292
2284.14914714,2187,400,0.00852098904131,0.00586894981105,0.999927394064
2284.89914714,2188,400,0.00848558161527,0.00587041212232,0.999927996201
2285.64914714,2189,400,0.00836834436866,0.0058717958709,0.999929972039
2286.39914714,2190,400,0.00855806684271,0.00587330286388,0.999926760833
2287.14914714,2191,400,0.00872747382397,0.00587492184327,0.999923832651
2287.89914714,2192,400,0.0087537200933,0.00587655670933,0.999923373852
2288.64914714,2193,400,0.00863641918343,0.00587811050872,0.999925413655
2289.39914714,2194,400,0.00880594552208,0.00587977709079,0.999922456827
2290.14914714,2195,400,0.00889348420251,0.00588150169068,0.999920907503
2290.89914714,2196,400,0.00889897041907,0.00588322799276,0.999920809893
2291.64914714,2197,400,0.00886369149622,0.00588492798385,0.999921436516
2292.39914714,2198,400,0.00893076322838,0.00588667205878,0.999920243059
2293.14914714,2199,400,0.00901814068928,0.005888474591,0.999918674792
2293.89914714,2200,400,0.00896224158766,0.00589023615288,0.999919679839
2294.64914714,2201,400,0.00907014413862,0.00589207060685,0.999917734177
2295.39914714,2202,400,0.00915778966082,0.00589396437255,0.999916136647
2296.14914714,2203,400,0.00922504000692,0.00589590340133,0.999914900447
2296.89914714,2204,400,0.00921023687497,0.00589782953684,0.999915173336
2297.64914714,2205,400,0.00915428661155,0.00589971380514,0.999916200792
2298.39914714,2206,400,0.00905741115837,0.00590152800617,0.999917964986
2299.14914714,2207,400,0.00900183149973,0.00590330148633,0.999918968671
2299.89914714,2208,400,0.00902797507011,0.00590509090412,0.999918497327
2300.64914714,2209,400,0.00909486499624,0.00590692461214,0.999917285141
2301.39914714,2210,400,0.00901846637191,0.00590870310562,0.999918668918
2302.14914714,2211,400,0.00890147792092,0.00591039924357,0.99992076526
2302.89914714,2212,400,0.00902996665928,0.0059121814508,0.999918461364
2303.64914714,2213,400,0.00921988183891,0.00591409392203,0.999914995585
2304.39914714,2214,400,0.00918461225442,0.00591597926894,0.999915644677
2305.14914714,2215,400,0.00923101667351,0.00591789491056,0.999914790146
2305.89914714,2216,400,0.00929811509464,0.0059198555911,0.999913546924
2306.64914714,2217,400,0.00922167804951,0.00592175994181,0.999914962462
2307.39914714,2218,400,0.00908424376211,0.00592356622066,0.999917478218
2308.14914714,2219,400,0.00908969449024,0.00592537408866,0.999917379161
2308.89914714,2220,400,0.00923867440139,0.0059272835341,0.999914648717
2309.64914714,2221,400,0.00928509536321,0.00592922329488,0.999913788862
2310.39914714,2222,400,0.00922933614949,0.00593112150967,0.999914821168
2311.14914714,2223,400,0.00919386867472,0.00593299263873,0.999915474565
2311.89914714,2224,400,0.00903572958516,0.00593475229037,0.999918357257
2312.64914714,2225,400,0.0089798077804,0.00593647170313,0.999919364678
2313.39914714,2226,400,0.00896485799137,0.00593817892629,0.999919632936
2314.14914714,2227,400,0.0089500353591,0.00593987408904,0.999919898471
2314.89914714,2228,400,0.00905803977667,0.00594164070864,0.999917953598
2315.64914714,2229,400,0.00902274947429,0.00594338113639,0.999918591649
2316.39914714,2230,400,0.00894637754684,0.00594506773763,0.99991996393
2317.14914714,2231,400,0.00882919844824,0.00594667384962,0.999922046774
2317.89914714,2232,400,0.00877332344781,0.00594824104873,0.999923030277
2318.64914714,2233,400,0.00877888395366,0.00594981010494,0.999922932681
2319.39914714,2234,400,0.00872306290151,0.00595134060199,0.999923909621
2320.14914714,2235,400,0.00864680235836,0.00595281955541,0.999925234207
2320.89914714,2236,400,0.00867288250063,0.00595431378269,0.999924782524
2321.64914714,2237,400,0.00865804422352,0.00595579664874,0.999925039675
2322.39914714,2238,400,0.0089092853645,0.00595744334179,0.999920626209
2323.14914714,2239,400,0.00885355214554,0.00595905101035,0.99992161615
2323.89914714,2240,400,0.00875679586956,0.00596059300215,0.999923319996
2324.64914714,2241,400,0.00874192168046,0.00596212347934,0.999923580265
2325.39914714,2242,400,0.00876798559455,0.00596366926553,0.999923123906
2326.14914714,2243,400,0.00860991341841,0.00596511062047,0.999925870765
2326.89914714,2244,400,0.00861561851377,0.005966554013,0.999925772495
2327.64914714,2245,400,0.00862134999422,0.00596799945786,0.999925673705
2328.39914714,2246,400,0.00870877646355,0.00596949976874,0.999924158651
2329.14914714,2247,400,0.008714351525,0.00597100198764,0.999924061519
2329.89914714,2248,400,0.00884288434804,0.00597258653241,0.999921804925
2330.64914714,2249,400,0.00876658096598,0.0059741192455,0.999923148535
2331.39914714,2250,400,0.008854200602,0.00597570761877,0.999921604668
2332.14914714,2251,400,0.00883950938832,0.00597728449949,0.9999218646
2332.89914714,2252,400,0.00890626569219,0.00597890355596,0.999920680004
2333.64914714,2253,400,0.00885042915193,0.00598048394559,0.999921671438
2334.39914714,2254,400,0.00895851908925,0.00598213389752,0.999919746546
2335.14914714,2255,400,0.00902570076138,0.00598382670188,0.999918538385
2335.89914714,2256,400,0.0090515377108,0.00598553482167,0.999918071343
2336.64914714,2257,400,0.00905698003863,0.00598724458769,0.999917972795
2337.39914714,2258,400,0.00910344023438,0.00598898354799,0.999917129093
2338.14914714,2259,400,0.00900666564796,0.00599065571168,0.999918881619
2338.89914714,2260,400,0.00893053850263,0.00599227551428,0.999920247072
2339.64914714,2261,400,0.00887492801717,0.00599385691505,0.999921237204
2340.39914714,2262,400,0.00888042949381,0.00599544010237,0.999921139527
2341.14914714,2263,400,0.00896783761592,0.00599707895029,0.999919579505
2341.89914714,2264,400,0.00901442656041,0.00599874674667,0.999918741765
2342.64914714,2265,400,0.00906102024428,0.0060004435913,0.999917899597
2343.39914714,2266,400,0.00908702925969,0.00600215581151,0.999917427604
2344.14914714,2267,400,0.00927684843026,0.0060039940858,0.999913941935
2344.89914714,2268,400,0.00940542976534,0.00600591835475,0.999911539847
2345.64914714,2269,400,0.00930868875581,0.00600777390724,0.999913350191
2346.39914714,2270,400,0.00921183504156,0.00600956150683,0.999915143895
2347.14914714,2271,400,0.00921739457505,0.00601135075382,0.999915041442
2347.89914714,2272,400,0.00924350668878,0.00601315553634,0.999914559409
2348.64914714,2273,400,0.00922893989646,0.00601494834933,0.999914828482
2349.39914714,2274,400,0.00917301055485,0.00601670144029,0.999915857647
2350.14914714,2275,400,0.00924009156575,0.00601849758552,0.99991462253
2350.89914714,2276,400,0.00918417687007,0.00602025402503,0.999915652674
2351.64914714,2277,400,0.00912828908817,0.00602197109109,0.999916676074
2352.39914714,2278,400,0.00907242788065,0.00602364911373,0.999917692746
2353.14914714,2279,400,0.00911896347609,0.00602535602152,0.999916846234
2353.89914714,2280,400,0.00918600988664,0.00602710560451,0.999915619002
2354.64914714,2281,400,0.00923256489258,0.00602888432316,0.999914761562
2355.39914714,2282,400,0.00936103505897,0.00603074774545,0.999912372942
2356.14914714,2283,400,0.00934618186702,0.00603259887286,0.999912650792
2356.89914714,2284,400,0.00922892205857,0.00603436879537,0.999914828811
2357.64914714,2285,400,0.00915263697289,0.00603608581709,0.999916230991
2358.39914714,2286,400,0.00911731390613,0.00603777747073,0.999916876315
2359.14914714,2287,400,0.00900009054283,0.00603939029095,0.999919000011
2359.89914714,2288,400,0.00892380794281,0.00604095181012,0.999920367237
2360.64914714,2289,400,0.00897038404282,0.00604254169066,0.999919533829
2361.39914714,2290,400,0.00897599209497,0.0060441334007,0.999919433189
2362.14914714,2291,400,0.00885880823184,0.00604564785683,0.999921523056
2362.89914714,2292,400,0.00888487916214,0.00604717730064,0.99992106048
2363.64914714,2293,400,0.008829134607,0.00604866942632,0.999922047901
2364.39914714,2294,400,0.008937170343,0.00605022903035,0.999920128581
2365.14914714,2295,400,0.00898382802163,0.00605181697534,0.999919292463
2365.89914714,2296,400,0.0088870506078,0.00605334090243,0.999921021891
2366.64914714,2297,400,0.00895419191777,0.00605490618394,0.999919824054
2367.39914714,2298,400,0.00914417389587,0.00605659322212,0.999916385832
2368.14914714,2299,400,0.00914995387291,0.00605828211944,0.999916280096
2368.89914714,2300,400,0.0090736187918,0.00605991917455,0.999917671137
2369.64914714,2301,400,0.0089768184836,0.00606149172747,0.999919418353
2370.39914714,2302,400,0.0089412570042,0.00606303968002,0.999920055521
2371.14914714,2303,400,0.00911038198154,0.00606469518746,0.999917002662
2371.89914714,2304,400,0.00917741920069,0.00606639266333,0.99991577675
2372.64914714,2305,400,0.00922396122019,0.00606811880763,0.999914920349
2373.39914714,2306,400,0.00918863534237,0.00606981972963,0.999915570763
2374.14914714,2307,400,0.00933764545666,0.00607161724412,0.999912810278
2374.89914714,2308,400,0.00942512060148,0.00607347121345,0.999911169074
2375.64914714,2309,400,0.00932831221274,0.00607525830168,0.999912984484
2376.39914714,2310,400,0.00929297083253,0.00607701987768,0.999913642558
2377.14914714,2311,400,0.009175726818,0.0060787023497,0.99991580781
2377.89914714,2312,400,0.00930419121306,0.00608046733801,0.999913433899
2378.64914714,2313,400,0.00933029169501,0.00608224757475,0.999912947552
2379.39914714,2314,400,0.0093973490957,0.0060840703535,0.99991169178
2380.14914714,2315,400,0.00950536725568,0.00608596347475,0.999909650034
2380.89914714,2316,400,0.00959291820466,0.00608791366856,0.999907978037
2381.64914714,2317,400,0.00951687344427,0.00608981006044,0.999909431171
2382.39914714,2318,400,0.00948142505883,0.00609168037972,0.999910104599
2383.14914714,2319,400,0.00958963299723,0.00609362153069,0.999908041053
2383.89914714,2320,400,0.00957482289496,0.00609555035575,0.999908324868
2384.64914714,2321,400,0.00955982925523,0.00609746677325,0.999908611753
2385.39914714,2322,400,0.00956549410408,0.00609938476361,0.999908503416
2386.14914714,2323,400,0.00946875892447,0.00610123554426,0.999910344614
2386.89914714,2324,400,0.0095561680798,0.00610314279386,0.999908681736
2387.64914714,2325,400,0.00956168544874,0.00610505152335,0.999908576261
2388.39914714,2326,400,0.00960845489044,0.00610698957472,0.999907679725
2389.14914714,2327,400,0.00959347375996,0.00610891522823,0.999907967379
2389.89914714,2328,400,0.00961961444358,0.0061108562736,0.999907465159
2390.64914714,2329,400,0.00968671991859,0.00611284053713,0.999906169658
2391.39914714,2330,400,0.00999958915257,0.00611503860161,0.999900010716
2392.14914714,2331,400,0.00998460546539,0.00611722349162,0.999900310138
2392.89914714,2332,400,0.00988769430303,0.00611933825158,0.999902235891
2393.64914714,2333,400,0.00979081146231,0.00612138372037,0.999904142308
2394.39914714,2334,400,0.00981686628373,0.00612344462664,0.999903631458
2395.14914714,2335,400,0.0100273303951,0.00612564907346,0.999899455173
2395.89914714,2336,400,0.0100944296225,0.00612789800057,0.999898105086
2396.64914714,2337,400,0.0100180521001,0.00613009056562,0.99989964115
2397.39914714,2338,400,0.00988027472153,0.00613218486258,0.999902382554
2398.14914714,2339,400,0.00982440896453,0.00613423829341,0.999903483317
2398.89914714,2340,400,0.00974808314133,0.00613623726321,0.999904977133
2399.64914714,2341,400,0.00967179724082,0.00613818232636,0.999906458526
2400.39914714,2342,400,0.00959546261095,0.00614007397446,0.999907929217
2401.14914714,2343,400,0.00978540689877,0.00614209133038,0.999904248104
2401.89914714,2344,400,0.00977061318558,0.00614409625935,0.999904537396
2402.64914714,2345,400,0.00977625695608,0.00614610265231,0.999904427084
2403.39914714,2346,400,0.00976154660596,0.00614809671763,0.999904714478
2404.14914714,2347,400,0.00993145340605,0.00615020434084,0.999901368665
2404.89914714,2348,400,0.00993714021158,0.00615231335853,0.999901255682
2405.64914714,2349,400,0.00988166382214,0.00615438183221,0.999902355104
2406.39914714,2350,400,0.00994881640333,0.00615649387347,0.999901023501
2407.14914714,2351,400,0.00999518553299,0.00615863533025,0.999900098761
2407.89914714,2352,400,0.0100213687264,0.00616079230724,0.99989957469
2408.64914714,2353,400,0.0100472700002,0.00616296461936,0.999899054913
2409.39914714,2354,400,0.0100731953481,0.00616515229285,0.999898533309
2410.14914714,2355,400,0.0103244904515,0.0061675137909,0.999893407738
2410.89914714,2356,400,0.0102070272515,0.00616978942625,0.999895819308
2411.64914714,2357,400,0.0101920454504,0.00617205178868,0.999896124907
2412.39914714,2358,400,0.010116144182,0.00617425846725,0.999897666245
2413.14914714,2359,400,0.0103064618935,0.00617659586673,0.999893779664
2413.89914714,2360,400,0.0101889416413,0.00617884781432,0.999896188163
2414.64914714,2361,400,0.010194632806,0.00618110100944,0.999896072162
2415.39914714,2362,400,0.0102205585451,0.00618336959635,0.999895542911
2416.14914714,2363,400,0.0101235679624,0.00618556793389,0.999897515998
2416.89914714,2364,400,0.00996513410764,0.00618765484069,0.999900698568
2417.64914714,2365,400,0.0100324684024,0.00618978527161,0.99989935211
2418.39914714,2366,400,0.00989451612016,0.00619181934769,0.999902100947
2419.14914714,2367,400,0.00981805655266,0.00619379963498,0.999903608088
2419.89914714,2368,400,0.00984404716609,0.0061957950332,0.999903097083
2420.64914714,2369,400,0.00974714870307,0.00619772345822,0.999904995349
2421.39914714,2370,400,0.00987559898417,0.00619973542897,0.999902474923
2422.14914714,2371,400,0.00973777097355,0.00620165312908,0.999905178064
2422.89914714,2372,400,0.00982533500599,0.00620362682719,0.999903465122
2423.64914714,2373,400,0.00979000395537,0.00620557470382,0.999904158119
2424.39914714,2374,400,0.00979564428507,0.0062075240771,0.999904047655
2425.14914714,2375,400,0.00980140125503,0.00620947502264,0.999903934841
2425.89914714,2376,400,0.00974548063888,0.00621138668146,0.999905027862
2426.64914714,2377,400,0.00981257766267,0.00621334057131,0.999903715637
2427.39914714,2378,400,0.00992078969621,0.00621536444325,0.999901580354
2428.14914714,2379,400,0.00998775581983,0.00621743102299,0.999900247221
2428.89914714,2380,400,0.0101572958393,0.00621961054542,0.999896832002
2429.64914714,2381,400,0.0101834461324,0.0062218054276,0.999896300113
2430.39914714,2382,400,0.0102299425942,0.00622402970436,0.999895351013
2431.14914714,2383,400,0.0101535214078,0.00622619882633,0.99989690866
2431.89914714,2384,400,0.0100772148558,0.00622831339065,0.999898452319
2432.64914714,2385,400,0.0100828664764,0.00623042929879,0.999898338388
2433.39914714,2386,400,0.00994498942858,0.00623244986972,0.999901099631
2434.14914714,2387,400,0.00978665903076,0.00623436312743,0.999904223598
2434.89914714,2388,400,0.00983321740863,0.00623630486578,0.999903310173
2435.64914714,2389,400,0.00971591816551,0.00623816744118,0.999905603162
2436.39914714,2390,400,0.00966010483492,0.00623999164588,0.999906684552
2437.14914714,2391,400,0.00958383507946,0.00624176461911,0.999908152214
2437.89914714,2392,400,0.00971231569545,0.00624361860815,0.999905673148
2438.64914714,2393,400,0.00957454092529,0.00624538159911,0.999908330267
2439.39914714,2394,400,0.00968260972476,0.0062472121955,0.999906249266
2440.14914714,2395,400,0.00954483276274,0.00624895222578,0.999908898243
2440.89914714,2396,400,0.00957091539816,0.00625070696536,0.999908399676
2441.64914714,2397,400,0.00951514606698,0.00625242423789,0.999909464045
2442.39914714,2398,400,0.00941844325415,0.00625407856541,0.999911294894
2443.14914714,2399,400,0.00942403052743,0.00625573458432,0.999911189621
2443.89914714,2400,400,0.00949117818364,0.00625743107243,0.999909919565
2444.64914714,2401,400,0.00947643655993,0.00625911638515,0.999910199166
2445.39914714,2402,400,0.00948201014892,0.00626080335473,0.999910093504
2446.14914714,2403,400,0.00940584776085,0.00626244067011,0.999911531985
2446.89914714,2404,400,0.00947305470636,0.00626411832361,0.999910263248
2447.64914714,2405,400,0.00941742222856,0.0062657592634,0.999911314125
2448.39914714,2406,400,0.00946392317774,0.00626742752264,0.999910436164
2449.14914714,2407,400,0.00942878463466,0.00626907195509,0.999911099996
2449.89914714,2408,400,0.0094343288608,0.00627071805403,0.999910995419
2450.64914714,2409,400,0.00943987632489,0.00627236581958,0.99991089072
2451.39914714,2410,400,0.00942522260361,0.00627400264402,0.999911167152
2452.14914714,2411,400,0.00934916605949,0.00627559049765,0.999912595004
2452.89914714,2412,400,0.0093140914259,0.00627715501578,0.999913249582
2453.64914714,2413,400,0.00925819471766,0.00627868358724,0.999914287667
2454.39914714,2414,400,0.00934597079245,0.00628026437781,0.999912654737
2455.14914714,2415,400,0.00929006880116,0.00628180912608,0.999913696484
2455.89914714,2416,400,0.00943825438616,0.0062834436241,0.999910921338
2456.64914714,2417,400,0.00942332714869,0.00628506707805,0.999911202877
2457.39914714,2418,400,0.00953103490556,0.00628675592041,0.999909161437
2458.14914714,2419,400,0.00953660330085,0.00628844640339,0.999909055265
2458.89914714,2420,400,0.00968552033282,0.00629022905919,0.999906192896
2459.64914714,2421,400,0.0097117577618,0.00629202644292,0.999905683985
2460.39914714,2422,400,0.0096351107275,0.00629377319028,0.999907166796
2461.14914714,2423,400,0.00955889257723,0.00629547005933,0.99990862966
2461.89914714,2424,400,0.00950318494778,0.00629713028773,0.999909691515
2462.64914714,2425,400,0.00950894206369,0.00629879229274,0.999909582065
2463.39914714,2426,400,0.00955567877532,0.00630048163662,0.999908691088
2464.14914714,2427,400,0.00966387110457,0.00630223711084,0.999906611776
2464.89914714,2428,400,0.00958750232995,0.00630394262384,0.999908081911
2465.64914714,2429,400,0.00967523230129,0.00630570143851,0.999906392071
2466.39914714,2430,400,0.00980394295433,0.00630754010413,0.999903885012
2467.14914714,2431,400,0.00966643320678,0.00630928944299,0.999906562252
2467.89914714,2432,400,0.00963100500137,0.00631101458715,0.999907245894
2468.64914714,2433,400,0.00963653586622,0.00631274131152,0.999907139332
2469.39914714,2434,400,0.00960144948859,0.0063144441865,0.999907814292
2470.14914714,2435,400,0.00952543539745,0.00631609793718,0.999909268139
2470.89914714,2436,400,0.00946993027617,0.00631771564367,0.999910322431
2471.64914714,2437,400,0.00945540265366,0.00631932268242,0.999910597359
2472.39914714,2438,400,0.00944042615188,0.00632091881288,0.99991088034
2473.14914714,2439,400,0.00942591566578,0.00632250435561,0.999911154087
2473.89914714,2440,400,0.00941093360029,0.00632407905714,0.99991143629
2474.64914714,2441,400,0.00949787234506,0.00632570530891,0.999909792455
2475.39914714,2442,400,0.00958527732616,0.00632738378577,0.999908124569
2476.14914714,2443,400,0.00965262549812,0.00632910234154,0.999906828991
2476.89914714,2444,400,0.00961717927003,0.00633079695225,0.999907512001
2477.64914714,2445,400,0.00966363983442,0.00633251865233,0.999906616245
2478.39914714,2446,400,0.0097715343685,0.00633430614856,0.999904519395
2479.14914714,2447,400,0.0098995683441,0.00633617290069,0.999902000948
2479.89914714,2448,400,0.00978254718164,0.00633796335486,0.99990430406
2480.64914714,2449,400,0.00968567207818,0.00633969110534,0.999906189957
2481.39914714,2450,400,0.00985469470926,0.00634152326505,0.99990288735
2482.14914714,2451,400,0.00994246662331,0.00634340928221,0.9999011498
2482.89914714,2452,400,0.00992752003711,0.00634528365697,0.999901446774
2483.64914714,2453,400,0.00989241589521,0.00634713360697,0.999902142502
2484.39914714,2454,400,0.0102043298682,0.00634918267249,0.999895874363
2485.14914714,2455,400,0.0100461991165,0.0063511267211,0.99989907643
2485.89914714,2456,400,0.0100724870386,0.00635308554025,0.999898547578
2486.64914714,2457,400,0.01013976528,0.00635508570649,0.999897187803
2487.39914714,2458,400,0.0100636681344,0.00635703442119,0.999898725148
2488.14914714,2459,400,0.0101306542968,0.00635902420952,0.999897372477
2488.89914714,2460,400,0.0100542528806,0.00636096248212,0.999898914554
2489.64914714,2461,400,0.0100802788991,0.00636291532197,0.999898390559
2490.39914714,2462,400,0.0102090263542,0.0063649493251,0.999895778497
2491.14914714,2463,400,0.0101735931335,0.00636695800027,0.999896500681
2491.89914714,2464,400,0.0100767040826,0.00636890189951,0.999898462612
2492.64914714,2465,400,0.00998013077004,0.00637078195861,0.99990039947
2493.39914714,2466,400,0.0100061466957,0.00637267648242,0.999899879534
2494.14914714,2467,400,0.00986862766265,0.00637448200833,0.999902612559
2494.89914714,2468,400,0.00975126626025,0.00637621239912,0.999904915067
2495.64914714,2469,400,0.00967487558235,0.00637789380023,0.999906398973
2496.39914714,2470,400,0.00974183865775,0.00637961465366,0.999905098831
2497.14914714,2471,400,0.00962483116519,0.00638126179576,0.99990736477
2497.89914714,2472,400,0.00969215953482,0.00638294839415,0.99990606425
2498.64914714,2473,400,0.00977998624882,0.00638468733978,0.999904354156
2499.39914714,2474,400,0.00988788217156,0.00638649156082,0.999902232176
2500.14914714,2475,400,0.00975044805287,0.00638820846331,0.999904931022
2500.89914714,2476,400,0.00967404037891,0.00638987661399,0.999906415132
2501.64914714,2477,400,0.00976104748988,0.0063915963874,0.999904724221
2502.39914714,2478,400,0.00984848168585,0.00639336842219,0.99990300976
2503.14914714,2479,400,0.00983389807762,0.00639512948404,0.999903296787
2503.89914714,2480,400,0.00977761483976,0.00639685385254,0.999904400533
2504.64914714,2481,400,0.00972205730307,0.00639854224508,0.999905483835
2505.39914714,2482,400,0.00958422522913,0.0064001450746,0.999908144736
2506.14914714,2483,400,0.00950783982292,0.00640170033898,0.999909603025
2506.89914714,2484,400,0.00965705761822,0.00640334387012,0.999906743412
2507.64914714,2485,400,0.00956058604516,0.00640492741654,0.999908597283
2508.39914714,2486,400,0.00966846513105,0.00640657442192,0.999906522967
2509.14914714,2487,400,0.00973582272668,0.0064082606853,0.999905216002
2509.89914714,2488,400,0.00974177284525,0.0064099487836,0.999905100113
2510.64914714,2489,400,0.00972679253676,0.00641162594394,0.999905391745
2511.39914714,2490,400,0.00956847303766,0.00641320567077,0.999908446419
2512.14914714,2491,400,0.00947117745112,0.00641472577536,0.999910298809
2512.89914714,2492,400,0.00939479198062,0.00641619923597,0.999911739831
2513.64914714,2493,400,0.00954361422182,0.00641775925686,0.999908921502
2514.39914714,2494,400,0.00948809268018,0.00641928464723,0.999909978123
2515.14914714,2495,400,0.00947312891448,0.0064207995973,0.999910261842
2515.89914714,2496,400,0.00943810382505,0.00642229231638,0.99991092418
2516.64914714,2497,400,0.00950462770615,0.00642382277412,0.999909664092
2517.39914714,2498,400,0.00955148204959,0.00642537945643,0.999908771271
2518.14914714,2499,400,0.00937270907571,0.00642682919345,0.999912154254
2518.89914714,2500,400,0.00939869432827,0.00642829262016,0.999911666496
2519.64914714,2501,400,0.00944515709298,0.0064297817669,0.999910790997
2520.39914714,2502,400,0.00936916395153,0.00643122495153,0.999912220693
2521.14914714,2503,400,0.00947703404431,0.00643272979032,0.999910187842
2521.89914714,2504,400,0.00950302339609,0.00643424838409,0.999909694585
2522.64914714,2505,400,0.00950854224434,0.00643576866159,0.999909589668
2523.39914714,2506,400,0.00955501489806,0.00643731482629,0.999908703774
2524.14914714,2507,400,0.00947863390394,0.00643881435525,0.999910157517
2524.89914714,2508,400,0.00944356753624,0.00644029179978,0.999910821021
2525.64914714,2509,400,0.00951050770498,0.00644180697928,0.999909552288
2526.39914714,2510,400,0.00947474764494,0.0064432996061,0.999910231172
2527.14914714,2511,400,0.00964440665983,0.0064448909193,0.999906987583
2527.89914714,2512,400,0.00975267046895,0.00644654541351,0.99990488768
2528.64914714,2513,400,0.00979952527478,0.00644822643448,0.99990397161
2529.39914714,2514,400,0.0097849660333,0.00644989688823,0.999904256732
2530.14914714,2515,400,0.00977043113221,0.00645155682275,0.999904540954
2530.89914714,2516,400,0.00991972823139,0.00645330553886,0.999901601413
2531.64914714,2517,400,0.00994618951718,0.00645506856957,0.999901075761
2532.39914714,2518,400,0.00995219463463,0.00645683339392,0.999900956274
2533.14914714,2519,400,0.00993668557353,0.00645858685558,0.999901264717
2533.89914714,2520,400,0.00985901921914,0.00646029123093,0.999902802102
2534.64914714,2521,400,0.0098232641111,0.00646197220558,0.99990350581
2535.39914714,2522,400,0.00978784309682,0.0064636301041,0.999904200422
2536.14914714,2523,400,0.00979312978793,0.00646528943685,0.999904096908
2536.89914714,2524,400,0.0097577249418,0.00646692582586,0.99990478907
2537.64914714,2525,400,0.00976352270082,0.00646856396997,0.999904675896
2538.39914714,2526,400,0.00978915135621,0.00647021573308,0.999904174811
2539.14914714,2527,400,0.00973328227433,0.00647183242199,0.99990526546
2539.89914714,2528,400,0.00975923006301,0.00647346288202,0.999904759696
2540.64914714,2529,400,0.00966251326079,0.00647503428809,0.999906638017
2541.39914714,2530,400,0.00975002322343,0.00647665590817,0.999904939306
2542.14914714,2531,400,0.00977622182777,0.00647829144105,0.99990442777
2542.89914714,2532,400,0.00982292580082,0.00647995316473,0.999903512456
2543.64914714,2533,400,0.00999221108564,0.00648171530698,0.99990015821
2544.39914714,2534,400,0.00991598551812,0.00648342939628,0.999901675648
2545.14914714,2535,400,0.00996269732398,0.0064851699221,0.999900747125
2545.89914714,2536,400,0.00984554967431,0.00648683808026,0.999903067501
2546.64914714,2537,400,0.00985133961972,0.00648850795898,0.999902953462
2547.39914714,2538,400,0.00993907976177,0.00649022880028,0.999901217133
2548.14914714,2539,400,0.00998535233645,0.00649197579714,0.999900295224
2548.89914714,2540,400,0.0100114008798,0.00649373673907,0.999899774364
2549.64914714,2541,400,0.00995572996199,0.00649546214388,0.999900885897
2550.39914714,2542,400,0.010022988891,0.00649722641393,0.999899542217
2551.14914714,2543,400,0.0100493028526,0.00649900479745,0.999899014062
2551.89914714,2544,400,0.0100551547134,0.00650078485386,0.999898896419
2552.64914714,2545,400,0.0101218419104,0.00650260367794,0.99989755094
2553.39914714,2546,400,0.0101888463383,0.00650446165465,0.999896190105
2554.14914714,2547,400,0.01023564301,0.00650634648085,0.999895234356
2554.89914714,2548,400,0.0102821612028,0.00650825806037,0.999894279955
2555.64914714,2549,400,0.0103286845859,0.00651019647116,0.99989332112
2556.39914714,2550,400,0.010374979361,0.00651216164455,0.9998923627
2557.14914714,2551,400,0.0102988084718,0.006514077303,0.999893937357
2557.89914714,2552,400,0.0103660838508,0.00651603269958,0.999892547192
2558.64914714,2553,400,0.010310450096,0.00651795141448,0.999893697444
2559.39914714,2554,400,0.0102753309808,0.00651984635475,0.99989442036
2560.14914714,2555,400,0.0103010472069,0.00652175513961,0.999893891241
2560.89914714,2556,400,0.01040902944,0.00652372893087,0.999891655041
2561.64914714,2557,400,0.0103531135055,0.00652566579468,0.999892815913
2562.39914714,2558,400,0.0102562225768,0.00652754077507,0.999894812665
2563.14914714,2559,400,0.0102210644283,0.00652939220837,0.99989553257
2563.89914714,2560,400,0.01010398167,0.00653117050688,0.99989791216
2564.64914714,2561,400,0.0100688775182,0.00653292577012,0.999898620275
2565.39914714,2562,400,0.00991053260668,0.00653458470858,0.999901783755
2566.14914714,2563,400,0.00999833985742,0.00653629410769,0.999900035698
2566.89914714,2564,400,0.0100452072283,0.00653802974591,0.999899096357
2567.64914714,2565,400,0.0100716141002,0.00653977940493,0.999898565162
2568.39914714,2566,400,0.010076724021,0.0065415302996,0.999898462211
2569.14914714,2567,400,0.00991876392562,0.00654318533978,0.999901620542
2569.89914714,2568,400,0.0100066164352,0.00654489074865,0.999899870134
2570.64914714,2569,400,0.0100535317758,0.0065466223655,0.999898929053
2571.39914714,2570,400,0.00999714744127,0.0065483185887,0.99990005954
2572.14914714,2571,400,0.0100227512901,0.00655002827286,0.999899546979
2572.89914714,2572,400,0.0101310592535,0.00655180094958,0.999897364272
2573.64914714,2573,400,0.010075528219,0.00655353849722,0.999898486307
2574.39914714,2574,400,0.0100200257742,0.00655524118383,0.999899601604
2575.14914714,2575,400,0.0100464727912,0.00655695782223,0.999899070931
2575.89914714,2576,400,0.00997054187397,0.00655862769821,0.999900590765
2576.64914714,2577,400,0.00993560066587,0.00656027528252,0.999901286276
2577.39914714,2578,400,0.0100434529384,0.00656198486353,0.999899131597
2578.14914714,2579,400,0.0100290002717,0.00656368410523,0.999899421683
2578.89914714,2580,400,0.0101169531593,0.00656543389339,0.999897649878
2579.64914714,2581,400,0.0101639729379,0.00656720999002,0.999896696322
2580.39914714,2582,400,0.0102712256226,0.00656904884134,0.999894504707
2581.14914714,2583,400,0.0102556854574,0.00657087635759,0.999894823681
2581.89914714,2584,400,0.0102616922723,0.00657270558008,0.999894700444
2582.64914714,2585,400,0.010328611372,0.00657457341638,0.999893322632
2583.39914714,2586,400,0.0105599135075,0.00657658132564,0.999888491335
2584.14914714,2587,400,0.0105454596489,0.00657857810819,0.999888796373
2584.89914714,2588,400,0.010531028919,0.0065805638129,0.999889100505
2585.64914714,2589,400,0.0104961389585,0.00658252586119,0.999889834101
2586.39914714,2590,400,0.0104612749371,0.0065844643882,0.999890564721
2587.14914714,2591,400,0.0103445186375,0.00658632967496,0.999892993797
2587.89914714,2592,400,0.010411380459,0.00658823362873,0.999891606094
2588.64914714,2593,400,0.0103758614245,0.00659011396065,0.999892344397
2589.39914714,2594,400,0.0102789087237,0.00659193375186,0.999894346826
2590.14914714,2595,400,0.010366254547,0.00659380433259,0.999892543654
2590.89914714,2596,400,0.0103518913189,0.0065956642525,0.999892841217
2591.64914714,2597,400,0.0103989805125,0.00659755073136,0.999891864128
2592.39914714,2598,400,0.0103641843689,0.00659941415006,0.999892586567
2593.14914714,2599,400,0.0104303141908,0.00660131568504,0.999891211505
2593.89914714,2600,400,0.0104562284297,0.00660323097358,0.999890670275
2594.64914714,2601,400,0.0102773491981,0.00660503629401,0.999894378883
2595.39914714,2602,400,0.0102623110834,0.00660683075034,0.999894687744
2596.14914714,2603,400,0.0102472754194,0.00660861437799,0.999894996103
2596.89914714,2604,400,0.0102936728197,0.00661042383812,0.999894043107
2597.64914714,2605,400,0.0103195986514,0.00661224692735,0.999893508719
2598.39914714,2606,400,0.0102636128616,0.00661403468683,0.999894661025
2599.14914714,2607,400,0.0102485880664,0.00661581165785,0.999894969201
2599.89914714,2608,400,0.0102130869027,0.00661756574464,0.999895695576
2600.64914714,2609,400,0.0101974873077,0.00661930880417,0.999896013956
2601.39914714,2610,400,0.0101420908602,0.00662101746893,0.999897140638
2602.14914714,2611,400,0.0100662463,0.00662268006626,0.999898673252
2602.89914714,2612,400,0.0102343571032,0.00662443959158,0.999895260677
2603.64914714,2613,400,0.0101169477091,0.00662612830116,0.999897649988
2604.39914714,2614,400,0.0102652977754,0.00662790255207,0.999894626438
2605.14914714,2615,400,0.0104146418282,0.00662976404354,0.999891538177
2605.89914714,2616,400,0.0104815885145,0.00663166390879,0.99989013932
2606.64914714,2617,400,0.0105690272513,0.00663361479208,0.999888298782
2607.39914714,2618,400,0.0106560548381,0.00663561677727,0.999886451719
2608.14914714,2619,400,0.0105595318361,0.0066375577312,0.999888499396
2608.89914714,2620,400,0.0104835310944,0.00663945066808,0.999890098596
2609.64914714,2621,400,0.0105095154107,0.00664135729031,0.999889553136
2610.39914714,2622,400,0.010494994584,0.00664325315657,0.999889858122
2611.14914714,2623,400,0.0105829193171,0.00664520019931,0.999888004955
2611.89914714,2624,400,0.0104864948569,0.00664708694955,0.999890036449
2612.64914714,2625,400,0.0108407012147,0.00664918813345,0.99988248265
2613.39914714,2626,400,0.0108052022145,0.00665126505711,0.999883251013
2614.14914714,2627,400,0.010852206052,0.00665336887315,0.999882233091
2614.89914714,2628,400,0.0107962156501,0.00665543577356,0.999883445124
2615.64914714,2629,400,0.0106588509463,0.00665741626762,0.999886392123
2616.39914714,2630,400,0.0107866481318,0.00665947290828,0.999883651607
2617.14914714,2631,400,0.010792677693,0.00666153106323,0.9998835215
2617.89914714,2632,400,0.0109011536985,0.00666365410711,0.999881168378
2618.64914714,2633,400,0.0108252728447,0.00666572789618,0.999882816901
2619.39914714,2634,400,0.0107494237543,0.00666775287899,0.999884453227
2620.14914714,2635,400,0.0106531237549,0.0066697170737,0.999886514174
2620.89914714,2636,400,0.010638079861,0.00667167009404,0.999886834459
2621.64914714,2637,400,0.0107056519331,0.00667366203871,0.999885392301
2622.39914714,2638,400,0.0107916945516,0.0066757043963,0.999883542719
2623.14914714,2639,400,0.0108790911154,0.00667779831846,0.999881648878
2623.89914714,2640,400,0.0109664981785,0.00667994413707,0.999879739534
2624.64914714,2641,400,0.0108906073071,0.00668204064505,0.999881398189
2625.39914714,2642,400,0.0106918250178,0.00668401343774,0.999885688145
2626.14914714,2643,400,0.0106774568855,0.00668597546859,0.999885995164
2626.89914714,2644,400,0.0107232021873,0.00668796312183,0.99988501624
2627.64914714,2645,400,0.010729298979,0.00668995237797,0.999884885456
2628.39914714,2646,400,0.010652812466,0.00669189335866,0.999886520806
2629.14914714,2647,400,0.0106179631842,0.00669381139268,0.999887262035
2629.89914714,2648,400,0.0107060155557,0.00669578037871,0.999885384515
2630.64914714,2649,400,0.0108138471634,0.00669781269471,0.999883064128
2631.39914714,2650,400,0.0108397669634,0.00669985866707,0.999882502904
2632.14914714,2651,400,0.010641062342,0.00670178234928,0.999886770998
2632.89914714,2652,400,0.0105448292035,0.00670364668974,0.999888809668
2633.64914714,2653,400,0.0105305413366,0.0067055006436,0.999889110773
2634.39914714,2654,400,0.0105776995898,0.00670738064782,0.999888115401
2635.14914714,2655,400,0.0104389800311,0.00670917687533,0.999891030665
2635.89914714,2656,400,0.0102813814726,0.00671087966717,0.999894295988
2636.64914714,2657,400,0.0104513659655,0.00671267954466,0.999890771932
2637.39914714,2658,400,0.0103961921279,0.00671444536096,0.99989192211
2638.14914714,2659,400,0.01030010982,0.00671615370967,0.999893910552
2638.89914714,2660,400,0.0104078208072,0.00671792274966,0.999891680199
2639.64914714,2661,400,0.0104532885156,0.00671971651741,0.999890731744
2640.39914714,2662,400,0.0104382134484,0.00672149965848,0.999891046668
2641.14914714,2663,400,0.0102593482106,0.00672317760093,0.999894748544
2641.89914714,2664,400,0.0101222924356,0.00672477590185,0.99989754182
2642.64914714,2665,400,0.0101080926565,0.00672636461127,0.999897829073
2643.39914714,2666,400,0.010072538843,0.00672793175326,0.999898546535
2644.14914714,2667,400,0.010099286171,0.00672951238657,0.99989800702
2644.89914714,2668,400,0.0102069770653,0.00673115234859,0.999895820333
2645.64914714,2669,400,0.0103556169442,0.00673287572536,0.999892764073
2646.39914714,2670,400,0.0102586516865,0.00673454178885,0.999894762834
2647.14914714,2671,400,0.0105497487223,0.00673637451945,0.999888705899
2647.89914714,2672,400,0.0105150144128,0.00673818506118,0.999889437528
2648.64914714,2673,400,0.0104188877715,0.00673993791444,0.999891449724
2649.39914714,2674,400,0.0104439109265,0.00674170348096,0.999890927699
2650.14914714,2675,400,0.0103887198588,0.00674343539606,0.999892077412
2650.89914714,2676,400,0.0103745012527,0.00674515739464,0.99989237262
2651.64914714,2677,400,0.0103798854893,0.0067468807612,0.999892260879
2652.39914714,2678,400,0.0103443320186,0.00674858201632,0.999892997658
2653.14914714,2679,400,0.0102687146027,0.00675023847671,0.99989455628
2653.89914714,2680,400,0.0102136014568,0.00675186210288,0.999895685066
2654.64914714,2681,400,0.0101789853825,0.00675346463416,0.99989639094
2655.39914714,2682,400,0.0102252708804,0.00675509165499,0.999895446568
2656.14914714,2683,400,0.0102315961964,0.00675672064054,0.999895317179
2656.89914714,2684,400,0.0101765569823,0.0067583170584,0.999896440369
2657.64914714,2685,400,0.0102238470352,0.00675993848671,0.999895475683
2658.39914714,2686,400,0.0102087258861,0.00676154981332,0.999895784631
2659.14914714,2687,400,0.0103144188343,0.00676321923873,0.999893615594
2659.89914714,2688,400,0.0106063018166,0.00676505491418,0.999887509525
2660.64914714,2689,400,0.0106526270641,0.00676691578818,0.999886524756
2661.39914714,2690,400,0.0105957436383,0.00676874157663,0.999887733368
2662.14914714,2691,400,0.010622456532,0.00677058107097,0.9998871666
2662.89914714,2692,400,0.0106687944982,0.00677244575714,0.999886180063
2663.64914714,2693,400,0.0105922891997,0.00677426396505,0.999887806557
2664.39914714,2694,400,0.0106599524636,0.00677611972258,0.999886368642
2665.14914714,2695,400,0.0106858160393,0.00677798870702,0.999885816595
2665.89914714,2696,400,0.010629784755,0.0067798231196,0.999887010868
2666.64914714,2697,400,0.0106950187822,0.00678169370488,0.999885619844
2667.39914714,2698,400,0.0106799608439,0.00678355359518,0.999885941689
2668.14914714,2699,400,0.0106437139038,0.00678539049596,0.999886714563
2668.89914714,2700,400,0.0107310707049,0.00678727648558,0.999884847437
2669.64914714,2701,400,0.0107358655755,0.00678916336192,0.999884744511
2670.39914714,2702,400,0.0107009903659,0.00679102794627,0.999885492083
2671.14914714,2703,400,0.0107871535588,0.00679294105806,0.999883640703
2671.89914714,2704,400,0.010629304093,0.00679476021908,0.999887021086
2672.64914714,2705,400,0.0106148951299,0.00679656922365,0.999887327175
2673.39914714,2706,400,0.0106408310163,0.00679839139387,0.99988677592
2674.14914714,2707,400,0.0106053212985,0.00680019123796,0.999887530323
2674.89914714,2708,400,0.0105089875954,0.00680193406392,0.999889564229
2675.64914714,2709,400,0.0105132434458,0.00680367758432,0.999889474766
2676.39914714,2710,400,0.010580731862,0.0068054579669,0.999888051247
2677.14914714,2711,400,0.0106880652447,0.00680729842172,0.999885768524
2677.89914714,2712,400,0.0105711630606,0.00680906973081,0.999888253634
2678.64914714,2713,400,0.0106790530089,0.00681090131254,0.999885961078
2679.39914714,2714,400,0.0106640446361,0.00681272239043,0.999886281385
2680.14914714,2715,400,0.0106700694354,0.00681454511432,0.999886152859
2680.89914714,2716,400,0.0105731131363,0.00681631038225,0.999888212403
2681.64914714,2717,400,0.0105780584274,0.00681807671743,0.99988810781
2682.39914714,2718,400,0.0106045488791,0.00681985643203,0.999887546705
2683.14914714,2719,400,0.0105075994425,0.00682157919752,0.999889593402
2683.89914714,2720,400,0.0104726529092,0.00682328050929,0.999890326548
2684.64914714,2721,400,0.0105606246142,0.00682502996517,0.999888476317
2685.39914714,2722,400,0.010566686151,0.00682678113362,0.99988834826
2686.14914714,2723,400,0.01051069588,0.00682849883324,0.999889528323
2686.89914714,2724,400,0.010454708923,0.00683018329599,0.999890702048
2687.64914714,2725,400,0.0103367038179,0.00683180021279,0.999893155408
2688.39914714,2726,400,0.0103017817633,0.00683339621541,0.999893876108
2689.14914714,2727,400,0.0103891644001,0.00683503917628,0.999892068176
2689.89914714,2728,400,0.0104145738347,0.00683669470975,0.999891539593
2690.64914714,2729,400,0.0104205876223,0.00683835198665,0.999891414301
2691.39914714,2730,400,0.010467586378,0.00684003393506,0.999890432637
2692.14914714,2731,400,0.0104105535191,0.00684168237461,0.999891623312
2692.89914714,2732,400,0.0103951039517,0.00684332061429,0.999891944733
2693.64914714,2733,400,0.0104006098912,0.00684496032377,0.999891830239
2694.39914714,2734,400,0.0102836386799,0.00684653381397,0.999894249571
2695.14914714,2735,400,0.0102896102081,0.00684810907206,0.999894126724
2695.89914714,2736,400,0.0104799336107,0.00684978827957,0.999890174007
2696.64914714,2737,400,0.0105054238323,0.00685148011162,0.999889639115
2697.39914714,2738,400,0.0104494648549,0.00685313904416,0.999890811665
2698.14914714,2739,400,0.0103120252875,0.00685472037438,0.999893664961
2698.89914714,2740,400,0.0102965767052,0.00685629171244,0.999893983318
2699.64914714,2741,400,0.0100562544881,0.00685773143898,0.999898874302
2700.39914714,2742,400,0.00987741899183,0.0068590750426,0.999902438974
2701.14914714,2743,400,0.0098829239921,0.00686042029403,0.999902330198
2701.89914714,2744,400,0.0100105654869,0.00686183173114,0.999899791089
2702.64914714,2745,400,0.0100570671112,0.00686326661628,0.999898857959
2703.39914714,2746,400,0.0101448605365,0.00686474720041,0.999897084453
2704.14914714,2747,400,0.0102736424482,0.00686629609361,0.999894455056
2704.89914714,2748,400,0.0103614806503,0.00686789153055,0.9998926426
2705.64914714,2749,400,0.0103469125288,0.00686947744893,0.999892944267
2706.39914714,2750,400,0.0103323671561,0.00687105388897,0.999893245038
2707.14914714,2751,400,0.0103997801083,0.00687266578266,0.999891847498
2707.89914714,2752,400,0.0103647926883,0.0068742569261,0.999892573958
2708.64914714,2753,400,0.0103093477025,0.00687581626771,0.999893720174
2709.39914714,2754,400,0.0103153758342,0.00687737740585,0.999893595852
2710.14914714,2755,400,0.0102594019081,0.00687890667249,0.999894747442
2710.89914714,2756,400,0.0103678416567,0.00688049346955,0.999892510748
2711.64914714,2757,400,0.0103124608105,0.00688204856922,0.999893655979
2712.39914714,2758,400,0.0104203100251,0.00688366107903,0.999891420087
2713.14914714,2759,400,0.0104673427928,0.00688529790019,0.999890437736
2713.89914714,2760,400,0.010534238147,0.00688697010238,0.999889032905
2714.64914714,2761,400,0.0106222426676,0.00688868963375,0.999887171143
2715.39914714,2762,400,0.0105464127121,0.00689036531812,0.999888776272
2716.14914714,2763,400,0.0104904138837,0.00689200845102,0.999889954244
2716.89914714,2764,400,0.0105771454837,0.00689369795201,0.999888127122
2717.64914714,2765,400,0.0105006728842,0.00689534354578,0.999889738909
2718.39914714,2766,400,0.0105272273362,0.00689700219242,0.999889180555
2719.14914714,2767,400,0.0106146048782,0.00689870762976,0.999887333337
2719.89914714,2768,400,0.0106189384114,0.00690041382256,0.999887241326
2720.64914714,2769,400,0.010788828739,0.00690221351014,0.999883604562
2721.39914714,2770,400,0.010814794327,0.00690402609573,0.999883043644
2722.14914714,2771,400,0.0110041581703,0.00690594485332,0.999878912169
2722.89914714,2772,400,0.0110921003116,0.00690791243377,0.999876969095
2723.64914714,2773,400,0.0110975929009,0.00690988121584,0.999876847224
2724.39914714,2774,400,0.0110830908864,0.00691183962998,0.999877168869
2725.14914714,2775,400,0.0110071363857,0.00691375235193,0.999878846618
2725.89914714,2776,400,0.0111150582625,0.00691572534765,0.999876459296
2726.64914714,2777,400,0.0111410321597,0.00691771140619,0.999875881254
2727.39914714,2778,400,0.0112494983809,0.00691975863502,0.99987345279
2728.14914714,2779,400,0.0111724954693,0.00692175890645,0.99987517924
2728.89914714,2780,400,0.0114234135801,0.00692390444051,0.999869509879
2729.64914714,2781,400,0.0114703614662,0.00692607566842,0.999868435135
2730.39914714,2782,400,0.0113729425873,0.00692818692678,0.999870660359
2731.14914714,2783,400,0.0113378920176,0.006930275389,0.999871456336
2731.89914714,2784,400,0.0112413758089,0.00693230526363,0.999873635462
2732.64914714,2785,400,0.0112673660555,0.00693434823308,0.999873050491
2733.39914714,2786,400,0.0113343472844,0.00693642830444,0.999871536698
2734.14914714,2787,400,0.0112373710155,0.00693844966247,0.999873725479
2734.89914714,2788,400,0.0112228419501,0.00694046055021,0.999874051785
2735.64914714,2789,400,0.0113107981316,0.0069425205945,0.999872069937
2736.39914714,2790,400,0.0114397564747,0.00694465426261,0.999869136253
2737.14914714,2791,400,0.01156873407,0.00694686227617,0.99986616887
2737.89914714,2792,400,0.0114927848664,0.0069490228694,0.999867920258
2738.64914714,2793,400,0.0114367750112,0.00695114816951,0.999869204454
2739.39914714,2794,400,0.0114018387945,0.0069532507641,0.999870002297
2740.14914714,2795,400,0.011426698671,0.00695536581561,0.99986943482
2740.89914714,2796,400,0.011493670758,0.00695751816631,0.999867899895
2741.64914714,2797,400,0.0115401546731,0.00695969581457,0.999866829264
2742.39914714,2798,400,0.0115046570978,0.00696185022827,0.999867647245
2743.14914714,2799,400,0.0116531746167,0.00696409065961,0.999864208132
2743.89914714,2800,400,0.0115976235809,0.0069662956624,0.99986549965
2744.64914714,2801,400,0.0116031286508,0.00696850166555,0.999865371937
2745.39914714,2802,400,0.0116500852569,0.00697073334815,0.999864280119
2746.14914714,2803,400,0.01167564332,0.0069729779757,0.999863683999
2746.89914714,2804,400,0.0115790881103,0.00697516287924,0.999865929213
2747.64914714,2805,400,0.0116050911719,0.00697736094294,0.999865326393
2748.39914714,2806,400,0.0116105994845,0.00697956001324,0.999865198523
2749.14914714,2807,400,0.0115546132234,0.00698172373594,0.999866495369
2749.89914714,2808,400,0.0115195635656,0.00698386462799,0.999867304058
2750.64914714,2809,400,0.0116075166375,0.00698605516778,0.999865270096
2751.39914714,2810,400,0.0115520078047,0.00698821072935,0.999866555568
2752.14914714,2811,400,0.0115580134007,0.00699036762483,0.999866416788
2752.89914714,2812,400,0.0114000680262,0.00699243011416,0.999870042671
2753.64914714,2813,400,0.0113856254898,0.00699448216679,0.999870371733
2754.39914714,2814,400,0.0114309797426,0.0069965584401,0.999869336971
2755.14914714,2815,400,0.0114974726465,0.0069986713155,0.999867812491
2755.89914714,2816,400,0.0114009579957,0.00700072600123,0.999870022381
2756.64914714,2817,400,0.0116118851027,0.00700290165613,0.99986516867
2757.39914714,2818,400,0.0115968787668,0.0070050662704,0.999865516925
2758.14914714,2819,400,0.0115413887014,0.00700719618154,0.999866800783
2758.89914714,2820,400,0.0116083582192,0.00700936315192,0.999865250559
2759.64914714,2821,400,0.0115933503037,0.0070115191147,0.999865598745
2760.39914714,2822,400,0.0116603294546,0.00701371223322,0.999864041339
2761.14914714,2823,400,0.0116653585176,0.00701590607456,0.99986392404
2761.89914714,2824,400,0.0118135489054,0.0070181854542,0.999860444932
2762.64914714,2825,400,0.0117780749023,0.00702044138221,0.999861281763
2763.39914714,2826,400,0.0118246118006,0.00702272266249,0.999860183443
2764.14914714,2827,400,0.0117888283615,0.00702498031527,0.999861028354
2764.89914714,2828,400,0.0118356883889,0.00702726349977,0.999859921386
2765.64914714,2829,400,0.0119024437794,0.0070295841714,0.99985833685
2766.39914714,2830,400,0.011866987987,0.00703188126321,0.999859179554
2767.14914714,2831,400,0.0118107908835,0.00703414257315,0.999860510083
2767.89914714,2832,400,0.0118165908824,0.00703640499866,0.999860373054
2768.64914714,2833,400,0.0117814004247,0.007038644278,0.99986120342
2769.39914714,2834,400,0.0117052223711,0.00704083643291,0.999862992462
2770.14914714,2835,400,0.0116902657523,0.00704301759733,0.999863342356
2770.89914714,2836,400,0.0116138022541,0.00704515195688,0.999865124145
2771.64914714,2837,400,0.0114556262928,0.00704719290845,0.999868772932
2772.39914714,2838,400,0.0114819961773,0.00704924694865,0.999868168109
2773.14914714,2839,400,0.0114058862971,0.00705125543468,0.999869909989
2773.89914714,2840,400,0.0112884195116,0.00705319539298,0.999872575644
2774.64914714,2841,400,0.0113964267371,0.00705519457229,0.999870125675
2775.39914714,2842,400,0.0114218359284,0.00705720623295,0.999869545919
2776.14914714,2843,400,0.0114683889584,0.00705924245392,0.999868480379
2776.89914714,2844,400,0.0116382129093,0.00706137435518,0.999864556587
2777.64914714,2845,400,0.0115210385492,0.00706343659586,0.999867270075
2778.39914714,2846,400,0.0115064036515,0.00706548840635,0.999867607057
2779.14914714,2847,400,0.0114709394846,0.00706751793136,0.999868421876
2779.89914714,2848,400,0.0115169038317,0.00706957168871,0.999867365324
2780.64914714,2849,400,0.0115019628959,0.00707161487316,0.999867709225
2781.39914714,2850,400,0.0114872723121,0.0070736476581,0.999868046928
2782.14914714,2851,400,0.0113083085737,0.00707557731678,0.999872126245
2782.89914714,2852,400,0.0113343639488,0.00707751971057,0.99987153632
2783.64914714,2853,400,0.0113606828584,0.00707947499687,0.999870939049
2784.39914714,2854,400,0.0113050220469,0.00708139716213,0.99987220056
2785.14914714,2855,400,0.0114133692847,0.00708337831824,0.999869739244
2785.89914714,2856,400,0.0115208324558,0.00708541842998,0.999867274824
2786.64914714,2857,400,0.0115263948103,0.00708745969247,0.999867146635
2787.39914714,2858,400,0.0115319596052,0.00708950210582,0.999867018329
2788.14914714,2859,400,0.0113942379669,0.00709146463611,0.999870175555
2788.89914714,2860,400,0.0114817944318,0.00709347461616,0.999868172742
2789.64914714,2861,400,0.0114876077284,0.00709548591119,0.999868039222
2790.39914714,2862,400,0.0116981552792,0.00709761539222,0.999863157845
2791.14914714,2863,400,0.011601457389,0.00709968732675,0.999865410715
2791.89914714,2864,400,0.0116685128651,0.00710179556891,0.999863850442
2792.64914714,2865,400,0.0116128383346,0.00710386987132,0.999865146532
2793.39914714,2866,400,0.011413663477,0.0071058295214,0.999869732529
2794.14914714,2867,400,0.0113577030721,0.00710775599827,0.999871006741
2794.89914714,2868,400,0.011362946505,0.00710968353155,0.999870887614
2795.64914714,2869,400,0.0112457838411,0.00711154428515,0.999873536344
2796.39914714,2870,400,0.0113333155605,0.00711345165983,0.999871560083
2797.14914714,2871,400,0.0115438354024,0.00711547507267,0.999866744304
2797.89914714,2872,400,0.0115086732657,0.00711747667504,0.999867554825
2798.64914714,2873,400,0.0115962170232,0.0071195257659,0.999865532271
2799.39914714,2874,400,0.0115610655659,0.00712155295623,0.999866346229
2800.14914714,2875,400,0.0114849335548,0.00712353532513,0.999868100651
2800.89914714,2876,400,0.0114699668095,0.00712550738214,0.999868444188
2801.64914714,2877,400,0.0112909963446,0.00712737819572,0.999872517465
2802.39914714,2878,400,0.0112350380093,0.00712921650129,0.999873777904
2803.14914714,2879,400,0.0111995806436,0.00713103368325,0.999874573327
2803.89914714,2880,400,0.0111231308899,0.00713280760347,0.999876279786
2804.64914714,2881,400,0.0111696640724,0.00713460508556,0.999875242496
2805.39914714,2882,400,0.011154711861,0.00713639275311,0.999875576274
2806.14914714,2883,400,0.0109760795915,0.00713808268321,0.999879529305
2806.89914714,2884,400,0.011043436518,0.00713980705646,0.999878046228
2807.64914714,2885,400,0.0108443720948,0.00714142408013,0.999882403051
2808.39914714,2886,400,0.0107474308202,0.00714298884956,0.999884496066
2809.14914714,2887,400,0.0106713818856,0.0071445127071,0.999886124851
2809.89914714,2888,400,0.0106568313021,0.00714602766601,0.999886435171
2810.64914714,2889,400,0.0105803810851,0.00714750194175,0.999888058669
2811.39914714,2890,400,0.010483896782,0.00714892570846,0.999890090928
2812.14914714,2891,400,0.0104489052565,0.00715033049019,0.999890823359
2812.89914714,2892,400,0.0104330019439,0.00715172599658,0.999891155432
2813.64914714,2893,400,0.0104385148755,0.00715312304636,0.999891040375
2814.39914714,2894,400,0.0103010320426,0.00715445000229,0.999893891554
2815.14914714,2895,400,0.0102655685775,0.00715575819179,0.999894620878
2815.89914714,2896,400,0.0103534492993,0.00715710895057,0.99989280896
2816.64914714,2897,400,0.0101955354003,0.0071583802847,0.999896053759
2817.39914714,2898,400,0.010179660524,0.00715964272135,0.999896377196
2818.14914714,2899,400,0.0101036519192,0.007160866932,0.999897918823
2818.89914714,2900,400,0.0100686396693,0.00716207308703,0.999898625065
2819.64914714,2901,400,0.0101360537772,0.00716331098035,0.999897263053
2820.39914714,2902,400,0.0101210626117,0.00716454050394,0.999897566715
2821.14914714,2903,400,0.0101470358744,0.00716578162289,0.999897040313
2821.89914714,2904,400,0.0102754164088,0.00716708465776,0.999894418605
2822.64914714,2905,400,0.0101784969892,0.00716833896065,0.999896400882
2823.39914714,2906,400,0.0102454461366,0.00716962499542,0.999895033588
2824.14914714,2907,400,0.0102304688354,0.00717090255924,0.999895340246
2824.89914714,2908,400,0.0103584848833,0.00717224220312,0.999892704669
2825.64914714,2909,400,0.0104869249885,0.00717364482647,0.999890027428
2826.39914714,2910,400,0.0105747665332,0.00717509051603,0.999888177439
2827.14914714,2911,400,0.0105806760396,0.00717653791357,0.999888052428
2827.89914714,2912,400,0.0105046519541,0.00717794568045,0.999889655331
2828.64914714,2913,400,0.0104491456825,0.0071793243983,0.999890818335
2829.39914714,2914,400,0.0105370605061,0.0071807459922,0.999888973438
2830.14914714,2915,400,0.0105420870433,0.0071821688601,0.999888867489
2830.89914714,2916,400,0.0105070721804,0.00718357287801,0.999889604481
2831.64914714,2917,400,0.0103491624469,0.00718489708943,0.999892897705
2832.39914714,2918,400,0.0103136815241,0.00718620266833,0.999893630802
2833.14914714,2919,400,0.0101763021572,0.0071874400312,0.999896445555
2833.89914714,2920,400,0.0101203382069,0.00718864927729,0.999897581377
2834.64914714,2921,400,0.0100234167011,0.00718981101075,0.999899533641
2835.39914714,2922,400,0.0101108083433,0.00719101363182,0.999897774167
2836.14914714,2923,400,0.0101367727189,0.00719222773257,0.999897248478
2836.89914714,2924,400,0.0102028076345,0.00719347272609,0.999895905425
2837.64914714,2925,400,0.0100858305926,0.00719466026526,0.999898278608
2838.39914714,2926,400,0.0100098586406,0.00719581054166,0.99989980524
2839.14914714,2927,400,0.0099539133706,0.00719693333872,0.999900922063
2839.89914714,2928,400,0.0101432827328,0.00719814548109,0.999897116462
2840.64914714,2929,400,0.00990340036438,0.00719924256659,0.999901925066
2841.39914714,2930,400,0.00980696302428,0.00720029368668,0.999903825789
2842.14914714,2931,400,0.00993580225039,0.0072014041915,0.99990128227
2842.89914714,2932,400,0.00988037199878,0.00720248776082,0.999902380632
2843.64914714,2933,400,0.00992680019833,0.00720359219119,0.999901461065
2844.39914714,2934,400,0.0099527573414,0.00720470790513,0.999900945074
2845.14914714,2935,400,0.00993728114913,0.00720581540879,0.999901252881
2845.89914714,2936,400,0.0100456417896,0.00720697315537,0.999899087627
2846.64914714,2937,400,0.00996971099481,0.00720809403348,0.999900607333
2847.39914714,2938,400,0.00987280040624,0.00720916858036,0.999902530187
2848.14914714,2939,400,0.0098788100214,0.00721024503675,0.999902411494
2848.89914714,2940,400,0.00984389102922,0.00721130435846,0.999903100157
2849.64914714,2941,400,0.00980840671737,0.0072123463664,0.999903797472
2850.39914714,2942,400,0.00991570731301,0.0072134373795,0.999901681165
2851.14914714,2943,400,0.0098807590477,0.00721451119392,0.999902372984
2851.89914714,2944,400,0.00990671051469,0.00721559620605,0.999901859495
2852.64914714,2945,400,0.00974891443003,0.00721660735035,0.999904960926
2853.39914714,2946,400,0.00967248577414,0.00721758276221,0.999906445207
2854.14914714,2947,400,0.00959664156185,0.00721852303057,0.999907906591
2854.89914714,2948,400,0.00974482292579,0.00721952987023,0.999905040681
2855.64914714,2949,400,0.00981172183138,0.00722056660785,0.999903732432
2856.39914714,2950,400,0.00983821131862,0.00722161471047,0.99990321194
2857.14914714,2951,400,0.00982320877624,0.00722265503118,0.999903506897
2857.89914714,2952,400,0.00984915944748,0.00722370646753,0.999902996411
2858.64914714,2953,400,0.00985463874096,0.00722475956911,0.999902888453
2859.39914714,2954,400,0.0098801126922,0.00722582358045,0.999902385755
2860.14914714,2955,400,0.00992703871262,0.00722690847703,0.99990145633
2860.89914714,2956,400,0.00993206997024,0.00722799481511,0.999901356419
2861.64914714,2957,400,0.0101624345667,0.00722918852967,0.99989672759
2862.39914714,2958,400,0.010065919077,0.00723033559772,0.99989867984
2863.14914714,2959,400,0.0100104044969,0.00723145566577,0.999899794312
2863.89914714,2960,400,0.00993443792988,0.00723253941708,0.999901309378
2864.64914714,2961,400,0.00998137507726,0.00723364409593,0.999900374633
2865.39914714,2962,400,0.0100073395705,0.00723475996987,0.999899855662
2866.14914714,2963,400,0.0100742658883,0.00723590626178,0.999898511742
2866.89914714,2964,400,0.0100597678406,0.00723704479474,0.999898803631
2867.64914714,2965,400,0.0102091192138,0.00723825290738,0.999895776601
2868.39914714,2966,400,0.0102151404301,0.00723946286764,0.999895653628
2869.14914714,2967,400,0.0101591714501,0.00724064527008,0.999896793898
2869.89914714,2968,400,0.0102875171046,0.00724188772932,0.999894169792
2870.64914714,2969,400,0.0101905860467,0.007243082987,0.999896154652
2871.39914714,2970,400,0.0101146843377,0.00724424142655,0.999897695777
2872.14914714,2971,400,0.0102435926476,0.00724545985846,0.999895071562
2872.89914714,2972,400,0.0100442516828,0.00724658337616,0.999899115553
2873.64914714,2973,400,0.00996840750044,0.00724767074298,0.99990063332
2874.39914714,2974,400,0.00989259786935,0.00724872229415,0.999902138902
2875.14914714,2975,400,0.01004134377,0.0072498417237,0.999899173957
2875.89914714,2976,400,0.00996554318313,0.00725092508887,0.999900690415
2876.64914714,2977,400,0.00984883177816,0.00725195400606,0.999903002865
2877.39914714,2978,400,0.00983451649906,0.00725297556371,0.999903284624
2878.14914714,2979,400,0.00977852920176,0.00725397088457,0.999904382652
2878.89914714,2980,400,0.00978395013383,0.00725496785356,0.999904276611
2879.64914714,2981,400,0.00972796759965,0.00725593876654,0.999905368885
2880.39914714,2982,400,0.00975317367645,0.00725692024423,0.999904877865
2881.14914714,2983,400,0.00969720255765,0.00725787578937,0.999905966473
2881.89914714,2984,400,0.00964190629594,0.00725880588315,0.999907035804
2882.64914714,2985,400,0.00960710995394,0.00725971978048,0.999907705568
2883.39914714,2986,400,0.00953141134699,0.00726059953873,0.999909154261
2884.14914714,2987,400,0.00923064717576,0.00726134851855,0.999914796968
2884.89914714,2988,400,0.00921404241667,0.00726208986269,0.999915103224
2885.64914714,2989,400,0.00913762136373,0.00726279833331,0.999916505619
2886.39914714,2990,400,0.00914377738884,0.00726350885199,0.999916393083
2887.14914714,2991,400,0.00918939247676,0.00726423807078,0.999915556849
2887.89914714,2992,400,0.00919552795196,0.0072649693237,0.999915444053
2888.64914714,2993,400,0.00907892859255,0.00726565102214,0.999917574754
2889.39914714,2994,400,0.00902375173918,0.00726630924493,0.999918573562
2890.14914714,2995,400,0.00894655518781,0.00726693509917,0.999919960752
2890.89914714,2996,400,0.00897242383075,0.00726757112631,0.999919497231
2891.64914714,2997,400,0.00905966541818,0.00726824278315,0.999917924147
2892.39914714,2998,400,0.0092294756223,0.00726898518632,0.999914818594
2893.14914714,2999,400,0.00915305193101,0.00726969479982,0.999916223395
2893.89914714,3000,400,0.00923961249204,0.00727044036777,0.999914631383
2894.64914714,3001,400,0.00932757902474,0.00727122278744,0.999912998162
2895.39914714,3002,400,0.00945578826974,0.00727205975819,0.999910590067
2896.14914714,3003,400,0.0094401193524,0.0072728892971,0.999910886132
2896.89914714,3004,400,0.00940463665658,0.00727370288816,0.999911554765
2897.64914714,3005,400,0.00943117925954,0.00727452728216,0.999911054836
2898.39914714,3006,400,0.00943662634588,0.00727535338404,0.999910952066
2899.14914714,3007,400,0.00929944605805,0.00727612010666,0.999913522173
2899.89914714,3008,400,0.0093669549557,0.00727691502386,0.999912262079
2900.64914714,3009,400,0.00937309562691,0.00727771195344,0.999912147008
2901.39914714,3010,400,0.0093785176127,0.0072785105867,0.999912045341
2902.14914714,3011,400,0.0093627940407,0.00727930187961,0.999912340009
2902.89914714,3012,400,0.00936890937561,0.00728009517319,0.999912225463
2903.64914714,3013,400,0.00955785606999,0.00728096936176,0.999908649474
2904.39914714,3014,400,0.00952236911318,0.00728182743993,0.999909326542
2905.14914714,3015,400,0.00948751396348,0.00728266975968,0.999909989104
2905.89914714,3016,400,0.00955501916002,0.00728354068251,0.999908703693
2906.64914714,3017,400,0.00972418881862,0.00728448512496,0.999905442387
2907.39914714,3018,400,0.00974890640493,0.00728543976475,0.999904961082
2908.14914714,3019,400,0.0098362730435,0.00728643253971,0.999903250073
2908.89914714,3020,400,0.00980079799089,0.00728740869542,0.999903946665
2909.64914714,3021,400,0.00978634148748,0.00728837764411,0.999904229813
2910.39914714,3022,400,0.00985380374742,0.0072893758969,0.999902904909
2911.14914714,3023,400,0.00971654452203,0.00729031240968,0.999905590991
2911.89914714,3024,400,0.00966122333295,0.00729122387304,0.999906662942
2912.64914714,3025,400,0.00970760290813,0.00729215498192,0.999905764666
2913.39914714,3026,400,0.00979558572334,0.00729312423359,0.999904048802
2914.14914714,3027,400,0.0098214959153,0.00729410422659,0.999903540544
2914.89914714,3028,400,0.00999136987527,0.00729515962338,0.999900175019
2915.64914714,3029,400,0.00995460496916,0.00729619758018,0.999900908295
2916.39914714,3030,400,0.00996006857205,0.00729723716486,0.999900799494
2917.14914714,3031,400,0.00988421795023,0.00729824189367,0.999902304622
2917.89914714,3032,400,0.00991014860619,0.00729925741781,0.999901791366
2918.64914714,3033,400,0.00983370786944,0.00730023804986,0.999903300527
2919.39914714,3034,400,0.0098397727853,0.00730122059708,0.999903181215
2920.14914714,3035,400,0.00984522613388,0.00730220478664,0.999903073871
2920.89914714,3036,400,0.00972846466539,0.00730313665713,0.999905359215
2921.64914714,3037,400,0.00975438050405,0.00730407917609,0.999904854324
2922.39914714,3038,400,0.00965812262306,0.00730497885329,0.999906722843
2923.14914714,3039,400,0.00950049953654,0.00730580982082,0.999909742545
2923.89914714,3040,400,0.00942337134929,0.00730660729215,0.999911202044
2924.64914714,3041,400,0.00955160084733,0.00730745889875,0.999908769002
2925.39914714,3042,400,0.00957817432551,0.00730832127909,0.999908260681
2926.14914714,3043,400,0.0095638357717,0.00730917682089,0.999908535137
2926.89914714,3044,400,0.00940552829568,0.00730996422253,0.999911537994
2927.64914714,3045,400,0.00932909826156,0.00731071886118,0.999912969819
2928.39914714,3046,400,0.00939663178714,0.00731150131829,0.99991170526
2929.14914714,3047,400,0.00944297809109,0.00731230277253,0.999910832153
2929.89914714,3048,400,0.00942793890006,0.00731309724706,0.999911115943
2930.64914714,3049,400,0.00931057779504,0.00731384180539,0.99991331502
2931.39914714,3050,400,0.00931672517046,0.00731458836614,0.999913200516
2932.14914714,3051,400,0.00942374874734,0.00731537929303,0.999911194931
2932.89914714,3052,400,0.00940940794589,0.00731616356838,0.999911465002
2933.64914714,3053,400,0.00947694503369,0.00731697579577,0.999910189529
2934.39914714,3054,400,0.00946265023062,0.00731778134401,0.999910460255
2935.14914714,3055,400,0.00948930391575,0.00731859757277,0.999909955138
2935.89914714,3056,400,0.00957579097414,0.00731945003421,0.999908306329
2936.64914714,3057,400,0.00964190700979,0.00732033022795,0.99990703579
2937.39914714,3058,400,0.00962623239517,0.00732120299524,0.999907337797
2938.14914714,3059,400,0.00975391870064,0.0073221303283,0.999904863333
2938.89914714,3060,400,0.00969853804336,0.00732303290043,0.999905940572
2939.64914714,3061,400,0.00980579928483,0.00732398143066,0.999903848612
2940.39914714,3062,400,0.00985222811333,0.00732494956507,0.999902935957
2941.14914714,3063,400,0.00977633392038,0.00732588374555,0.999904425579
2941.89914714,3064,400,0.00980228027497,0.00732682851147,0.999903917609
2942.64914714,3065,400,0.00984925690131,0.0073277930908,0.999902994491
2943.39914714,3066,400,0.00993720101755,0.00732879563461,0.999901254474
2944.14914714,3067,400,0.00988184364637,0.00732977298579,0.99990235155
2944.89914714,3068,400,0.00990776884614,0.00733076097547,0.999901838526
2945.64914714,3069,400,0.00993369828519,0.00733175962054,0.999901324073
2946.39914714,3070,400,0.00989882329788,0.00733274211684,0.999902015698
2947.14914714,3071,400,0.00988444833546,0.00733371752829,0.999902300068
2947.89914714,3072,400,0.00980735838339,0.00733465848897,0.999903818034
2948.64914714,3073,400,0.00962854921554,0.00733552163187,0.999907293189
2949.39914714,3074,400,0.00973635114157,0.00733643039505,0.999905205713
2950.14914714,3075,400,0.00961959029577,0.00733728837069,0.999907465623
2950.89914714,3076,400,0.00962569150664,0.00733814828924,0.999907348209
2951.64914714,3077,400,0.00956907900507,0.00733898348789,0.999908434823
2952.39914714,3078,400,0.00977809208096,0.00733990754506,0.999904391201
2953.14914714,3079,400,0.00974214389291,0.00734081536272,0.999905092884
2953.89914714,3080,400,0.00980864506926,0.00734175122718,0.999903792796
2954.64914714,3081,400,0.00981415891363,0.00734268875629,0.999903684604
2955.39914714,3082,400,0.00984055555789,0.00734363701895,0.999903165811
2956.14914714,3083,400,0.00996893321063,0.00734464069938,0.99990062284
2956.89914714,3084,400,0.00989252201748,0.00734561009576,0.999902140402
2957.64914714,3085,400,0.0097751531284,0.00734652781018,0.999904448664
2958.39914714,3086,400,0.00973971257598,0.00734742956411,0.999905140249
2959.14914714,3087,400,0.00956091831157,0.00734825456051,0.99990859093
2959.89914714,3088,400,0.00940262401633,0.00734901279276,0.999911592616
2960.64914714,3089,400,0.0093262483389,0.00734973895338,0.999913022983
2961.39914714,3090,400,0.00924987783953,0.00735043334185,0.99991444159
2962.14914714,3091,400,0.00919398570816,0.00735110453147,0.999915472413
2962.89914714,3092,400,0.00936363001052,0.0073518444722,0.999912324355
2963.64914714,3093,400,0.00936953216442,0.007352586291,0.999912213794
2964.39914714,3094,400,0.00945734578136,0.00735336388882,0.999910560611
2965.14914714,3095,400,0.00946329259495,0.00735414337373,0.999910448098
2965.89914714,3096,400,0.00942784291292,0.00735490756767,0.999911117753
2966.64914714,3097,400,0.00937192349077,0.00735564811481,0.999912168979
2967.39914714,3098,400,0.00937701353532,0.00735639020314,0.99991207355
2968.14914714,3099,400,0.00934198266179,0.00735711735727,0.999912729264
2968.89914714,3100,400,0.00946992998008,0.00735789673237,0.999910322437
2969.64914714,3101,400,0.00945534990841,0.0073586694763,0.999910598356
2970.39914714,3102,400,0.00933842258133,0.00735939351107,0.999912795765
2971.14914714,3103,400,0.00922069455428,0.00736006917342,0.999914980599
2971.89914714,3104,400,0.00920613305768,0.0073607384665,0.99991524891
2972.64914714,3105,400,0.00904830510965,0.00736134424429,0.99991812985
2973.39914714,3106,400,0.00905380093706,0.0073619517576,0.999918030368
2974.14914714,3107,400,0.00901882320088,0.00736254501278,0.999918662482
2974.89914714,3108,400,0.00898338152809,0.00736312389834,0.999919300484
2975.64914714,3109,400,0.00900933840596,0.00736371256608,0.999918833469
2976.39914714,3110,400,0.00889250680508,0.00736425514807,0.999920924886
2977.14914714,3111,400,0.00877432985951,0.00736475177939,0.999923012617
2977.89914714,3112,400,0.0087593779754,0.00736524233917,0.999923274769
2978.64914714,3113,400,0.00872436262357,0.00736571920155,0.999923886945
2979.39914714,3114,400,0.00872948170345,0.00736619767438,0.999923797601
2980.14914714,3115,400,0.00871491179665,0.00736667027095,0.999924051754
2980.89914714,3116,400,0.00880267801166,0.00736717602074,0.999922514361
2981.64914714,3117,400,0.00874723099482,0.00736766022499,0.999923487414
2982.39914714,3118,400,0.0086704460541,0.0073681149795,0.999924824778
2983.14914714,3119,400,0.00865549203874,0.00736856377765,0.999925083861
2983.89914714,3120,400,0.00855910476812,0.00736897617606,0.999926743067
2984.64914714,3121,400,0.00842184305513,0.00736933761634,0.999929073817
2985.39914714,3122,400,0.00834550777259,0.00736967099245,0.999930353713
2986.14914714,3123,400,0.00824921471447,0.00736996942666,0.999931951614
2986.89914714,3124,400,0.00825469046249,0.00737026962022,0.999931861246
2987.64914714,3125,400,0.00836293870942,0.00737060865825,0.999930062479
2988.39914714,3126,400,0.00828714807647,0.00737092008018,0.999931324356
2989.14914714,3127,400,0.00816990650418,0.00737118943577,0.999933253742
2989.89914714,3128,400,0.00809416247728,0.00737143189597,0.999934485607
2990.64914714,3129,400,0.00801783043789,0.00737164753352,0.999935715428
2991.39914714,3130,400,0.00804315728579,0.00737187184157,0.999935308667
2992.14914714,3131,400,0.00794639444411,0.00737206248431,0.999936855812
2992.89914714,3132,400,0.00795240993598,0.00737225507141,0.999936760176
2993.64914714,3133,400,0.0080805288354,0.00737249199601,0.99993470612
2994.39914714,3134,400,0.0080645851374,0.00737272319159,0.999934963524
2995.14914714,3135,400,0.00796828148449,0.00737292083247,0.999936507498
2995.89914714,3136,400,0.00776979627379,0.00737305079214,0.999939631177
2996.64914714,3137,400,0.0076531684739,0.00737314178259,0.99994142987
2997.39914714,3138,400,0.00765808966468,0.00737323434225,0.999941354523
2998.14914714,3139,400,0.00764364773022,0.00737332206778,0.999941575503
2998.89914714,3140,400,0.00766904282815,0.00737341813435,0.999941186647
2999.64914714,3141,400,0.00779765069998,0.00737355708139,0.999939197568
3000.39914714,3142,400,0.00776276569085,0.00737368422245,0.999939740377
3001.14914714,3143,400,0.00782954963924,0.0073738337459,0.999938699092
3001.89914714,3144,400,0.00781512241409,0.00737397830338,0.999938924794
3002.64914714,3145,400,0.00771896827551,0.0073740905633,0.999940418416
3003.39914714,3146,400,0.00772441330663,0.00737420456247,0.999940334329
3004.14914714,3147,400,0.00771004350933,0.00737431370892,0.999940556113
3004.89914714,3148,400,0.00757126430849,0.00737437710783,0.999942676778
3005.64914714,3149,400,0.00775974330272,0.00737450268165,0.99993978729
3006.39914714,3150,400,0.00784702375129,0.00737465749255,0.999938425166
3007.14914714,3151,400,0.00781130736716,0.00737480016867,0.999938984408
3007.89914714,3152,400,0.00789894490804,0.00737497236553,0.999937607643
3008.64914714,3153,400,0.0078022265923,0.00737511179659,0.999939126187
3009.39914714,3154,400,0.00788953202171,0.00737528058377,0.999937756253
3010.14914714,3155,400,0.00787494326962,0.00737544431835,0.99993798623
3010.89914714,3156,400,0.00796224799203,0.00737563764511,0.999936603612
3011.64914714,3157,400,0.00794767359969,0.00737582586532,0.999936835482
3012.39914714,3158,400,0.00795357701391,0.00737601597651,0.999936741613
3013.14914714,3159,400,0.00789773608963,0.00737618696891,0.999937626737
3013.89914714,3160,400,0.00773966660131,0.00737630482724,0.999940098458
3014.64914714,3161,400,0.00780650048987,0.00737644488933,0.999939059479
3015.39914714,3162,400,0.00766929386893,0.00737653934227,0.999941182796
3016.14914714,3163,400,0.00771611469167,0.00737664917118,0.99994046246
3016.89914714,3164,400,0.00766076090566,0.00737674069496,0.999941313603
3017.64914714,3165,400,0.00766676021971,0.00737683412901,0.999941221651
3018.39914714,3166,400,0.00755016807091,0.00737688952058,0.999942995774
3019.14914714,3167,400,0.0076163610457,0.00737696636212,0.999941991886
3019.89914714,3168,400,0.00756106148947,0.00737702519781,0.999942831166
3020.64914714,3169,400,0.00746493546317,0.00737705310374,0.999944275515
3021.39914714,3170,400,0.00751187187991,0.00737709602182,0.999943572577
3022.14914714,3171,400,0.00751730514718,0.00737714065793,0.999943490922
3022.89914714,3172,400,0.00748187998445,0.00737717391223,0.999944022255
3023.64914714,3173,400,0.00734495817985,0.00737716378131,0.999946052317
3024.39914714,3174,400,0.00739193004766,0.00737716843822,0.999945360117
3025.14914714,3175,400,0.00764179026975,0.00737725327801,0.999941603894
3025.89914714,3176,400,0.00760636311239,0.00737732653567,0.999942144077
3026.64914714,3177,400,0.00777590333942,0.00737745538056,0.999939536241
3027.39914714,3178,400,0.00778134288992,0.00737758594679,0.999939451619
3028.14914714,3179,400,0.00762268935902,0.00737766432792,0.999941895451
3028.89914714,3180,400,0.0075061201942,0.0073777050744,0.999943658953
3029.64914714,3181,400,0.00741004515899,0.00737771526332,0.999945091984
3030.39914714,3182,400,0.00747675749366,0.00737774659795,0.999944098879
3031.14914714,3183,400,0.007298998479,0.00737772198973,0.999946725331
3031.89914714,3184,400,0.00732483967289,0.00737770544047,0.999946347443
3032.64914714,3185,400,0.00720705949362,0.0073776524819,0.999948058968
3033.39914714,3186,400,0.00715187434598,0.00737758270021,0.999948851347
3034.14914714,3187,400,0.00723966970598,0.00737753983095,0.999947587869
3034.89914714,3188,400,0.0071621136198,0.00737747324314,0.999948704786
3035.64914714,3189,400,0.0072090107869,0.00737742101999,0.999948030839
3036.39914714,3190,400,0.00735805188743,0.00737741495613,0.999945859805
3037.14914714,3191,400,0.00728177747392,0.00737738517933,0.99994697642
3037.89914714,3192,400,0.00734848895627,0.00737737614435,0.999946000439
3038.64914714,3193,400,0.00725243668571,0.00737733734641,0.999947402854
3039.39914714,3194,400,0.00725786320867,0.0073773002434,0.999947324115
3040.14914714,3195,400,0.00728254826654,0.00737727077746,0.999946965194
3040.89914714,3196,400,0.00722727276334,0.0073772243214,0.99994776721
3041.64914714,3197,400,0.00747732638908,0.00737725584501,0.999944090372
3042.39914714,3198,400,0.00742150234521,0.00737726972217,0.999944922061
3043.14914714,3199,400,0.00742698618173,0.00737728531577,0.999944840637
3043.89914714,3200,400,0.00735073642663,0.00737727703416,0.999945967404
3044.64914714,3201,400,0.00747842579078,0.00737730884983,0.99994407393
3045.39914714,3202,400,0.00750437599953,0.00737734887516,0.999943685134
3046.14914714,3203,400,0.00759164774094,0.00737741675227,0.999942367715
3046.89914714,3204,400,0.00747452366708,0.0073774472597,0.999944132276
3047.64914714,3205,400,0.00752125959864,0.00737749256815,0.999943431454
3048.39914714,3206,400,0.00746583241346,0.00737752028761,0.999944262123
3049.14914714,3207,400,0.00749141034774,0.0073775560746,0.999943879558
3049.89914714,3208,400,0.00755859255352,0.00737761319959,0.999942868495
3050.64914714,3209,400,0.00758454426588,0.00737767858825,0.999942475516
3051.39914714,3210,400,0.00759042785966,0.00737774582058,0.999942386235
3052.14914714,3211,400,0.00761677981144,0.00737782146836,0.999941985507
3052.89914714,3212,400,0.0075806701022,0.00737788548964,0.999942534266
3053.64914714,3213,400,0.00752460764966,0.00737793160872,0.999943381081
3054.39914714,3214,400,0.0075095150868,0.00737797291441,0.999943607978
3055.14914714,3215,400,0.00755596325468,0.00737802894446,0.999942908234
3055.89914714,3216,400,0.00756153333879,0.00737808671365,0.999942824031
3056.64914714,3217,400,0.00756726069053,0.00737814627175,0.999942737385
3057.39914714,3218,400,0.00757282394227,0.0073782075661,0.99994265316
3058.14914714,3219,400,0.00739458303625,0.00737821265887,0.999945320889
3058.89914714,3220,400,0.00731861114299,0.00737819422382,0.999946438648
3059.64914714,3221,400,0.00716094196409,0.00737812776784,0.999948721568
3060.39914714,3222,400,0.00716620629165,0.00737806293889,0.999948646147
3061.14914714,3223,400,0.00721242871776,0.00737801212425,0.999947981548
3061.89914714,3224,400,0.00715686552863,0.00737794455809,0.999948779932
3062.64914714,3225,400,0.00710134094193,0.0073778603968,0.999949571593
3063.39914714,3226,400,0.00708625120028,0.00737777178924,0.999949785674
3064.14914714,3227,400,0.0070511400265,0.00737767281077,0.999950282042
3064.89914714,3228,400,0.00709754720991,0.00737758767785,0.999949625458
3065.64914714,3229,400,0.00706224134378,0.00737749210374,0.999950125369
3066.39914714,3230,400,0.00706779955953,0.00737739823553,0.999950046833
3067.14914714,3231,400,0.00711409732619,0.00737731819725,0.99994939026
3067.89914714,3232,400,0.00701752337947,0.00737720958842,0.999950754972
3068.64914714,3233,400,0.00712535131268,0.00737713301548,0.999949230013
3069.39914714,3234,400,0.00711049560162,0.00737705205685,0.999949441491
3070.14914714,3235,400,0.00705490116566,0.0073769546476,0.999950228989
3070.89914714,3236,400,0.00712165208938,0.0073768771179,0.999949282715
3071.64914714,3237,400,0.00712721168633,0.00737680129405,0.999949203499
3072.39914714,3238,400,0.00709195563234,0.00737671502233,0.999949704798
3073.14914714,3239,400,0.00705670286342,0.00737661836505,0.999950203565
3073.89914714,3240,400,0.00724617932389,0.00737657846192,0.999947493574
3074.64914714,3241,400,0.00710875865869,0.00737649732665,0.999949466189
3075.39914714,3242,400,0.00695096720691,0.007376369856,0.999951684638
3076.14914714,3243,400,0.00711996584267,0.0073762921659,0.999949306729
3076.89914714,3244,400,0.00714608111059,0.00737622230778,0.999948934177
3077.64914714,3245,400,0.00707006595366,0.00737612991807,0.999950014792
3078.39914714,3246,400,0.00725968459439,0.00737609432767,0.999947297674
3079.14914714,3247,400,0.00738784701387,0.0073760979501,0.999945420461
3079.89914714,3248,400,0.0073319492718,0.0073760843982,0.999946243242
3080.64914714,3249,400,0.00752138906755,0.00737612956146,0.999943429507
3081.39914714,3250,400,0.00750654662403,0.00737617004442,0.999943652552
3082.14914714,3251,400,0.00751219127008,0.00737621226989,0.999943567778
3082.89914714,3252,400,0.0075178660577,0.00737625624699,0.999943482489
3083.64914714,3253,400,0.00748249842058,0.00737628914187,0.999944013001
3084.39914714,3254,400,0.00748815139313,0.0073763237793,0.999943928375
3085.14914714,3255,400,0.0074529510326,0.00737634744294,0.999944454292
3085.89914714,3256,400,0.00747896941071,0.00737637917992,0.999944065799
3086.64914714,3257,400,0.00738234644802,0.00737638101279,0.999945501703
3087.39914714,3258,400,0.00736749293065,0.00737637828636,0.999945720784
3088.14914714,3259,400,0.00755702865201,0.00737643439614,0.999942892133
3088.89914714,3260,400,0.00758306706179,0.00737649866789,0.999942497921
3089.64914714,3261,400,0.00762955420954,0.00737657759913,0.99994179075
3090.39914714,3262,400,0.00763520168621,0.00737665827244,0.999941704545
3091.14914714,3263,400,0.00772256984683,0.00737676676749,0.999940362804
3091.89914714,3264,400,0.00768725950134,0.00737686389527,0.999940906914
3092.64914714,3265,400,0.0076110858906,0.00737693677098,0.99994207221
3093.39914714,3266,400,0.00759624578899,0.00737700491792,0.999942297882
3094.14914714,3267,400,0.00756099017093,0.00737706193624,0.999942832245
3094.89914714,3268,400,0.00750532277156,0.00737710152483,0.999943670923
3095.64914714,3269,400,0.00732703798579,0.00737708626214,0.999946315235
3096.39914714,3270,400,0.00731203794387,0.00737706645737,0.999946534816
3097.14914714,3271,400,0.00729720742742,0.00737704217522,0.999946751473
3097.89914714,3272,400,0.00730282812896,0.00737701960772,0.999946669412
3098.64914714,3273,400,0.00734935493537,0.00737701117117,0.999945987711
3099.39914714,3274,400,0.00741625793856,0.00737702319045,0.999944999874
3100.14914714,3275,400,0.00750361087281,0.00737706217471,0.999943696616
3100.89914714,3276,400,0.00765230347732,0.00737714775907,0.999941443109
3101.64914714,3277,400,0.00755572026938,0.00737720291108,0.999942911906
3102.39914714,3278,400,0.0078883996884,0.00737736426021,0.999937774118
3103.14914714,3279,400,0.00795541833031,0.00737754745428,0.999936712321
3103.89914714,3280,400,0.00796101722368,0.00737773237338,0.999936623209
3104.64914714,3281,400,0.00786431609276,0.00737788556581,0.999938153489
3105.39914714,3282,400,0.00780858904288,0.00737802062709,0.999939026867
3106.14914714,3283,400,0.00781417325509,0.00737815740445,0.999938939628
3106.89914714,3284,400,0.00788119580449,0.00737831580313,0.999937887717
3107.64914714,3285,400,0.00786638110302,0.00737846928942,0.999938121006
3108.39914714,3286,400,0.00776967724533,0.00737859149745,0.999939633027
3109.14914714,3287,400,0.00773451254088,0.00737870238963,0.99994017821
3109.89914714,3288,400,0.007904117273,0.00737886787484,0.999937525906
3110.64914714,3289,400,0.00786918677865,0.00737902190471,0.999938076858
3111.39914714,3290,400,0.00779345121331,0.00737915140726,0.99993926304
3112.14914714,3291,400,0.00777872033834,0.00737927610598,0.999939492425
3112.89914714,3292,400,0.00774354826931,0.00737938949003,0.999940038359
3113.64914714,3293,400,0.00776971542496,0.00737951115586,0.999939632433
3114.39914714,3294,400,0.00765277362518,0.00737959564898,0.999941435913
3115.14914714,3295,400,0.00774027115498,0.00737970778453,0.9999400891
3115.89914714,3296,400,0.00774555680917,0.0073798215329,0.99994000725
3116.64914714,3297,400,0.00779176406551,0.00737994996365,0.999939289334
3117.39914714,3298,400,0.00765397646434,0.00738003459445,0.999941417502
3118.14914714,3299,400,0.00763923617078,0.00738011454352,0.999941642922
3118.89914714,3300,400,0.00770666951699,0.00738021568818,0.999940608127
3119.64914714,3301,400,0.00769195105863,0.00738031211867,0.999940834764
3120.39914714,3302,400,0.00771769536585,0.00738041662877,0.999940438065
3121.14914714,3303,400,0.00788696540773,0.00738057525015,0.999937796744
3121.89914714,3304,400,0.00797491834873,0.00738076237664,0.999936401689
3122.64914714,3305,400,0.00804154898907,0.00738097125905,0.999935334535
3123.39914714,3306,400,0.00804774468544,0.00738118205172,0.999935234854
3124.14914714,3307,400,0.00801210480045,0.0073813809869,0.999935807207
3124.89914714,3308,400,0.00793558962641,0.00738155481018,0.999937027409
3125.64914714,3309,400,0.0079409050967,0.00738173025178,0.99993694302
3126.39914714,3310,400,0.00782354325823,0.00738186772324,0.999938793107
3127.14914714,3311,400,0.00770656395386,0.00738196794521,0.999940609754
3127.89914714,3312,400,0.00775281033624,0.0073820827261,0.999939894835
3128.64914714,3313,400,0.00765595822015,0.00738216692601,0.999941387163
3129.39914714,3314,400,0.00766137025292,0.00738225276837,0.999941304267
3130.14914714,3315,400,0.00752368952076,0.00738229584265,0.999943394897
3130.89914714,3316,400,0.00750985227146,0.00738233464183,0.999943602914
3131.64914714,3317,400,0.00757688529046,0.00738239406704,0.999942591633
3132.39914714,3318,400,0.00760265316047,0.00738246144012,0.9999422005
3133.14914714,3319,400,0.00777155734624,0.00738258176141,0.999939603808
3133.89914714,3320,400,0.00787948698879,0.00738273646703,0.999937914648
3134.64914714,3321,400,0.00790642611102,0.0073828997484,0.999937489403
3135.39914714,3322,400,0.00783036800681,0.0073830385275,0.999938686277
3136.14914714,3323,400,0.00779475624842,0.00738316588045,0.999939242698
3136.89914714,3324,400,0.00784137275189,0.00738330800462,0.999938513819
3137.64914714,3325,400,0.00780577842932,0.00738343869737,0.999939070751
3138.39914714,3326,400,0.00781194191026,0.00738357126907,0.999938974495
3139.14914714,3327,400,0.00785907653088,0.00738371879289,0.99993823587
3139.89914714,3328,400,0.00770073686746,0.00738381609502,0.999940699531
3140.64914714,3329,400,0.00772643323083,0.00738392140098,0.99994030312
3141.39914714,3330,400,0.00781349594376,0.00738405415361,0.999938950213
3142.14914714,3331,400,0.00798323359048,0.00738424132916,0.999936268997
3142.89914714,3332,400,0.00811120740997,0.00738447024229,0.999934209396
3143.64914714,3333,400,0.00813738861391,0.00738470765282,0.999933784003
3144.39914714,3334,400,0.00806087060875,0.00738491974293,0.999935023421
3145.14914714,3335,400,0.00806619400933,0.00738513344261,0.999934937573
3145.89914714,3336,400,0.00809199942306,0.00738535547007,0.999934520617
3146.64914714,3337,400,0.00817919828653,0.00738560614229,0.999933101834
3147.39914714,3338,400,0.00812323837826,0.00738583815407,0.999934014087
3148.14914714,3339,400,0.00827210362224,0.0073861195022,0.999931573472
3148.89914714,3340,400,0.00817523893111,0.00738636838228,0.999933166585
3149.64914714,3341,400,0.00818069543019,0.00738661891315,0.999933077342
3150.39914714,3342,400,0.0080838905947,0.00738683739637,0.99993465178
3151.14914714,3343,400,0.00796666501418,0.00738701764674,0.999936533256
3151.89914714,3344,400,0.00789050014781,0.00738717333906,0.999937740976
3152.64914714,3345,400,0.0078960265901,0.00738733070032,0.999937653736
3153.39914714,3346,400,0.00784031188381,0.00738747022957,0.999938530454
3154.14914714,3347,400,0.00790720803636,0.00738763097494,0.999937477038
3154.89914714,3348,400,0.00797413826993,0.00738781310795,0.99993641413
3155.64914714,3349,400,0.0079593080841,0.00738799035258,0.999936650418
3156.39914714,3350,400,0.00794448177718,0.00738816272369,0.999936886205
3157.14914714,3351,400,0.00778643755328,0.00738828477871,0.999939372309
3157.89914714,3352,400,0.00785340269383,0.00738842790331,0.999938325017
3158.64914714,3353,400,0.00798179925109,0.00738861197451,0.999936291895
3159.39914714,3354,400,0.00800789372495,0.00738880434962,0.999935874666
3160.14914714,3355,400,0.00795207157911,0.00738897863576,0.999936765557
3160.89914714,3356,400,0.00799861084259,0.0073891677815,0.999936023248
3161.64914714,3357,400,0.00806560936716,0.00738937850356,0.999934947004
3162.39914714,3358,400,0.00813295382529,0.00738961107506,0.999933856156
3163.14914714,3359,400,0.00805659085455,0.00738981859828,0.999935092397
3163.89914714,3360,400,0.00804162627875,0.0073900211412,0.999935333292
3164.64914714,3361,400,0.00802668989974,0.0073902187268,0.999935573287
3165.39914714,3362,400,0.00807314575187,0.00739043124055,0.99993482538
3166.14914714,3363,400,0.00809934384332,0.00739065214511,0.999934401705
3166.89914714,3364,400,0.00812532709566,0.00739088138962,0.999933980149
3167.64914714,3365,400,0.00802859708037,0.00739107907734,0.999935542668
3168.39914714,3366,400,0.00799342098539,0.00739126531565,0.999936106242
3169.14914714,3367,400,0.00808088092234,0.0073914796834,0.99993470043
3169.89914714,3368,400,0.00792289072032,0.00739164313585,0.999937228788
3170.64914714,3369,400,0.00782628735251,0.0073917759406,0.999938750164
3171.39914714,3370,400,0.00799538827036,0.0073919623649,0.999936074788
3172.14914714,3371,400,0.00812391967209,0.00739219024533,0.999934003018
3172.89914714,3372,400,0.00788436317724,0.00739234106153,0.999937837783
3173.64914714,3373,400,0.00789035425398,0.00739249368031,0.999937743279
3174.39914714,3374,400,0.00779348281824,0.0073926157494,0.999939262548
3175.14914714,3375,400,0.00769768457424,0.00739270800465,0.99994074653
3175.89914714,3376,400,0.00780522186179,0.00739283360282,0.99993907944
3176.64914714,3377,400,0.00774922437742,0.00739294168055,0.999939950423
3177.39914714,3378,400,0.00773448166203,0.00739304512246,0.999940178688
3178.14914714,3379,400,0.00782163114622,0.00739317563593,0.999938823022
3178.89914714,3380,400,0.00782768248338,0.00739330796467,0.999938728326
3179.64914714,3381,400,0.00775160862726,0.00739341650655,0.999939913466
3180.39914714,3382,400,0.00773649371321,0.00739352030154,0.999940147561
3181.14914714,3383,400,0.00778274745927,0.00739363838291,0.999939429759
3181.89914714,3384,400,0.00770634561376,0.00739373274403,0.999940613119
3182.64914714,3385,400,0.00767087056772,0.00739381615029,0.99994115861
3183.39914714,3386,400,0.00765610185577,0.00739389498561,0.999941384963
3184.14914714,3387,400,0.00760019988986,0.00739395674593,0.999942237796
3184.89914714,3388,400,0.00768789996018,0.00739404523005,0.999940897068
3185.64914714,3389,400,0.00779581287284,0.00739416700037,0.999939226225
3186.39914714,3390,400,0.0077398744151,0.00739427136217,0.999940095241
3187.14914714,3391,400,0.0076839661372,0.00739435846566,0.999940957536
3187.89914714,3392,400,0.00766898305713,0.0073944409311,0.999941187564
3188.64914714,3393,400,0.00765402924272,0.00739451878063,0.999941416694
3189.39914714,3394,400,0.00765955181973,0.00739459826832,0.999941332126
3190.14914714,3395,400,0.007828756386,0.00739472990292,0.999938711513
3190.89914714,3396,400,0.00785484904397,0.00739486960538,0.999938302298
3191.64914714,3397,400,0.00784021478529,0.00739500465134,0.999938531977
3192.39914714,3398,400,0.00798902459071,0.00739518648487,0.999936176504
3193.14914714,3399,400,0.00801495343517,0.00739537646104,0.999935761553
3193.89914714,3400,400,0.00800000302734,0.00739556155957,0.999936000976
3194.64914714,3401,400,0.00794417211444,0.0073957288493,0.999936891125
3195.39914714,3402,400,0.00790890524881,0.00739588492661,0.999937450196
3196.14914714,3403,400,0.00791469254575,0.00739604272813,0.999937358623
3196.89914714,3404,400,0.00789974033475,0.00739619573755,0.999937595076
3197.64914714,3405,400,0.00806899648358,0.00739640231372,0.999934892356
3198.39914714,3406,400,0.00807464965097,0.0073966105741,0.999934801096
3199.14914714,3407,400,0.00816198178341,0.00739684683976,0.999933383163
3199.89914714,3408,400,0.00824935042135,0.00739711139784,0.999931949375
3200.64914714,3409,400,0.00819353937418,0.00739735759576,0.999932867039
3201.39914714,3410,400,0.00830145226718,0.00739763892274,0.999931087078
3202.14914714,3411,400,0.00826616399787,0.0073979084898,0.9999316717
3202.89914714,3412,400,0.00818990011939,0.00739815303013,0.999932926661
3203.64914714,3413,400,0.00805229388875,0.00739835316228,0.999935161614
3204.39914714,3414,400,0.00795567252103,0.00739852255426,0.999936708276
3205.14914714,3415,400,0.00792034696762,0.0073986807449,0.999937269088
3205.89914714,3416,400,0.00796693265108,0.00739885348119,0.999936528991
3206.64914714,3417,400,0.00784985303946,0.00739898948958,0.999938380757
3207.39914714,3418,400,0.00775314674801,0.00739909558398,0.999939889619
3208.14914714,3419,400,0.0076769841829,0.00739917838754,0.999941064782
3208.89914714,3420,400,0.00751897330823,0.00739921369876,0.999943465839
3209.64914714,3421,400,0.00758592295518,0.00739926896454,0.999942454601
3210.39914714,3422,400,0.00771417673325,0.00739936294667,0.999940492363
3211.14914714,3423,400,0.00757666158541,0.00739941536331,0.999942595023
3211.89914714,3424,400,0.00766404372734,0.00739949403123,0.999941263296
3212.64914714,3425,400,0.00760833745415,0.00739955586765,0.999942114039
3213.39914714,3426,400,0.00773660231807,0.00739965648652,0.99994014588
3214.14914714,3427,400,0.00764001371736,0.00739972776161,0.999941631042
3214.89914714,3428,400,0.00774779341245,0.00739983168496,0.999939972598
3215.64914714,3429,400,0.00767163019497,0.00739991240488,0.999941146956
3216.39914714,3430,400,0.00775907614687,0.00740001965774,0.999939797643
3217.14914714,3431,400,0.00782610929422,0.00740014742016,0.999938752951
3217.89914714,3432,400,0.00775002894021,0.0074002517763,0.999939937953
3218.64914714,3433,400,0.00771488218794,0.00740034537281,0.999940481478
3219.39914714,3434,400,0.00782288763421,0.00740047193123,0.999938803365
3220.14914714,3435,400,0.00784913908372,0.00740060650578,0.999938391965
3220.89914714,3436,400,0.00771183697879,0.00740069898915,0.999940528455
3221.64914714,3437,400,0.00771770170995,0.00740079319629,0.999940437967
3222.39914714,3438,400,0.00768270933921,0.00740087675766,0.999940976848
3223.14914714,3439,400,0.00758642786296,0.00740093138878,0.99994244694
3223.89914714,3440,400,0.0075515100152,0.0074009756068,0.999942975509
3224.64914714,3441,400,0.00761880560147,0.0074010398424,0.999941954644
3225.39914714,3442,400,0.00746133157918,0.00740105743021,0.999944329306
3226.14914714,3443,400,0.00746738467424,0.00740107678088,0.999944238943
3226.89914714,3444,400,0.00749389678496,0.00740110390106,0.999943842299
3227.64914714,3445,400,0.00768386692283,0.00740118754778,0.999940959061
3228.39914714,3446,400,0.00771042724117,0.0074012791607,0.999940550195
3229.14914714,3447,400,0.00773701391358,0.00740137876824,0.999940139512
3229.89914714,3448,400,0.00784534905767,0.00740151139061,0.999938451445
3230.64914714,3449,400,0.00780988029181,0.00740163305807,0.9999390067
3231.39914714,3450,400,0.00773434988231,0.00740173166464,0.999940180727
3232.14914714,3451,400,0.00765801992423,0.00740180721491,0.999941355591
3232.89914714,3452,400,0.00772469173679,0.00740190278991,0.999940330028
3233.64914714,3453,400,0.00777094718905,0.00740201232988,0.999939613291
3234.39914714,3454,400,0.00781721161976,0.0074021359085,0.999938892136
3235.14914714,3455,400,0.00768036720423,0.00740221795157,0.99994101283
3235.89914714,3456,400,0.00774786880651,0.0074023203007,0.99993997143
3236.64914714,3457,400,0.00775325030274,0.00740242421911,0.999939888013
3237.39914714,3458,400,0.00775784267655,0.00740252946733,0.999939816783
3238.14914714,3459,400,0.0077420897537,0.00740262988534,0.999940060944
3238.89914714,3460,400,0.00774751314782,0.00740273188383,0.999939976941
3239.64914714,3461,400,0.00779450557011,0.00740284807494,0.999939246606
3240.39914714,3462,400,0.00790282368701,0.00740299736845,0.999937546353
3241.14914714,3463,400,0.00801041591069,0.00740317996452,0.999935834266
3241.89914714,3464,400,0.00797569314619,0.00740335162835,0.99993638933
3242.64914714,3465,400,0.00798109951029,0.00740352487054,0.999936303065
3243.39914714,3466,400,0.00792519608521,0.00740368068262,0.999937192253
3244.14914714,3467,400,0.00791092730869,0.0074038320001,0.999937418208
3244.89914714,3468,400,0.00771278761874,0.00740392294586,0.999940513792
3245.64914714,3469,400,0.00771902712938,0.00740401571249,0.999940417508
3246.39914714,3470,400,0.00766311944452,0.0074040916883,0.999941277462
3247.14914714,3471,400,0.0077510774333,0.00740419399711,0.999939921701
3247.89914714,3472,400,0.00773515297514,0.00740429144915,0.999940168303
3248.64914714,3473,400,0.007984183878,0.00740446495721,0.999936253824
3249.39914714,3474,400,0.00805028421672,0.00740465896259,0.999935193974
3250.14914714,3475,400,0.00805636226093,0.00740485475349,0.99993509608
3250.89914714,3476,400,0.00814356973948,0.00740507786935,0.999933683371
3251.64914714,3477,400,0.00827232433279,0.00740534189406,0.999931569821
3252.39914714,3478,400,0.00827843472106,0.00740560772075,0.999931468693
3253.14914714,3479,400,0.00830364834091,0.00740588149869,0.999931050613
3253.89914714,3480,400,0.00832894954435,0.00740616327309,0.999930629803
3254.64914714,3481,400,0.00831396109223,0.00740644003716,0.999930879245
3255.39914714,3482,400,0.00836032969033,0.00740673162139,0.999930106109
3256.14914714,3483,400,0.00846806188295,0.00740705816334,0.999928293213
3256.89914714,3484,400,0.00853400042334,0.00740740622383,0.999927172163
3257.64914714,3485,400,0.00853992202366,0.00740775602641,0.999927071062
3258.39914714,3486,400,0.00854586950111,0.00740810757924,0.999926969448
3259.14914714,3487,400,0.00863318904806,0.00740848794733,0.999925469436
3259.89914714,3488,400,0.00861869058388,0.0074088632383,0.999925719552
3260.64914714,3489,400,0.00864513545262,0.00740924712542,0.999925263029
3261.39914714,3490,400,0.00863015335726,0.00740962576834,0.99992552184
3262.14914714,3491,400,0.00849295181931,0.00740995876573,0.99992787107
3262.89914714,3492,400,0.00843705411868,0.00741027327173,0.999928817385
3263.64914714,3493,400,0.00858569484028,0.0074106364591,0.999926287203
3264.39914714,3494,400,0.00867299714808,0.00741102851477,0.999924780535
3265.14914714,3495,400,0.00880174364858,0.00741146375301,0.999922530809
3265.89914714,3496,400,0.00874583572887,0.00741187978631,0.99992351182
3266.64914714,3497,400,0.00885360947679,0.00741233214582,0.999921615135
3267.39914714,3498,400,0.0087163742615,0.00741273772402,0.999924026263
3268.14914714,3499,400,0.00890545922761,0.00741320727703,0.999920694368
3268.89914714,3500,400,0.00891011688625,0.00741367813097,0.999920611393
3269.64914714,3501,400,0.00895656806001,0.00741416467267,0.999919781497
3270.39914714,3502,400,0.0089419903033,0.00741464588035,0.999920042408
3271.14914714,3503,400,0.00900890235474,0.00741514990279,0.999918841325
3271.89914714,3504,400,0.00887114247456,0.0074156062065,0.99992130438
3272.64914714,3505,400,0.00902029447816,0.00741611355298,0.999918635943
3273.39914714,3506,400,0.00896440395677,0.00741660124706,0.999919641076
3274.14914714,3507,400,0.00905143625571,0.00741711877039,0.99991807318
3274.89914714,3508,400,0.00907777165377,0.00741764513669,0.999917595759
3275.64914714,3509,400,0.00906282598745,0.00741816595783,0.999917866872
3276.39914714,3510,400,0.00906870771176,0.00741868849342,0.999917760231
3277.14914714,3511,400,0.00923796841928,0.00741927017107,0.99991466176
3277.89914714,3512,400,0.00928411318779,0.00741986787147,0.9999138071
3278.64914714,3513,400,0.00916711923928,0.00742042377868,0.99991596569
3279.39914714,3514,400,0.0090501681633,0.00742093847751,0.999918096133
3280.14914714,3515,400,0.00897419928542,0.00742142660247,0.999919465369
3280.89914714,3516,400,0.00893919944037,0.00742190240475,0.99992009231
3281.64914714,3517,400,0.00898562671472,0.00742239384575,0.999919260142
3282.39914714,3518,400,0.0089706624197,0.00742287982999,0.999919528835
3283.14914714,3519,400,0.00891476867615,0.00742334637191,0.999920528478
3283.89914714,3520,400,0.00892070090423,0.00742381464389,0.999920422679
3284.64914714,3521,400,0.00876294007757,0.00742422925962,0.999923212355
3285.39914714,3522,400,0.00880934659597,0.00742465920914,0.999922396918
3286.14914714,3523,400,0.00865162785083,0.00742503625052,0.999925150736
3286.89914714,3524,400,0.00865763806371,0.00742541504664,0.999925046708
3287.64914714,3525,400,0.00880630280718,0.00742584320112,0.999922450534
3288.39914714,3526,400,0.00877085535702,0.00742625919071,0.999923073576
3289.14914714,3527,400,0.00883771189993,0.00742669739292,0.999921896373
3289.89914714,3528,400,0.00874140396913,0.0074271030151,0.999923589316
3290.64914714,3529,400,0.00870595553368,0.00742749658743,0.999924207774
3291.39914714,3530,400,0.00881322223801,0.00742792575095,0.999922328622
3292.14914714,3531,400,0.00890104121324,0.00742838430109,0.999920773035
3292.89914714,3532,400,0.00874333221495,0.00742878953685,0.999923555603
3293.64914714,3533,400,0.00864706580876,0.00742916263001,0.999925229651
3294.39914714,3534,400,0.00857069861004,0.00742951045377,0.999926544474
3295.14914714,3535,400,0.00853584212066,0.00742984671316,0.999927140726
3295.89914714,3536,400,0.00868508535593,0.00743023167831,0.999924570715
3296.64914714,3537,400,0.00858891153341,0.00743058480051,0.999926231959
3297.39914714,3538,400,0.0085950405673,0.00743093970932,0.999926126642
3298.14914714,3539,400,0.0085807460791,0.00743128973286,0.999926372152
3298.89914714,3540,400,0.00854453541402,0.00743162775643,0.999926992247
3299.64914714,3541,400,0.00863247140896,0.00743199427186,0.999925481826
3300.39914714,3542,400,0.00874087906581,0.00743239633378,0.999923598493
3301.14914714,3543,400,0.00888874442012,0.00743284764123,0.999920991783
3301.89914714,3544,400,0.00891532628041,0.00743330764916,0.999920518537
3302.64914714,3545,400,0.00873737257275,0.00743370776659,0.999923659778
3303.39914714,3546,400,0.00868142776419,0.00743408915347,0.999924634232
3304.14914714,3547,400,0.00854445799033,0.0074344255688,0.99992699357
3304.89914714,3548,400,0.00867334219061,0.00743480384182,0.99992477455
3305.64914714,3549,400,0.00876052501849,0.00743521068269,0.999923254674
3306.39914714,3550,400,0.0086432209098,0.00743557860144,0.999925296128
3307.14914714,3551,400,0.00875085971441,0.00743598174773,0.99992342392
3307.89914714,3552,400,0.00885851927836,0.00743642053166,0.999921528176
3308.64914714,3553,400,0.00878289092382,0.00743683379608,0.999922862315
3309.39914714,3554,400,0.0086664056052,0.00743720835549,0.999924894824
3310.14914714,3555,400,0.00861131558228,0.00743756468591,0.999925846619
3310.89914714,3556,400,0.00875979636347,0.00743796955768,0.99992326744
3311.64914714,3557,400,0.00876517974004,0.00743837596266,0.9999231731
3312.39914714,3558,400,0.00875097919813,0.007438777418,0.999923421829
3313.14914714,3559,400,0.00885695500154,0.0074392138657,0.999921555887
3313.89914714,3560,400,0.00880100462842,0.00743963139122,0.999922543817
3314.64914714,3561,400,0.00888899201603,0.00744007803327,0.999920987382
3315.39914714,3562,400,0.00881258339329,0.00744049888087,0.999922339882
3316.14914714,3563,400,0.00881878072744,0.00744092152917,0.999922230619
3316.89914714,3564,400,0.00888475626721,0.00744136593661,0.999921062664
3317.64914714,3565,400,0.00885002372594,0.00744179845923,0.999921678614
3318.39914714,3566,400,0.00899785234655,0.00744228042247,0.999919040292
3319.14914714,3567,400,0.00898282022965,0.00744275699381,0.999919310568
3319.89914714,3568,400,0.00902916439872,0.00744324898345,0.999918475852
3320.64914714,3569,400,0.00897391887032,0.00744372194615,0.999919470401
3321.39914714,3570,400,0.00908235428463,0.00744423145069,0.999917512542
3322.14914714,3571,400,0.00898547972727,0.00744470771597,0.999919262784
3322.89914714,3572,400,0.00882724100242,0.00744513069003,0.999922081334
3323.64914714,3573,400,0.0088326565864,0.00744555520083,0.999921985699
3324.39914714,3574,400,0.00879716688004,0.00744596769431,0.999922611352
3325.14914714,3575,400,0.00880258851746,0.00744638172639,0.999922515936
3325.89914714,3576,400,0.00872692131017,0.00744677059921,0.999923842295
3326.64914714,3577,400,0.00867174723651,0.00744714121609,0.999924802214
3327.39914714,3578,400,0.0087597447359,0.00744754038947,0.999923268344
3328.14914714,3579,400,0.0088273153759,0.00744796160908,0.999922080021
3328.89914714,3580,400,0.00873045399426,0.00744835068019,0.999923780625
3329.64914714,3581,400,0.00873584155034,0.00744874127761,0.999923686528
3330.39914714,3582,400,0.00872078411093,0.00744912671097,0.99992394937
3331.14914714,3583,400,0.00880880053469,0.00744954081139,0.999922406538
3331.89914714,3584,400,0.00889517882567,0.00744998329444,0.999920877359
3332.64914714,3585,400,0.00888092375878,0.00745042076081,0.999921130748
3333.39914714,3586,400,0.00890677233027,0.0074508665617,0.99992067098
3334.14914714,3587,400,0.00889172050224,0.00745130707576,0.999920938869
3334.89914714,3588,400,0.00897893606014,0.00745177646519,0.999919380332
3335.64914714,3589,400,0.00902525675096,0.00745226115393,0.999918546399
3336.39914714,3590,400,0.00890869890773,0.00745270647703,0.999920636658
3337.14914714,3591,400,0.00895500673578,0.0074531669795,0.999919809462
3337.89914714,3592,400,0.00891950449087,0.0074536153461,0.999920444022
3338.64914714,3593,400,0.00894536792799,0.0074540720621,0.999919981993
3339.39914714,3594,400,0.00888941478986,0.00745450987235,0.999920979866
3340.14914714,3595,400,0.0088743755364,0.00745494242922,0.999921247009
3340.89914714,3596,400,0.00875635544786,0.0074553359136,0.999923327709
3341.64914714,3597,400,0.00882384598171,0.00745575127948,0.999922141258
3342.39914714,3598,400,0.00880881496099,0.00745616145167,0.999922406284
3343.14914714,3599,400,0.00883469687163,0.00745657988143,0.999921949654
3343.89914714,3600,400,0.00910604336466,0.00745708872564,0.999917081693
3344.64914714,3601,400,0.00903030825646,0.00745757167872,0.999918455195
3345.39914714,3602,400,0.00913873276816,0.00745809099801,0.999916485307
3346.14914714,3603,400,0.00918507583747,0.00745862579258,0.999915636161
3346.89914714,3604,400,0.00910937912677,0.00745913449522,0.999917020933
3347.64914714,3605,400,0.00895189030697,0.00745958999431,0.999919865265
3348.39914714,3606,400,0.00908081137087,0.00746008842316,0.999917540565
3349.14914714,3607,400,0.00896431053558,0.00746054748161,0.999919642751
3349.89914714,3608,400,0.00880696588973,0.00746095432021,0.999922438856
3350.64914714,3609,400,0.00885235574381,0.00746137579442,0.999921637333
3351.39914714,3610,400,0.00877680699576,0.0074617722896,0.999922969142
3352.14914714,3611,400,0.00878308386437,0.00746217058936,0.999922858926
3352.89914714,3612,400,0.00868716635857,0.0074625375637,0.999924534564
3353.64914714,3613,400,0.00850954190061,0.00746284767417,0.999927589008
3354.39914714,3614,400,0.00843313596011,0.00746313360248,0.999928883482
3355.14914714,3615,400,0.00843950900236,0.0074634213544,0.999928775956
3355.89914714,3616,400,0.00830289491415,0.0074636665619,0.999931063124
3356.64914714,3617,400,0.00839103166461,0.00746393887597,0.999929591827
3357.39914714,3618,400,0.00831578862017,0.00746418775518,0.999930848855
3358.14914714,3619,400,0.00832107844327,0.00746443811747,0.999930760852
3358.89914714,3620,400,0.00826629417259,0.00746467151856,0.999931669548
3359.64914714,3621,400,0.00817071990652,0.00746487572435,0.99993324045
3360.39914714,3622,400,0.00823850643243,0.00746510038103,0.999932128163
3361.14914714,3623,400,0.00828459354851,0.00746533898438,0.999931366687
3361.89914714,3624,400,0.00822860836775,0.0074655603631,0.99993229115
3362.64914714,3625,400,0.00815221068268,0.00746575849231,0.999933542565
3363.39914714,3626,400,0.00823791244152,0.00746598245044,0.99993213795
3364.14914714,3627,400,0.0082444059679,0.00746620825452,0.999932030925
3364.89914714,3628,400,0.00829052179458,0.00746644800207,0.999931268429
3365.64914714,3629,400,0.0081732796229,0.00746665199176,0.999933198616
3366.39914714,3630,400,0.00801646147544,0.00746680902928,0.999935737378
3367.14914714,3631,400,0.00818628629742,0.00746701672138,0.999932985839
3367.89914714,3632,400,0.00819154770731,0.00746722588198,0.999932899672
3368.64914714,3633,400,0.00815598269754,0.00746742420617,0.999933481052
3369.39914714,3634,400,0.00836420234652,0.0074676857938,0.999930041343
3370.14914714,3635,400,0.00851363668773,0.00746799368311,0.999927519304
3370.89914714,3636,400,0.00853935562376,0.00746830946603,0.999927080735
3371.64914714,3637,400,0.00860271947529,0.00746864505554,0.999925994587
3372.39914714,3638,400,0.0085244242402,0.00746895576993,0.999927335511
3373.14914714,3639,400,0.00861071326211,0.0074692934996,0.999925856991
3373.89914714,3640,400,0.00857521219616,0.00746961980868,0.999926467088
3374.64914714,3641,400,0.00852009854057,0.00746992860344,0.999927409238
3375.39914714,3642,400,0.00858767758644,0.00747025846303,0.999926253153
3376.14914714,3643,400,0.00867571907959,0.0074706160504,0.999924733315
3376.89914714,3644,400,0.00862068369919,0.00747095594155,0.999925685193
3377.64914714,3645,400,0.00850339288185,0.00747125875433,0.999927693617
3378.39914714,3646,400,0.00844840376682,0.00747154427933,0.999928625747
3379.14914714,3647,400,0.00841191316122,0.00747181834787,0.999929240969
3379.89914714,3648,400,0.00851946338342,0.00747212565835,0.999927420061
3380.64914714,3649,400,0.00850351298415,0.00747242780878,0.999927691574
3381.39914714,3650,400,0.0084263018544,0.00747270581902,0.999928998697
3382.14914714,3651,400,0.00826814185024,0.00747293527902,0.999931638999
3382.89914714,3652,400,0.00835454969747,0.00747319092042,0.999930202717
3383.64914714,3653,400,0.0084833759525,0.00747348614061,0.999928033627
3384.39914714,3654,400,0.00840776691527,0.00747375780487,0.999929310705
3385.14914714,3655,400,0.00837308907,0.00747401865952,0.999929892608
3385.89914714,3656,400,0.00839976681195,0.00747428754985,0.999929445162
3386.64914714,3657,400,0.00840602863346,0.00747455820842,0.999929339931
3387.39914714,3658,400,0.008370518897,0.0074748178155,0.999929935641
3388.14914714,3659,400,0.00835636229755,0.0074750729429,0.999930172428
3388.89914714,3660,400,0.00832084880262,0.00747531709847,0.999930764674
3389.64914714,3661,400,0.00824540939976,0.00747553828039,0.999932014379
3390.39914714,3662,400,0.00829162602225,0.0074757732939,0.99993125012
3391.14914714,3663,400,0.00839825063476,0.00747604066344,0.99992947063
3391.89914714,3664,400,0.00836363949908,0.0074762972882,0.999930050758
3392.64914714,3665,400,0.00836993583387,0.00747655568665,0.999929945401
3393.39914714,3666,400,0.00845612816023,0.00747684039041,0.999928495175
3394.14914714,3667,400,0.00836019748469,0.00747709551002,0.999930108319
3394.89914714,3668,400,0.00846774811221,0.0074773834759,0.999928298527
3395.64914714,3669,400,0.00847311841974,0.00747767293175,0.999928207553
3396.39914714,3670,400,0.00851852742532,0.00747797627583,0.999927436007
3397.14914714,3671,400,0.00850431077648,0.00747827503464,0.999927678006
3397.89914714,3672,400,0.00836747067396,0.00747853158253,0.99992998666
3398.64914714,3673,400,0.00851681905978,0.00747883388058,0.999927465108
3399.39914714,3674,400,0.00841997923305,0.00747910615728,0.999929105206
3400.14914714,3675,400,0.00844671993842,0.00747938648034,0.999928654195
3400.89914714,3676,400,0.00832851308198,0.0074796305805,0.999930637073
3401.64914714,3677,400,0.00835431786719,0.00747988236614,0.999930206591
3402.39914714,3678,400,0.00844144532398,0.00748016060157,0.99992874327
3403.14914714,3679,400,0.00862920107836,0.00748049690647,0.999925538275
3403.89914714,3680,400,0.00859371584642,0.00748082191339,0.999926149411
3404.64914714,3681,400,0.00859913388495,0.00748114842093,0.999926056263
3405.39914714,3682,400,0.0084613974869,0.00748143208467,0.999928406034
3406.14914714,3683,400,0.00852816333018,0.00748173616636,0.999927271753
3406.89914714,3684,400,0.00839115599371,0.00748199802136,0.999929589741
3407.64914714,3685,400,0.00825344509864,0.00748221815867,0.999931881804
3408.39914714,3686,400,0.00815740753481,0.0074824095978,0.999933457809
3409.14914714,3687,400,0.00820293120409,0.00748261442631,0.999932713052
3409.89914714,3688,400,0.00812732002941,0.00748279676673,0.99993394776
3410.64914714,3689,400,0.00805096493922,0.00748295662912,0.999935183014
3411.39914714,3690,400,0.00797461637793,0.00748309424622,0.999936406505
3412.14914714,3691,400,0.00797930485831,0.00748323314027,0.999936331707
3412.89914714,3692,400,0.00798543636305,0.00748337372799,0.999936233823
3413.64914714,3693,400,0.00803247018387,0.0074835278671,0.999935480463
3414.39914714,3694,400,0.00807952781773,0.00748369563272,0.999934722296
3415.14914714,3695,400,0.00812580169229,0.00748387686263,0.999933972437
3415.89914714,3696,400,0.00807068154229,0.00748404185272,0.99993486516
3416.64914714,3697,400,0.00823879336328,0.00748425629627,0.999932123436
3417.39914714,3698,400,0.00818217209348,0.00748445382112,0.99993305318
3418.14914714,3699,400,0.00812562372361,0.00748463457952,0.999933975329
3418.89914714,3700,400,0.00807037039034,0.00748479907912,0.999934870182
3419.64914714,3701,400,0.00809624781441,0.00748497103715,0.999934451846
3420.39914714,3702,400,0.00814323288315,0.00748515666616,0.999933688858
3421.14914714,3703,400,0.00806758648401,0.00748532006962,0.999934915107
3421.89914714,3704,400,0.00813506053684,0.0074855030965,0.999933821885
3422.64914714,3705,400,0.00814124021476,0.00748568783341,0.999933721306
3423.39914714,3706,400,0.00806488136059,0.00748585016318,0.999934958746
3424.14914714,3707,400,0.00811115717292,0.00748602588907,0.999934210211
3424.89914714,3708,400,0.00815744182355,0.00748621507906,0.99993345725
3425.64914714,3709,400,0.008224937295,0.00748642407315,0.999932351551
3426.39914714,3710,400,0.00827122249536,0.00748664669341,0.999931588049
3427.14914714,3711,400,0.00821530080682,0.00748685259546,0.999932509971
3427.89914714,3712,400,0.00809805550372,0.00748702397045,0.999934422572
3428.64914714,3713,400,0.0082064258268,0.00748722702837,0.999932655709
3429.39914714,3714,400,0.00817094601641,0.00748741952372,0.999933236756
3430.14914714,3715,400,0.00832021095968,0.00748765615665,0.999930775288
3430.89914714,3716,400,0.00844906479174,0.00748793148277,0.999928614578
3431.64914714,3717,400,0.00855750183278,0.00748823977845,0.999926770503
3432.39914714,3718,400,0.00852285684752,0.00748853726886,0.99992736223
3433.14914714,3719,400,0.00850779055733,0.00748882998102,0.99992761881
3433.89914714,3720,400,0.00845100314562,0.00748910524039,0.999928581821
3434.64914714,3721,400,0.00839589542268,0.00748936368469,0.999929510182
3435.39914714,3722,400,0.00846178877169,0.00748964190503,0.999928399412
3436.14914714,3723,400,0.00840665712795,0.00748990329017,0.999929329365
3436.89914714,3724,400,0.00839160465131,0.00749015999329,0.999929582211
3437.64914714,3725,400,0.0082547348961,0.00749037572112,0.999931860513
3438.39914714,3726,400,0.00817836011899,0.00749056884257,0.999933115544
3439.14914714,3727,400,0.00818373985256,0.00749076343187,0.999933027523
3439.89914714,3728,400,0.00808693388075,0.00749092971068,0.99993460257
3440.64914714,3729,400,0.00815448054249,0.00749111553291,0.999933505552
3441.39914714,3730,400,0.0080177054574,0.00749126167044,0.999935717432
3442.14914714,3731,400,0.00794134244346,0.00749138592601,0.999936936074
3442.89914714,3732,400,0.00790678811818,0.00749150031939,0.999937483679
3443.64914714,3733,400,0.00793354450237,0.00749162222727,0.999937059862
3444.39914714,3734,400,0.00812371316617,0.00749179864637,0.999934006373
3445.14914714,3735,400,0.00802794815276,0.00749194732876,0.999935553087
3445.89914714,3736,400,0.00791182253338,0.00749206286342,0.999937404044
3446.64914714,3737,400,0.00793754653283,0.00749218561545,0.999936996347
3447.39914714,3738,400,0.00790201701175,0.00749229825252,0.999937559102
3448.14914714,3739,400,0.00788691032855,0.00749240657053,0.999937797613
3448.89914714,3740,400,0.00795457943743,0.0074925339565,0.999936725667
3449.64914714,3741,400,0.00808352263232,0.00749269816116,0.999934657729
3450.39914714,3742,400,0.00825332765797,0.00749291174378,0.999931883743
3451.14914714,3743,400,0.00838231947312,0.00749316346118,0.999929737954
3451.89914714,3744,400,0.00818456537383,0.00749335664781,0.999933014011
3452.64914714,3745,400,0.00800735583566,0.00749349860316,0.99993588328
3453.39914714,3746,400,0.00805097552834,0.00749365295651,0.999935182843
3454.14914714,3747,400,0.00797579167539,0.00749378576799,0.999936387759
3454.89914714,3748,400,0.00802189717168,0.00749393163644,0.999935650201
3455.64914714,3749,400,0.00796715702868,0.00749406184789,0.999936525416
3456.39914714,3750,400,0.00805407618368,0.00749421676326,0.999935132909
3457.14914714,3751,400,0.00814101738938,0.00749439663639,0.999933724934
3457.89914714,3752,400,0.00788210437373,0.00749450264214,0.999937873396
3458.64914714,3753,400,0.00800982106721,0.00749464466983,0.999935843796
3459.39914714,3754,400,0.00789261427055,0.00749475349583,0.99993770761
3460.14914714,3755,400,0.00797952978891,0.00749488677147,0.999936328118
3460.89914714,3756,400,0.00798603982576,0.0074950218198,0.999936224185
3461.64914714,3757,400,0.00807421535621,0.0074951819386,0.999934808109
3462.39914714,3758,400,0.00820322958484,0.00749537924607,0.999932708156
3463.14914714,3759,400,0.00820979618147,0.00749557835596,0.999932600382
3463.89914714,3760,400,0.00815250920437,0.00749576072564,0.999933537698
3464.64914714,3761,400,0.00819988519392,0.00749595673369,0.999932763013
3465.39914714,3762,400,0.00822687018452,0.00749616049177,0.999932319752
3466.14914714,3763,400,0.00817224293219,0.0074963482573,0.999933215561
3466.89914714,3764,400,0.00829992047484,0.00749657318531,0.999931112507
3467.64914714,3765,400,0.00840722506403,0.00749682974478,0.999929319816
3468.39914714,3766,400,0.00843289379584,0.00749709381426,0.999928887567
3469.14914714,3767,400,0.00862191252551,0.00749741480532,0.999925664006
3469.89914714,3768,400,0.00860675989558,0.00749773099198,0.999925925056
3470.64914714,3769,400,0.00853160766274,0.00749802420947,0.999927212995
3471.39914714,3770,400,0.0085572877197,0.00749832502196,0.999926774167
3472.14914714,3771,400,0.00854342535066,0.00749862147121,0.999927011215
3472.89914714,3772,400,0.00855000898034,0.00749891974085,0.999926898682
3473.64914714,3773,400,0.00849400393403,0.0074992009724,0.999927853199
3474.39914714,3774,400,0.00845978375414,0.00749947179526,0.999928433339
3475.14914714,3775,400,0.00860928675553,0.00749978753255,0.999925881555
3475.89914714,3776,400,0.00859551946802,0.00750009890747,0.99992611841
3476.64914714,3777,400,0.00856137448998,0.00750039976499,0.99992670421
3477.39914714,3778,400,0.00844413868871,0.00750066527432,0.999928697793
3478.14914714,3779,400,0.00844934327391,0.00750093218463,0.999928609872
3478.89914714,3780,400,0.00849536413208,0.00750121269527,0.99992783009
3479.64914714,3781,400,0.00859856229325,0.00750152414478,0.999926066093
3480.39914714,3782,400,0.00846217849236,0.0075017944111,0.999928392817
3481.14914714,3783,400,0.00844701141339,0.00750206000648,0.999928649271
3481.89914714,3784,400,0.00833111704623,0.00750229120451,0.999930593693
3482.64914714,3785,400,0.00841799554425,0.0075025478945,0.999929138606
3483.39914714,3786,400,0.00862609492973,0.00750286687231,0.99992559187
3484.14914714,3787,400,0.00873112118584,0.00750321774601,0.999923768976
3484.89914714,3788,400,0.00877843489921,0.00750358299123,0.999922940565
3485.64914714,3789,400,0.00880533701435,0.00750395634457,0.999922467543
3486.39914714,3790,400,0.00879140235388,0.00750432517163,0.999922712738
3487.14914714,3791,400,0.00894090725588,0.00750474037706,0.999920061775
3487.89914714,3792,400,0.00912886955858,0.00750521501161,0.999916665477
3488.64914714,3793,400,0.0092363632094,0.00750572403758,0.999914691414
3489.39914714,3794,400,0.0091588027296,0.00750620771143,0.999916118092
3490.14914714,3795,400,0.00912323966423,0.00750667968797,0.99991676823
3490.89914714,3796,400,0.00900700278276,0.00750711441041,0.999918875546
3491.64914714,3797,400,0.0089112657108,0.00750751878969,0.99992059092
3492.39914714,3798,400,0.00875308787874,0.00750787394058,0.99992338492
3493.14914714,3799,400,0.00861536393309,0.00750818695674,0.999925776882
3493.89914714,3800,400,0.00851851377358,0.0075084707154,0.99992743624
3494.64914714,3801,400,0.00848179673089,0.00750874337878,0.999928060418
3495.39914714,3802,400,0.00850753282257,0.00750902354646,0.999927623195
3496.14914714,3803,400,0.00834939862663,0.00750925688506,0.999930288758
3496.89914714,3804,400,0.00833541681457,0.00750948601052,0.999930522033
3497.64914714,3805,400,0.00828062088594,0.00750969907663,0.999931432493
3498.39914714,3806,400,0.00834837984644,0.00750993173529,0.999930305768
3499.14914714,3807,400,0.0081303065602,0.00751010142041,0.999933899208
3499.89914714,3808,400,0.00815597393952,0.00751027832095,0.999933481195
3500.64914714,3809,400,0.00818294589397,0.00751046282689,0.999933040517
3501.39914714,3810,400,0.00824943322067,0.00751066632146,0.999931948009
3502.14914714,3811,400,0.00817435329021,0.00751084816408,0.999933181065
3502.89914714,3812,400,0.00823952822379,0.00751104858828,0.999932111327
3503.64914714,3813,400,0.00832645920633,0.00751127404299,0.999930671279
3504.39914714,3814,400,0.00841465783219,0.00751152514235,0.999929194787
3505.14914714,3815,400,0.00852080811941,0.00751180746703,0.999927397147
3505.89914714,3816,400,0.00856814741856,0.0075121037435,0.999926588197
3506.64914714,3817,400,0.00847254307252,0.00751237144544,0.999928217302
3507.39914714,3818,400,0.00845615774878,0.00751263416234,0.999928494674
3508.14914714,3819,400,0.00840017006394,0.00751288028616,0.999929438388
3508.89914714,3820,400,0.00834301429246,0.00751310960118,0.999930395324
3509.64914714,3821,400,0.00836989880958,0.00751334661471,0.999929946021
3510.39914714,3822,400,0.00845467144436,0.00751360832986,0.999928519808
3511.14914714,3823,400,0.00842020498824,0.00751385977528,0.999929101405
3511.89914714,3824,400,0.00836534620434,0.0075140950573,0.999930022207
3512.64914714,3825,400,0.00840835775059,0.00751434275947,0.99992930077
3513.39914714,3826,400,0.00845365099039,0.00751460360595,0.999928537062
3514.14914714,3827,400,0.0084803757504,0.00751487217506,0.99992808452
3514.89914714,3828,400,0.0086910602961,0.00751520347223,0.999924466897
3515.64914714,3829,400,0.00857473314942,0.00751549968433,0.999926475303
3516.39914714,3830,400,0.00860152373962,0.00751580372303,0.999926015158
3517.14914714,3831,400,0.00856498860115,0.00751609669996,0.999926642316
3517.89914714,3832,400,0.00865028721167,0.00751641500377,0.999925173931
3518.64914714,3833,400,0.00853386740438,0.00751669840976,0.999927174433
3519.39914714,3834,400,0.00854015215101,0.00751698351889,0.999927067131
3520.14914714,3835,400,0.00846470688867,0.00751724621748,0.999928350021
3520.89914714,3836,400,0.00869485842621,0.00751757724551,0.999924400866
3521.64914714,3837,400,0.00878109190636,0.00751793420787,0.999922893911
3522.39914714,3838,400,0.0087455770378,0.0075182801814,0.999923516345
3523.14914714,3839,400,0.00864960324286,0.00751859703894,0.999925185763
3523.89914714,3840,400,0.008798986691,0.0075189588564,0.999922579332
3524.64914714,3841,400,0.0087644028527,0.0075193099526,0.999923186718
3525.39914714,3842,400,0.00875029364742,0.00751965657284,0.999923433827
3526.14914714,3843,400,0.00885784083171,0.00752003576043,0.999921540195
3526.89914714,3844,400,0.00870064135293,0.00752036699143,0.999924300273
3527.64914714,3845,400,0.00880718330189,0.00752073028835,0.999922435026
3528.39914714,3846,400,0.00877262469401,0.00752108287734,0.999923042537
3529.14914714,3847,400,0.00883833920768,0.00752145526471,0.999921885286
3529.89914714,3848,400,0.00859930729281,0.00752175543598,0.999926053281
3530.64914714,3849,400,0.00860565751571,0.00752205732612,0.99992594403
3531.39914714,3850,400,0.00863246836346,0.00752236702646,0.999925481878
3532.14914714,3851,400,0.00863886706912,0.00752267846061,0.999925371368
3532.89914714,3852,400,0.008664618749,0.00752299740852,0.999924925791
3533.64914714,3853,400,0.00869146434816,0.00752332421422,0.999924459874
3534.39914714,3854,400,0.0086763434499,0.00752364630765,0.999924722481
3535.14914714,3855,400,0.00876450031635,0.00752399472483,0.999923185009
3535.89914714,3856,400,0.00860633269338,0.00752429559691,0.999925932409
3536.64914714,3857,400,0.00861163971629,0.00752459787519,0.999925841036
3537.39914714,3858,400,0.00863738278368,0.00752490763235,0.99992539701
3538.14914714,3859,400,0.0085007905255,0.0075251769104,0.999927737866
3538.89914714,3860,400,0.00858896172475,0.00752547197584,0.999926231097
3539.64914714,3861,400,0.00863629871631,0.00752578090778,0.999925415735
3540.39914714,3862,400,0.00868127179762,0.00752610306469,0.99992463694
3541.14914714,3863,400,0.00872744090084,0.00752643886312,0.999923833226
3541.89914714,3864,400,0.00871345299827,0.00752677027862,0.999924077178
3542.64914714,3865,400,0.00884134211113,0.00752714009326,0.999921832197
3543.39914714,3866,400,0.00878534430282,0.00752749273947,0.999922819215
3544.14914714,3867,400,0.00874869339779,0.00752783414875,0.999923461828
3544.89914714,3868,400,0.00873466312657,0.00752817115405,0.999923707115
3545.64914714,3869,400,0.00855606073865,0.00752845495929,0.999926795164
3546.39914714,3870,400,0.0085388288172,0.00752873355197,0.999927089731
3547.14914714,3871,400,0.00848388419635,0.00752899594455,0.999928025004
3547.89914714,3872,400,0.00834515073208,0.00752921814969,0.999930359672
3548.64914714,3873,400,0.00818702287728,0.00752939541069,0.99993297378
3549.39914714,3874,400,0.00831398150803,0.00752960848569,0.999930878906
3550.14914714,3875,400,0.0085032713098,0.00752987599464,0.999927695684
3550.89914714,3876,400,0.00834510785284,0.00753009770524,0.999930360387
3551.64914714,3877,400,0.00847310922744,0.00753035616334,0.999928207709
3552.39914714,3878,400,0.00833539059366,0.00753057484651,0.99993052247
3553.14914714,3879,400,0.00838253169685,0.00753080689993,0.999929734397
3553.89914714,3880,400,0.00844835386857,0.00753105778326,0.99992862659
3554.64914714,3881,400,0.00841370747081,0.00753129853528,0.999929210779
3555.39914714,3882,400,0.00848129185701,0.00753155868254,0.999928068982
3556.14914714,3883,400,0.00877118230486,0.00753190419066,0.999923067841
3556.89914714,3884,400,0.00881676997499,0.00753226320843,0.999922266078
3557.64914714,3885,400,0.00892381304774,0.00753265447007,0.999920367146
3558.39914714,3886,400,0.00915371768936,0.00753311649746,0.999916211208
3559.14914714,3887,400,0.00909778971594,0.0075335608294,0.999917231935
3559.89914714,3888,400,0.00904242755036,0.0075339877641,0.999918236175
3560.64914714,3889,400,0.00894617383861,0.0075343849091,0.999919967575
3561.39914714,3890,400,0.00895103129599,0.007534783312,0.999919880644
3562.14914714,3891,400,0.00889511029922,0.00753516447004,0.999920878578
3562.89914714,3892,400,0.00883976653662,0.00753552867972,0.999921860054
3563.64914714,3893,400,0.00868154575214,0.00753584543681,0.999924632183
3564.39914714,3894,400,0.00862624313248,0.0075361457095,0.999925589314
3565.14914714,3895,400,0.00848916152786,0.00753640585255,0.999927935435
3565.89914714,3896,400,0.00861729182762,0.0075367031766,0.99992574366
3566.64914714,3897,400,0.00858249761576,0.00753699014875,0.999926342091
3567.39914714,3898,400,0.00864998606781,0.00753729675478,0.999925179141
3568.14914714,3899,400,0.00869704650851,0.00753761707986,0.999924362812
3568.89914714,3900,400,0.00876381013192,0.0075379570541,0.999923197107
3569.64914714,3901,400,0.00891239407837,0.00753834149478,0.999920570809
3570.39914714,3902,400,0.00900036506595,0.00753875250348,0.999918995069
3571.14914714,3903,400,0.00898608046028,0.00753915891339,0.999919251988
3571.89914714,3904,400,0.0090119432894,0.00753957300026,0.999918786527
3572.64914714,3905,400,0.00899767449523,0.00753998248847,0.999919043492
3573.39914714,3906,400,0.0092266129781,0.0075404625738,0.999914871425
3574.14914714,3907,400,0.00914955533336,0.0075409183518,0.999916287389
3574.89914714,3908,400,0.00913517706394,0.00754136940877,0.999916550281
3575.64914714,3909,400,0.00915935719829,0.00754182771053,0.999916107935
3576.39914714,3910,400,0.00914489024211,0.00754228126032,0.999916372731
3577.14914714,3911,400,0.00904803289691,0.00754270468408,0.999918134776
3577.89914714,3912,400,0.00913486806827,0.00754315462095,0.999916555926
3578.64914714,3913,400,0.0090180374066,0.00754356837698,0.999918676655
3579.39914714,3914,400,0.00898311297188,0.0075439712531,0.999919305309
3580.14914714,3915,400,0.00903006670085,0.00754438821968,0.999918459558
3580.89914714,3916,400,0.0090150666703,0.00754480036958,0.999918730224
3581.64914714,3917,400,0.00887728800992,0.00754517058082,0.99992119531
3582.39914714,3918,400,0.00890378973722,0.00754554855472,0.9999207241
3583.14914714,3919,400,0.00895077387532,0.00754594050028,0.999919885252
3583.89914714,3920,400,0.00897554701138,0.00754633973172,0.999919441178
3584.64914714,3921,400,0.00898155710499,0.00754674056203,0.999919333259
3585.39914714,3922,400,0.00892563715689,0.00754712425156,0.999920334588
3586.14914714,3923,400,0.00903397087867,0.00754754058145,0.999918389035
3586.89914714,3924,400,0.00910082374888,0.00754797714272,0.999917176722
3587.64914714,3925,400,0.0088612815192,0.00754834084301,0.999921479231
3588.39914714,3926,400,0.00876443783445,0.00754867554226,0.999923186105
3589.14914714,3927,400,0.0087688120793,0.00754901134977,0.999923109413
3589.89914714,3928,400,0.00869245209281,0.00754932448957,0.999924442704
3590.64914714,3929,400,0.00879979171999,0.00754966910646,0.999922565165
3591.39914714,3930,400,0.00876480043134,0.00755000317541,0.999923179749
3592.14914714,3931,400,0.0088316806835,0.0075503568851,0.999922002937
3592.89914714,3932,400,0.00877624120242,0.00755069395852,0.999922979073
3593.64914714,3933,400,0.00886406114442,0.00755105692734,0.999921429963
3594.39914714,3934,400,0.00905281360898,0.0075514766136,0.999918048245
3595.14914714,3935,400,0.00907919601664,0.007551904112,0.999917569898
3595.89914714,3936,400,0.00900282932144,0.00755230814241,0.999918950707
3596.64914714,3937,400,0.00913113458674,0.00755275106948,0.999916624119
3597.39914714,3938,400,0.00909611548595,0.00755318301588,0.999917262395
3598.14914714,3939,400,0.00906028747312,0.00755360378672,0.999917912876
3598.89914714,3940,400,0.00900478542948,0.00755400747658,0.999918915483
3599.64914714,3941,400,0.00876510620372,0.00755433941134,0.999923174389
3600.39914714,3942,400,0.00870921441847,0.00755465476528,0.999924151023
3601.14914714,3943,400,0.00861286690278,0.0075549419336,0.999925819899
3601.89914714,3944,400,0.00859839607635,0.00755522476622,0.999926068951
3602.64914714,3945,400,0.0086856985216,0.00755553275717,0.999924560064
3603.39914714,3946,400,0.0087930048528,0.00755587203259,0.99992268456
3604.14914714,3947,400,0.00886034252296,0.00755623104979,0.999921495871
3604.89914714,3948,400,0.00882539166573,0.00755657950833,0.999922113979
3605.64914714,3949,400,0.00874954842612,0.00755690544125,0.999923446867
3606.39914714,3950,400,0.00881695298363,0.0075572510279,0.999922262851
3607.14914714,3951,400,0.0086587351592,0.00755755012496,0.999925027711
3607.89914714,3952,400,0.00870407923394,0.00755786223821,0.99992424044
3608.64914714,3953,400,0.00858680549292,0.00755814024587,0.999926268131
3609.39914714,3954,400,0.00875554535928,0.00755846706104,0.999923341895
3610.14914714,3955,400,0.00888423350097,0.0075588316634,0.999921071953
3610.89914714,3956,400,0.00884923914217,0.00755918568787,0.9999216925
3611.64914714,3957,400,0.008855200449,0.00755954128096,0.999921586962
3612.39914714,3958,400,0.00867702384661,0.00755984447801,0.999924710674
3613.14914714,3959,400,0.00872341335763,0.00756016099422,0.999923903507
3613.89914714,3960,400,0.00864758536594,0.00756045533946,0.999925220665
3614.64914714,3961,400,0.00863259436061,0.00756074519969,0.999925479703
3615.39914714,3962,400,0.0085567968635,0.00756101315595,0.999926782568
3616.14914714,3963,400,0.00844013177669,0.00756124788008,0.999928765444
3616.89914714,3964,400,0.00838487261586,0.0075614669693,0.999929695147
3617.64914714,3965,400,0.00828875551981,0.00756165921532,0.999931297712
3618.39914714,3966,400,0.00819126034062,0.00756182457209,0.99993290438
3619.14914714,3967,400,0.00813535931087,0.00756197462982,0.999933817024
3619.89914714,3968,400,0.00820095180081,0.00756214246404,0.99993274552
3620.64914714,3969,400,0.00826831602746,0.00756232869147,0.999931636119
3621.39914714,3970,400,0.008151662963,0.00756248292107,0.999933551495
3622.14914714,3971,400,0.00821907394881,0.00756265544349,0.999932447964
3622.89914714,3972,400,0.00840792969981,0.00756288014111,0.999929307968
3623.64914714,3973,400,0.00847474957697,0.00756312349039,0.999928179909
3624.39914714,3974,400,0.0083376027746,0.00756332835259,0.999930485588
3625.14914714,3975,400,0.00828231757655,0.00756351782536,0.999931404392
3625.89914714,3976,400,0.00822706972926,0.00756369203332,0.999932316469
3626.64914714,3977,400,0.00817186054345,0.007563851101,0.99993322181
3627.39914714,3978,400,0.00811669042343,0.0075639951526,0.999934120422
3628.14914714,3979,400,0.00802068249029,0.00756411339091,0.999935669687
3628.89914714,3980,400,0.00788302238446,0.00756419520749,0.999937858923
3629.64914714,3981,400,0.00778624863187,0.00756425180429,0.999939375251
3630.39914714,3982,400,0.0077720358087,0.0075643047016,0.999939596372
3631.14914714,3983,400,0.00777828246353,0.00756435918402,0.999939499237
3631.89914714,3984,400,0.00770194224298,0.00756439403189,0.999940680965
3632.64914714,3985,400,0.00768524917291,0.00756442460161,0.999940937817
3633.39914714,3986,400,0.00789425344006,0.00756450915195,0.999937681734
3634.14914714,3987,400,0.00793992844811,0.00756460564874,0.99993695853
3634.89914714,3988,400,0.00788467294639,0.00756468760379,0.999937832899
3635.64914714,3989,400,0.00780835249798,0.00756474967153,0.999939030561
3636.39914714,3990,400,0.0078757570417,0.00756482922012,0.999937973413
3637.14914714,3991,400,0.00779879606058,0.00756488875006,0.999939179705
3637.89914714,3992,400,0.00796775252839,0.00756499235429,0.999936515927
3638.64914714,3993,400,0.00797380629055,0.0075650975026,0.999936419424
3639.39914714,3994,400,0.00808088369653,0.00756523104406,0.999934700385
3640.14914714,3995,400,0.00823003062453,0.00756540476157,0.999932267743
3640.89914714,3996,400,0.00817414396815,0.00756556322584,0.999933184487
3641.64914714,3997,400,0.00813870971258,0.00756571205012,0.999933762501
3642.39914714,3998,400,0.00812429512932,0.00756585692202,0.999933996918
3643.14914714,3999,400,0.00813035578777,0.00756600334668,0.999933898407
3643.89914714,4000,400,0.0082591068398,0.00756618455708,0.999931788317
3644.64914714,4001,400,0.00830482058111,0.00756637817872,0.999931031144
3645.39914714,4002,400,0.00831087918543,0.00756657336084,0.99993093048
3646.14914714,4003,400,0.00833677408727,0.00756677555651,0.999930499405
3646.89914714,4004,400,0.00828150104001,0.00756696248738,0.999931417916
3647.64914714,4005,400,0.00843006982131,0.00756719028207,0.999928935185
3648.39914714,4006,400,0.00835435456222,0.00756739699567,0.999930205978
3649.14914714,4007,400,0.00860583007006,0.00756767392655,0.99992594106
3649.89914714,4008,400,0.008571055645,0.00756794086292,0.999926538354
3650.64914714,4009,400,0.00847496558122,0.00756818066421,0.999928176248
3651.39914714,4010,400,0.00841903263497,0.00756840477073,0.999929121145
3652.14914714,4011,400,0.0086077409333,0.00756868167913,0.999925908168
3652.89914714,4012,400,0.00863298283538,0.00756896560494,0.999925472996
3653.64914714,4013,400,0.0086588879883,0.00756925675213,0.999925025064
3654.39914714,4014,400,0.00878651490074,0.00756958438218,0.999922798646
3655.14914714,4015,400,0.00881244949926,0.00756991934348,0.999922342242
3655.89914714,4016,400,0.0087974667737,0.00757024978391,0.999922606076
3656.64914714,4017,400,0.00888432361329,0.00757060529582,0.999921070351
3657.39914714,4018,400,0.00878750011262,0.00757093249042,0.999922781333
3658.14914714,4019,400,0.00881306713232,0.00757126690226,0.999922331356
3658.89914714,4020,400,0.0089008245998,0.007571626669,0.999920776891
3659.64914714,4021,400,0.0088658187194,0.00757197602626,0.999921398803
3660.39914714,4022,400,0.0088913802493,0.00757233264546,0.99992094492
3661.14914714,4023,400,0.00891775177674,0.0075726967787,0.999920475284
3661.89914714,4024,400,0.00892288442786,0.00757306221589,0.999920383718
3662.64914714,4025,400,0.00905156766546,0.00757346539307,0.999918070801
3663.39914714,4026,400,0.00920001591891,0.00757391277613,0.999915361498
3664.14914714,4027,400,0.00920587714302,0.00757436167901,0.999915253622
3664.89914714,4028,400,0.00919093198978,0.00757480582683,0.999915528553
3665.64914714,4029,400,0.00929916234489,0.00757528251224,0.999913527449
3666.39914714,4030,400,0.00938694747398,0.00757578579555,0.999911887158
3667.14914714,4031,400,0.00943340785393,0.00757630311139,0.999911012796
3667.89914714,4032,400,0.00943858037869,0.00757682173298,0.999910915185
3668.64914714,4033,400,0.00942397344762,0.00757733555391,0.999911190696
3669.39914714,4034,400,0.00930701723647,0.0075778132531,0.999913381306
3670.14914714,4035,400,0.00931217072987,0.00757829225441,0.999913285356
3670.89914714,4036,400,0.00935899424181,0.00757878527885,0.999912411145
3671.64914714,4037,400,0.00932394866229,0.00757926732752,0.999913065871
3672.39914714,4038,400,0.00941175915432,0.00757977598279,0.999911420751
3673.14914714,4039,400,0.00929442415023,0.00758024850743,0.999913615545
3673.89914714,4040,400,0.00921848297038,0.00758069781618,0.999915021377
3674.64914714,4041,400,0.00936644970834,0.00758119175771,0.999912271544
3675.39914714,4042,400,0.00943375882832,0.00758170606907,0.999911006174
3676.14914714,4043,400,0.00958298123444,0.00758226637598,0.999908168579
3676.89914714,4044,400,0.00956801669115,0.00758282169154,0.999908455152
3677.64914714,4045,400,0.00947156025341,0.00758334675698,0.999910291558
3678.39914714,4046,400,0.00931286690886,0.00758382295172,0.99991327239
3679.14914714,4047,400,0.00927743841713,0.00758428815221,0.999913930988
3679.89914714,4048,400,0.00920145652291,0.00758473022916,0.99991533499
3680.64914714,4049,400,0.00920696508514,0.00758517371287,0.99991523359
3681.39914714,4050,400,0.00913059436453,0.0075855941591,0.999916633984
3682.14914714,4051,400,0.00913651171043,0.00758601613316,0.999916525896
3682.89914714,4052,400,0.00912154791386,0.00758643343164,0.999916799094
3683.64914714,4053,400,0.00937229116499,0.00758692590382,0.999912162087
3684.39914714,4054,400,0.00935703429061,0.00758741345616,0.999912447826
3685.14914714,4055,400,0.00940382524214,0.00758791500172,0.999911570026
3685.89914714,4056,400,0.00949125772827,0.00758844310434,0.999909918056
3686.64914714,4057,400,0.00955795486323,0.00758899154304,0.999908647585
3687.39914714,4058,400,0.00966615499341,0.00758957344064,0.99990656763
3688.14914714,4059,400,0.00971294607685,0.00759016972318,0.999905660904
3688.89914714,4060,400,0.00969832180743,0.00759076105957,0.999905944766
3689.64914714,4061,400,0.00968337404,0.00759134735991,0.999906234465
3690.39914714,4062,400,0.0097093866548,0.00759194150535,0.999905730033
3691.14914714,4063,400,0.00961285015227,0.00759250507852,0.999907595247
3691.89914714,4064,400,0.00972076114111,0.00759310213721,0.999905509035
3692.64914714,4065,400,0.00958293514576,0.00759365576004,0.999908169462
3693.39914714,4066,400,0.00948607956345,0.00759417916314,0.999910016319
3694.14914714,4067,400,0.00943051655231,0.00759468525851,0.999911067335
3694.89914714,4068,400,0.00953877624878,0.00759522430418,0.999909013817
3695.64914714,4069,400,0.00948326078485,0.00759574596297,0.999910069787
3696.39914714,4070,400,0.00948876911603,0.00759626901969,0.999909965287
3697.14914714,4071,400,0.00951475504547,0.00759679976729,0.999909471485
3697.89914714,4072,400,0.0095001987028,0.00759732574364,0.999909748261
3698.64914714,4073,400,0.00950570502552,0.00759785311622,0.999909643613
3699.39914714,4074,400,0.00930688850155,0.00759831978026,0.999913383702
3700.14914714,4075,400,0.00923097185164,0.00759876346207,0.999914790974
3700.89914714,4076,400,0.00919552131954,0.00759919635562,0.999915444175
3701.64914714,4077,400,0.00926290747288,0.00759964908467,0.999914200386
3702.39914714,4078,400,0.00928885727899,0.00760010933119,0.999913718992
3703.14914714,4079,400,0.00935574861787,0.00760058943793,0.999912471883
3703.89914714,4080,400,0.00927985229062,0.0076010464756,0.999913886195
3704.64914714,4081,400,0.00947006593093,0.00760156074535,0.999910319862
3705.39914714,4082,400,0.0095983595691,0.00760211414537,0.999907873615
3706.14914714,4083,400,0.00966578912016,0.00760268815707,0.999906574703
3706.89914714,4084,400,0.00987546954201,0.00760332782141,0.999902477479
3707.64914714,4085,400,0.00984050068283,0.00760395602099,0.999903166891
3708.39914714,4086,400,0.00986698670431,0.00760459226053,0.999902644943
3709.14914714,4087,400,0.0099134125921,0.00760524290784,0.999901726665
3709.89914714,4088,400,0.00993886837015,0.00760590130774,0.999901221335
3710.64914714,4089,400,0.0100262750065,0.00760658738175,0.999899476336
3711.39914714,4090,400,0.0100117652182,0.0076072683861,0.999899767069
3712.14914714,4091,400,0.00991536166515,0.0076079181355,0.999901688019
3712.89914714,4092,400,0.00987988663814,0.00760855623432,0.999902390222
3713.64914714,4093,400,0.0098654231472,0.00760918938299,0.999902675794
3714.39914714,4094,400,0.00982994423514,0.00760981095516,0.999903374531
3715.14914714,4095,400,0.00977347971398,0.00761041441417,0.999904481375
3715.89914714,4096,400,0.00975899605649,0.00761101299336,0.999904764264
3716.64914714,4097,400,0.00976447609522,0.00761161294871,0.999904657279
3717.39914714,4098,400,0.00983190702177,0.0076122337438,0.99990333594
3718.14914714,4099,400,0.00991928359318,0.00761288183775,0.999901610233
3718.89914714,4100,400,0.00986386847729,0.00761351200043,0.999902706465
3719.64914714,4101,400,0.0100132270157,0.00761418934168,0.999899737798
3720.39914714,4102,400,0.009895828554,0.00761482887916,0.999902074975
3721.14914714,4103,400,0.00990188207749,0.00761546996899,0.999901955135
3721.89914714,4104,400,0.00988686589777,0.00761610593904,0.999902252271
3722.64914714,4105,400,0.00997422315501,0.00761676929145,0.999900517347
3723.39914714,4106,400,0.00985682757669,0.00761739504605,0.99990284531
3724.14914714,4107,400,0.00996466504672,0.0076180546038,0.999900707915
3724.89914714,4108,400,0.0098677502412,0.00761868307729,0.999902629876
3725.64914714,4109,400,0.00985331148244,0.00761930664553,0.999902914609
3726.39914714,4110,400,0.0099412647933,0.00761995765485,0.999901173696
3727.14914714,4111,400,0.00998829084865,0.00762062324972,0.999900236534
3727.89914714,4112,400,0.00999374066596,0.0076212902002,0.999900127641
3728.64914714,4113,400,0.0099787182803,0.00762195198269,0.99990042766
3729.39914714,4114,400,0.00980052285398,0.0076225571895,0.999903952058
3730.14914714,4115,400,0.00970428197976,0.00762313213377,0.999905829128
3730.89914714,4116,400,0.00960808305514,0.0076236771524,0.999907686871
3731.64914714,4117,400,0.00971657531871,0.00762425526401,0.999905590392
3732.39914714,4118,400,0.00966136574743,0.00762481601472,0.99990666019
3733.14914714,4119,400,0.00968723419387,0.00762538441972,0.999906159695
3733.89914714,4120,400,0.00973436528486,0.00762596707348,0.999905244377
3734.64914714,4121,400,0.00978151537764,0.00762656403892,0.999904324245
3735.39914714,4122,400,0.00986876348183,0.00762718793413,0.999902609879
3736.14914714,4123,400,0.00985452828233,0.00762780701195,0.99990289063
3736.89914714,4124,400,0.00986078107816,0.00762842769861,0.99990276736
3737.64914714,4125,400,0.00982523589998,0.00762903691617,0.999903467069
3738.39914714,4126,400,0.00985196686744,0.00762965414421,0.999902941104
3739.14914714,4127,400,0.0099801113695,0.007630311375,0.999900399857
3739.89914714,4128,400,0.00994371316834,0.00763095672005,0.999901125013
3740.64914714,4129,400,0.00982715523942,0.00763156513194,0.999903429351
3741.39914714,4130,400,0.00993485309434,0.00763220696123,0.999901301129
3742.14914714,4131,400,0.00985755678696,0.0076328241661,0.999902830935
3742.89914714,4132,400,0.00980155968085,0.00763342357139,0.999903931735
3743.64914714,4133,400,0.00980777347078,0.00763402457055,0.999903809893
3744.39914714,4134,400,0.00973215355513,0.00763460182328,0.99990528743
3745.14914714,4135,400,0.00975887788668,0.00763518700248,0.99990476657
3745.89914714,4136,400,0.00966107751368,0.00763574178441,0.999906665759
3746.64914714,4137,400,0.00960425931809,0.00763627893314,0.99990776033
3747.39914714,4138,400,0.00956873582419,0.00763680500811,0.999908441391
3748.14914714,4139,400,0.00953402099055,0.00763732030342,0.999909104509
3748.89914714,4140,400,0.00949694485784,0.00763782415786,0.999909810072
3749.64914714,4141,400,0.00946218238937,0.00763831731746,0.999910469108
3750.39914714,4142,400,0.00952975664386,0.00763883048788,0.9999091858
3751.14914714,4143,400,0.00949504346062,0.00763933294301,0.999909846182
3751.89914714,4144,400,0.00947918184271,0.00763983036951,0.99991014713
3752.64914714,4145,400,0.00958768283491,0.00764036018585,0.99990807845
3753.39914714,4146,400,0.00961355047787,0.00764089754929,0.999907581783
3754.14914714,4147,400,0.00959928993821,0.00764143029278,0.999907855755
3754.89914714,4148,400,0.00958422654098,0.00764195818425,0.999908144711
3755.64914714,4149,400,0.00956839173727,0.00764248100257,0.999908447975
3756.39914714,4150,400,0.00955410781911,0.00764299922742,0.999908721107
3757.14914714,4151,400,0.00966037914964,0.00764354934614,0.999906679252
3757.89914714,4152,400,0.00956282156527,0.007644069616,0.999908554534
3758.64914714,4153,400,0.00962908461061,0.00764460962816,0.999907282879
3759.39914714,4154,400,0.0094918287173,0.0076451080224,0.999909907217
3760.14914714,4155,400,0.00937446878589,0.00764557129493,0.999912121266
3760.89914714,4156,400,0.00933961065316,0.00764602405213,0.999912773575
3761.64914714,4157,400,0.00930412554965,0.00764646615813,0.999913435121
3762.39914714,4158,400,0.00943300228039,0.00764694599904,0.999911020447
3763.14914714,4159,400,0.00943911320374,0.0076474273921,0.999910905126
3763.89914714,4160,400,0.00948547721657,0.0076479223127,0.999910027746
3764.64914714,4161,400,0.00934833709034,0.00764837638411,0.999912610503
3765.39914714,4162,400,0.00935449149714,0.00764883201824,0.999912495403
3766.14914714,4163,400,0.00933944632388,0.00764928299024,0.999912776644
3766.89914714,4164,400,0.00926377209525,0.00764971162123,0.999914184368
3767.64914714,4165,400,0.00928889560999,0.00765014733669,0.99991371828
3768.39914714,4166,400,0.00921320679997,0.00765056084921,0.999915118622
3769.14914714,4167,400,0.00934137301098,0.00765101143616,0.999912740654
3769.89914714,4168,400,0.00926494360143,0.00765143948477,0.999914162662
3770.64914714,4169,400,0.00918926567587,0.0076518454146,0.999915559179
3771.39914714,4170,400,0.00921591555169,0.00765225881386,0.999915068704
3772.14914714,4171,400,0.00915994388315,0.00765265588118,0.999916097188
3772.89914714,4172,400,0.00906387387697,0.00765302532063,0.999917847878
3773.64914714,4173,400,0.00898830434552,0.00765337320799,0.999919212017
3774.39914714,4174,400,0.00893322731482,0.00765370546419,0.999920199042
3775.14914714,4175,400,0.00893687288078,0.00765403856614,0.999920133898
3775.89914714,4176,400,0.00898399785743,0.00765438470429,0.999919289411
3776.64914714,4177,400,0.0089280298576,0.00765471498415,0.999920291871
3777.39914714,4178,400,0.00887291800349,0.00765502975459,0.999921272876
3778.14914714,4179,400,0.00898054122958,0.00765537439181,0.999919351505
3778.89914714,4180,400,0.00890411977504,0.0076556974934,0.999920718222
3779.64914714,4181,400,0.00903221007379,0.00765605631366,0.999918420845
3780.39914714,4182,400,0.00915954592033,0.00765645111855,0.999916104478
3781.14914714,4183,400,0.00914450232264,0.00765684141568,0.999916379825
3781.89914714,4184,400,0.009212046524,0.00765725085655,0.999915139999
3782.64914714,4185,400,0.0091364065565,0.00765763842628,0.999916527817
3783.39914714,4186,400,0.00897815297452,0.00765798107796,0.999919394394
3784.14914714,4187,400,0.00902445731818,0.00765833654906,0.999918560828
3784.89914714,4188,400,0.00905112121225,0.00765869934709,0.999918078883
3785.64914714,4189,400,0.00903690177739,0.00765905794647,0.999918336074
3786.39914714,4190,400,0.00902270992174,0.00765941236482,0.999918592363
3787.14914714,4191,400,0.00911078890388,0.00765979147419,0.999916995248
3787.89914714,4192,400,0.00913660682018,0.00766017771947,0.999916524158
3788.64914714,4193,400,0.00912244846615,0.00766055973691,0.999916782665
3789.39914714,4194,400,0.00904601046819,0.0076609199415,0.999918171369
3790.14914714,4195,400,0.00905137324987,0.00766128146733,0.99991807432
3790.89914714,4196,400,0.00891454016419,0.0076616045694,0.999920532552
3791.64914714,4197,400,0.00881866379468,0.00766190106808,0.999922232681
3792.39914714,4198,400,0.00888434344795,0.00766221548793,0.999921069999
3793.14914714,4199,400,0.00889066794316,0.0076625314921,0.999920957586
3793.89914714,4200,400,0.0087948054557,0.00766282099394,0.999922652893
3794.64914714,4201,400,0.00877970066872,0.00766310622405,0.999922918342
3795.39914714,4202,400,0.00894957989656,0.00766343807301,0.999919906623
3796.14914714,4203,400,0.00905816619604,0.00766380010272,0.999917951308
3796.89914714,4204,400,0.00892147768708,0.0076641238052,0.99992040882
3797.64914714,4205,400,0.00880416366664,0.00766441507919,0.999922488204
3798.39914714,4206,400,0.00893208980211,0.00766474139412,0.999920219363
3799.14914714,4207,400,0.00895785103139,0.00766507468594,0.999919758515
3799.89914714,4208,400,0.00896425796032,0.00766540958477,0.999919643694
3800.64914714,4209,400,0.00899112564727,0.00766575178572,0.999919161293
3801.39914714,4210,400,0.00899757894513,0.00766609560727,0.999919045212
3802.14914714,4211,400,0.00894157030574,0.00766642368873,0.999920049919
3802.89914714,4212,400,0.00888556447232,0.00766673614123,0.999921048302
3803.64914714,4213,400,0.00884999643502,0.00766703866805,0.999921679097
3804.39914714,4214,400,0.00883602781603,0.00766733721628,0.999921926136
3805.14914714,4215,400,0.00886175266072,0.00766764265463,0.999921470882
3805.89914714,4216,400,0.00876607513695,0.00766792185039,0.999923157403
3806.64914714,4217,400,0.00865002927544,0.00766816965326,0.999925178393
3807.39914714,4218,400,0.00869614435267,0.00766842969591,0.999924378503
3808.14914714,4219,400,0.0087626948914,0.00766870756231,0.999923216652
3808.89914714,4220,400,0.00870669059264,0.00766897017159,0.999924194976
3809.64914714,4221,400,0.00873239965515,0.00766923957234,0.99992374665
3810.39914714,4222,400,0.00869682781182,0.00766949926255,0.999924366616
3811.14914714,4223,400,0.00872254504458,0.00766976573648,0.999923918655
3811.89914714,4224,400,0.00881074537517,0.00767005594112,0.999922372273
3812.64914714,4225,400,0.00883646263154,0.00767035299952,0.999921918452
3813.39914714,4226,400,0.00876002649224,0.00767062915987,0.999923263408
3814.14914714,4227,400,0.00886633085716,0.00767093407338,0.999921389722
3814.89914714,4228,400,0.00885120739834,0.00767123469983,0.999921657662
3815.64914714,4229,400,0.00900068251218,0.00767157629696,0.999918989355
3816.39914714,4230,400,0.00912974341955,0.00767195376922,0.999916649522
3817.14914714,4231,400,0.00897153157502,0.00767228693328,0.999919513241
3817.89914714,4232,400,0.00905972981281,0.00767264441414,0.99991792298
3818.64914714,4233,400,0.00910590294213,0.00767301462152,0.99991708425
3819.39914714,4234,400,0.00915323931606,0.00767339793789,0.999916219965
3820.14914714,4235,400,0.0092402869228,0.00767380568772,0.99991461892
3820.89914714,4236,400,0.00932850610855,0.00767423841908,0.999912980867
3821.64914714,4237,400,0.0093554266205,0.00767467865577,0.999912477908
3822.39914714,4238,400,0.00933798401594,0.00767511364732,0.999912803955
3823.14914714,4239,400,0.00921955377223,0.00767551463511,0.999915001634
3823.89914714,4240,400,0.00910329200306,0.00767588268593,0.999917131792
3824.64914714,4241,400,0.00923019065793,0.00767628627725,0.999914805395
3825.39914714,4242,400,0.00921508064158,0.00767668537775,0.999915084092
3826.14914714,4243,400,0.00918056455134,0.00767707452314,0.99991571901
3826.89914714,4244,400,0.00906430824474,0.00767743091662,0.999917840004
3827.64914714,4245,400,0.00915031668028,0.00767781115915,0.999916273457
3828.39914714,4246,400,0.00921412377108,0.00767820917497,0.999915101725
3829.14914714,4247,400,0.00907722730178,0.00767856859041,0.999917605642
3829.89914714,4248,400,0.0089598922209,0.00767889537981,0.999919721943
3830.64914714,4249,400,0.00886301625246,0.00767919554323,0.999921448486
3831.39914714,4250,400,0.00880704118622,0.00767948040128,0.99992243753
3832.14914714,4251,400,0.0088337875803,0.00767977234103,0.999921965719
3832.89914714,4252,400,0.00881870021818,0.00768006005452,0.999922232038
3833.64914714,4253,400,0.00874324446284,0.00768032733768,0.999923557137
3834.39914714,4254,400,0.00874959349967,0.00768059618548,0.999923446079
3835.14914714,4255,400,0.00863333925302,0.00768083398081,0.999925466842
3835.89914714,4256,400,0.00861931556361,0.0076810679565,0.999925708779
3836.64914714,4257,400,0.00854402973816,0.00768128205695,0.999927000888
3837.39914714,4258,400,0.00859135233745,0.00768150844684,0.999926190027
3838.14914714,4259,400,0.0085161411841,0.00768171505974,0.999927476654
3838.89914714,4260,400,0.00846140184067,0.00768190737083,0.99992840596
3839.64914714,4261,400,0.00848837525554,0.00768210657043,0.999927948783
3840.39914714,4262,400,0.00853578553552,0.00768231799684,0.999927141692
3841.14914714,4263,400,0.00854103340293,0.00768253068642,0.999927052079
3841.89914714,4264,400,0.00864970098497,0.00768277178251,0.999925184072
3842.64914714,4265,400,0.00853111295265,0.00768298166912,0.999927221436
3843.39914714,4266,400,0.00843560074237,0.00768316673067,0.999928841906
3844.14914714,4267,400,0.00852250234188,0.00768337417609,0.999927368273
3844.89914714,4268,400,0.00854950711288,0.00768358854792,0.999926907264
3845.64914714,4269,400,0.00873849635136,0.0076838526155,0.999923640139
3846.39914714,4270,400,0.00854088242553,0.00768406451536,0.999927054658
3847.14914714,4271,400,0.0084822204916,0.00768426109651,0.99992805323
3847.89914714,4272,400,0.00840580493619,0.00768443792498,0.999929343691
3848.64914714,4273,400,0.00847232600787,0.00768463176277,0.99992822098
3849.39914714,4274,400,0.0084571761634,0.00768482160057,0.99992847745
3850.14914714,4275,400,0.00838076348458,0.00768499176344,0.999929764037
3850.89914714,4276,400,0.00846772077782,0.00768518413477,0.99992829899
3851.64914714,4277,400,0.00829043979994,0.00768533121999,0.999931269789
3852.39914714,4278,400,0.00835571865571,0.00768549475874,0.999930183184
3853.14914714,4279,400,0.00850516276036,0.0076856965269,0.999927663515
3853.89914714,4280,400,0.0086534144555,0.00768593685991,0.99992511982
3854.64914714,4281,400,0.00869842021108,0.00768618893977,0.999924338917
3855.39914714,4282,400,0.00872416522207,0.00768644770764,0.999923890389
3856.14914714,4283,400,0.00864774019182,0.0076866861825,0.999925217988
3856.89914714,4284,400,0.00871435840536,0.00768694210018,0.999924061399
3857.64914714,4285,400,0.00863903307814,0.00768717804828,0.9999253685
3858.39914714,4286,400,0.00872719889353,0.00768743711405,0.99992383745
3859.14914714,4287,400,0.0087132301158,0.0076876923542,0.999924081062
3859.89914714,4288,400,0.0086572324647,0.00768793271362,0.99992505373
3860.64914714,4289,400,0.00872499873646,0.0076881908146,0.999923875846
3861.39914714,4290,400,0.00867022159859,0.00768843434206,0.99992482867
3862.14914714,4291,400,0.00867428448931,0.00768867881626,0.999924758204
3862.89914714,4292,400,0.0087590603199,0.00768894556099,0.999923280334
3863.64914714,4293,400,0.0088451150035,0.00768923511872,0.999921765471
3864.39914714,4294,400,0.00893223208601,0.00768954798259,0.999920216821
3865.14914714,4295,400,0.00908070087638,0.00768990117424,0.999917542571
3865.89914714,4296,400,0.00918925352392,0.0076902842005,0.999915559402
3866.64914714,4297,400,0.00915468929699,0.0076906574363,0.99991619342
3867.39914714,4298,400,0.00911816976254,0.00769102038659,0.999916860708
3868.14914714,4299,400,0.009203559833,0.00769140680856,0.99991529628
3868.89914714,4300,400,0.00912797916802,0.0076917720862,0.999916681732
3869.64914714,4301,400,0.00913424778523,0.00769213890679,0.999916567258
3870.39914714,4302,400,0.00909871608329,0.00769249575111,0.999917215079
3871.14914714,4303,400,0.00910500240537,0.00769285414152,0.999917100649
3871.89914714,4304,400,0.0090899169521,0.00769320820395,0.999917375117
3872.64914714,4305,400,0.00905438364703,0.00769355235265,0.999918019817
3873.39914714,4306,400,0.00920120774942,0.00769393677827,0.999915339568
3874.14914714,4307,400,0.00914523756849,0.00769430551325,0.999916366379
3874.89914714,4308,400,0.00931429450972,0.00769472113071,0.999913245799
3875.64914714,4309,400,0.00938108919233,0.00769515536295,0.999911997102
3876.39914714,4310,400,0.009488112482,0.00769561981181,0.999909977748
3877.14914714,4311,400,0.00951337103645,0.00769609125018,0.999909497819
3877.89914714,4312,400,0.00953929222904,0.00769656988157,0.999909003974
3878.64914714,4313,400,0.0096067729197,0.00769706772047,0.999907712043
3879.39914714,4314,400,0.00969409912557,0.00769759067439,0.99990602665
3880.14914714,4315,400,0.0096381388974,0.00769809706619,0.999907108436
3880.89914714,4316,400,0.00960265338744,0.00769859291578,0.999907791174
3881.64914714,4317,400,0.00964905288054,0.00769910194162,0.999906897946
3882.39914714,4318,400,0.00949133850349,0.00769956529952,0.999909916522
3883.14914714,4319,400,0.00947696171795,0.00770002431497,0.999910189213
3883.89914714,4320,400,0.00952333617645,0.00770049633421,0.999909308124
3884.64914714,4321,400,0.00959018488757,0.00770098730483,0.999908030469
3885.39914714,4322,400,0.00953362647946,0.00770146176961,0.999909112031
3886.14914714,4323,400,0.00945780092908,0.00770191436055,0.999910552002
3886.89914714,4324,400,0.00944278669163,0.00770236245528,0.999910835767
3887.64914714,4325,400,0.00942839283128,0.00770280624003,0.999911107384
3888.39914714,4326,400,0.00935136234129,0.00770322808892,0.999912553934
3889.14914714,4327,400,0.00925392637145,0.00770362252761,0.99991436668
3889.89914714,4328,400,0.00944264910221,0.00770406967539,0.999910838365
3890.64914714,4329,400,0.00951000903033,0.00770453572916,0.999909561773
3891.39914714,4330,400,0.00955691843994,0.00770501494396,0.999908667395
3892.14914714,4331,400,0.00960384943012,0.00770550738036,0.999907768203
3892.89914714,4332,400,0.00979358296645,0.00770605468179,0.999904088033
3893.64914714,4333,400,0.00969668747519,0.00770657341428,0.999905976462
3894.39914714,4334,400,0.00962077333708,0.00770706992102,0.999907442862
3895.14914714,4335,400,0.00960578063487,0.00770756185308,0.999907731107
3895.89914714,4336,400,0.00963225824701,0.00770806114721,0.999907221753
3896.64914714,4337,400,0.00947450113215,0.00770851509871,0.999910235843
3897.39914714,4338,400,0.00947941436235,0.00770897020656,0.999910142722
3898.14914714,4339,400,0.00948489297321,0.00770942663077,0.999910038829
3898.89914714,4340,400,0.00951137112648,0.00770989033367,0.999909535865
3899.64914714,4341,400,0.00939401526499,0.00771032065165,0.999911754424
3900.39914714,4342,400,0.00933863531067,0.00771073525442,0.999912791792
3901.14914714,4343,400,0.00926281964168,0.00771112858838,0.999914202013
3901.89914714,4344,400,0.00920750680501,0.00771150647221,0.999915223615
3902.64914714,4345,400,0.00927433783544,0.00771190259433,0.999913988507
3903.39914714,4346,400,0.00917745977403,0.00771227184762,0.999915776006
3904.14914714,4347,400,0.00914262637178,0.00771263139633,0.99991641413
3904.89914714,4348,400,0.00914806453948,0.00771299224591,0.999916314666
3905.64914714,4349,400,0.00905186570999,0.00771332681645,0.999918065406
3906.39914714,4350,400,0.00916029364741,0.00771369064403,0.999916090781
3907.14914714,4351,400,0.00920663691779,0.00771406696729,0.999915239633
3907.89914714,4352,400,0.0093348298261,0.00771447849765,0.99991286285
3908.64914714,4353,400,0.00931915050864,0.00771488546238,0.999913155319
3909.39914714,4354,400,0.0091813367454,0.00771525426922,0.999915704832
3910.14914714,4355,400,0.00906400195848,0.00771559103313,0.999917845556
3910.89914714,4356,400,0.00919285018158,0.00771596262204,0.999915493291
3911.64914714,4357,400,0.0092187579939,0.00771634111653,0.999915016307
3912.39914714,4358,400,0.00916346048059,0.00771670430565,0.999916032755
3913.14914714,4359,400,0.00912865781307,0.00771705784851,0.999916669343
3913.89914714,4360,400,0.00915526252861,0.00771741844137,0.999916182924
3914.64914714,4361,400,0.0090182215765,0.00771774185378,0.999918673333
3915.39914714,4362,400,0.00894180540666,0.00771804472132,0.999920045714
3916.14914714,4363,400,0.00890709691271,0.00771833823984,0.999920665198
3916.89914714,4364,400,0.00889287131098,0.00771862785402,0.999920918403
3917.64914714,4365,400,0.00883690606496,0.00771890259976,0.999921910616
3918.39914714,4366,400,0.00874090971331,0.00771915217557,0.999923597957
3919.14914714,4367,400,0.00862451956756,0.00771937165081,0.999925619045
3919.89914714,4368,400,0.00868865775315,0.00771960748523,0.999924508651
3920.64914714,4369,400,0.00879631468913,0.00771987110973,0.999922626345
3921.39914714,4370,400,0.00888353966236,0.00772015745966,0.99992108428
3922.14914714,4371,400,0.00884804876514,0.00772043434374,0.999921713565
3922.89914714,4372,400,0.00909892162115,0.00772077778351,0.999917211339
3923.64914714,4373,400,0.00916573462193,0.00772113912194,0.999915991073
3924.39914714,4374,400,0.00935532322244,0.00772155226181,0.999912479842
3925.14914714,4375,400,0.00929937124129,0.00772194974288,0.999913523564
3925.89914714,4376,400,0.00926453765327,0.00772233745406,0.999914170184
3926.64914714,4377,400,0.00929112101757,0.00772273226504,0.999913676933
3927.39914714,4378,400,0.0092760877104,0.00772312274783,0.999913956048
3928.14914714,4379,400,0.00926105745114,0.00772350891358,0.999914234654
3928.89914714,4380,400,0.00930810900034,0.00772390779666,0.999913360983
3929.64914714,4381,400,0.00923241088728,0.0077242857401,0.999914764406
3930.39914714,4382,400,0.00915675242765,0.00772464294133,0.999916155643
3931.14914714,4383,400,0.0091015907435,0.00772498509003,0.999917162762
3931.89914714,4384,400,0.00920925587256,0.00772535617234,0.999915191404
3932.64914714,4385,400,0.00915410613924,0.00772571212048,0.999916204096
3933.39914714,4386,400,0.00905721982079,0.00772604185553,0.999917968451
3934.14914714,4387,400,0.0090634641747,0.00772637309531,0.999917855304
3934.89914714,4388,400,0.00910974804474,0.00772671657416,0.999917014212
3935.64914714,4389,400,0.00917736032847,0.00772707811013,0.999915777831
3936.39914714,4390,400,0.00916228512418,0.00772743538952,0.999916054293
3937.14914714,4391,400,0.00920857317838,0.00772780501962,0.999915203978
3937.89914714,4392,400,0.00913130786019,0.0077281535894,0.999916620955
3938.64914714,4393,400,0.00899434122834,0.00772846542338,0.999919103462
3939.39914714,4394,400,0.00889834138413,0.00772875181302,0.999920821088
3940.14914714,4395,400,0.00870015484615,0.00772898672398,0.999924308738
3940.89914714,4396,400,0.00874639529086,0.00772923339249,0.999923502032
3941.64914714,4397,400,0.0087118239396,0.00772947106162,0.999924105564
3942.39914714,4398,400,0.00886124102597,0.00772974723412,0.999921479949
3943.14914714,4399,400,0.00896880134144,0.00773005147054,0.99991956222
3943.89914714,4400,400,0.00893424929788,0.00773034646346,0.999920180782
3944.64914714,4401,400,0.00898047859235,0.00773065348218,0.99991935263
3945.39914714,4402,400,0.00900531693209,0.00773096691278,0.999918905911
3946.14914714,4403,400,0.0090915869623,0.00773130311986,0.999917344755
3946.89914714,4404,400,0.0091387483646,0.00773165178466,0.999916485022
3947.64914714,4405,400,0.00914502776984,0.00773200196091,0.999916370216
3948.39914714,4406,400,0.00915039512991,0.00773235340353,0.999916272022
3949.14914714,4407,400,0.00905262212434,0.00773267855759,0.999918051712
3949.89914714,4408,400,0.00899752775903,0.00773298896336,0.999919046133
3950.64914714,4409,400,0.00879839759929,0.0077332472493,0.999922589698
3951.39914714,4410,400,0.00870153524185,0.00773348055829,0.999924284718
3952.14914714,4411,400,0.00862605454861,0.00773369458458,0.999925592567
3952.89914714,4412,400,0.00867325643277,0.00773392047322,0.999924776038
3953.64914714,4413,400,0.00871854187904,0.00773415779079,0.999923988472
3954.39914714,4414,400,0.00880661002675,0.00773441759787,0.999922445124
3955.14914714,4415,400,0.00881292577311,0.00773467890789,0.999922333847
3955.89914714,4416,400,0.00883872014567,0.00773494675564,0.999921878552
3956.64914714,4417,400,0.00904851505409,0.00773526938986,0.999918126051
3957.39914714,4418,400,0.00909571484279,0.00773560439393,0.999917269683
3958.14914714,4419,400,0.00918195447252,0.00773596228662,0.999915693489
3958.89914714,4420,400,0.00922913453386,0.0077363327022,0.99991482489
3959.64914714,4421,400,0.00933676646783,0.00773673214372,0.999912826692
3960.39914714,4422,400,0.00917849606616,0.00773708855851,0.999915756984
3961.14914714,4423,400,0.00918387132596,0.00773744623779,0.999915658286
3961.89914714,4424,400,0.00910743540062,0.00773778331771,0.99991705634
3962.64914714,4425,400,0.00909151673854,0.00773811600027,0.999917346031
3963.39914714,4426,400,0.00913782125084,0.0077384608407,0.999916501966
3964.14914714,4427,400,0.00900085199097,0.00773876925095,0.999918986304
3964.89914714,4428,400,0.00904800434791,0.00773908992688,0.999918135293
3965.64914714,4429,400,0.00897247673926,0.0077393905916,0.999919496281
3966.39914714,4430,400,0.0088969929908,0.00773967143872,0.999920845082
3967.14914714,4431,400,0.008760222343,0.00773991694051,0.999923259977
3967.89914714,4432,400,0.00878600153674,0.00774016891658,0.999922807667
3968.64914714,4433,400,0.00866972244562,0.00774039119418,0.999924837325
3969.39914714,4434,400,0.00871592525006,0.00774062506709,0.99992403409
3970.14914714,4435,400,0.00872230659441,0.00774086044816,0.999923922815
3970.89914714,4436,400,0.00868784312958,0.00774108697945,0.999924522806
3971.64914714,4437,400,0.00873402491572,0.00774132511401,0.999923718264
3972.39914714,4438,400,0.0088200412936,0.00774158510809,0.999922208385
3973.14914714,4439,400,0.00880493964292,0.00774184110379,0.99992247454
3973.89914714,4440,400,0.00877042289134,0.00774208815177,0.999923081161
3974.64914714,4441,400,0.00879725003518,0.00774234193401,0.999922609889
3975.39914714,4442,400,0.00880053558055,0.00774259643423,0.999922552073
3976.14914714,4443,400,0.00882633182035,0.00774285742036,0.999922097384
3976.89914714,4444,400,0.00889398368552,0.00774313569954,0.999920898619
3977.64914714,4445,400,0.00887888957998,0.00774340994652,0.999921166874
3978.39914714,4446,400,0.00886286159811,0.00774367993062,0.999921451227
3979.14914714,4447,400,0.00884871031307,0.00774394614481,0.999921701859
3979.89914714,4448,400,0.0088345867232,0.0077442086049,0.9999219516
3980.64914714,4449,400,0.00892269731074,0.00774449364304,0.999920387057
3981.39914714,4450,400,0.00896795535281,0.00774479028947,0.999919577394
3982.14914714,4451,400,0.00907464845851,0.00774511471161,0.999917652451
3982.89914714,4452,400,0.00901867246012,0.0077454242889,0.999918665201
3983.64914714,4453,400,0.00908540912808,0.00774575122918,0.999917457044
3984.39914714,4454,400,0.0090907971798,0.00774607942816,0.999917359114
3985.14914714,4455,400,0.00909703685109,0.00774640911015,0.999917245633
3985.89914714,4456,400,0.00912287185882,0.0077467454482,0.999916774941
3986.64914714,4457,400,0.00918961914347,0.00774709932058,0.999915552683
3987.39914714,4458,400,0.00909358582455,0.00774742759979,0.999917308406
3988.14914714,4459,400,0.00922167651718,0.0077477896715,0.99991496249
3988.89914714,4460,400,0.00906341709264,0.00774810969374,0.999917856158
3989.64914714,4461,400,0.00917106454529,0.0077484579529,0.999915893344
3990.39914714,4462,400,0.00942191056511,0.00774887348688,0.999911229571
3991.14914714,4463,400,0.00948950121355,0.00774930729193,0.999909951394
3991.89914714,4464,400,0.00939343626489,0.0077497146607,0.999911765302
3992.64914714,4465,400,0.00958379518239,0.00775017402249,0.999908152979
3993.39914714,4466,400,0.00965055284153,0.00775065169915,0.999906868998
3994.14914714,4467,400,0.00969686080832,0.00775114207052,0.999905973101
3994.89914714,4468,400,0.00965973751214,0.00775162181756,0.999906691648
3995.64914714,4469,400,0.00960452315311,0.00775208596892,0.999907755262
3996.39914714,4470,400,0.00956900248847,0.00775254005829,0.999908436287
3997.14914714,4471,400,0.00967598401907,0.00775302361557,0.999906377525
3997.89914714,4472,400,0.00976400194964,0.00775353160026,0.999904666538
3998.64914714,4473,400,0.00985058723845,0.00775406380764,0.999902968285
3999.39914714,4474,400,0.00989571824882,0.00775460858386,0.999902077158
4000.14914714,4475,400,0.0100450889155,0.00775519599181,0.999899098734
4000.89914714,4476,400,0.00996864228574,0.0077557610564,0.99990062864
4001.64914714,4477,400,0.0100560037084,0.00775635101641,0.999898879346
4002.39914714,4478,400,0.00995967424191,0.00775691291409,0.999900807349
4003.14914714,4479,400,0.00994528202245,0.00775747039771,0.999901093811
4003.89914714,4480,400,0.00993091466686,0.00775802348423,0.999901379366
4004.64914714,4481,400,0.00991588057178,0.00775857199327,0.999901677729
4005.39914714,4482,400,0.0101248145709,0.0077591804201,0.999897490757
4006.14914714,4483,400,0.0101308566573,0.0077597902869,0.999897368377
4006.89914714,4484,400,0.01013576103,0.00776040126197,0.999897268987
4007.64914714,4485,400,0.0100798003698,0.00776099566634,0.999898400205
4008.39914714,4486,400,0.0100852802783,0.00776159134705,0.999898289708
4009.14914714,4487,400,0.00996841751758,0.00776215307305,0.999900633121
4009.89914714,4488,400,0.0100347949411,0.00776273356373,0.999899305425
4010.64914714,4489,400,0.0100203143142,0.00776330958576,0.999899595821
4011.39914714,4490,400,0.0102095888091,0.0077639402283,0.999895767013
4012.14914714,4491,400,0.0101536391224,0.00776455420249,0.99989690627
4012.89914714,4492,400,0.0100567286159,0.00776513977945,0.999898864767
4013.64914714,4493,400,0.0100212680543,0.00776571484885,0.999899576708
4014.39914714,4494,400,0.0102103034806,0.00776634440893,0.99989575242
4015.14914714,4495,400,0.0102772876448,0.0077669932919,0.999894380148
4015.89914714,4496,400,0.0103647637707,0.00776766768418,0.999892574557
4016.64914714,4497,400,0.010390789955,0.00776834944951,0.999892034398
4017.39914714,4498,400,0.0102327369227,0.00776898421274,0.999895293836
4018.14914714,4499,400,0.0102386175412,0.00776962036394,0.999895173458
4018.89914714,4500,400,0.0100796255156,0.00777020998642,0.99989840373
4019.64914714,4501,400,0.0100234716564,0.00777078316462,0.99989953254
4020.39914714,4502,400,0.010049756038,0.00777136358613,0.999899004954
4021.14914714,4503,400,0.0100550818115,0.00777194523628,0.999898897885
4021.89914714,4504,400,0.00989676466654,0.00777248146958,0.999902056447
4022.64914714,4505,400,0.00984088490689,0.00777300167947,0.999903159329
4023.39914714,4506,400,0.00978520862105,0.00777350602579,0.999904251984
4024.14914714,4507,400,0.00985202150545,0.00777402883868,0.999902940028
4024.89914714,4508,400,0.0100007397958,0.00777459350512,0.999899987704
4025.64914714,4509,400,0.00998585940945,0.00777515363849,0.999900285098
4026.39914714,4510,400,0.00990959076761,0.00777569184829,0.999901802422
4027.14914714,4511,400,0.00981276809359,0.00777620256371,0.9999037119
4027.89914714,4512,400,0.00998231222996,0.00777676084298,0.999900355925
4028.64914714,4513,400,0.00992656848516,0.00777730302528,0.999901465665
4029.39914714,4514,400,0.00987070214549,0.0077778291787,0.999902571612
4030.14914714,4515,400,0.00989677168049,0.00777836240032,0.999902056309
4030.89914714,4516,400,0.00982042802004,0.00777887392446,0.999903561519
4031.64914714,4517,400,0.00980565665562,0.00777938106345,0.999903851409
4032.39914714,4518,400,0.00979075932661,0.00777988379215,0.999904143329
4033.14914714,4519,400,0.00975538316024,0.00778037643262,0.999904834764
4033.89914714,4520,400,0.00980206311293,0.00778088180306,0.999903921867
4034.64914714,4521,400,0.00988972808337,0.00778141145231,0.99990219567
4035.39914714,4522,400,0.00981355931813,0.00778191950732,0.999903696372
4036.14914714,4523,400,0.00977816266577,0.00778241745393,0.99990438982
4036.89914714,4524,400,0.00980421048426,0.00778292239194,0.999903879767
4037.64914714,4525,400,0.00968689311528,0.00778339461167,0.999906166303
4038.39914714,4526,400,0.00965169766174,0.00778385693422,0.999906846902
4039.14914714,4527,400,0.00963678373254,0.0077843149435,0.999907134555
4039.89914714,4528,400,0.00962170481123,0.00778476860437,0.999907424939
4040.64914714,4529,400,0.00970908335619,0.00778524599096,0.999905735922
4041.39914714,4530,400,0.00975558205786,0.00778573596853,0.999904830883
4042.14914714,4531,400,0.00974075485778,0.00778622160204,0.999905119945
4042.89914714,4532,400,0.00966441330509,0.00778668600133,0.999906601296
4043.64914714,4533,400,0.0097109817592,0.00778716294854,0.999905699057
4044.39914714,4534,400,0.00983949352814,0.0077876752342,0.99990318671
4045.14914714,4535,400,0.00992707510019,0.00778821176779,0.999901455608
4045.89914714,4536,400,0.00980984893975,0.0077887152837,0.999903769179
4046.64914714,4537,400,0.00991795298694,0.00778924871872,0.999901636628
4047.39914714,4538,400,0.0100258049045,0.00778981230599,0.999899485762
4048.14914714,4539,400,0.0100928707271,0.00779039468301,0.999898136555
4048.89914714,4540,400,0.00999606123059,0.0077909492685,0.999900081256
4049.64914714,4541,400,0.00994022990527,0.00779148784061,0.99990119427
4050.39914714,4542,400,0.00994585308473,0.00779202771818,0.999901082453
4051.14914714,4543,400,0.00984905272381,0.00779254025757,0.999902998513
4051.89914714,4544,400,0.00983421297576,0.0077930484134,0.999903290593
4052.64914714,4545,400,0.00986035966045,0.00779356358133,0.999902775671
4053.39914714,4546,400,0.00978412086243,0.00779405735403,0.99990427327
4054.14914714,4547,400,0.00970791149275,0.00779452992172,0.999905758675
4054.89914714,4548,400,0.00950870324288,0.00779494826227,0.999909586606
4055.64914714,4549,400,0.00939157783995,0.00779533518329,0.999911800211
4056.39914714,4550,400,0.00943827823682,0.0077957343107,0.999910920888
4057.14914714,4551,400,0.00952573420367,0.00779615661466,0.999909262446
4057.89914714,4552,400,0.00957245082975,0.00779659127998,0.999908370284
4058.64914714,4553,400,0.00961853750388,0.00779703818722,0.999907485876
4059.39914714,4554,400,0.00948087929854,0.00779744785179,0.999910114948
4060.14914714,4555,400,0.00958895878461,0.0077978863282,0.999908053983
4060.89914714,4556,400,0.00951278757874,0.00779830411128,0.99990950892
4061.64914714,4557,400,0.0094366476811,0.00779870138954,0.999910951663
4062.39914714,4558,400,0.00940148538603,0.00779908915646,0.999911614026
4063.14914714,4559,400,0.00957059284992,0.007799521848,0.99990840585
4063.89914714,4560,400,0.00955568992538,0.00779995031882,0.999908690874
4064.64914714,4561,400,0.00958191807397,0.00780038563246,0.999908188953
4065.39914714,4562,400,0.00954653555456,0.0078008112218,0.999908865735
4066.14914714,4563,400,0.00967514181372,0.00780127132369,0.999906393822
4066.89914714,4564,400,0.00976260009654,0.00780175506834,0.99990469391
4067.64914714,4565,400,0.00976838048966,0.00780224015593,0.999904581019
4068.39914714,4566,400,0.00973298617185,0.00780271531397,0.999905271224
4069.14914714,4567,400,0.00973854454329,0.00780319175352,0.999905162999
4069.89914714,4568,400,0.00976440013339,0.00780367502832,0.999904658763
4070.64914714,4569,400,0.00968824202363,0.00780413728777,0.999906140169
4071.39914714,4570,400,0.00969401269377,0.00780460088551,0.999906028326
4072.14914714,4571,400,0.00974032756531,0.00780507686746,0.999905128269
4072.89914714,4572,400,0.00964352526455,0.00780552632242,0.999907004583
4073.64914714,4573,399.999999999,0.00948547825846,0.00780593320807,0.999910027726
4074.39914714,4574,400,0.00955245386108,0.00780635774971,0.999908752707
4075.14914714,4575,399.999999999,0.00970151109743,0.00780682225983,0.999905882897
4075.89914714,4576,399.999999999,0.0098094365203,0.00780731600965,0.99990377727
4076.64914714,4577,399.999999999,0.00991720882567,0.00780783925789,0.999901651387
4077.39914714,4578,399.999999999,0.00994316099348,0.00780836945182,0.999901135993
4078.14914714,4579,399.999999999,0.0100101882429,0.0078089180797,0.999899798642
4078.89914714,4580,399.999999999,0.00989299857887,0.0078094338236,0.999902130974
4079.64914714,4581,399.999999999,0.00991906557925,0.00780995652572,0.999901614558
4080.39914714,4582,399.999999999,0.0100474479729,0.007810514778,0.999899051337
4081.14914714,4583,399.999999999,0.00990975211923,0.00781103436448,0.999901799224
4081.89914714,4584,399.999999999,0.00995626187478,0.0078115665913,0.999900875306
4082.64914714,4585,399.999999999,0.00987998676077,0.00781207742913,0.999902388244
4083.39914714,4586,399.999999999,0.0100698620374,0.00781264087329,0.999898600449
4084.14914714,4587,399.999999999,0.0100754828476,0.00781320561091,0.999898487222
4084.89914714,4588,399.999999999,0.010122060076,0.00781378318229,0.999897546524
4085.64914714,4589,399.999999999,0.010127668199,0.00781436204271,0.999897432967
4086.39914714,4590,399.999999999,0.0101128217107,0.00781493641937,0.999897733452
4087.14914714,4591,399.999999999,0.0101389525652,0.00781551787795,0.999897204283
4087.89914714,4592,399.999999999,0.0101446297014,0.00781610064423,0.999897089136
4088.64914714,4593,399.999999999,0.0100069867485,0.0078166444841,0.999899862723
4089.39914714,4594,399.999999999,0.0099306754764,0.00781716686618,0.999901384116
4090.14914714,4595,399.999999999,0.00989523413972,0.00781767920577,0.999902086738
4090.89914714,4596,399.999999999,0.00996232316333,0.00781820982675,0.99990075458
4091.64914714,4597,399.999999999,0.00988596384101,0.0078187190973,0.999902270107
4092.39914714,4598,399.999999998,0.00995297177097,0.00781924660082,0.999900940806
4093.14914714,4599,399.999999998,0.00985622652496,0.00781974719475,0.999902857158
4093.89914714,4600,399.999999998,0.00984136888503,0.00782024347126,0.999903149804
4094.64914714,4601,399.999999998,0.00966275244417,0.00782069109234,0.999906633395
4095.39914714,4602,399.999999998,0.00975024171249,0.00782116208721,0.999904935046
4096.14914714,4603,399.999999998,0.00977631620804,0.00782163991996,0.999904425925
4096.89914714,4604,399.999999998,0.00994565894631,0.00782216388479,0.999901086314
4097.64914714,4605,399.999999997,0.00993083464233,0.00782268349721,0.999901380955
4098.39914714,4606,399.999999998,0.00999794773504,0.00782322140828,0.999900043539
4099.14914714,4607,399.999999997,0.00992161972284,0.0078237379577,0.999901563885
4099.89914714,4608,399.999999997,0.00986585130912,0.00782423894524,0.999902667346
4100.64914714,4609,399.999999997,0.00976907915488,0.00782471333981,0.999904567369
4101.39914714,4610,399.999999996,0.00959052417944,0.00782513958785,0.999908023961
4102.14914714,4611,399.999999997,0.00971886965691,0.00782559996837,0.999905545803
4102.89914714,4612,399.999999997,0.00972447350199,0.00782606163154,0.999905436851
4103.64914714,4613,399.999999997,0.00966871228561,0.00782650809121,0.999906518188
4104.39914714,4614,399.999999996,0.00969482200567,0.00782696133172,0.999906012635
4105.14914714,4615,399.999999996,0.00961857571802,0.00782739396706,0.999907485141
4105.89914714,4616,399.999999997,0.00970600554647,0.00782784977039,0.999905795675
4106.64914714,4617,399.999999996,0.00960930833657,0.00782827951175,0.999907663325
4107.39914714,4618,399.999999996,0.00963537118911,0.00782871598021,0.999907161777
4108.14914714,4619,399.999999996,0.00978424002333,0.00782919220688,0.999904270938
4108.89914714,4620,399.999999995,0.00972842565322,0.00782965314458,0.999905359974
4109.64914714,4621,399.999999994,0.00959080348328,0.00783007711516,0.999908018604
4110.39914714,4622,399.999999996,0.00957595683226,0.00783049694811,0.999908303153
4111.14914714,4623,399.999999995,0.00956110925573,0.00783091265263,0.999908587279
4111.89914714,4624,399.999999994,0.00954626713428,0.00783132423954,0.99990887086
4112.64914714,4625,399.999999994,0.00955188532363,0.00783173710797,0.999908763568
4113.39914714,4626,399.999999994,0.00955752615763,0.00783215126371,0.99990865578
4114.14914714,4627,399.999999993,0.00968589571002,0.00783259929936,0.999906185625
4114.89914714,4628,399.999999994,0.00958922336846,0.00783302141501,0.999908048909
4115.64914714,4629,399.999999993,0.0095947689947,0.00783344479252,0.999907942527
4116.39914714,4630,399.999999993,0.00953905637839,0.00783385326932,0.999909008473
4117.14914714,4631,399.999999992,0.00954471849476,0.00783426303758,0.999908900424
4117.89914714,4632,399.999999992,0.00948896618966,0.00783465798683,0.999909961547
4118.64914714,4633,399.999999992,0.00943330894861,0.00783503823925,0.999911014662
4119.39914714,4634,399.999999991,0.00941844361394,0.00783541445008,0.999911294887
4120.14914714,4635,399.999999992,0.00958766083527,0.00783583475709,0.999908078872
4120.89914714,4636,399.999999991,0.00963425980496,0.00783626718819,0.999907183192
4121.64914714,4637,399.99999999,0.00953760815378,0.00783667391281,0.999909036099
4122.39914714,4638,399.999999991,0.00954317046219,0.0078370819009,0.999908929971
4123.14914714,4639,399.99999999,0.00956907676931,0.0078374965009,0.999908434866
4123.89914714,4640,399.99999999,0.00971773886239,0.0078379503198,0.999905567781
4124.64914714,4641,399.999999989,0.00980517876563,0.00783842737993,0.99990386078
4125.39914714,4642,399.999999989,0.00981086763826,0.00783890573887,0.999903749192
4126.14914714,4643,399.999999989,0.00977569523375,0.00783937439913,0.999904438066
4126.89914714,4644,399.999999987,0.00971993860158,0.00783982790144,0.999905525025
4127.64914714,4645,399.999999986,0.00970494956723,0.00784027718481,0.999905816172
4128.39914714,4646,399.999999985,0.00975134001924,0.00784073863767,0.999904913628
4129.14914714,4647,399.999999985,0.00969567539046,0.00784118501064,0.999905996088
4129.89914714,4648,399.999999986,0.00968091205421,0.00784162724187,0.999906282138
4130.64914714,4649,399.999999985,0.00966598041906,0.00784206529608,0.999906571005
4131.39914714,4650,399.999999984,0.00969200345667,0.00784251004428,0.999906067275
4132.14914714,4651,399.999999982,0.00969759248963,0.00784295606144,0.999905958911
4132.89914714,4652,399.999999982,0.00978492416034,0.00784342517687,0.999904257551
4133.64914714,4653,399.999999983,0.00981094904694,0.00784390104909,0.999903747595
4134.39914714,4654,399.999999981,0.00977570083039,0.00784436723251,0.999904437956
4135.14914714,4655,399.999999979,0.00980177082982,0.00784484017612,0.999903927596
4135.89914714,4656,399.999999978,0.00968486454885,0.00784528170477,0.999906205598
4136.64914714,4657,399.99999998,0.00977206183315,0.00784574623603,0.999904509087
4137.39914714,4658,399.999999977,0.00971643035609,0.00784619570801,0.999905593209
4138.14914714,4659,399.999999979,0.00984463145255,0.00784667925992,0.99990308558
4138.89914714,4660,399.999999973,0.00982989785222,0.00784715861097,0.999903375442
4139.64914714,4661,399.999999976,0.00989662186346,0.00784765571926,0.999902059274
4140.39914714,4662,399.999999976,0.01006567,0.00784819869863,0.999898684854
4141.14914714,4663,399.999999974,0.0101324271262,0.00784875982853,0.999897336556
4141.89914714,4664,399.999999971,0.0101585072211,0.00784932790525,0.999896807393
4142.64914714,4665,399.999999969,0.0101231848572,0.00784988591577,0.999897523754
4143.39914714,4666,399.999999969,0.010149243415,0.00785045085833,0.999896995511
4144.14914714,4667,399.999999969,0.0102774301119,0.00785105124924,0.999894377219
4144.89914714,4668,399.999999966,0.0104056490525,0.00785168751502,0.999891725399
4145.64914714,4669,399.999999968,0.0104113457763,0.00785232507403,0.999891606817
4146.39914714,4670,399.999999964,0.0102943749719,0.00785292928741,0.999894028652
4147.14914714,4671,399.999999963,0.0103000925653,0.00785353480057,0.999893910907
4147.89914714,4672,399.999999963,0.0104893782061,0.00785419362803,0.999889975971
4148.64914714,4673,399.999999957,0.0104949376103,0.00785485370743,0.999889859317
4149.39914714,4674,399.999999961,0.0105209091001,0.00785552088171,0.999889313535
4150.14914714,4675,399.999999958,0.0104448103502,0.00785616599371,0.999890908912
4150.89914714,4676,399.999999952,0.0104709230221,0.00785681821002,0.999890362776
4151.64914714,4677,399.999999955,0.0104151208016,0.00785745423606,0.9998915282
4152.39914714,4678,399.999999952,0.0105024335586,0.0078581147804,0.999889701931
4153.14914714,4679,399.999999948,0.0105285434802,0.00785878245359,0.999889152844
4153.89914714,4680,399.999999944,0.0105951830095,0.00785946891999,0.999887745247
4154.64914714,4681,399.999999945,0.0104783060631,0.00786012156236,0.999890208116
4155.39914714,4682,399.999999938,0.0104635857567,0.00786076968379,0.99989051637
4156.14914714,4683,399.999999935,0.0103467577431,0.0078613844554,0.999892947469
4156.89914714,4684,399.999999941,0.0103727077663,0.0078620062167,0.999892409828
4157.64914714,4685,399.999999936,0.0104191791778,0.00786264077854,0.999891443652
4158.39914714,4686,399.999999933,0.0104452826405,0.00786328240881,0.999890899046
4159.14914714,4687,399.999999927,0.0103694548596,0.00786390230202,0.999892477296
4159.89914714,4688,399.999999935,0.0103749934023,0.00786452344009,0.999892362409
4160.64914714,4689,399.999999928,0.0103807269677,0.00786514587762,0.999892243411
4161.39914714,4690,399.999999929,0.0103660952689,0.00786576388613,0.999892546956
4162.14914714,4691,399.999999921,0.010351007863,0.00786637734744,0.999892859506
4162.89914714,4692,399.999999916,0.010397289164,0.00786700350687,0.9998918993
4163.64914714,4693,399.999999923,0.0103620734357,0.00786761944984,0.999892630316
4164.39914714,4694,399.999999904,0.0103270524655,0.0078682252733,0.999893354831
4165.14914714,4695,399.999999907,0.0103733124662,0.00786884375214,0.999892397283
4165.89914714,4696,399.999999903,0.0102975886018,0.00786944074077,0.99989396248
4166.64914714,4697,399.999999909,0.0102422602762,0.00787002205838,0.999895098856
4167.39914714,4698,399.999999901,0.0102070634453,0.00787059335295,0.999895818569
4168.14914714,4699,399.999999899,0.0102331843106,0.00787117158063,0.99989528468
4168.89914714,4700,399.999999894,0.0103407106816,0.00787177941708,0.999893072561
4169.64914714,4701,399.999999884,0.010407564202,0.00787240568844,0.999891685541
4170.39914714,4702,399.999999889,0.0102099304081,0.00787297660799,0.999895760038
4171.14914714,4703,399.999999887,0.0101547683927,0.00787353207486,0.999896883337
4171.89914714,4704,399.999999871,0.0100585872472,0.00787406102231,0.999898827382
4172.64914714,4705,399.999999871,0.0100034835223,0.00787457479042,0.999899932821
4173.39914714,4706,399.999999872,0.0101101225166,0.00787511724463,0.999897788035
4174.14914714,4707,399.99999987,0.0102375163487,0.00787569439335,0.999895196005
4174.89914714,4708,399.999999869,0.0102230311038,0.00787626725834,0.999895492366
4175.64914714,4709,399.999999857,0.0102492104744,0.00787684706299,0.999894956443
4176.39914714,4710,399.999999834,0.0103160339461,0.0078774450982,0.999893582275
4177.14914714,4711,399.999999854,0.0104437975358,0.00787807856707,0.999890930067
4177.89914714,4712,399.999999844,0.0104700192722,0.00787871910208,0.999890381701
4178.64914714,4713,399.999999842,0.0105368802496,0.00787937822428,0.999888977236
4179.39914714,4714,399.999999837,0.0104204481485,0.00788000416732,0.999891417208
4180.14914714,4715,399.999999838,0.0104659878103,0.00788064259431,0.999890466099
4180.89914714,4716,399.99999982,0.0104313034899,0.00788127094846,0.999891190868
4181.64914714,4717,399.99999983,0.010496740662,0.00788191740343,0.99988982147
4182.39914714,4718,399.999999813,0.010299665423,0.00788250842949,0.999893919706
4183.14914714,4719,399.999999823,0.0102852595782,0.00788309517502,0.999894216233
4183.89914714,4720,399.999999795,0.0104529172962,0.0078837283471,0.999890739505
4184.64914714,4721,399.999999779,0.0105999071394,0.00788440276878,0.999887645125
4185.39914714,4722,399.99999977,0.0105847191798,0.00788507252643,0.999887966858
4186.14914714,4723,399.999999791,0.0106108079742,0.00788574936709,0.999887413923
4186.89914714,4724,399.999999748,0.0104946061395,0.00788639294861,0.999889866275
4187.64914714,4725,399.999999743,0.0105612156333,0.00788705502275,0.999888463835
4188.39914714,4726,399.999999726,0.0104450916815,0.00788768404236,0.999890903035
4189.14914714,4727,399.999999756,0.0103496379105,0.00788828612942,0.999892887864
4189.89914714,4728,399.999999713,0.0105174919678,0.0078889348696,0.999889385422
4190.64914714,4729,399.999999706,0.0104419189556,0.00788956205488,0.999890969301
4191.39914714,4730,399.999999699,0.0104878368434,0.00789020180073,0.999890008303
4192.14914714,4731,399.999999702,0.0105333632986,0.00789085404214,0.999889051335
4192.89914714,4732,399.999999702,0.0105391667172,0.00789150759145,0.999888929049
4193.64914714,4733,399.999999672,0.0105037873946,0.00789215084512,0.999889673494
4194.39914714,4734,399.999999672,0.0105095803528,0.00789279540358,0.999889551771
4195.14914714,4735,399.999999664,0.0104337717553,0.00789341839746,0.99989113937
4195.89914714,4736,399.999999636,0.0104796511285,0.00789405391132,0.999890179928
4196.64914714,4737,399.999999679,0.010424777224,0.00789467376889,0.999891326972
4197.39914714,4738,399.999999645,0.0103898132808,0.0078952835888,0.999892054693
4198.14914714,4739,399.999999607,0.0103144826527,0.00789587226347,0.999893614277
4198.89914714,4740,399.999999606,0.0102193378214,0.00789643454744,0.999895567861
4199.64914714,4741,399.999999568,0.0101444357887,0.00789697618421,0.99989709307
4200.39914714,4742,399.999999622,0.0102506511225,0.00789754647753,0.999894926912
4201.14914714,4743,399.999999595,0.0102564625779,0.00789811807989,0.999894807742
4201.89914714,4744,399.999999601,0.0102013782817,0.00789867436304,0.999895934589
4202.64914714,4745,399.999999553,0.0100859168097,0.00789919912536,0.999898276869
4203.39914714,4746,399.999999522,0.0101521215296,0.00789974150017,0.999896937084
4204.14914714,4747,399.99999954,0.0100975290237,0.00790026887057,0.999898042507
4204.89914714,4748,399.999999526,0.0102031084583,0.00790082455143,0.999895899287
4205.64914714,4749,399.999999539,0.0101887744997,0.00790137606438,0.999896191568
4206.39914714,4750,399.999999394,0.0101946109574,0.00790192889144,0.999896072608
4207.14914714,4751,399.999999452,0.0101803499268,0.00790247757749,0.999896363161
4207.89914714,4752,399.999999441,0.0102666190874,0.00790304947919,0.99989459931
4208.64914714,4753,399.999999448,0.0102322906343,0.00790361173274,0.999895302969
4209.39914714,4754,399.999999396,0.0102773165567,0.00790418599757,0.999894379553
4210.14914714,4755,399.999999334,0.0102826776311,0.0079047614454,0.999894269336
4210.89914714,4756,399.999999298,0.0101078331713,0.0079052891973,0.999897834318
4211.64914714,4757,399.999999318,0.0101337682766,0.00790582367158,0.999897309377
4212.39914714,4758,399.999999348,0.0102198879384,0.0079063811828,0.999895556618
4213.14914714,4759,399.999999309,0.0102246818955,0.00790693972276,0.999895458613
4213.89914714,4760,399.999999351,0.0101498278663,0.0079074777292,0.999896983648
4214.64914714,4761,399.999999325,0.010275374989,0.00790804952771,0.999894419456
4215.39914714,4762,399.999999247,0.0103608932991,0.0079086444746,0.999892654771
4216.14914714,4763,399.999999224,0.0104067905705,0.00790925177808,0.999891701642
4216.89914714,4764,399.99999924,0.0104927847141,0.00790988262708,0.999889904499
4217.64914714,4765,399.999999144,0.010677982207,0.00791056516933,0.999885983946
4218.39914714,4766,399.999999197,0.0108241129109,0.0079112890333,0.999882842011
4219.14914714,4767,399.999999104,0.0108691098551,0.00791202546769,0.99988186594
4219.89914714,4768,399.999999138,0.0110152284504,0.00791280390297,0.999878668423
4220.64914714,4769,399.999999178,0.0111007532236,0.00791360699445,0.999876777074
4221.39914714,4770,399.999999153,0.011106105805,0.00791441124206,0.999876658217
4222.14914714,4771,399.999999092,0.0111515356915,0.00791522845894,0.999875647118
4222.89914714,4772,399.999999072,0.011036745664,0.00791601153658,0.999878193955
4223.64914714,4773,399.999998984,0.0110417256545,0.00791679566355,0.999878084011
4224.39914714,4774,399.999999041,0.0110470606798,0.00791758094327,0.999877966174
4225.14914714,4775,399.999998956,0.011372527076,0.00791846230844,0.99987066981
4225.89914714,4776,399.999998993,0.0113578578498,0.00791933879862,0.999871003225
4226.64914714,4777,399.999998958,0.0114035506232,0.00792022856924,0.999869963261
4227.39914714,4778,399.999998876,0.0114089178991,0.0079211194851,0.999869840828
4228.14914714,4779,399.999998833,0.0114939606144,0.00792203565114,0.999867893233
4228.89914714,4780,399.999998896,0.0115790443008,0.00792297724617,0.999865930227
4229.64914714,4781,399.999998833,0.0115047237814,0.00792389569283,0.99986764571
4230.39914714,4782,399.99999879,0.0114102375865,0.00792478508232,0.999869810716
4231.14914714,4783,399.999998814,0.0114158754454,0.00792567569755,0.999869682034
4231.89914714,4784,399.999998726,0.0114614337454,0.00792657958296,0.999868639851
4232.64914714,4785,399.99999857,0.0113867524798,0.00792746049615,0.999870346071
4233.39914714,4786,399.999998566,0.0113525601248,0.00792833069817,0.999871123531
4234.14914714,4787,399.999998502,0.0112387944153,0.00792916658549,0.999873693489
4234.89914714,4788,399.999998681,0.0112633807884,0.00793000932113,0.999873140277
4235.64914714,4789,399.999998594,0.0111696398461,0.00793082393169,0.999875243037
4236.39914714,4790,399.999998517,0.0110759772958,0.00793161069754,0.999877326489
4237.14914714,4791,399.999998213,0.0111213012623,0.00793241029328,0.999876320483
4237.89914714,4792,399.999998402,0.0111864730596,0.00793322859615,0.999874866735
4238.64914714,4793,399.99999831,0.0112707658298,0.00793407136258,0.999872973872
4239.39914714,4794,399.999998061,0.0112962418535,0.00793492124472,0.999872398991
4240.14914714,4795,399.999998314,0.0114406440751,0.00793581382298,0.999869115946
4240.89914714,4796,399.999998218,0.0115050684368,0.00793672534658,0.99986763778
4241.64914714,4797,399.999998552,0.0113912238067,0.00793760215705,0.99987024423
4242.39914714,4798,399.999998198,0.0114556760509,0.00793849783548,0.999868771792
4243.14914714,4799,399.999998136,0.0115601775908,0.00793942460284,0.999866366759
4243.89914714,4800,399.999998241,0.0115456800084,0.00794034648147,0.999866701716
4244.64914714,4801,399.99999789,0.0114323978571,0.00794123373217,0.99986930455
4245.39914714,4802,399.999998035,0.011378262577,0.00794210432491,0.999870539331
4246.14914714,4803,399.999997737,0.011324446587,0.0079429584471,0.999871761021
4246.89914714,4804,399.999997589,0.0112114497625,0.00794377875778,0.999874307344
4247.64914714,4805,399.999997845,0.0111578373335,0.0079445829343,0.999875506541
4248.39914714,4806,399.999997556,0.0112613829191,0.00794541709125,0.999873185275
4249.14914714,4807,399.999997437,0.0112667336207,0.00794625239149,0.999873064742
4249.89914714,4808,399.999997688,0.0111934545919,0.00794706571922,0.999874710499
4250.64914714,4809,399.999997535,0.0110418746867,0.00794783453448,0.99987808072
4251.39914714,4810,399.999997454,0.0108709291152,0.00794855396757,0.999881826392
4252.14914714,4811,399.999997303,0.0108176380491,0.00794925792553,0.999882982131
4252.89914714,4812,399.999997486,0.0106862694489,0.00794992460625,0.999885806905
4253.64914714,4813,399.999997408,0.0107695513522,0.00795061430209,0.999884020127
4254.39914714,4814,399.999997011,0.0107358684862,0.0079512941896,0.999884744449
4255.14914714,4815,399.999997328,0.0107606008719,0.00795198067937,0.999884212821
4255.89914714,4816,399.999997262,0.0107269375166,0.00795265738172,0.999884936122
4256.64914714,4817,399.999997209,0.010712721276,0.00795332976772,0.999885240895
4257.39914714,4818,399.999997126,0.010698529975,0.00795399785337,0.999885544732
4258.14914714,4819,399.999997252,0.0107231412602,0.00795467248235,0.999885017547
4258.89914714,4820,399.999997298,0.01061198384,0.00795531585003,0.999887388969
4259.64914714,4821,399.99999656,0.0106947685565,0.00795598189243,0.999885625196
4260.39914714,4822,399.999996857,0.0106225515767,0.00795662754035,0.999887164581
4261.14914714,4823,399.999996932,0.0106083963999,0.00795726895281,0.999887465092
4261.89914714,4824,399.99999695,0.0105363527022,0.00795789020671,0.999888988353
4262.64914714,4825,399.999996757,0.0105415582133,0.0079585125833,0.999888878638
4263.39914714,4826,399.999996645,0.0105853738906,0.0079591467032,0.999887952998
4264.14914714,4827,399.999996226,0.0104942471527,0.00795975551212,0.999889873809
4264.89914714,4828,399.99999675,0.010480191019,0.00796036018677,0.999890168612
4265.64914714,4829,399.999996204,0.0105046093494,0.0079609712296,0.999889656227
4266.39914714,4830,399.999995898,0.0105098274223,0.00796158339831,0.999889546578
4267.14914714,4831,399.999995856,0.0105342615872,0.00796220195041,0.999889032411
4267.89914714,4832,399.999995751,0.0104627600829,0.00796280068882,0.999890533647
4268.64914714,4833,399.999995806,0.010314935117,0.00796335923189,0.999893604944
4269.39914714,4834,399.999995569,0.010262845929,0.00796390358332,0.999894676767
4270.14914714,4835,399.999995879,0.0102108459021,0.00796443384889,0.999895741344
4270.89914714,4836,399.999995589,0.0101589473536,0.0079649501371,0.999896798451
4271.64914714,4837,399.999995463,0.0100691588764,0.00796544260842,0.999898614609
4272.39914714,4838,399.999995553,0.0101311942735,0.00796595110366,0.999897361536
4273.14914714,4839,399.999995822,0.0100984237206,0.00796645075784,0.999898024438
4273.89914714,4840,399.999995733,0.0101602264903,0.00796696640917,0.999896772462
4274.64914714,4841,399.999994879,0.0101842274506,0.00796748814389,0.999896284201
4275.39914714,4842,399.999994975,0.0102082608403,0.00796801598052,0.999895794125
4276.14914714,4843,399.999994982,0.0101945334278,0.0079685399355,0.999896074188
4276.89914714,4844,399.999994857,0.0101241586085,0.00796904511839,0.999897504039
4277.64914714,4845,399.999994856,0.0101482532672,0.00796955638586,0.999897015607
4278.39914714,4846,399.999994107,0.0102476663766,0.00797009365842,0.999894988091
4279.14914714,4847,399.99999508,0.0101587669547,0.00797060719457,0.999896802117
4279.89914714,4848,399.999994286,0.0102013538397,0.00797113170453,0.999895935087
4280.64914714,4849,399.999994647,0.0102250776627,0.00797166223192,0.99989545052
4281.39914714,4850,399.999993935,0.0102302988568,0.00797219388636,0.999895343724
4282.14914714,4851,399.99999362,0.010197809216,0.00797271670581,0.999896007391
4282.89914714,4852,399.999993805,0.0102027885202,0.00797324058839,0.999895905815
4283.64914714,4853,399.99999362,0.0103573093363,0.00797380527011,0.99989272902
4284.39914714,4854,399.999993832,0.0104562154694,0.00797439627066,0.999890670546
4285.14914714,4855,399.999993192,0.0103677569014,0.00797496319614,0.999892512505
4285.89914714,4856,399.999993337,0.0103728360623,0.00797553120788,0.999892407166
4286.64914714,4857,399.999993148,0.0104526668232,0.00797612040266,0.999890744741
4287.39914714,4858,399.999993733,0.0105323623221,0.0079767308904,0.99988907242
4288.14914714,4859,399.999993358,0.0105188459824,0.00797733740986,0.99988935694
4288.89914714,4860,399.999993686,0.010486430614,0.00797793485309,0.999890037796
4289.64914714,4861,399.999993062,0.0104356428859,0.00797851830691,0.999891100323
4290.39914714,4862,399.999991944,0.0102738455719,0.00797905829209,0.999894450882
4291.14914714,4863,399.999992111,0.0102971583703,0.0079796041979,0.99989397134
4291.89914714,4864,399.999992419,0.0102651451024,0.00798014136248,0.999894629572
4292.64914714,4865,399.999993017,0.0102148113179,0.00798066499505,0.999895660352
4293.39914714,4866,399.999991997,0.0101830850368,0.00798118004633,0.999896307467
4294.14914714,4867,399.999991421,0.0100964149941,0.00798167223025,0.999898065002
4294.89914714,4868,399.999991751,0.0101927684189,0.00798218933696,0.99989611017
4295.64914714,4869,399.999991817,0.0102161806429,0.00798271234449,0.999895632376
4296.39914714,4870,399.999991013,0.0101842138372,0.00798322671612,0.999896284478
4297.14914714,4871,399.999990908,0.0102074110778,0.00798374692525,0.999895811473
4297.89914714,4872,399.999991586,0.0101941651214,0.0079842634134,0.999896081697
4298.64914714,4873,399.999991788,0.0101625452892,0.0079847713848,0.99989672534
4299.39914714,4874,399.999991354,0.0102220388429,0.0079852946954,0.999895512651
4300.14914714,4875,399.999990752,0.0101904793305,0.00798580948328,0.999896156827
4300.89914714,4876,399.999991037,0.0101590089907,0.00798631580414,0.999896797199
4301.64914714,4877,399.999990338,0.0100915165189,0.00798680434101,0.999898163887
4302.39914714,4878,399.999990577,0.0101506671322,0.00798730801315,0.999896966611
4303.14914714,4879,399.999990461,0.010264046178,0.00798784114232,0.999894652131
4303.89914714,4880,399.99999067,0.0102507928073,0.00798837053015,0.999894924007
4304.64914714,4881,399.999989176,0.0102375725118,0.00798889619287,0.999895194855
4305.39914714,4882,399.999988617,0.0102063722304,0.00798941342893,0.999895832679
4306.14914714,4883,399.999989578,0.0103011689087,0.00798995533383,0.999893888734
4306.89914714,4884,399.999989741,0.0102700489685,0.00799048877811,0.999894528875
4307.64914714,4885,399.99999084,0.0102747964762,0.00799102321771,0.999894431344
4308.39914714,4886,399.999988692,0.0102616844337,0.00799155395471,0.999894700605
4309.14914714,4887,399.999989336,0.0102665722506,0.00799208572379,0.999894600272
4309.89914714,4888,399.999990531,0.0102356346155,0.00799260912214,0.999895234528
4310.64914714,4889,399.999988467,0.0102940861617,0.00799314762577,0.999894034597
4311.39914714,4890,399.999988032,0.0105669208414,0.00799375867551,0.999888343301
4312.14914714,4891,399.999988508,0.0105717398178,0.00799437073133,0.99988824144
4312.89914714,4892,399.99998827,0.0106122477372,0.00799499346027,0.999887383369
4313.64914714,4893,399.99998779,0.0106887317966,0.00799563670773,0.999885754276
4314.39914714,4894,399.99998558,0.0106936960031,0.00799628099682,0.999885648135
4315.14914714,4895,399.999987179,0.0106267274438,0.00799690673344,0.999887075852
4315.89914714,4896,399.999986643,0.0107207085911,0.0079975577843,0.99988506971
4316.64914714,4897,399.999986014,0.0107969207215,0.00799822945092,0.9998834299
4317.39914714,4898,399.999986673,0.0107483224529,0.00799888742423,0.999884476901
4318.14914714,4899,399.999985971,0.0107531500229,0.00799954639917,0.999884373107
4318.89914714,4900,399.999986015,0.0107047717494,0.00800019181019,0.999885411145
4319.64914714,4901,399.999985875,0.0106035558281,0.00800080940477,0.999887567764
4320.39914714,4902,399.999984834,0.0104670327301,0.00800139002955,0.999890444227
4321.14914714,4903,399.99998455,0.0104889759416,0.00800197623568,0.99988998441
4321.89914714,4904,399.999983892,0.0105464066367,0.00800257755146,0.9998887764
4322.64914714,4905,399.999985949,0.010411032605,0.00800314244064,0.999891613337
4323.39914714,4906,399.999985343,0.0103807813254,0.00800369905053,0.999892242282
4324.14914714,4907,399.999984888,0.0104202778063,0.00800426585355,0.999891420758
4324.89914714,4908,399.999986647,0.0103380181777,0.00800481065385,0.999893128236
4325.64914714,4909,399.99998315,0.0103254470858,0.00800535189014,0.999893387984
4326.39914714,4910,399.999984547,0.0103816900613,0.0080059076832,0.999892223416
4327.14914714,4911,399.999980715,0.010300203229,0.00800644178059,0.999893908627
4327.89914714,4912,399.999981882,0.0103907434985,0.00800699944068,0.999892035364
4328.64914714,4913,399.999983749,0.0105330378339,0.00800759467485,0.999889058191
4329.39914714,4914,399.99998329,0.0104344167255,0.0080081633491,0.999891125911
4330.14914714,4915,399.99998298,0.0104732453823,0.00800874206354,0.999890314139
4330.89914714,4916,399.999981219,0.0103922408169,0.00800929903722,0.999892004247
4331.64914714,4917,399.999983666,0.0104138020249,0.00800986144082,0.999891555668
4332.39914714,4918,399.999981017,0.0103502374049,0.00801040682475,0.999892875455
4333.14914714,4919,399.999982568,0.0103206266759,0.00801094418347,0.999893487501
4333.89914714,4920,399.999981288,0.0104098278795,0.00801150474466,0.999891638419
4334.64914714,4921,399.999980165,0.0103805994515,0.00801205733261,0.999892246058
4335.39914714,4922,399.999980582,0.010401985697,0.00801261529286,0.99989180162
4336.14914714,4923,399.999978696,0.0103558966891,0.00801316086164,0.999892758279
4336.89914714,4924,399.999982197,0.0103603525993,0.00801370734139,0.999892665974
4337.64914714,4925,399.999980799,0.0103816178711,0.00801425914952,0.999892224914
4338.39914714,4926,399.999981467,0.0103860619463,0.00801481186448,0.999892132626
4339.14914714,4927,399.99998068,0.010323498888,0.00801534791285,0.99989342821
4339.89914714,4928,399.999977608,0.010277911269,0.00801587182029,0.99989436733
4340.64914714,4929,399.999979632,0.0102491063043,0.0080163879988,0.999894958579
4341.39914714,4930,399.99997689,0.0102038968053,0.00801689223692,0.9998958832
4342.14914714,4931,399.99997843,0.0101096675929,0.00801737202998,0.999897797233
4342.89914714,4932,399.99997961,0.0100485891533,0.00801783603187,0.999899028405
4343.64914714,4933,399.999976689,0.0100691469036,0.00801830504676,0.999898614851
4344.39914714,4934,399.999980118,0.010057068847,0.00801877077211,0.999898857924
4345.14914714,4935,399.999977823,0.0100288954094,0.00801922913207,0.999899423786
4345.89914714,4936,399.999976575,0.0100979074429,0.00801970482444,0.999898034865
4346.64914714,4937,399.999973855,0.0100537411033,0.00802016905699,0.999898924844
4347.39914714,4938,399.99998154,0.010187254807,0.00802066719136,0.999896222532
4348.14914714,4939,399.99997667,0.0101916626199,0.00802116622679,0.99989613271
4348.89914714,4940,399.999973553,0.0100990709643,0.00802164132369,0.999898011366
4349.64914714,4941,399.999974131,0.0100552628856,0.00802210506261,0.999898894244
4350.39914714,4942,399.999976135,0.0101234959039,0.00802258595078,0.999897517456
4351.14914714,4943,399.999976021,0.0101438669873,0.00802307182092,0.99989710461
4351.89914714,4944,399.99997405,0.0100364289034,0.00802353013691,0.999899272631
4352.64914714,4945,399.999971534,0.0101360608324,0.00802401356761,0.99989726291
4353.39914714,4946,399.999974404,0.0101402497232,0.00802449784373,0.999897177979
4354.14914714,4947,399.99997275,0.010112765676,0.00802497488426,0.999897734585
4354.89914714,4948,399.999970195,0.0101168047848,0.00802545273246,0.99989765288
4355.64914714,4949,399.999973491,0.0100422613414,0.00802591144276,0.99989915553
4356.39914714,4950,399.999970775,0.0100776867207,0.00802637891141,0.999898442809
4357.14914714,4951,399.999972053,0.0100036419533,0.00802682745635,0.999899929651
4357.89914714,4952,399.999973531,0.0101483100566,0.00802731246502,0.999897014455
4358.64914714,4953,399.999972454,0.0102150848267,0.00802781434743,0.999895654764
4359.39914714,4954,399.999973538,0.0102191000079,0.00802831702732,0.999895572721
4360.14914714,4955,399.999969273,0.0102390056975,0.00802882459106,0.99989516551
4360.89914714,4956,399.999970423,0.0103370409568,0.00802935726353,0.999893148439
4361.64914714,4957,399.999968127,0.0102161481302,0.00802985847372,0.999895633041
4362.39914714,4958,399.999971233,0.0102046350077,0.00803035649795,0.999895868135
4363.14914714,4959,399.999967525,0.0101161583577,0.00803083171772,0.999897665958
4363.89914714,4960,399.999969244,0.0100894800263,0.00803129995174,0.999898204983
4364.64914714,4961,399.999970261,0.0101393881861,0.00803178063842,0.99989719545
4365.39914714,4962,399.999968607,0.0102816245221,0.00803229754126,0.999894290991
4366.14914714,4963,399.999964743,0.0102860873127,0.00803281535376,0.999894199206
4366.89914714,4964,399.999965895,0.0102440203103,0.00803332209559,0.999895062801
4367.64914714,4965,399.999963789,0.0103092077937,0.00803384539604,0.999893723059
4368.39914714,4966,399.999970652,0.0103436885364,0.00803437737586,0.999893010969
4369.14914714,4967,399.999967101,0.0103322786644,0.00803490615071,0.999893246867
4369.89914714,4968,399.999962851,0.0104433932588,0.00803546359166,0.999890938511
4370.64914714,4969,399.999964432,0.0105087918164,0.00803603792722,0.999889568344
4371.39914714,4970,399.999966658,0.010482084141,0.00803660497273,0.99989012893
4372.14914714,4971,399.999964999,0.0104707471299,0.00803716877732,0.99989036646
4372.89914714,4972,399.999965422,0.0105355922351,0.00803774935807,0.999889004376
4373.64914714,4973,399.999960067,0.0106005404484,0.00803834683372,0.999887631699
4374.39914714,4974,399.99996807,0.0106959947302,0.00803896944436,0.999885598969
4375.14914714,4975,399.999961839,0.010715345231,0.00803959693591,0.999885184672
4375.89914714,4976,399.999960833,0.0106739113442,0.00804021305056,0.999886070862
4376.64914714,4977,399.999961071,0.0107690584009,0.00804085436111,0.999884030744
4377.39914714,4978,399.999959431,0.010834011681,0.00804151288936,0.999882627635
4378.14914714,4979,399.999960887,0.0108077233767,0.00804216399509,0.999883196526
4378.89914714,4980,399.999966006,0.0108571367143,0.00804282815052,0.999882126056
4379.64914714,4981,399.999960323,0.0108611398473,0.00804349306948,0.99988203912
4380.39914714,4982,399.999962698,0.0107743942157,0.00804413425119,0.999883915798
4381.14914714,4983,399.999958279,0.0108987081548,0.00804480872958,0.999881221688
4381.89914714,4984,399.9999606,0.0108726905722,0.00804547581773,0.999881788093
4382.64914714,4985,399.999959669,0.0108165010493,0.00804612739092,0.999883006727
4383.39914714,4986,399.999961835,0.0106571702516,0.00804673601144,0.999886427947
4384.14914714,4987,399.99995632,0.0106607494575,0.00804734529249,0.99988635165
4384.89914714,4988,399.999953863,0.0106351910136,0.00804794750378,0.99988689591
4385.64914714,4989,399.999956201,0.0106242146813,0.00804854652294,0.999887129248
4386.39914714,4990,399.999954757,0.0105843750552,0.00804913473913,0.999887974142
4387.14914714,4991,399.999961007,0.0106462267255,0.00804973901901,0.999886661068
4387.89914714,4992,399.999956058,0.0106063986909,0.00805033248014,0.999887507471
4388.64914714,4993,399.999955501,0.0106102143446,0.00805092666678,0.99988742652
4389.39914714,4994,399.999959836,0.0106140457486,0.00805152158283,0.999887345206
4390.14914714,4995,399.999956323,0.010603421842,0.00805211341452,0.999887570606
4390.89914714,4996,399.999954138,0.0106647291958,0.00805272117078,0.999886266785
4391.64914714,4997,399.999953445,0.0106683783881,0.00805332960519,0.999886188941
4392.39914714,4998,399.99995087,0.0106578513833,0.0080539349616,0.99988641343
4393.14914714,4999,399.999952426,0.0106048677145,0.00805452604069,0.999887539943
4393.89914714,5000,399.999949099,0.0106237425501,0.00805512181431,0.999887139279
4394.64914714,5001,399.99995032,0.0105296064477,0.00805569259153,0.999889130461
4395.39914714,5002,399.999947695,0.0104218061127,0.00805623507632,0.999891388907
4396.14914714,5003,399.999947933,0.0104666768839,0.00805678893422,0.999890451675
4396.89914714,5004,399.999943923,0.0105119551124,0.00805735431222,0.999889501852
4397.64914714,5005,399.999949799,0.010446764253,0.00805790248536,0.999890868094
4398.39914714,5006,399.999945401,0.0104503346654,0.008058451327,0.999890793487
4399.14914714,5007,399.999945732,0.0103995750553,0.00805898679809,0.999891851763
4399.89914714,5008,399.999954775,0.0103756354619,0.00805951585867,0.999892349086
4400.64914714,5009,399.999950923,0.0102847097094,0.0080600214081,0.999894227543
4401.39914714,5010,399.999949794,0.0102612485618,0.00806052075582,0.99989470955
4402.14914714,5011,399.999947498,0.0102511865892,0.00806101731852,0.999894915934
4402.89914714,5012,399.999946397,0.010228507106,0.00806150790474,0.999895380379
4403.64914714,5013,399.999947784,0.0102053132239,0.00806199240196,0.999895854294
4404.39914714,5014,399.999951133,0.0102607399795,0.00806249070723,0.999894719986
4405.14914714,5015,399.999950668,0.0102116309901,0.00806297635124,0.999895725311
4405.89914714,5016,399.999943724,0.0101889294197,0.0080634560472,0.999896188412
4406.64914714,5017,399.999947279,0.0101922967945,0.00806393637162,0.999896119784
4407.39914714,5018,399.999950874,0.0102343503963,0.0080644270897,0.999895260815
4408.14914714,5019,399.999948601,0.0103290165996,0.00806494162831,0.999893314262
4408.89914714,5020,399.999944301,0.0104236992743,0.00806548019423,0.999891349445
4409.64914714,5021,399.99994161,0.0103747295289,0.00806600593552,0.999892367884
4410.39914714,5022,399.999941533,0.0103261061149,0.00806651900979,0.999893374375
4411.14914714,5023,399.999941371,0.0103167604396,0.00806702946663,0.999893567286
4411.89914714,5024,399.999942602,0.010371302107,0.0080675536076,0.999892438985
4412.64914714,5025,399.999941641,0.0103615683716,0.00806807501705,0.999892640783
4413.39914714,5026,399.999941782,0.0103520143762,0.00806859374534,0.999892838669
4414.14914714,5027,399.999941467,0.0104188807003,0.00806912935368,0.999891449871
4414.89914714,5028,399.999940262,0.0104481190239,0.00806967223195,0.999890839788
4415.64914714,5029,399.999939558,0.0105537338229,0.00807024218438,0.999888621804
4416.39914714,5030,399.99994672,0.0105575128628,0.00807081285257,0.999888542028
4417.14914714,5031,399.999944776,0.0105868251234,0.00807139088509,0.999887922274
4417.89914714,5032,399.999937575,0.0104880949686,0.00807194303316,0.999890002889
4418.64914714,5033,399.999939837,0.0106060826384,0.00807252555313,0.999887514175
4419.39914714,5034,399.999936864,0.0105458851968,0.00807309213412,0.999888787398
4420.14914714,5035,399.99993586,0.010436898529,0.00807363032242,0.999891074115
4420.89914714,5036,399.99993508,0.0104167045945,0.00807416308281,0.999891495209
4421.64914714,5037,399.999931559,0.0104335276835,0.00807469990862,0.999891144463
4422.39914714,5038,399.999936244,0.0104251870436,0.00807523434749,0.999891318428
4423.14914714,5039,399.999936477,0.0104278030743,0.00807576920915,0.999891263879
4423.89914714,5040,399.999938738,0.010467243689,0.00807631394628,0.999890439811
4424.64914714,5041,399.999929221,0.0105313905239,0.00807687497213,0.999889092889
4425.39914714,5042,399.999934092,0.0105341915143,0.0080774364609,0.999889033888
4426.14914714,5043,399.999927931,0.0105375457021,0.00807799855547,0.999888963213
4426.89914714,5044,399.999937272,0.0105780216919,0.00807857087531,0.999888108587
4427.64914714,5045,399.999933846,0.0105083324361,0.00807912490125,0.999889577998
4428.39914714,5046,399.999936253,0.0105116927033,0.00807967953587,0.999889507369
4429.14914714,5047,399.999932229,0.0105506219494,0.00808024396563,0.999888687474
4429.89914714,5048,399.999929185,0.0106022674571,0.00808082152289,0.999887595084
4430.64914714,5049,399.999927335,0.0105928211873,0.00808139635668,0.999887795287
4431.39914714,5050,399.999930746,0.0105354149423,0.00808195606315,0.999889008112
4432.14914714,5051,399.999930642,0.0105624840009,0.00808252250378,0.999888437043
4432.89914714,5052,399.999932411,0.0105650697422,0.0080830893494,0.999888382416
4433.64914714,5053,399.999934703,0.0104498329083,0.00808362628724,0.999890803973
4434.39914714,5054,399.999929202,0.0104418360531,0.00808416093244,0.999890971032
4435.14914714,5055,399.99992953,0.0105500703271,0.00808472312797,0.999888699113
4435.89914714,5056,399.999929413,0.0105996510049,0.00808529788784,0.999887650554
4436.64914714,5057,399.999931845,0.0106032449355,0.00808587331135,0.999887574357
4437.39914714,5058,399.999931777,0.0106297372365,0.00808645534286,0.999887011878
4438.14914714,5059,399.999929016,0.0106792495049,0.0080870499965,0.999885956882
4438.89914714,5060,399.999925616,0.010800551085,0.00808767620556,0.999883351498
4439.64914714,5061,399.99992792,0.0107800829708,0.00808829672337,0.999883793187
4440.39914714,5062,399.999928989,0.0108537557321,0.00808893641089,0.999882199456
4441.14914714,5063,399.999921254,0.0108210093181,0.00808956713043,0.999882909185
4441.89914714,5064,399.9999256,0.0108369368547,0.00809020176175,0.999882564248
4442.64914714,5065,399.99993024,0.0108871798101,0.00809084940995,0.999881472828
4443.39914714,5066,399.999926745,0.0109027215323,0.00809150088143,0.999881134196
4444.14914714,5067,399.999930683,0.0109175094348,0.00809215597813,0.999880811539
4444.89914714,5068,399.999922322,0.0108739258361,0.00809279918505,0.999881761232
4445.64914714,5069,399.999922147,0.010818638137,0.00809342747024,0.999882960494
4446.39914714,5070,399.99992903,0.0108446366468,0.00809406232113,0.999882397314
4447.14914714,5071,399.999925146,0.0107445515285,0.00809467055208,0.999884557944
4447.89914714,5072,399.999915493,0.0107363354626,0.00809527634833,0.999884734423
4448.64914714,5073,399.999927517,0.0108074739728,0.00809590051856,0.999883201917
4449.39914714,5074,399.99992823,0.0107985123856,0.0080965220381,0.99988339553
4450.14914714,5075,399.999920074,0.0108817917099,0.00809716523372,0.999881590115
4450.89914714,5076,399.999925805,0.0109068576968,0.00809781476834,0.999881043993
4451.64914714,5077,399.999922232,0.0110002072543,0.00809848886388,0.999878999101
4452.39914714,5078,399.999924553,0.0110146155701,0.00809916649411,0.999878681924
4453.14914714,5079,399.999925376,0.0109378206711,0.00809982331138,0.999880367657
4453.89914714,5080,399.999930924,0.0109851594968,0.00810049242674,0.999879329911
4454.64914714,5081,399.999918251,0.0109204470179,0.00810114400413,0.999880747392
4455.39914714,5082,399.999918002,0.0108235518245,0.00810176968707,0.999882854157
4456.14914714,5083,399.999926355,0.0108928392187,0.00810241334298,0.999881349573
4456.89914714,5084,399.999919053,0.0108635297938,0.00810304895514,0.999881987202
4457.64914714,5085,399.999922659,0.0108664990279,0.00810368505038,0.999881922685
4458.39914714,5086,399.99991935,0.0108586124464,0.00810431876719,0.999882094011
4459.14914714,5087,399.999924573,0.0109287039618,0.00810497070471,0.999880566996
4459.89914714,5088,399.999925259,0.0108774408686,0.00810560878102,0.99988168478
4460.64914714,5089,399.99992145,0.0108804120156,0.00810624733991,0.999881620138
4461.39914714,5090,399.99991226,0.0108400558645,0.00810687497633,0.999882496641
4462.14914714,5091,399.999908066,0.0108536394548,0.00810750588729,0.99988220198
4462.89914714,5092,399.99991865,0.010941693552,0.00810815974335,0.999880282925
4463.64914714,5093,399.999914955,0.0109013009681,0.00810880260795,0.999881165168
4464.39914714,5094,399.999922597,0.0108718070755,0.00810943739649,0.999881807303
4465.14914714,5095,399.99991244,0.0107810228224,0.0081100480999,0.999883772924
4465.89914714,5096,399.999921714,0.0108243698816,0.00811066984704,0.999882836449
4466.64914714,5097,399.999923927,0.0108478682353,0.00811129746154,0.999882327217
4467.39914714,5098,399.999919688,0.0108609997015,0.00811192822793,0.999882042164
4468.14914714,5099,399.99991883,0.0108632515552,0.0081125592892,0.999881993247
4468.89914714,5100,399.999919099,0.0109182697705,0.00811320453508,0.999880794938
4469.64914714,5101,399.999912214,0.0109211111259,0.00811385022632,0.999880732888
4470.39914714,5102,399.999922633,0.0109237770452,0.00811449631645,0.999880674655
4471.14914714,5103,399.999906616,0.0108763775135,0.00811512962574,0.999881707911
4471.89914714,5104,399.999914485,0.0109111134656,0.00811577177265,0.999880951146
4472.64914714,5105,399.999908679,0.0109132212986,0.00811641417232,0.999880905147
4473.39914714,5106,399.99992118,0.0109253727384,0.00811705947098,0.999880639792
4474.14914714,5107,399.999921692,0.0108978547747,0.00811769722287,0.999881240287
4474.89914714,5108,399.999916135,0.010931469665,0.00811834352254,0.999880506541
4475.64914714,5109,399.99991738,0.0109443427336,0.00811899291231,0.999880224949
4476.39914714,5110,399.999907462,0.010947894646,0.00811964293307,0.999880147194
4477.14914714,5111,399.999913925,0.0108903540572,0.00812027750889,0.999881403705
4477.89914714,5112,399.999919815,0.0109341095263,0.00812092328826,0.999880448822
4478.64914714,5113,399.999921298,0.0110360304793,0.00812159572557,0.99987820974
4479.39914714,5114,399.999911887,0.0109702133304,0.00812225040945,0.99987965804
4480.14914714,5115,399.999920245,0.0109132904547,0.00812288979407,0.999880903638
4480.89914714,5116,399.999905984,0.010973650319,0.00812354477224,0.999879582624
4481.64914714,5117,399.999919838,0.0109180289625,0.00812418479644,0.999880800196
4482.39914714,5118,399.999912141,0.0109489101481,0.0081248326398,0.999880124959
4483.14914714,5119,399.999928071,0.0110008337128,0.0081254938787,0.999878985319
4483.89914714,5120,399.99991449,0.0109448240336,0.00812614003395,0.999880214414
4484.64914714,5121,399.999926724,0.0109466395101,0.00812678636299,0.999880174673
4485.39914714,5122,399.999914862,0.0109578788144,0.00812743534528,0.999879928496
4486.14914714,5123,399.999905469,0.0109036679674,0.00812806979176,0.999881113559
4486.89914714,5124,399.999920801,0.0110104012313,0.00812873201883,0.999878774739
4487.64914714,5125,399.999915848,0.0109844984306,0.00812938709621,0.999879344434
4488.39914714,5126,399.999914204,0.0109206486817,0.00813002508477,0.999880742988
4489.14914714,5127,399.999915962,0.0109046077004,0.00813065857518,0.999881093066
4489.89914714,5128,399.999905765,0.0108422297826,0.00813127550286,0.999882449508
4490.64914714,5129,399.999916172,0.0108256840557,0.00813188784537,0.999882807998
4491.39914714,5130,399.999921196,0.0108372656368,0.00813250290993,0.999882557122
4492.14914714,5131,399.999914911,0.0107763267958,0.00813310190733,0.999883874152
4492.89914714,5132,399.999915627,0.0108054952526,0.00813370816765,0.99988324468
4493.64914714,5133,399.999924376,0.0108893026044,0.00813433591943,0.999881426604
4494.39914714,5134,399.999916928,0.0109096920266,0.00813496869932,0.999880982161
4495.14914714,5135,399.999915828,0.0109755867011,0.00813561844361,0.999879540124
4495.89914714,5136,399.999924512,0.0109953511052,0.00813627307882,0.999879105908
4496.64914714,5137,399.999909921,0.0110618964769,0.00813694496427,0.99987763819
4497.39914714,5138,399.999920992,0.0110827436059,0.00813762205343,0.999877176566
4498.14914714,5139,399.999914759,0.0110762759604,0.00813829710939,0.999877319874
4498.89914714,5140,399.999912196,0.011123784616,0.00813898445235,0.999876265244
4499.64914714,5141,399.999911728,0.0111354033446,0.00813967456007,0.999876006636
4500.39914714,5142,399.999912696,0.0111098779391,0.00814035755817,0.999876574421
4501.14914714,5143,399.999912006,0.0110577370231,0.00814102643046,0.99987773019
4501.89914714,5144,399.999914817,0.0110779421586,0.00814170032738,0.999877282963
4502.64914714,5145,399.999917055,0.0110974589974,0.00814237907211,0.999876850196
4503.39914714,5146,399.999918761,0.0111259540515,0.00814306505252,0.999876216977
4504.14914714,5147,399.999910945,0.011190689257,0.0081437679416,0.999874772395
4504.89914714,5148,399.999918941,0.0111653869118,0.00814446375132,0.999875338021
4505.64914714,5149,399.999927332,0.0111959915799,0.00814516739029,0.999874653701
4506.40172217,5150,399.999494048,0.0112810265059,0.00814589347563,0.99987274249
4507.15680798,5151,399.999160344,0.0112462360636,0.00814660987603,0.999873526174
4507.914917,5152,399.99826664,0.0111930481609,0.00814731171859,0.999874719597
4508.67613608,5153,399.996266524,0.0111673517871,0.0081480063859,0.999875294142
4509.44039059,5154,399.994017252,0.0111416361118,0.00814869389456,0.999875867797
4510.20770174,5155,399.989460863,0.0111167649244,0.00814937448969,0.999876421356
4510.97804343,5156,399.985003489,0.0111009959848,0.00815005059534,0.999876771685
4511.75140176,5157,399.988469636,0.0110294763357,0.0081507075552,0.999878354351
4512.52804983,5158,399.972361643,0.011058645358,0.00815137186936,0.999877710102
4513.307634,5159,399.981647727,0.0109869330186,0.00815201707636,0.999879290946
4514.09055431,5160,399.953880615,0.0110078595412,0.00815266745287,0.999878830699
4514.87643123,5161,399.976791298,0.0108919763206,0.00815328737018,0.99988136837
4515.66581357,5162,399.949844417,0.0108843601287,0.00815390503001,0.999881534213
4516.45835266,5163,399.916475297,0.0109593248259,0.00815454185077,0.999879896806
4517.25374136,5164,399.925299457,0.0109434570983,0.00815517424886,0.999880244332
4518.05230371,5165,399.909524668,0.0109731121944,0.0081558140675,0.999879594433
4518.85393206,5166,399.901676804,0.0109934316879,0.00815645888477,0.999879148111
4519.65868307,5167,399.898582603,0.0109949987119,0.00815710381027,0.999879113657
4520.46665066,5168,399.864584277,0.0109702602996,0.00815774199078,0.99987965701
4521.27784517,5169,399.873951289,0.01097174828,0.00815838026159,0.999879624362
4522.09229566,5170,399.880448497,0.0109444086565,0.00815901113328,0.999880223506
4522.91013911,5171,399.912313721,0.0108598228243,0.00815961985659,0.999882067725
4523.73163538,5172,399.738123436,0.0109023501083,0.00816023926337,0.999881142294
4524.55615447,5173,399.807166167,0.0108762750066,0.00816085165782,0.99988171014
4525.38406183,5174,399.777228727,0.0108969613089,0.00816146910275,0.999881259759
4526.21524342,5175,399.679411489,0.010959156936,0.00816210235366,0.999879900485
4527.04947924,5176,399.665722636,0.0110124670299,0.00816274917232,0.999878729247
4527.88682491,5177,399.82990392,0.0109435335333,0.00816337778361,0.999880242659
4528.7278747,5178,399.705888481,0.010850784275,0.00816398219486,0.999882263946
4529.57255215,5179,399.538874023,0.0108954014333,0.00816459780092,0.999881293751
4530.42035162,5180,399.606820294,0.0109470837926,0.00816522646785,0.999880164947
4531.27140158,5181,399.674106904,0.0109382706204,0.00816585256422,0.999880357815
4532.12598131,5182,399.552436365,0.0109518486208,0.00816648188271,0.999880060608
4532.98393903,5183,399.665220951,0.0109222200391,0.00816710325462,0.999880708667
4533.84555623,5184,399.490755781,0.0108965141188,0.00816771771638,0.999881269505
4534.71068134,5185,399.538261351,0.0108689829864,0.00816832482067,0.999881868698
4535.57941853,5186,399.509438466,0.0108415558395,0.00816892461786,0.999882464121
4536.4517857,5187,399.47790531,0.0108529597487,0.00816952705895,0.999882216733
4537.32770604,5188,399.473470239,0.0108540834602,0.00817012951114,0.999882192342
4538.20724508,5189,399.656242289,0.0107727509351,0.00817071094318,0.999883951204
4539.0908055,5190,399.604452467,0.0107028162279,0.00817127440262,0.999885453005
4539.97836518,5191,399.460592976,0.0106736535835,0.00817183025825,0.999886076364
4540.8697516,5192,399.275897295,0.0106946793741,0.00817239115628,0.999885627104
4541.76473674,5193,399.239313832,0.0107160428974,0.00817295718843,0.999885169721
4542.66333714,5194,398.963930649,0.0107716181408,0.0081735370281,0.999883975608
4543.56530884,5195,399.017108639,0.0107963801195,0.00817412289181,0.999883441573
4544.47081716,5196,398.710433151,0.0108567522767,0.00817472387618,0.999882134403
4545.37960783,5197,399.002506308,0.0108604236678,0.00817532552341,0.999882054676
4546.29206286,5198,398.970064149,0.0109060041519,0.00817593856738,0.99988106261
4547.20810197,5199,398.925880127,0.0109526289187,0.00817656331681,0.999880043517
4548.12773902,5200,398.877746861,0.0110003005763,0.00817720008421,0.999878997048
4549.05098917,5201,399.088852188,0.0109341949383,0.00817781951162,0.999880446954
4549.97828482,5202,398.526088872,0.0108978657677,0.00817842933263,0.999881240048
4550.90928143,5203,398.801046985,0.0108788122237,0.00817903399871,0.999881654946
4551.84413333,5204,398.834770172,0.0107951526634,0.00817961708902,0.999883468074
4552.78305975,5205,398.458404394,0.0108754170093,0.00818022033949,0.999881728802
4553.72549406,5206,399.066867804,0.0108184972371,0.00818080881702,0.999882963542
4554.67213187,5207,397.726526055,0.010876106045,0.00818141169502,0.999881713815
4555.62205218,5208,398.180968779,0.0109276360805,0.00818202748058,0.999880590335
4556.57554213,5209,398.394728646,0.0109768131963,0.00818265561962,0.999879513202
4557.53275557,5210,398.235695885,0.0109933619059,0.00818328773319,0.999879149645
4558.49373659,5211,398.49904188,0.0109485351089,0.00818390802349,0.999880133171
4559.45879487,5212,398.767459765,0.0109001772322,0.00818451564466,0.999881189665
4560.42809942,5213,398.351867542,0.0109128369703,0.00818512622355,0.999880913535
4561.40136361,5214,397.733811749,0.0109668657984,0.00818575037137,0.999879731471
4562.3782541,5215,398.394398752,0.0109546588758,0.00818637109825,0.999879999049
4563.359252,5216,398.020771678,0.0109933528228,0.00818700148374,0.999879149845
4564.34411978,5217,396.646908161,0.0110112835017,0.00818763619757,0.999878755311
4565.33236919,5218,398.407248208,0.0109726332799,0.00818826067563,0.999879604943
4566.32488675,5219,398.621833451,0.0108963848733,0.00818886535853,0.999881272321
4567.32188221,5220,397.052506665,0.0109187974646,0.0081894754838,0.999880783415
4568.32254948,5221,397.501108931,0.0109836155812,0.00819010193021,0.999879363827
4569.32699915,5222,398.383670045,0.0109184232607,0.00819071139744,0.999880791586
4570.33590463,5223,398.750407306,0.010803831392,0.00819129149518,0.999883280633
4571.34955355,5224,397.741766379,0.0108036454307,0.00819187128282,0.999883284651
4572.36735503,5225,397.671759877,0.0107461682596,0.00819243633951,0.999884523202
4573.38946052,5226,398.270807249,0.0106728233212,0.0081929827956,0.999886094086
4574.41615667,5227,397.861377043,0.0106365267808,0.00819351997629,0.999886867498
4575.44725097,5228,396.191706676,0.0107139479636,0.0081940762094,0.999885214613
4576.48190365,5229,397.617086859,0.0106886765979,0.00819462588074,0.999885755456
4577.52090223,5230,395.925449123,0.0107114753629,0.00819518099668,0.999885267587
4578.56359067,5231,397.742859866,0.0106610230221,0.00819572328704,0.999886345818
4579.6107882,5232,397.407407276,0.0106357715309,0.00819625906395,0.999886883563
4580.66236019,5233,397.1676616,0.0105684790246,0.0081967779683,0.99988831037
4581.71837145,5234,395.817712344,0.0106783352723,0.00819732384244,0.999885976406
4582.77795411,5235,395.974479457,0.0107692435717,0.00819789218781,0.999884026756
4583.84126069,5236,396.698303034,0.0107825359885,0.00819846361346,0.999883740297
4584.90874603,5237,393.577075893,0.0107738821847,0.00819903260884,0.999883926831
4585.98031087,5238,397.287901022,0.0107195208168,0.00819958774535,0.999885095174
4587.05644731,5239,395.747868372,0.0107248139835,0.00820014395345,0.999884981673
4588.13658155,5240,396.586603763,0.0106505472687,0.00820068144032,0.99988656906
4589.22117936,5241,393.620452655,0.0107560363949,0.00820124495517,0.999884311027
4590.3089292,5242,395.860798245,0.0107972491034,0.00820181854649,0.99988342281
4591.40070237,5243,397.478632912,0.0106996324314,0.00820236748118,0.999885521142
4592.49730006,5244,396.504946161,0.0106717798849,0.0082029092509,0.999886116357
4593.59832783,5245,395.884844689,0.0106847379324,0.00820345399413,0.999885839634
4594.7035432,5246,397.671098018,0.0105644696689,0.0082039688035,0.999888395095
4595.81376651,5247,395.860037739,0.0105634994976,0.00820448314628,0.999888415591
4596.92826229,5248,395.026177105,0.0106160784879,0.00820501019167,0.999887302053
4598.04669102,5249,396.258871682,0.0105754009924,0.00820552699545,0.999888164021
4599.16963615,5250,390.177151051,0.010604714494,0.00820605077546,0.999887543192
4600.29635666,5251,393.554173632,0.0106662241444,0.0082065895034,0.999886234898
4601.42664441,5252,397.116904561,0.0105552029467,0.00820710066112,0.999888590794
4602.56186054,5253,395.743669814,0.0104569894827,0.00820758765986,0.99989065436
4603.70165043,5254,394.550066798,0.0104943750658,0.00820808352578,0.999889871124
4604.84540242,5255,390.949325924,0.0106153182127,0.00820860876623,0.999887318194
4605.9919275,5256,395.018290661,0.0106146108785,0.00820913359922,0.99988733321
4607.14264394,5257,393.774476821,0.0106063666475,0.00820965617215,0.99988750815
4608.29724958,5258,394.819477591,0.0106055372978,0.0082101783093,0.999887525741
4609.45602067,5259,395.189776828,0.0105763286112,0.00821069305058,0.999888144401
4610.619122,5260,386.794696939,0.0106645789659,0.00821122926421,0.999886269989
4611.78544613,5261,392.258810251,0.0106332291811,0.00821175751157,0.999886937633
4612.95534116,5262,392.358732832,0.0107716221939,0.00821231979945,0.999883975521
4614.1284915,5263,392.803506054,0.0107783309379,0.00821288350753,0.999883830956
4615.30528627,5264,392.206631176,0.0108179843765,0.00821345686627,0.999882974638
4616.48550534,5265,392.808646241,0.0108084112272,0.0082140275736,0.999883181659
4617.66939452,5266,393.991604348,0.0107180968679,0.00821457555296,0.999885125699
4618.85738818,5267,395.621185668,0.0106238920863,0.00821510005493,0.999887136102
4620.04990362,5268,394.120676393,0.0106076711855,0.00821562034562,0.999887480477
4621.24644382,5269,396.980892451,0.0104490763968,0.00821610183539,0.999890819783
4622.44793747,5270,393.611617174,0.0104476798614,0.00821658277726,0.999890848964
4623.65330852,5271,391.876285371,0.0105319499176,0.00821708391794,0.999889081107
4624.86194481,5272,389.452360102,0.0106625517263,0.00821761678437,0.999886313222
4626.07312868,5273,393.933767228,0.010630116414,0.00821814144547,0.999887003817
4627.28828682,5274,388.322580393,0.0106046449739,0.00821865963492,0.999887544667
4628.50598764,5275,390.637736947,0.0106432297459,0.00821918705001,0.999886724869
4629.72668573,5276,390.797189702,0.0106665961395,0.00821971997225,0.999886226963
4630.95043319,5277,392.69302253,0.0106821057559,0.00822025647452,0.999885895872
4632.1776975,5278,396.211463063,0.0105228369516,0.00822075382003,0.999889272968
4633.40954008,5279,389.772226459,0.0105756945235,0.00822126379517,0.999888157813
4634.64408995,5280,393.008546419,0.0105589102165,0.0082217694598,0.999888512523
4635.88223925,5281,382.588018743,0.0105238273632,0.00822226638489,0.999889252124
4637.12357385,5282,393.834392163,0.0104627298033,0.0082227483307,0.999890534281
4638.36873304,5283,394.447412901,0.0103766438494,0.00822320941847,0.999892328161
4639.61788639,5284,393.643585701,0.0103221949347,0.00822365733776,0.99989345513
4640.87079207,5285,393.551903601,0.0102705060883,0.0082240928185,0.999894519486
4642.12741568,5286,388.086212996,0.0103402162298,0.00822454463563,0.999893082786
4643.38619825,5287,384.59155529,0.0104836484188,0.00822503059956,0.999890096136
4644.64607543,5288,389.944332235,0.010578642872,0.0082255393505,0.999888095446
4645.90850196,5289,386.40955535,0.0106278704554,0.00822605987489,0.999887051559
4647.17264456,5290,389.469388258,0.0107525560869,0.00822661079815,0.999884385879
4648.43914038,5291,391.052176209,0.0107903368157,0.00822717082511,0.99988357202
4649.70847426,5292,393.142807532,0.01071556443,0.00822771213645,0.999885179975
4650.98123795,5293,389.686375549,0.0106865109302,0.00822824606904,0.999885801745
4652.25655123,5294,391.849522367,0.0106686247245,0.00822877538129,0.999886183685
4653.53489577,5295,394.954066152,0.010513588033,0.00822926677638,0.999889467521
4654.8170831,5296,388.075147094,0.010433063901,0.00822973860679,0.99989115414
4656.10145533,5297,394.413987294,0.0103174532166,0.00823018271783,0.999893552992
4657.38949572,5298,392.260854392,0.010276722502,0.0082306170191,0.999894391763
4658.6806443,5299,389.128609689,0.0103437153878,0.00823106696961,0.999893010414
4659.97401278,5300,393.365017667,0.0102621722567,0.00823149746853,0.999894690593
4661.2707627,5301,383.801301759,0.0103285815293,0.00823194345045,0.999893323249
4662.56840795,5302,392.41197591,0.0102737332638,0.00823237629553,0.99989445319
4663.86916834,5303,390.685188277,0.0102732751112,0.00823280884681,0.999894462603
4665.17258813,5304,389.211547629,0.0102278349274,0.00823323054599,0.999895394128
4666.47837012,5305,391.768572341,0.0101911785444,0.00823364349666,0.999896142577
4667.78709041,5306,389.233061124,0.0102274294277,0.00823406474194,0.999895402423
4669.09807297,5307,392.500400291,0.0101675165184,0.00823447182628,0.99989662428
4670.41217735,5308,389.038236547,0.0102036791859,0.00823488716384,0.999895887641
4671.72850717,5309,386.670429502,0.0102213716635,0.00823530645666,0.99989552629
4673.04652101,5310,392.316760652,0.0101616745226,0.00823571165799,0.999896743037
4674.36761379,5311,386.053166862,0.0101902343833,0.00823612333085,0.999896161819
4675.69024091,5312,388.855369088,0.0101374074603,0.00823652255629,0.99989723561
4677.01516044,5313,389.654190929,0.0100721328647,0.00823690654028,0.999898554712
4678.34257936,5314,386.546855872,0.0100763204397,0.00823729132562,0.999898470344
4679.67170308,5315,391.100391224,0.0100494349787,0.008237669769,0.999899011406
4681.0036382,5316,385.127042789,0.0100801178613,0.00823805510429,0.999898393805
4682.33691864,5317,384.628021531,0.0100543485462,0.00823843435416,0.99989891263
4683.67152117,5318,387.483217133,0.0100348409915,0.00823880897175,0.999899304501
4685.00811648,5319,387.376905397,0.0100747533799,0.00823919258873,0.99989850192
4686.34660247,5320,367.655886747,0.0101128070755,0.00823958480627,0.999897733748
4687.68560066,5321,381.903797103,0.0101465266483,0.00823998464809,0.999897050647
4689.02518904,5322,389.563549208,0.0100748282137,0.00824036779045,0.999898500412
4690.36729426,5323,391.198630074,0.0100397331525,0.0082407427246,0.999899206298
4691.71228313,5324,387.476933195,0.0100168522701,0.00824111227118,0.999899665187
4693.05932226,5325,383.785689518,0.0101224044836,0.00824150588134,0.999897539552
4694.40730544,5326,390.546935563,0.0100904243141,0.008241891962,0.999898185929
4695.75804756,5327,385.43376878,0.0100953710271,0.00824227901674,0.999898086081
4697.11035664,5328,392.439593224,0.0100323168831,0.00824265145875,0.99989935515
4698.46587139,5329,378.951722006,0.0101060864819,0.00824304065402,0.999897869624
4699.82126532,5330,386.098404337,0.0100917965697,0.00824342640037,0.999898158235
4701.17841303,5331,388.392593783,0.0100376789805,0.00824379959016,0.999899247539
4702.53786774,5332,392.266682105,0.009989976242,0.00824416175617,0.999900202865
4703.90049487,5333,386.321666456,0.0100170229812,0.00824452992406,0.999899661768
4705.26491262,5334,385.676260456,0.0100076429569,0.00824489580197,0.99989984959
4706.6310192,5335,368.635276487,0.00999742873601,0.00824525920388,0.999900053916
4707.9988284,5336,380.871248426,0.0100098617534,0.00824562528038,0.999899805178
4709.36714284,5337,389.930671567,0.00998896810155,0.00824598645612,0.999900223005
4710.7380916,5338,384.895953939,0.00998791198546,0.00824634724109,0.999900244102
4712.11050903,5339,385.032016158,0.0100262990345,0.00824671659987,0.999899475854
4713.48435623,5340,391.363651394,0.00998480103874,0.00824707637562,0.999900306233
4714.86110746,5341,386.67614864,0.00999991777383,0.00824743943011,0.999900004144
4716.23969644,5342,367.361467118,0.00998312862356,0.00824779852539,0.999900339626
4717.619886,5343,386.064889906,0.0100059753781,0.008248162652,0.999899882963
4719.00172588,5344,391.150743113,0.00996768165469,0.00824851795042,0.99990064779
4720.38633663,5345,388.369372889,0.00996117943713,0.00824887163108,0.999900777366
4721.77310239,5346,384.10833536,0.00995906712279,0.00824922468721,0.999900819441
4723.16101124,5347,377.856021431,0.00998887634542,0.00824958433644,0.999900224838
4724.5484551,5348,369.886804878,0.010061195181,0.00824996026765,0.999898774913
4725.93320799,5349,385.405705625,0.0101045711896,0.00825034595156,0.999897900247
4727.3191976,5350,386.310742905,0.0101349160846,0.00825073843005,0.999897286114
4728.70660536,5351,389.33855967,0.0100995729638,0.00825112264442,0.999898001227
4730.09607606,5352,392.111792704,0.010023228179,0.00825148930375,0.99989953742
4731.48813539,5353,381.945798393,0.0100534509218,0.00825186267808,0.999898930678
4732.88045989,5354,383.8283513,0.0100491991566,0.00825223492878,0.999899016146
4734.27345061,5355,389.161840917,0.0100218529343,0.00825260081374,0.999899564986
4735.66826625,5356,383.21184509,0.010026148493,0.00825296751997,0.999899478873
4737.06349749,5357,386.44520354,0.010041615378,0.00825333758312,0.999899168502
4738.45984173,5358,377.257865437,0.0100919304537,0.00825371894501,0.999898155533
4739.85499503,5359,381.320562386,0.010142952698,0.00825411181711,0.999897123157
4741.24989133,5360,383.698864749,0.0101369256483,0.00825450314264,0.999897245378
4742.64504771,5361,389.094781327,0.010101117648,0.00825488611594,0.999897970025
4744.04162925,5362,390.177786413,0.0100493869878,0.00825525715405,0.999899012371
4745.4398059,5363,387.371637656,0.0100484655076,0.00825562782797,0.99989903089
4746.83893142,5364,385.289379334,0.0100892749456,0.00825600762565,0.999898209122
4748.2384742,5365,383.359262595,0.0101910369919,0.00825641055969,0.999896145462
4749.63790216,5366,388.40557545,0.0101662574743,0.00825680763117,0.999896649879
4751.038328,5367,387.14313343,0.0100745172155,0.00825718358516,0.999898506678
4752.43937367,5368,382.398959612,0.0100896733246,0.00825756282924,0.999898201083
4753.83993063,5369,366.287569348,0.0100124186172,0.0082579244012,0.999899753986
4755.24104908,5370,391.230099483,0.00996554608171,0.00825827526482,0.999900690357
4756.64352214,5371,391.195332809,0.00993662114874,0.00825861949386,0.999901265997
4758.04730066,5372,384.798359091,0.00992913190419,0.00825896190371,0.99990141477
4759.45095813,5373,379.485513009,0.00995043152782,0.00825930894269,0.999900991363
4760.85316042,5374,386.176422752,0.00996050031172,0.00825965809623,0.999900790894
4762.25548182,5375,380.456101109,0.00999386229264,0.00826001460233,0.99990012521
4763.65651034,5376,387.690070494,0.00994617075999,0.00826036025315,0.999901076134
4765.05784839,5377,384.91577152,0.00993511153054,0.00826070328592,0.999901295995
4766.45888103,5378,389.475558988,0.00992788978752,0.00826104456251,0.999901439433
4767.86059952,5379,389.454018228,0.00992670244862,0.00826138543287,0.999901463006
4769.26297838,5380,384.340624119,0.00992942273106,0.00826172677008,0.999901408994
4770.66485426,5381,374.155943116,0.00993177429789,0.00826206849158,0.999901362292
4772.06370273,5382,382.487349327,0.00993998229406,0.00826241190595,0.999901199193
4773.46151077,5383,379.409290576,0.00997888230407,0.0082627638888,0.999900424387
4774.85749937,5384,386.232226126,0.00995086437376,0.00826310945025,0.999900982749
4776.25330115,5385,383.163222796,0.00995304889822,0.00826345535748,0.999900939271
4777.64821243,5386,386.9710124,0.00995673018679,0.00826380194515,0.999900865981
4779.04311178,5387,379.09901564,0.00996234188547,0.00826414964504,0.999900754207
4780.4361234,5388,384.796034584,0.00995226732224,0.00826449494843,0.999900954828
4781.8285964,5389,385.857139436,0.00994049472864,0.00826483748023,0.999901189006
4783.2207672,5390,376.343629984,0.00997142606189,0.00826518678333,0.999900573134
4784.61025847,5391,388.736267141,0.00995996938929,0.00826553337982,0.99990080147
4786.00009813,5392,389.813035578,0.00994426056438,0.00826587632553,0.999901114127
4787.39052982,5393,389.795163915,0.00993434516883,0.00826621691915,0.999901311221
4788.78156707,5394,389.226604383,0.00993027099969,0.00826655646494,0.999901392149
4790.17310814,5395,390.323651907,0.00993203142696,0.00826689626292,0.999901357184
4791.56540102,5396,379.271607497,0.00993455986257,0.00826723648401,0.999901306956
4792.95590602,5397,384.415573013,0.0099384440462,0.00826757742999,0.999901229769
4794.3458619,5398,389.261502176,0.00994317572259,0.00826791928952,0.9999011357
4795.73638254,5399,377.674950853,0.00993754734897,0.00826825975498,0.999901247591
4797.12470865,5400,373.346115921,0.00994852828146,0.00826860252563,0.999901029234
4798.50966456,5401,373.031352501,0.00997733831598,0.00826895158212,0.999900455198
4799.89126664,5402,385.34307673,0.00998093710953,0.0082693012986,0.999900383375
4801.27253228,5403,386.363464816,0.009991366659,0.00826965320185,0.999900175084
4802.65370886,5404,383.454546641,0.00999162650248,0.00827000501798,0.999900169891
4804.03411581,5405,384.430653346,0.00999624119884,0.00827035772069,0.999900077658
4805.41399799,5406,386.555349859,0.00998230965642,0.00827070716534,0.999900355976
4806.793847,5407,382.36184005,0.0100063113213,0.00827106182984,0.99989987624
4808.17270963,5408,389.084124078,0.0100021677167,0.00827141542125,0.999899959143
4809.55213437,5409,381.344566636,0.00999179837125,0.00827176654993,0.999900166457
4810.93025641,5410,392.379540812,0.0100014788983,0.00827211969633,0.999899972921
4812.3096398,5411,387.545973831,0.00998871388549,0.00827246984679,0.999900228084
4813.68924884,5412,381.335170207,0.00997780797709,0.00827281742127,0.999900445826
4815.06755752,5413,389.101875294,0.00997243985087,0.00827316365701,0.999900552916
4816.44643144,5414,386.594300311,0.00996201111408,0.00827350742978,0.999900760797
4817.82528581,5415,383.120513829,0.00996442039951,0.00827385159707,0.999900712791
4819.20328729,5416,386.00839391,0.00996796282313,0.00827419641078,0.999900642185
4820.58111967,5417,383.441823055,0.00999548411978,0.00827454721157,0.999900092793
4821.95817888,5418,385.073988512,0.0100045714316,0.00827489989491,0.999899911055
4823.33481225,5419,387.161020139,0.00998828122096,0.00827524880168,0.999900236727
4824.71147094,5420,382.356479994,0.00998101866018,0.00827559594833,0.999900381748
4826.08696679,5421,383.750618311,0.00998221084058,0.00827594321759,0.999900357949
4827.46162417,5422,390.264443228,0.00998076472205,0.00827629002253,0.999900386816
4828.8369214,5423,384.907401302,0.00996550558608,0.00827663329451,0.999900691164
4830.21155533,5424,388.712140783,0.00995887294907,0.00827697495388,0.999900823309
4831.5864188,5425,390.794018696,0.00995710285824,0.00827731608066,0.99990085856
4832.96193888,5426,390.7757651,0.00996378202,0.00827765854886,0.999900725512
4834.33807898,5427,391.304557669,0.00998425430312,0.00827800542186,0.99990031715
4835.71491565,5428,383.125451013,0.00994159322323,0.00827834269375,0.999901167166
4837.09043403,5429,375.154379543,0.00995328210367,0.0082786824147,0.999900934629
4838.46261816,5430,392.517780394,0.00995725447299,0.00827902287626,0.999900855541
4839.83558509,5431,380.124361637,0.00996362404719,0.00827936460941,0.99990072866
4841.20641222,5432,383.108199367,0.00996082868819,0.00827970558345,0.999900784353
4842.57574501,5433,382.761087886,0.00996239698021,0.00828004676523,0.999900753109
4843.94341993,5434,380.060758442,0.00997663929994,0.008280390963,0.999900469145
4845.30871795,5435,384.271899999,0.00998149807136,0.00828073609714,0.999900372178
4846.67260973,5436,386.172558221,0.00998068466772,0.00828108090957,0.999900388414
4848.03550596,5437,390.60730101,0.00997224186135,0.00828142371014,0.999900556865
4849.3983581,5438,386.2230298,0.00997716854678,0.00828176746162,0.999900458585
4850.76011059,5439,384.018486582,0.00997776062969,0.00828211120358,0.999900446771
4852.12013843,5440,368.433674577,0.00998014137522,0.00828245533218,0.999900399258
4853.47853616,5441,390.739240868,0.0099756386846,0.00828279832309,0.999900489109
4854.83666272,5442,360.067628647,0.0100130347533,0.00828314946512,0.999899741648
4856.19056039,5443,377.335993753,0.0100384795596,0.00828350612126,0.999899231467
4857.54053698,5444,386.421758589,0.0100516048959,0.00828386555459,0.999898967791
4858.88893724,5445,390.059594329,0.0100346808068,0.00828422107217,0.999899307716
4860.23661731,5446,387.361788667,0.0100465874121,0.00828457909368,0.999899068628
4861.58284487,5447,384.816646529,0.0100634044691,0.00828494071527,0.999898730455
4862.92696284,5448,384.111795275,0.0100962803155,0.00828530952985,0.999898067721
4864.26870038,5449,388.024424156,0.0101143728208,0.00828568224217,0.999897702079
4865.60894931,5450,386.802558021,0.0101036202049,0.00828605239395,0.999897919464
4866.94740944,5451,381.466019958,0.0102272671611,0.00828645022035,0.999895405742
4868.28246202,5452,386.194737668,0.0102340587527,0.00828684941964,0.999895266784
4869.61542814,5453,384.242803832,0.0102195717294,0.0082872451748,0.999895563081
4870.94581397,5454,392.000088956,0.0101635745669,0.00828762814008,0.99989670442
4872.27538905,5455,391.095240867,0.0101311429616,0.00828800366818,0.999897362576
4873.60388939,5456,384.898730844,0.0101168610593,0.00828837584423,0.999897651741
4874.92982725,5457,390.752504384,0.0100960913934,0.00828874322645,0.999898071536
4876.25450115,5458,390.583586587,0.0100509244366,0.00828910040096,0.999898981469
4877.57788129,5459,387.51338024,0.0100753594247,0.00828946286307,0.999898489709
4878.89903408,5460,389.61112031,0.0100758262959,0.00828982528049,0.999898480301
4880.21848356,5461,388.993828656,0.0100517595175,0.00829018219948,0.999898964683
4881.53611039,5462,392.333216935,0.0100239274197,0.00829053280289,0.999899523403
4882.8526375,5463,390.602930545,0.0100145975925,0.00829088119928,0.99989971035
4884.16759376,5464,392.856863451,0.00999327959173,0.00829122474604,0.999900136856
4885.48149914,5465,393.339158099,0.00998201227665,0.00829156566939,0.999900361913
4886.79443816,5466,389.88853811,0.00997665198033,0.00829190527375,0.999900468892
4888.10550275,5467,386.926859232,0.00997898102214,0.0082922452526,0.999900422417
4889.41393916,5468,389.6440031,0.00997599174139,0.00829258443539,0.999900482065
4890.72034396,5469,386.401394679,0.00998324712055,0.00829292507675,0.99990033726
4892.02387644,5470,391.005982324,0.00997725461888,0.0082932642612,0.999900456868
4893.32567346,5471,385.22888242,0.0100001179966,0.00829360834094,0.99990000014
4894.62414722,5472,381.072721042,0.010035278783,0.00829396004166,0.999899295715
4895.91823956,5473,392.929969451,0.0100094927447,0.00829430590584,0.999899812565
4897.21099669,5474,388.133870018,0.0100126268166,0.00829465232026,0.999899749817
4898.50118651,5475,386.591091445,0.0100134374998,0.00829499877241,0.999899733583
4899.78845524,5476,393.511746122,0.00999499768295,0.00829534102247,0.999900102516
4901.07445932,5477,384.77452559,0.0100114875722,0.00829568676393,0.999899772628
4902.35690067,5478,389.301586265,0.0100102652871,0.00829603209551,0.999899797099
4903.63697598,5479,384.804667693,0.0100320321825,0.00829638208537,0.999899360862
4904.91340012,5480,391.089004922,0.010029342997,0.00829673133945,0.999899414809
4906.18777889,5481,391.095370595,0.0100175936741,0.00829707786172,0.999899650335
4907.46021226,5482,384.345307539,0.010048868016,0.00829743114148,0.999899022801
4908.7287003,5483,385.467942074,0.0100790626336,0.00829779095644,0.999898415076
4909.99357879,5484,390.706602745,0.0100669166487,0.00829814793607,0.999898659757
4911.25630624,5485,394.070586443,0.010042847678,0.00829849945329,0.999899143754
4912.51769344,5486,385.582270048,0.0100711023658,0.0082988570689,0.999898575469
4913.77538557,5487,390.626901798,0.0100655967066,0.00829921332147,0.999898686329
4915.03081758,5488,390.437416186,0.0100758747239,0.00829957170141,0.999898479325
4916.28374334,5489,390.475926185,0.0100723317957,0.00829992915188,0.999898550705
4917.53430133,5490,391.899286874,0.0100697788033,0.0083002858925,0.999898602125
4918.78275362,5491,393.315584847,0.0100534663353,0.00830063888685,0.999898930369
4920.02950332,5492,393.709574336,0.0100367656823,0.00830098805782,0.999899265872
4921.27464194,5493,389.823426888,0.0100423616349,0.00830133831903,0.999899153515
4922.51708799,5494,393.810287491,0.0100281339576,0.00830168530752,0.999899439058
4923.75790378,5495,388.451586626,0.0100379398243,0.0083020343118,0.999899242302
4924.99566924,5496,390.431812806,0.0100407694113,0.00830238379697,0.999899185491
4926.23083125,5497,394.670230037,0.0100288806351,0.00830273052632,0.999899424082
4927.46453105,5498,388.797675267,0.0100399091382,0.00830307953924,0.999899202765
4928.69518158,5499,392.188220053,0.0100343344836,0.00830342718514,0.999899314666
4929.9235432,5500,388.212838397,0.010047787637,0.00830377764786,0.999899044512
4931.14855674,5501,391.778298526,0.0100479094655,0.00830412799517,0.999899042064
4932.37106153,5502,391.019032181,0.0100508412469,0.00830447884517,0.999898983141
4933.59093246,5503,395.649929021,0.0100351192363,0.00830482609791,0.999899298917
4934.80945999,5504,395.016725706,0.0100300990772,0.00830517210815,0.999899399643
4936.02643189,5505,394.730034896,0.010030195358,0.0083055179994,0.999899397711
4937.24173124,5506,387.118812521,0.0100327351846,0.00830586430772,0.999899346758
4938.45297186,5507,391.947427906,0.0100305316442,0.0083062099926,0.999899390966
4939.66152994,5508,395.847090353,0.0100219536596,0.00830655365778,0.999899562967
4940.86865877,5509,395.87596096,0.0100253736438,0.00830689793309,0.999899494409
4942.07434045,5510,394.37164391,0.010026321254,0.00830724227674,0.999899475409
4943.27807284,5511,393.001657159,0.0100167508597,0.00830758438628,0.999899667219
4944.47935292,5512,395.669125111,0.0100300227131,0.00830792926259,0.999899401175
4945.67903037,5513,391.098577629,0.0100219051294,0.00830827222261,0.99989956394
4946.87566123,5514,396.36248616,0.0100479311985,0.00830862074477,0.999899041627
4948.07084497,5515,392.725722406,0.0100277387316,0.00830896470273,0.999899446984
4949.26331907,5516,393.476658325,0.0100472733615,0.00830931279975,0.999899054846
4950.45347136,5517,391.719276104,0.0100391183417,0.00830965896948,0.999899218642
4951.64062357,5518,394.804062447,0.0100467142608,0.00831000666296,0.99989906608
4952.82567805,5519,393.347353117,0.0101033500853,0.00831036665696,0.999897924922
4954.0083993,5520,390.179501654,0.010091068983,0.00831072380185,0.999898172919
4955.18756115,5521,391.890355596,0.0100754912058,0.00831107737883,0.999898487053
4956.36359072,5522,394.290659115,0.0100700104973,0.00831142960986,0.999898597459
4957.53717868,5523,395.372907414,0.0100850853804,0.00831178500774,0.999898293639
4958.7086775,5524,395.937302315,0.0101151053891,0.0083121468652,0.99989768726
4959.87825436,5525,393.177142095,0.0101207576017,0.00831250982114,0.999897572889
4961.04502165,5526,392.348483025,0.0101015751769,0.00831286840764,0.999897960782
4962.20860193,5527,392.687901393,0.0100897379853,0.00831322424801,0.999898199778
4963.36907835,5528,394.173037881,0.0101123606123,0.00831358491668,0.999897742777
4964.52698751,5529,391.723089736,0.0101111047565,0.00831394516299,0.999897768174
4965.68148164,5530,394.576257194,0.0101415155978,0.00831431196116,0.999897152306
4966.83348127,5531,389.309324653,0.0101634403973,0.00831468345066,0.999896707147
4967.98282871,5532,394.738528411,0.0101506997215,0.00831505197599,0.999896965949
4969.12950065,5533,394.161478915,0.0101194322138,0.00831541346407,0.999897599713
4970.2732186,5534,392.579467182,0.010085476255,0.00831576735159,0.999898285755
4971.41343323,5535,394.96433968,0.0100755232522,0.00831611891649,0.999898486408
4972.55093915,5536,393.78095485,0.0100705368964,0.00831646924856,0.999898586858
4973.6853705,5537,391.742799136,0.0100498694442,0.0083168149243,0.999899002674
4974.81594134,5538,392.829114106,0.0100517340935,0.00831716086773,0.999898965194
4975.9430946,5539,394.116438485,0.0100487200268,0.00831750601435,0.999899025775
4977.06717385,5540,394.209377648,0.0100459532671,0.00831785041879,0.999899081369
4978.1881793,5541,394.679784422,0.0100496229551,0.00831819548466,0.999899007628
4979.3062791,5542,394.57662043,0.0100277753833,0.00831853565433,0.999899446249
4980.42120617,5543,395.042695281,0.0100335281598,0.00831887693876,0.999899330846
4981.53330545,5544,395.458122012,0.0100240084701,0.0083192160161,0.999899521778
4982.64255668,5545,396.072986302,0.0100222791703,0.0083195545816,0.999899556443
4983.7492051,5546,393.898138375,0.0100107001254,0.00831989049767,0.999899788394
4984.85235691,5547,395.541589795,0.0100168805552,0.00832022762006,0.999899664621
4985.95275518,5548,395.140007707,0.0100365467867,0.00832056887886,0.999899270265
4987.05034171,5549,394.057709831,0.0100397572116,0.00832091069863,0.999899205815
4988.14455435,5550,393.863293027,0.010022841575,0.00832124870699,0.99989954517
4989.23505,5551,393.282831698,0.0100167680186,0.00832158526241,0.999899666875
4990.32144019,5552,395.286119168,0.0100186873616,0.00832192209915,0.999899628422
4991.40457473,5553,396.367768887,0.0100158597415,0.00832225818802,0.99989968507
4992.48512679,5554,393.107269899,0.0100340446002,0.00832259808622,0.999899320483
4993.56169068,5555,396.89041233,0.0100279656425,0.00832293652927,0.999899442433
4994.63571465,5556,395.662578282,0.0100309299101,0.00832327547962,0.999899382976
4995.70670135,5557,395.599108435,0.0100354280741,0.0083236152699,0.999899292719
4996.77457904,5558,395.971230598,0.0100373088306,0.00832395533205,0.999899254969
4997.83950753,5559,396.32334964,0.0100363981449,0.00832429506044,0.999899273249
4998.90164223,5560,397.888914454,0.0100267630519,0.0083246325645,0.99989946655
4999.96161438,5561,397.19362036,0.0100224525448,0.00832496900013,0.999899552968
5000,5562,399.999999946,0.0100224516581,0.00832530530099,0.999899552985
