x,V11,V22,V12
-8.0,31.5,32.5,0.25
-7.992,31.436032,32.436032,0.25
-7.984,31.372128,32.372128000000004,0.25
-7.976,31.308288,32.308288000000005,0.25
-7.968,31.244512,32.244512,0.25
-7.96,31.1808,32.180800000000005,0.25
-7.952,31.117152,32.117152000000004,0.25
-7.944,31.053568,32.053568,0.25
-7.936,30.990047999999998,31.990047999999998,0.25
-7.928,30.926592,31.926592,0.25
-7.92,30.8632,31.8632,0.25
-7.912,30.799872,31.799872,0.25
-7.904,30.736608,31.736608,0.25
-7.896,30.673408,31.673408,0.25
-7.888,30.610272,31.610272,0.25
-7.88,30.5472,31.5472,0.25
-7.872,30.484192,31.484192,0.25
-7.864,30.421248,31.421248,0.25
-7.856,30.358368,31.358368,0.25
-7.848,30.295552,31.295552,0.25
-7.84,30.232799999999997,31.232799999999997,0.25
-7.832,30.170112,31.170112,0.25
-7.824,30.107488,31.107488,0.25
-7.816,30.044928,31.044928,0.25
-7.808,29.982432,30.982432,0.25
-7.8,29.919999999999998,30.919999999999998,0.25
-7.792,29.857632,30.857632,0.25
-7.784,29.795327999999998,30.795327999999998,0.25
-7.776,29.733088,30.733088,0.25
-7.768,29.670911999999998,30.670911999999998,0.25
-7.76,29.6088,30.6088,0.25
-7.752,29.546751999999998,30.546751999999998,0.25
-7.744,29.484768,30.484768,0.25
-7.736,29.422848,30.422848,0.25
-7.728,29.360992,30.360992,0.25
-7.72,29.2992,30.2992,0.25
-7.712,29.237471999999997,30.237471999999997,0.25
-7.704,29.175807999999996,30.175807999999996,0.25
-7.696,29.114207999999998,30.114207999999998,0.25
-7.688,29.052671999999998,30.052671999999998,0.25
-7.68,28.9912,29.9912,0.25
-7.672,28.929792,29.929792,0.25
-7.664,28.868447999999997,29.868447999999997,0.25
-7.656,28.807167999999997,29.807167999999997,0.25
-7.648,28.745952,29.745952,0.25
-7.64,28.6848,29.6848,0.25
-7.632,28.623711999999998,29.623711999999998,0.25
-7.624,28.562687999999998,29.562687999999998,0.25
-7.616,28.501727999999996,29.501727999999996,0.25
-7.608,28.440831999999997,29.440831999999997,0.25
-7.6,28.38,29.38,0.25
-7.592,28.319231999999996,29.319231999999996,0.25
-7.584,28.258528,29.258528,0.25
-7.576,28.197887999999995,29.197887999999995,0.25
-7.568,28.137311999999998,29.137311999999998,0.25
-7.56,28.0768,29.0768,0.25
-7.552,28.016351999999998,29.016351999999998,0.25
-7.544,27.955968,28.955968,0.25
-7.536,27.895647999999998,28.895647999999998,0.25
-7.528,27.835391999999995,28.835391999999995,0.25
-7.52,27.775199999999998,28.775199999999998,0.25
-7.5120000000000005,27.715072000000003,28.715072000000003,0.25
-7.504,27.655007999999995,28.655007999999995,0.25
-7.496,27.595008000000004,28.595008000000004,0.25
-7.4879999999999995,27.535071999999996,28.535071999999996,0.25
-7.48,27.475200000000005,28.475200000000005,0.25
-7.4719999999999995,27.415391999999997,28.415391999999997,0.25
-7.464,27.355648000000002,28.355648000000002,0.25
-7.4559999999999995,27.295967999999995,28.295967999999995,0.25
-7.448,27.236352000000004,28.236352000000004,0.25
-7.4399999999999995,27.176799999999997,28.176799999999997,0.25
-7.432,27.117312000000002,28.117312000000002,0.25
-7.4239999999999995,27.057887999999995,28.057887999999995,0.25
-7.416,26.998528000000004,27.998528000000004,0.25
-7.408,26.939232000000004,27.939232000000004,0.25
-7.4,26.880000000000003,27.880000000000003,0.25
-7.392,26.820832000000003,27.820832000000003,0.25
-7.384,26.761728,27.761728,0.25
-7.376,26.702688000000002,27.702688000000002,0.25
-7.368,26.643712,27.643712,0.25
-7.36,26.5848,27.5848,0.25
-7.352,26.525952000000004,27.525952000000004,0.25
-7.344,26.467168,27.467168,0.25
-7.336,26.408448000000003,27.408448000000003,0.25
-7.328,26.349792,27.349792,0.25
-7.32,26.291200000000003,27.291200000000003,0.25
-7.312,26.232672,27.232672,0.25
-7.304,26.174208000000004,27.174208000000004,0.25
-7.296,26.115808,27.115808,0.25
-7.288,26.057472,27.057472,0.25
-7.28,25.999200000000002,26.999200000000002,0.25
-7.272,25.940992,26.940992,0.25
-7.264,25.882848000000003,26.882848000000003,0.25
-7.256,25.824768000000002,26.824768000000002,0.25
-7.248,25.766752,26.766752,0.25
-7.24,25.7088,26.7088,0.25
-7.232,25.650912,26.650912,0.25
-7.224,25.593088,26.593088,0.25
-7.216,25.535328,26.535328,0.25
-7.208,25.477632,26.477632,0.25
-7.2,25.42,26.42,0.25
-7.192,25.362432000000002,26.362432000000002,0.25
-7.184,25.304928,26.304928,0.25
-7.176,25.247488,26.247488,0.25
-7.168,25.190112000000003,26.190112000000003,0.25
-7.16,25.1328,26.1328,0.25
-7.152,25.075552000000002,26.075552000000002,0.25
-7.144,25.018368000000002,26.018368000000002,0.25
-7.136,24.961248,25.961248,0.25
-7.128,24.904192000000002,25.904192000000002,0.25
-7.12,24.8472,25.8472,0.25
-7.112,24.790272,25.790272,0.25
-7.104,24.733408,25.733408,0.25
-7.096,24.676608,25.676608,0.25
-7.088,24.619872,25.619872,0.25
-7.08,24.563200000000002,25.563200000000002,0.25
-7.072,24.506592,25.506592,0.25
-7.064,24.450048,25.450048,0.25
-7.056,24.393568000000002,25.393568000000002,0.25
-7.048,24.337152,25.337152,0.25
-7.04,24.2808,25.2808,0.25
-7.032,24.224512,25.224512,0.25
-7.024,24.168288,25.168288,0.25
-7.016,24.112128,25.112128,0.25
-7.008,24.056032,25.056032,0.25
-7.0,24.0,25.0,0.25
-6.992,23.944032,24.944032,0.25
-6.984,23.888128,24.888128,0.25
-6.976,23.832288,24.832288,0.25
-6.968,23.776512,24.776512,0.25
-6.96,23.7208,24.7208,0.25
-6.952,23.665152,24.665152,0.25
-6.944,23.609568,24.609568,0.25
-6.936,23.554047999999998,24.554047999999998,0.25
-6.928,23.498592,24.498592,0.25
-6.92,23.4432,24.4432,0.25
-6.912,23.387871999999998,24.387871999999998,0.25
-6.904,23.332608,24.332608,0.25
-6.896,23.277407999999998,24.277407999999998,0.25
-6.888,23.222272,24.222272,0.25
-6.88,23.167199999999998,24.167199999999998,0.25
-6.872,23.112192,24.112192,0.25
-6.864,23.057247999999998,24.057247999999998,0.25
-6.856,23.002368,24.002368,0.25
-6.848,22.947551999999998,23.947551999999998,0.25
-6.84,22.892799999999998,23.892799999999998,0.25
-6.832,22.838112,23.838112,0.25
-6.824,22.783488,23.783488,0.25
-6.816,22.728928,23.728928,0.25
-6.808,22.674432,23.674432,0.25
-6.8,22.619999999999997,23.619999999999997,0.25
-6.792,22.565631999999997,23.565631999999997,0.25
-6.784,22.511328,23.511328,0.25
-6.776,22.457088,23.457088,0.25
-6.768,22.402911999999997,23.402911999999997,0.25
-6.76,22.348799999999997,23.348799999999997,0.25
-6.752,22.294752,23.294752,0.25
-6.744,22.240768,23.240768,0.25
-6.736,22.186847999999998,23.186847999999998,0.25
-6.728,22.132991999999998,23.132991999999998,0.25
-6.72,22.079199999999997,23.079199999999997,0.25
-6.712,22.025471999999997,23.025471999999997,0.25
-6.704,21.971808,22.971808,0.25
-6.696,21.918208,22.918208,0.25
-6.688,21.864672,22.864672,0.25
-6.68,21.8112,22.8112,0.25
-6.672,21.757792,22.757792,0.25
-6.664,21.704448,22.704448,0.25
-6.656,21.651168,22.651168,0.25
-6.648,21.597952,22.597952,0.25
-6.64,21.5448,22.5448,0.25
-6.632,21.491711999999996,22.491711999999996,0.25
-6.624,21.438688,22.438688,0.25
-6.616,21.385727999999997,22.385727999999997,0.25
-6.608,21.332831999999996,22.332831999999996,0.25
-6.6,21.279999999999998,22.279999999999998,0.25
-6.5920000000000005,21.227232000000004,22.227232000000004,0.25
-6.584,21.174528,22.174528,0.25
-6.5760000000000005,21.121888000000002,22.121888000000002,0.25
-6.568,21.069311999999996,22.069311999999996,0.25
-6.5600000000000005,21.016800000000003,22.016800000000003,0.25
-6.552,20.964351999999998,21.964351999999998,0.25
-6.5440000000000005,20.911968,21.911968,0.25
-6.536,20.859647999999996,21.859647999999996,0.25
-6.5280000000000005,20.807392000000004,21.807392000000004,0.25
-6.52,20.7552,21.7552,0.25
-6.5120000000000005,20.703072000000002,21.703072000000002,0.25
-6.504,20.651007999999997,21.651007999999997,0.25
-6.496,20.599008,21.599008,0.25
-6.4879999999999995,20.547071999999996,21.547071999999996,0.25
-6.48,20.495200000000004,21.495200000000004,0.25
-6.4719999999999995,20.443391999999996,21.443391999999996,0.25
-6.464,20.391648000000004,21.391648000000004,0.25
-6.4559999999999995,20.339967999999995,21.339967999999995,0.25
-6.448,20.288352000000003,21.288352000000003,0.25
-6.4399999999999995,20.236799999999995,21.236799999999995,0.25
-6.432,20.185312000000003,21.185312000000003,0.25
-6.4239999999999995,20.133887999999995,21.133887999999995,0.25
-6.416,20.082528000000003,21.082528000000003,0.25
-6.4079999999999995,20.031231999999996,21.031231999999996,0.25
-6.4,19.980000000000004,20.980000000000004,0.25
-6.3919999999999995,19.928831999999996,20.928831999999996,0.25
-6.384,19.877728,20.877728,0.25
-6.3759999999999994,19.826687999999997,20.826687999999997,0.25
-6.368,19.775712000000002,20.775712000000002,0.25
-6.359999999999999,19.724799999999995,20.724799999999995,0.25
-6.352,19.673952000000003,20.673952000000003,0.25
-6.343999999999999,19.623167999999996,20.623167999999996,0.25
-6.336,19.572448,20.572448,0.25
-6.328,19.521792,20.521792,0.25
-6.32,19.471200000000003,20.471200000000003,0.25
-6.312,19.420672000000003,20.420672000000003,0.25
-6.304,19.370208,20.370208,0.25
-6.296,19.319808000000002,20.319808000000002,0.25
-6.288,19.269472,20.269472,0.25
-6.28,19.2192,20.2192,0.25
-6.272,19.168992000000003,20.168992000000003,0.25
-6.264,19.118848,20.118848,0.25
-6.256,19.068768000000002,20.068768000000002,0.25
-6.248,19.018752000000003,20.018752000000003,0.25
-6.24,18.9688,19.9688,0.25
-6.232,18.918912000000002,19.918912000000002,0.25
-6.224,18.869088,19.869088,0.25
-6.216,18.819328000000002,19.819328000000002,0.25
-6.208,18.769632,19.769632,0.25
-6.2,18.720000000000002,19.720000000000002,0.25
-6.192,18.670432,19.670432,0.25
-6.184,18.620928,19.620928,0.25
-6.176,18.571488000000002,19.571488000000002,0.25
-6.168,18.522112,19.522112,0.25
-6.16,18.4728,19.4728,0.25
-6.152,18.423552,19.423552,0.25
-6.144,18.374368,19.374368,0.25
-6.136,18.325248000000002,19.325248000000002,0.25
-6.128,18.276192,19.276192,0.25
-6.12,18.2272,19.2272,0.25
-6.112,18.178272,19.178272,0.25
-6.104,18.129408,19.129408,0.25
-6.096,18.080608,19.080608,0.25
-6.088,18.031872,19.031872,0.25
-6.08,17.9832,18.9832,0.25
-6.072,17.934592000000002,18.934592000000002,0.25
-6.064,17.886048,18.886048,0.25
-6.056,17.837568,18.837568,0.25
-6.048,17.789152,18.789152,0.25
-6.04,17.7408,18.7408,0.25
-6.032,17.692512,18.692512,0.25
-6.024,17.644288,18.644288,0.25
-6.016,17.596128,18.596128,0.25
-6.008,17.548032,18.548032,0.25
-6.0,17.5,18.5,0.25
-5.992,17.452032,18.452032,0.25
-5.984,17.404128,18.404128,0.25
-5.976,17.356288,18.356288,0.25
-5.968,17.308512,18.308512,0.25
-5.96,17.2608,18.2608,0.25
-5.952,17.213152,18.213152,0.25
-5.944,17.165568,18.165568,0.25
-5.936,17.118047999999998,18.118047999999998,0.25
-5.928,17.070592,18.070592,0.25
-5.92,17.0232,18.0232,0.25
-5.912,16.975872,17.975872,0.25
-5.904,16.928608,17.928608,0.25
-5.896,16.881408,17.881408,0.25
-5.888,16.834272,17.834272,0.25
-5.88,16.7872,17.7872,0.25
-5.872,16.740192,17.740192,0.25
-5.864,16.693248,17.693248,0.25
-5.856,16.646368,17.646368,0.25
-5.848,16.599552,17.599552,0.25
-5.84,16.552799999999998,17.552799999999998,0.25
-5.832,16.506111999999998,17.506111999999998,0.25
-5.824,16.459488,17.459488,0.25
-5.816,16.412927999999997,17.412927999999997,0.25
-5.808,16.366432,17.366432,0.25
-5.8,16.32,17.32,0.25
-5.792,16.273632,17.273632,0.25
-5.784,16.227328,17.227328,0.25
-5.776,16.181088,17.181088,0.25
-5.768,16.134912,17.134912,0.25
-5.76,16.0888,17.0888,0.25
-5.752,16.042752,17.042752,0.25
-5.744,15.996768,16.996768,0.25
-5.736,15.950847999999997,16.950847999999997,0.25
-5.728,15.904992,16.904992,0.25
-5.72,15.859199999999998,16.859199999999998,0.25
-5.712,15.813471999999997,16.813471999999997,0.25
-5.704,15.767807999999999,16.767808,0.25
-5.696,15.722207999999998,16.722208,0.25
-5.688000000000001,15.676672000000003,16.676672000000003,0.25
-5.68,15.6312,16.6312,0.25
-5.672000000000001,15.585792000000005,16.585792000000005,0.25
-5.664,15.540447999999998,16.540447999999998,0.25
-5.656000000000001,15.495168000000003,16.495168000000003,0.25
-5.648,15.449951999999998,16.449951999999996,0.25
-5.640000000000001,15.404800000000003,16.4048,0.25
-5.632,15.359711999999998,16.359712,0.25
-5.6240000000000006,15.314688000000004,16.314688000000004,0.25
-5.616,15.269727999999999,16.269728,0.25
-5.6080000000000005,15.224832000000003,16.224832000000003,0.25
-5.6,15.179999999999998,16.18,0.25
-5.5920000000000005,15.135232000000004,16.135232000000002,0.25
-5.584,15.090527999999997,16.090528,0.25
-5.5760000000000005,15.045888000000003,16.045888000000005,0.25
-5.568,15.001311999999999,16.001312,0.25
-5.5600000000000005,14.956800000000003,15.956800000000003,0.25
-5.552,14.912351999999998,15.912351999999998,0.25
-5.5440000000000005,14.867968000000003,15.867968000000003,0.25
-5.536,14.823647999999999,15.823647999999999,0.25
-5.5280000000000005,14.779392000000003,15.779392000000003,0.25
-5.52,14.735199999999997,15.735199999999997,0.25
-5.5120000000000005,14.691072000000002,15.691072000000002,0.25
-5.504,14.647007999999998,15.647007999999998,0.25
-5.496,14.603008000000003,15.603008000000003,0.25
-5.4879999999999995,14.559071999999997,15.559071999999997,0.25
-5.48,14.515200000000002,15.515200000000002,0.25
-5.4719999999999995,14.471391999999998,15.471391999999998,0.25
-5.464,14.427648000000003,15.427648000000003,0.25
-5.4559999999999995,14.383967999999998,15.383967999999998,0.25
-5.448,14.340352000000003,15.340352000000003,0.25
-5.4399999999999995,14.296799999999998,15.296799999999998,0.25
-5.432,14.253312000000003,15.253312000000003,0.25
-5.4239999999999995,14.209887999999998,15.209887999999998,0.25
-5.416,14.166528000000001,15.166528000000001,0.25
-5.4079999999999995,14.123231999999998,15.123231999999998,0.25
-5.4,14.080000000000002,15.080000000000002,0.25
-5.3919999999999995,14.036831999999997,15.036831999999997,0.25
-5.384,13.993728000000003,14.993728000000003,0.25
-5.3759999999999994,13.950687999999998,14.950687999999998,0.25
-5.368,13.907712000000002,14.907712000000002,0.25
-5.359999999999999,13.864799999999997,14.864799999999997,0.25
-5.352,13.821952000000001,14.821952000000001,0.25
-5.343999999999999,13.779167999999997,14.779167999999997,0.25
-5.336,13.736448000000001,14.736448000000001,0.25
-5.327999999999999,13.693791999999997,14.693791999999997,0.25
-5.32,13.651200000000001,14.651200000000001,0.25
-5.311999999999999,13.608671999999997,14.608671999999997,0.25
-5.304,13.566208000000001,14.566208000000001,0.25
-5.295999999999999,13.523807999999997,14.523807999999997,0.25
-5.288,13.481472000000002,14.481472000000002,0.25
-5.279999999999999,13.439199999999996,14.439199999999996,0.25
-5.272,13.396992000000001,14.396992000000001,0.25
-5.263999999999999,13.354847999999997,14.354847999999997,0.25
-5.256,13.312768000000002,14.312768000000002,0.25
-5.247999999999999,13.270751999999996,14.270751999999996,0.25
-5.24,13.228800000000001,14.228800000000001,0.25
-5.231999999999999,13.186911999999996,14.186911999999996,0.25
-5.224,13.145088000000001,14.145088000000001,0.25
-5.215999999999999,13.103327999999996,14.103327999999996,0.25
-5.208,13.061632000000001,14.061632000000001,0.25
-5.199999999999999,13.019999999999996,14.019999999999996,0.25
-5.192,12.978432000000002,13.978432000000002,0.25
-5.184,12.936928,13.936928,0.25
-5.176,12.895488,13.895488,0.25
-5.168,12.854112,13.854112,0.25
-5.16,12.812800000000001,13.812800000000001,0.25
-5.152,12.771552000000002,13.771552000000002,0.25
-5.144,12.730368,13.730368,0.25
-5.136,12.689248000000001,13.689248000000001,0.25
-5.128,12.648192,13.648192,0.25
-5.12,12.6072,13.6072,0.25
-5.112,12.566272,13.566272,0.25
-5.104,12.525408,13.525408,0.25
-5.096,12.484608,13.484608,0.25
-5.088,12.443872,13.443872,0.25
-5.08,12.4032,13.4032,0.25
-5.072,12.362592000000001,13.362592000000001,0.25
-5.064,12.322048,13.322048,0.25
-5.056,12.281568,13.281568,0.25
-5.048,12.241152,13.241152,0.25
-5.04,12.200800000000001,13.200800000000001,0.25
-5.032,12.160512,13.160512,0.25
-5.024,12.120288,13.120288,0.25
-5.016,12.080128,13.080128,0.25
-5.008,12.040032,13.040032,0.25
-5.0,12.0,13.0,0.25
-4.992,11.960032,12.960032,0.25
-4.984,11.920128,12.920128,0.25
-4.976,11.880288,12.880288,0.25
-4.968,11.840512,12.840512,0.25
-4.96,11.8008,12.8008,0.25
-4.952,11.761152,12.761152,0.25
-4.944,11.721568,12.721568,0.25
-4.936,11.682048,12.682048,0.25
-4.928,11.642592,12.642592,0.25
-4.92,11.6032,12.6032,0.25
-4.912,11.563872,12.563872,0.25
-4.904,11.524607999999999,12.524607999999999,0.25
-4.896,11.485408,12.485408,0.25
-4.888,11.446271999999999,12.446271999999999,0.25
-4.88,11.4072,12.4072,0.25
-4.872,11.368191999999999,12.368191999999999,0.25
-4.864,11.329248,12.329248,0.25
-4.856,11.290367999999999,12.290367999999999,0.25
-4.848,11.251552,12.251552,0.25
-4.84,11.2128,12.2128,0.25
-4.832,11.174112,12.174112,0.25
-4.824,11.135487999999999,12.135487999999999,0.25
-4.816,11.096927999999998,12.096927999999998,0.25
-4.808,11.058432,12.058432,0.25
-4.8,11.02,12.02,0.25
-4.792,10.981632,11.981632,0.25
-4.784,10.943328,11.943328,0.25
-4.776,10.905088,11.905088,0.25
-4.768,10.866912,11.866912,0.25
-4.76,10.8288,11.8288,0.25
-4.752,10.790752,11.790752,0.25
-4.744,10.752768,11.752768,0.25
-4.736,10.714847999999998,11.714847999999998,0.25
-4.728,10.676991999999998,11.676991999999998,0.25
-4.72,10.639199999999999,11.639199999999999,0.25
-4.712,10.601472,11.601472,0.25
-4.704,10.563807999999998,11.563807999999998,0.25
-4.696,10.526207999999999,11.526207999999999,0.25
-4.688,10.488672,11.488672,0.25
-4.68,10.451199999999998,11.451199999999998,0.25
-4.672,10.413791999999999,11.413791999999999,0.25
-4.664,10.376447999999998,11.376447999999998,0.25
-4.656000000000001,10.339168000000003,11.339168000000003,0.25
-4.648,10.301951999999998,11.301951999999998,0.25
-4.640000000000001,10.264800000000003,11.264800000000003,0.25
-4.632,10.227711999999999,11.227711999999999,0.25
-4.6240000000000006,10.190688000000003,11.190688000000003,0.25
-4.616,10.153728,11.153728,0.25
-4.6080000000000005,10.116832000000002,11.116832000000002,0.25
-4.6,10.079999999999998,11.079999999999998,0.25
-4.5920000000000005,10.043232000000003,11.043232000000003,0.25
-4.584,10.006527999999998,11.006527999999998,0.25
-4.5760000000000005,9.969888000000003,10.969888000000003,0.25
-4.568,9.933311999999999,10.933311999999999,0.25
-4.5600000000000005,9.896800000000002,10.896800000000002,0.25
-4.552,9.860351999999999,10.860351999999999,0.25
-4.5440000000000005,9.823968000000002,10.823968000000002,0.25
-4.536,9.787647999999999,10.787647999999999,0.25
-4.5280000000000005,9.751392000000003,10.751392000000003,0.25
-4.52,9.715199999999998,10.715199999999998,0.25
-4.5120000000000005,9.679072000000001,10.679072000000001,0.25
-4.504,9.643007999999998,10.643007999999998,0.25
-4.496,9.607008000000002,10.607008000000002,0.25
-4.4879999999999995,9.571071999999997,10.571071999999997,0.25
-4.48,9.535200000000001,10.535200000000001,0.25
-4.4719999999999995,9.499391999999999,10.499391999999999,0.25
-4.464,9.463648000000003,10.463648000000003,0.25
-4.4559999999999995,9.427967999999998,10.427967999999998,0.25
-4.448,9.392352000000002,10.392352000000002,0.25
-4.4399999999999995,9.356799999999998,10.356799999999998,0.25
-4.432,9.321312000000002,10.321312000000002,0.25
-4.4239999999999995,9.285887999999998,10.285887999999998,0.25
-4.416,9.250528000000001,10.250528000000001,0.25
-4.4079999999999995,9.215231999999999,10.215231999999999,0.25
-4.4,9.180000000000001,10.180000000000001,0.25
-4.3919999999999995,9.144831999999997,10.144831999999997,0.25
-4.384,9.109728000000002,10.109728000000002,0.25
-4.3759999999999994,9.074687999999998,10.074687999999998,0.25
-4.368,9.039712000000002,10.039712000000002,0.25
-4.359999999999999,9.004799999999998,10.004799999999998,0.25
-4.352,8.969952000000001,9.969952000000001,0.25
-4.343999999999999,8.935167999999997,9.935167999999997,0.25
-4.336,8.900448,9.900448,0.25
-4.327999999999999,8.865791999999997,9.865791999999997,0.25
-4.32,8.8312,9.8312,0.25
-4.311999999999999,8.796671999999997,9.796671999999997,0.25
-4.304,8.762208000000001,9.762208000000001,0.25
-4.295999999999999,8.727807999999998,9.727807999999998,0.25
-4.288,8.693472000000002,9.693472000000002,0.25
-4.279999999999999,8.659199999999997,9.659199999999997,0.25
-4.272,8.624992,9.624992,0.25
-4.263999999999999,8.590847999999998,9.590847999999998,0.25
-4.256,8.556768000000002,9.556768000000002,0.25
-4.247999999999999,8.522751999999997,9.522751999999997,0.25
-4.24,8.488800000000001,9.488800000000001,0.25
-4.231999999999999,8.454911999999997,9.454911999999997,0.25
-4.224,8.421088000000001,9.421088000000001,0.25
-4.215999999999999,8.387327999999997,9.387327999999997,0.25
-4.208,8.353632000000001,9.353632000000001,0.25
-4.199999999999999,8.319999999999997,9.319999999999997,0.25
-4.192,8.286432000000001,9.286432000000001,0.25
-4.183999999999999,8.252927999999997,9.252927999999997,0.25
-4.176,8.219488,9.219488,0.25
-4.167999999999999,8.186111999999996,9.186111999999996,0.25
-4.16,8.152800000000001,9.152800000000001,0.25
-4.152,8.119552,9.119552,0.25
-4.144,8.086368,9.086368,0.25
-4.136,8.053248,9.053248,0.25
-4.128,8.020192,9.020192,0.25
-4.12,7.9872,8.9872,0.25
-4.112,7.954272,8.954272,0.25
-4.104,7.921408,8.921408,0.25
-4.096,7.888608,8.888608,0.25
-4.088,7.855872,8.855872,0.25
-4.08,7.8232,8.8232,0.25
-4.072,7.790592,8.790592,0.25
-4.064,7.7580480000000005,8.758048,0.25
-4.056,7.725568000000001,8.725568,0.25
-4.048,7.6931519999999995,8.693152,0.25
-4.04,7.6608,8.6608,0.25
-4.032,7.628512000000001,8.628512,0.25
-4.024,7.5962879999999995,8.596288,0.25
-4.016,7.564128,8.564128,0.25
-4.008,7.532031999999999,8.532032,0.25
-4.0,7.5,8.5,0.25
-3.992,7.468032,8.468032000000001,0.25
-3.984,7.436128,8.436128,0.25
-3.976,7.404288,8.404288000000001,0.25
-3.968,7.3725119999999995,8.372512,0.25
-3.96,7.3408,8.3408,0.25
-3.952,7.309152,8.309152000000001,0.25
-3.944,7.277568,8.277567999999999,0.25
-3.936,7.246048,8.246048,0.25
-3.928,7.214592,8.214592,0.25
-3.92,7.183199999999999,8.1832,0.25
-3.912,7.151872,8.151872000000001,0.25
-3.904,7.120608,8.120608,0.25
-3.896,7.089408,8.089407999999999,0.25
-3.888,7.058272,8.058271999999999,0.25
-3.88,7.0272,8.0272,0.25
-3.872,6.996192,7.996192,0.25
-3.864,6.965248,7.965248,0.25
-3.856,6.934367999999999,7.934367999999999,0.25
-3.848,6.9035519999999995,7.9035519999999995,0.25
-3.84,6.8728,7.8728,0.25
-3.832,6.842111999999999,7.842111999999999,0.25
-3.824,6.811488,7.811488,0.25
-3.816,6.780927999999999,7.780927999999999,0.25
-3.808,6.750431999999999,7.750431999999999,0.25
-3.8,6.72,7.72,0.25
-3.792,6.689632,7.689632,0.25
-3.784,6.6593279999999995,7.6593279999999995,0.25
-3.776,6.629087999999999,7.629087999999999,0.25
-3.768,6.5989119999999994,7.5989119999999994,0.25
-3.76,6.5687999999999995,7.5687999999999995,0.25
-3.752,6.538751999999999,7.538751999999999,0.25
-3.7439999999999998,6.508767999999999,7.508767999999999,0.25
-3.7359999999999998,6.478847999999999,7.478847999999999,0.25
-3.7279999999999998,6.448991999999999,7.448991999999999,0.25
-3.7199999999999998,6.419199999999999,7.419199999999999,0.25
-3.7119999999999997,6.389471999999999,7.389471999999999,0.25
-3.7039999999999997,6.359807999999999,7.359807999999999,0.25
-3.6959999999999997,6.330207999999999,7.330207999999999,0.25
-3.6879999999999997,6.300671999999999,7.300671999999999,0.25
-3.6799999999999997,6.2711999999999986,7.2711999999999986,0.25
-3.6719999999999997,6.241791999999999,7.241791999999999,0.25
-3.6639999999999997,6.212447999999999,7.212447999999999,0.25
-3.6559999999999997,6.183167999999998,7.183167999999998,0.25
-3.6479999999999997,6.1539519999999985,7.1539519999999985,0.25
-3.6399999999999997,6.124799999999999,7.124799999999999,0.25
-3.6319999999999997,6.095711999999999,7.095711999999999,0.25
-3.6239999999999997,6.066687999999999,7.066687999999999,0.25
-3.6159999999999997,6.037727999999999,7.037727999999999,0.25
-3.6079999999999997,6.008831999999999,7.008831999999999,0.25
-3.5999999999999996,5.979999999999999,6.979999999999999,0.25
-3.5919999999999996,5.951231999999998,6.951231999999998,0.25
-3.5839999999999996,5.922527999999999,6.922527999999999,0.25
-3.5759999999999996,5.893887999999999,6.893887999999999,0.25
-3.5679999999999996,5.8653119999999985,6.8653119999999985,0.25
-3.5599999999999996,5.836799999999998,6.836799999999998,0.25
-3.5519999999999996,5.808351999999998,6.808351999999998,0.25
-3.5439999999999996,5.779967999999998,6.779967999999998,0.25
-3.5359999999999996,5.7516479999999985,6.7516479999999985,0.25
-3.5279999999999996,5.723391999999999,6.723391999999999,0.25
-3.5199999999999996,5.695199999999999,6.695199999999999,0.25
-3.5119999999999996,5.667071999999998,6.667071999999998,0.25
-3.5039999999999996,5.639007999999999,6.639007999999999,0.25
-3.4959999999999996,5.611007999999998,6.611007999999998,0.25
-3.4879999999999995,5.583071999999999,6.583071999999999,0.25
-3.4799999999999995,5.555199999999998,6.555199999999998,0.25
-3.4719999999999995,5.527391999999998,6.527391999999998,0.25
-3.4639999999999995,5.499647999999999,6.499647999999999,0.25
-3.4559999999999995,5.471967999999999,6.471967999999999,0.25
-3.4479999999999995,5.4443519999999985,6.4443519999999985,0.25
-3.4399999999999995,5.4167999999999985,6.4167999999999985,0.25
-3.4319999999999995,5.3893119999999985,6.3893119999999985,0.25
-3.4239999999999995,5.361887999999999,6.361887999999999,0.25
-3.4159999999999995,5.334527999999998,6.334527999999998,0.25
-3.4079999999999995,5.307231999999998,6.307231999999998,0.25
-3.3999999999999995,5.2799999999999985,6.2799999999999985,0.25
-3.3919999999999995,5.252831999999998,6.252831999999998,0.25
-3.3840000000000003,5.225728000000001,6.225728000000001,0.25
-3.3760000000000003,5.1986880000000015,6.1986880000000015,0.25
-3.3680000000000003,5.171712000000001,6.171712000000001,0.25
-3.3600000000000003,5.144800000000001,6.144800000000001,0.25
-3.3520000000000003,5.117952000000001,6.117952000000001,0.25
-3.3440000000000003,5.091168000000001,6.091168000000001,0.25
-3.3360000000000003,5.064448000000001,6.064448000000001,0.25
-3.3280000000000003,5.037792000000001,6.037792000000001,0.25
-3.3200000000000003,5.0112000000000005,6.0112000000000005,0.25
-3.3120000000000003,4.984672000000001,5.984672000000001,0.25
-3.3040000000000003,4.958208000000001,5.958208000000001,0.25
-3.2960000000000003,4.931808000000001,5.931808000000001,0.25
-3.2880000000000003,4.9054720000000005,5.9054720000000005,0.25
-3.2800000000000002,4.879200000000001,5.879200000000001,0.25
-3.2720000000000002,4.852992,5.852992,0.25
-3.2640000000000002,4.826848000000001,5.826848000000001,0.25
-3.2560000000000002,4.800768000000001,5.800768000000001,0.25
-3.248,4.774752,5.774752,0.25
-3.24,4.748800000000001,5.748800000000001,0.25
-3.232,4.722912000000001,5.722912000000001,0.25
-3.224,4.697088000000001,5.697088000000001,0.25
-3.216,4.671328000000001,5.671328000000001,0.25
-3.208,4.645632000000001,5.645632000000001,0.25
-3.2,4.620000000000001,5.620000000000001,0.25
-3.192,4.594432,5.594432,0.25
-3.184,4.5689280000000005,5.5689280000000005,0.25
-3.176,4.543488000000001,5.543488000000001,0.25
-3.168,4.518112,5.518112,0.25
-3.16,4.492800000000001,5.492800000000001,0.25
-3.152,4.467552,5.467552,0.25
-3.144,4.442368,5.442368,0.25
-3.136,4.417248000000001,5.417248000000001,0.25
-3.128,4.3921920000000005,5.3921920000000005,0.25
-3.12,4.3672,5.3672,0.25
-3.112,4.342272,5.342272,0.25
-3.104,4.317408,5.317408,0.25
-3.096,4.292608,5.292608,0.25
-3.088,4.2678720000000006,5.2678720000000006,0.25
-3.08,4.2432,5.2432,0.25
-3.072,4.218592,5.218592,0.25
-3.064,4.194048,5.194048,0.25
-3.056,4.169568,5.169568,0.25
-3.048,4.145152,5.145152,0.25
-3.04,4.1208,5.1208,0.25
-3.032,4.096512,5.096512,0.25
-3.024,4.072288,5.072288,0.25
-3.016,4.048128,5.048128,0.25
-3.008,4.024032,5.024032,0.25
-3.0,4.0,5.0,0.25
-2.992,3.976032,4.976032,0.25
-2.984,3.952128,4.952128,0.25
-2.976,3.9282880000000002,4.928288,0.25
-2.968,3.9045119999999995,4.9045119999999995,0.25
-2.96,3.8808,4.8808,0.25
-2.952,3.857152,4.857152,0.25
-2.944,3.8335679999999996,4.833568,0.25
-2.936,3.810048,4.810048,0.25
-2.928,3.7865919999999997,4.786592,0.25
-2.92,3.7631999999999994,4.763199999999999,0.25
-2.912,3.739872,4.739872,0.25
-2.904,3.716608,4.716608,0.25
-2.896,3.693408,4.693408,0.25
-2.888,3.6702719999999998,4.670272,0.25
-2.88,3.6471999999999998,4.6472,0.25
-2.872,3.624192,4.624192,0.25
-2.864,3.601248,4.601248,0.25
-2.856,3.5783679999999993,4.578367999999999,0.25
-2.848,3.5555519999999996,4.555552,0.25
-2.84,3.5328,4.5328,0.25
-2.832,3.5101119999999995,4.5101119999999995,0.25
-2.824,3.4874879999999995,4.487487999999999,0.25
-2.816,3.4649279999999996,4.464928,0.25
-2.808,3.4424319999999997,4.442432,0.25
-2.8,3.4199999999999995,4.42,0.25
-2.792,3.3976319999999993,4.397632,0.25
-2.784,3.3753279999999997,4.375328,0.25
-2.776,3.3530879999999996,4.353088,0.25
-2.768,3.3309119999999997,4.330912,0.25
-2.76,3.3087999999999993,4.3088,0.25
-2.752,3.2867519999999995,4.286752,0.25
-2.7439999999999998,3.2647679999999992,4.264767999999999,0.25
-2.7359999999999998,3.2428479999999995,4.2428479999999995,0.25
-2.7279999999999998,3.2209919999999994,4.220991999999999,0.25
-2.7199999999999998,3.1991999999999994,4.199199999999999,0.25
-2.7119999999999997,3.1774719999999994,4.177472,0.25
-2.7039999999999997,3.1558079999999995,4.1558079999999995,0.25
-2.6959999999999997,3.134207999999999,4.134207999999999,0.25
-2.6879999999999997,3.1126719999999994,4.112672,0.25
-2.6799999999999997,3.0911999999999993,4.091199999999999,0.25
-2.6719999999999997,3.069791999999999,4.069792,0.25
-2.6639999999999997,3.048447999999999,4.048447999999999,0.25
-2.6559999999999997,3.027167999999999,4.027168,0.25
-2.6479999999999997,3.0059519999999993,4.005951999999999,0.25
-2.6399999999999997,2.984799999999999,3.984799999999999,0.25
-2.6319999999999997,2.9637119999999992,3.9637119999999992,0.25
-2.6239999999999997,2.942687999999999,3.942687999999999,0.25
-2.6159999999999997,2.921727999999999,3.921727999999999,0.25
-2.6079999999999997,2.900831999999999,3.900831999999999,0.25
-2.5999999999999996,2.879999999999999,3.879999999999999,0.25
-2.5919999999999996,2.859231999999999,3.859231999999999,0.25
-2.5839999999999996,2.838527999999999,3.838527999999999,0.25
-2.5759999999999996,2.817887999999999,3.817887999999999,0.25
-2.5679999999999996,2.797311999999999,3.797311999999999,0.25
-2.5599999999999996,2.776799999999999,3.776799999999999,0.25
-2.5519999999999996,2.756351999999999,3.756351999999999,0.25
-2.5439999999999996,2.735967999999999,3.735967999999999,0.25
-2.5359999999999996,2.715647999999999,3.715647999999999,0.25
-2.5279999999999996,2.695391999999999,3.695391999999999,0.25
-2.5199999999999996,2.675199999999999,3.675199999999999,0.25
-2.5119999999999996,2.6550719999999988,3.6550719999999988,0.25
-2.5039999999999996,2.6350079999999987,3.6350079999999987,0.25
-2.4959999999999996,2.6150079999999987,3.6150079999999987,0.25
-2.4879999999999995,2.5950719999999987,3.5950719999999987,0.25
-2.4799999999999995,2.575199999999999,3.575199999999999,0.25
-2.4719999999999995,2.555391999999999,3.555391999999999,0.25
-2.4639999999999995,2.535647999999999,3.535647999999999,0.25
-2.4559999999999995,2.5159679999999986,3.5159679999999986,0.25
-2.4479999999999995,2.496351999999999,3.496351999999999,0.25
-2.4399999999999995,2.476799999999999,3.476799999999999,0.25
-2.4319999999999995,2.4573119999999986,3.4573119999999986,0.25
-2.4239999999999995,2.4378879999999987,3.4378879999999987,0.25
-2.4159999999999995,2.418527999999999,3.418527999999999,0.25
-2.4079999999999995,2.3992319999999987,3.3992319999999987,0.25
-2.3999999999999995,2.3799999999999986,3.3799999999999986,0.25
-2.3919999999999995,2.3608319999999985,3.3608319999999985,0.25
-2.3839999999999995,2.3417279999999985,3.3417279999999985,0.25
-2.3759999999999994,2.3226879999999985,3.3226879999999985,0.25
-2.3680000000000003,2.303712000000001,3.303712000000001,0.25
-2.3600000000000003,2.2848000000000006,3.2848000000000006,0.25
-2.3520000000000003,2.265952000000001,3.265952000000001,0.25
-2.3440000000000003,2.2471680000000007,3.2471680000000007,0.25
-2.3360000000000003,2.2284480000000007,3.2284480000000007,0.25
-2.3280000000000003,2.2097920000000006,3.2097920000000006,0.25
-2.3200000000000003,2.1912000000000007,3.1912000000000007,0.25
-2.3120000000000003,2.172672000000001,3.172672000000001,0.25
-2.3040000000000003,2.1542080000000006,3.1542080000000006,0.25
-2.2960000000000003,2.135808000000001,3.135808000000001,0.25
-2.2880000000000003,2.1174720000000007,3.1174720000000007,0.25
-2.2800000000000002,2.0992000000000006,3.0992000000000006,0.25
-2.2720000000000002,2.0809920000000006,3.0809920000000006,0.25
-2.2640000000000002,2.0628480000000007,3.0628480000000007,0.25
-2.2560000000000002,2.0447680000000004,3.0447680000000004,0.25
-2.248,2.0267520000000006,3.0267520000000006,0.25
-2.24,2.0088000000000004,3.0088000000000004,0.25
-2.232,1.9909120000000007,2.9909120000000007,0.25
-2.224,1.9730880000000006,2.9730880000000006,0.25
-2.216,1.9553280000000006,2.9553280000000006,0.25
-2.208,1.9376320000000002,2.9376320000000002,0.25
-2.2,1.9200000000000004,2.9200000000000004,0.25
-2.192,1.9024320000000006,2.9024320000000006,0.25
-2.184,1.8849280000000004,2.8849280000000004,0.25
-2.176,1.8674880000000003,2.8674880000000003,0.25
-2.168,1.8501120000000002,2.850112,0.25
-2.16,1.8328000000000002,2.8328,0.25
-2.152,1.8155520000000003,2.8155520000000003,0.25
-2.144,1.7983680000000004,2.7983680000000004,0.25
-2.136,1.7812480000000002,2.781248,0.25
-2.128,1.7641920000000004,2.7641920000000004,0.25
-2.12,1.7472000000000003,2.7472000000000003,0.25
-2.112,1.7302720000000003,2.7302720000000003,0.25
-2.104,1.7134080000000003,2.7134080000000003,0.25
-2.096,1.6966080000000003,2.6966080000000003,0.25
-2.088,1.679872,2.679872,0.25
-2.08,1.6632000000000002,2.6632000000000002,0.25
-2.072,1.646592,2.646592,0.25
-2.064,1.630048,2.630048,0.25
-2.056,1.613568,2.613568,0.25
-2.048,1.597152,2.597152,0.25
-2.04,1.5808,2.5808,0.25
-2.032,1.5645120000000001,2.564512,0.25
-2.024,1.5482879999999999,2.548288,0.25
-2.016,1.5321280000000002,2.532128,0.25
-2.008,1.516032,2.516032,0.25
-2.0,1.5,2.5,0.25
-1.992,1.484032,2.484032,0.25
-1.984,1.4681279999999999,2.468128,0.25
-1.976,1.452288,2.4522880000000002,0.25
-1.968,1.436512,2.436512,0.25
-1.96,1.4207999999999998,2.4208,0.25
-1.952,1.405152,2.405152,0.25
-1.944,1.389568,2.3895679999999997,0.25
-1.936,1.374048,2.374048,0.25
-1.928,1.3585919999999998,2.358592,0.25
-1.92,1.3432,2.3432,0.25
-1.912,1.327872,2.327872,0.25
-1.904,1.3126079999999998,2.312608,0.25
-1.896,1.297408,2.297408,0.25
-1.888,1.2822719999999999,2.282272,0.25
-1.88,1.2671999999999999,2.2672,0.25
-1.8719999999999999,1.2521919999999997,2.252192,0.25
-1.8639999999999999,1.2372479999999997,2.2372479999999997,0.25
-1.8559999999999999,1.2223679999999997,2.2223679999999995,0.25
-1.8479999999999999,1.2075519999999997,2.2075519999999997,0.25
-1.8399999999999999,1.1927999999999996,2.1927999999999996,0.25
-1.8319999999999999,1.1781119999999998,2.1781119999999996,0.25
-1.8239999999999998,1.1634879999999996,2.1634879999999996,0.25
-1.8159999999999998,1.1489279999999997,2.1489279999999997,0.25
-1.8079999999999998,1.1344319999999997,2.1344319999999994,0.25
-1.7999999999999998,1.1199999999999997,2.1199999999999997,0.25
-1.7919999999999998,1.1056319999999997,2.105632,0.25
-1.7839999999999998,1.0913279999999996,2.091328,0.25
-1.7759999999999998,1.0770879999999996,2.077088,0.25
-1.7679999999999998,1.0629119999999996,2.062912,0.25
-1.7599999999999998,1.0487999999999997,2.0488,0.25
-1.7519999999999998,1.0347519999999997,2.0347519999999997,0.25
-1.7439999999999998,1.0207679999999997,2.0207679999999995,0.25
-1.7359999999999998,1.0068479999999995,2.0068479999999997,0.25
-1.7279999999999998,0.9929919999999997,1.9929919999999997,0.25
-1.7199999999999998,0.9791999999999996,1.9791999999999996,0.25
-1.7119999999999997,0.9654719999999997,1.9654719999999997,0.25
-1.7039999999999997,0.9518079999999995,1.9518079999999995,0.25
-1.6959999999999997,0.9382079999999995,1.9382079999999995,0.25
-1.6879999999999997,0.9246719999999995,1.9246719999999995,0.25
-1.6799999999999997,0.9111999999999996,1.9111999999999996,0.25
-1.6719999999999997,0.8977919999999995,1.8977919999999995,0.25
-1.6639999999999997,0.8844479999999995,1.8844479999999995,0.25
-1.6559999999999997,0.8711679999999995,1.8711679999999995,0.25
-1.6479999999999997,0.8579519999999994,1.8579519999999994,0.25
-1.6399999999999997,0.8447999999999996,1.8447999999999996,0.25
-1.6319999999999997,0.8317119999999996,1.8317119999999996,0.25
-1.6239999999999997,0.8186879999999994,1.8186879999999994,0.25
-1.6159999999999997,0.8057279999999996,1.8057279999999996,0.25
-1.6079999999999997,0.7928319999999995,1.7928319999999995,0.25
-1.5999999999999996,0.7799999999999994,1.7799999999999994,0.25
-1.5919999999999996,0.7672319999999995,1.7672319999999995,0.25
-1.5839999999999996,0.7545279999999994,1.7545279999999994,0.25
-1.5759999999999996,0.7418879999999994,1.7418879999999994,0.25
-1.5679999999999996,0.7293119999999993,1.7293119999999993,0.25
-1.5599999999999996,0.7167999999999994,1.7167999999999994,0.25
-1.5519999999999996,0.7043519999999994,1.7043519999999994,0.25
-1.5439999999999996,0.6919679999999995,1.6919679999999995,0.25
-1.5359999999999996,0.6796479999999994,1.6796479999999994,0.25
-1.5279999999999996,0.6673919999999993,1.6673919999999993,0.25
-1.5199999999999996,0.6551999999999993,1.6551999999999993,0.25
-1.5119999999999996,0.6430719999999994,1.6430719999999994,0.25
-1.5039999999999996,0.6310079999999993,1.6310079999999993,0.25
-1.4959999999999996,0.6190079999999993,1.6190079999999993,0.25
-1.4879999999999995,0.6070719999999994,1.6070719999999994,0.25
-1.4799999999999995,0.5951999999999993,1.5951999999999993,0.25
-1.4719999999999995,0.5833919999999992,1.5833919999999992,0.25
-1.4639999999999995,0.5716479999999993,1.5716479999999993,0.25
-1.4559999999999995,0.5599679999999994,1.5599679999999994,0.25
-1.4479999999999995,0.5483519999999993,1.5483519999999993,0.25
-1.4399999999999995,0.5367999999999993,1.5367999999999993,0.25
-1.4319999999999995,0.5253119999999993,1.5253119999999993,0.25
-1.4239999999999995,0.5138879999999992,1.5138879999999992,0.25
-1.4159999999999995,0.5025279999999992,1.5025279999999992,0.25
-1.4079999999999995,0.4912319999999992,1.4912319999999992,0.25
-1.3999999999999995,0.4799999999999992,1.479999999999999,0.25
-1.3919999999999995,0.46883199999999925,1.4688319999999992,0.25
-1.3839999999999995,0.45772799999999925,1.4577279999999992,0.25
-1.3759999999999994,0.4466879999999992,1.446687999999999,0.25
-1.3679999999999994,0.4357119999999992,1.4357119999999992,0.25
-1.3599999999999994,0.4247999999999992,1.4247999999999992,0.25
-1.3519999999999994,0.4139519999999992,1.4139519999999992,0.25
-1.3439999999999994,0.4031679999999992,1.403167999999999,0.25
-1.3360000000000003,0.39244800000000035,1.3924480000000004,0.25
-1.3280000000000003,0.38179200000000035,1.3817920000000004,0.25
-1.3200000000000003,0.3712000000000004,1.3712000000000004,0.25
-1.3120000000000003,0.3606720000000003,1.3606720000000003,0.25
-1.3040000000000003,0.3502080000000003,1.3502080000000003,0.25
-1.2960000000000003,0.33980800000000033,1.3398080000000003,0.25
-1.2880000000000003,0.3294720000000003,1.3294720000000004,0.25
-1.2800000000000002,0.3192000000000004,1.3192000000000004,0.25
-1.2720000000000002,0.30899200000000027,1.3089920000000004,0.25
-1.2640000000000002,0.29884800000000034,1.2988480000000004,0.25
-1.2560000000000002,0.28876800000000025,1.2887680000000001,0.25
-1.2480000000000002,0.2787520000000002,1.2787520000000003,0.25
-1.2400000000000002,0.26880000000000026,1.2688000000000001,0.25
-1.2320000000000002,0.25891200000000025,1.2589120000000003,0.25
-1.2240000000000002,0.2490880000000002,1.2490880000000002,0.25
-1.2160000000000002,0.2393280000000002,1.2393280000000002,0.25
-1.2080000000000002,0.22963200000000017,1.229632,0.25
-1.2000000000000002,0.2200000000000002,1.2200000000000002,0.25
-1.1920000000000002,0.21043200000000017,1.2104320000000002,0.25
-1.1840000000000002,0.20092800000000022,1.2009280000000002,0.25
-1.1760000000000002,0.1914880000000002,1.191488,0.25
-1.1680000000000001,0.18211200000000016,1.182112,0.25
-1.1600000000000001,0.17280000000000018,1.1728,0.25
-1.1520000000000001,0.16355200000000014,1.1635520000000001,0.25
-1.1440000000000001,0.15436800000000017,1.1543680000000003,0.25
-1.1360000000000001,0.14524800000000015,1.145248,0.25
-1.1280000000000001,0.1361920000000001,1.136192,0.25
-1.12,0.1272000000000001,1.1272000000000002,0.25
-1.112,0.11827200000000015,1.1182720000000002,0.25
-1.104,0.10940800000000006,1.1094080000000002,0.25
-1.096,0.10060800000000014,1.1006080000000003,0.25
-1.088,0.09187200000000006,1.091872,0.25
-1.08,0.08320000000000005,1.0832000000000002,0.25
-1.072,0.0745920000000001,1.074592,0.25
-1.064,0.0660480000000001,1.066048,0.25
-1.056,0.057568000000000064,1.057568,0.25
-1.048,0.049152000000000085,1.049152,0.25
-1.04,0.04080000000000006,1.0408,0.25
-1.032,0.032511999999999985,1.032512,0.25
-1.024,0.024287999999999976,1.0242879999999999,0.25
-1.016,0.01612800000000003,1.0161280000000001,0.25
-1.008,0.008032000000000039,1.008032,0.25
-1.0,0.0,1.0,0.25
-0.992,-0.00796800000000003,0.992032,0.25
-0.984,-0.015871999999999997,0.984128,0.25
-0.976,-0.02371200000000001,0.976288,0.25
-0.968,-0.031488000000000016,0.968512,0.25
-0.96,-0.03920000000000001,0.9608,0.25
-0.952,-0.046848000000000056,0.953152,0.25
-0.944,-0.054432000000000036,0.945568,0.25
-0.9359999999999999,-0.06195200000000006,0.938048,0.25
-0.9279999999999999,-0.06940800000000008,0.9305919999999999,0.25
-0.9199999999999999,-0.07680000000000009,0.9231999999999999,0.25
-0.9119999999999999,-0.08412800000000009,0.9158719999999999,0.25
-0.9039999999999999,-0.09139200000000008,0.9086079999999999,0.25
-0.8959999999999999,-0.09859200000000007,0.901408,0.25
-0.8879999999999999,-0.1057280000000001,0.894272,0.25
-0.8799999999999999,-0.11280000000000007,0.8872,0.25
-0.8719999999999999,-0.11980800000000008,0.8801919999999999,0.25
-0.8639999999999999,-0.1267520000000001,0.8732479999999999,0.25
-0.8559999999999999,-0.13363200000000008,0.8663679999999999,0.25
-0.8479999999999999,-0.14044800000000013,0.8595519999999999,0.25
-0.8399999999999999,-0.1472000000000001,0.8527999999999999,0.25
-0.8319999999999999,-0.15388800000000014,0.8461119999999999,0.25
-0.8239999999999998,-0.16051200000000015,0.8394879999999998,0.25
-0.8159999999999998,-0.1670720000000001,0.8329279999999999,0.25
-0.8079999999999998,-0.1735680000000001,0.8264319999999998,0.25
-0.7999999999999998,-0.18000000000000016,0.8199999999999998,0.25
-0.7919999999999998,-0.18636800000000014,0.8136319999999999,0.25
-0.7839999999999998,-0.19267200000000018,0.8073279999999998,0.25
-0.7759999999999998,-0.19891200000000014,0.8010879999999998,0.25
-0.7679999999999998,-0.20508800000000016,0.7949119999999998,0.25
-0.7599999999999998,-0.21120000000000017,0.7887999999999998,0.25
-0.7519999999999998,-0.21724800000000016,0.7827519999999999,0.25
-0.7439999999999998,-0.22323200000000015,0.7767679999999999,0.25
-0.7359999999999998,-0.2291520000000002,0.7708479999999998,0.25
-0.7279999999999998,-0.23500800000000016,0.7649919999999999,0.25
-0.7199999999999998,-0.24080000000000018,0.7591999999999999,0.25
-0.7119999999999997,-0.2465280000000002,0.7534719999999998,0.25
-0.7039999999999997,-0.2521920000000002,0.7478079999999998,0.25
-0.6959999999999997,-0.2577920000000002,0.7422079999999998,0.25
-0.6879999999999997,-0.26332800000000023,0.7366719999999998,0.25
-0.6799999999999997,-0.2688000000000002,0.7311999999999999,0.25
-0.6719999999999997,-0.27420800000000023,0.7257919999999998,0.25
-0.6639999999999997,-0.2795520000000002,0.7204479999999998,0.25
-0.6559999999999997,-0.2848320000000002,0.7151679999999998,0.25
-0.6479999999999997,-0.2900480000000002,0.7099519999999998,0.25
-0.6399999999999997,-0.29520000000000024,0.7047999999999998,0.25
-0.6319999999999997,-0.3002880000000002,0.6997119999999998,0.25
-0.6239999999999997,-0.30531200000000025,0.6946879999999998,0.25
-0.6159999999999997,-0.3102720000000002,0.6897279999999998,0.25
-0.6079999999999997,-0.3151680000000002,0.6848319999999998,0.25
-0.5999999999999996,-0.3200000000000002,0.6799999999999998,0.25
-0.5919999999999996,-0.3247680000000002,0.6752319999999998,0.25
-0.5839999999999996,-0.3294720000000002,0.6705279999999998,0.25
-0.5759999999999996,-0.3341120000000002,0.6658879999999998,0.25
-0.5679999999999996,-0.3386880000000002,0.6613119999999998,0.25
-0.5599999999999996,-0.3432000000000002,0.6567999999999998,0.25
-0.5519999999999996,-0.3476480000000002,0.6523519999999998,0.25
-0.5439999999999996,-0.35203200000000023,0.6479679999999998,0.25
-0.5359999999999996,-0.3563520000000002,0.6436479999999998,0.25
-0.5279999999999996,-0.36060800000000026,0.6393919999999997,0.25
-0.5199999999999996,-0.36480000000000024,0.6351999999999998,0.25
-0.5119999999999996,-0.36892800000000026,0.6310719999999997,0.25
-0.5039999999999996,-0.3729920000000002,0.6270079999999998,0.25
-0.49599999999999955,-0.3769920000000002,0.6230079999999998,0.25
-0.48799999999999955,-0.3809280000000002,0.6190719999999997,0.25
-0.47999999999999954,-0.38480000000000025,0.6151999999999997,0.25
-0.47199999999999953,-0.38860800000000023,0.6113919999999998,0.25
-0.4639999999999995,-0.3923520000000002,0.6076479999999997,0.25
-0.4559999999999995,-0.3960320000000002,0.6039679999999998,0.25
-0.4479999999999995,-0.3996480000000002,0.6003519999999998,0.25
-0.4399999999999995,-0.4032000000000002,0.5967999999999998,0.25
-0.4319999999999995,-0.4066880000000002,0.5933119999999998,0.25
-0.4239999999999995,-0.4101120000000002,0.5898879999999997,0.25
-0.4159999999999995,-0.41347200000000023,0.5865279999999998,0.25
-0.4079999999999995,-0.4167680000000002,0.5832319999999998,0.25
-0.39999999999999947,-0.4200000000000002,0.5799999999999998,0.25
-0.39199999999999946,-0.4231680000000002,0.5768319999999998,0.25
-0.38399999999999945,-0.4262720000000002,0.5737279999999998,0.25
-0.37599999999999945,-0.4293120000000002,0.5706879999999998,0.25
-0.36799999999999944,-0.4322880000000002,0.5677119999999998,0.25
-0.35999999999999943,-0.4352000000000002,0.5647999999999997,0.25
-0.3519999999999994,-0.4380480000000002,0.5619519999999998,0.25
-0.3439999999999994,-0.4408320000000002,0.5591679999999998,0.25
-0.3359999999999994,-0.44355200000000017,0.5564479999999998,0.25
-0.3279999999999994,-0.4462080000000002,0.5537919999999998,0.25
-0.3200000000000003,-0.4487999999999999,0.5512000000000001,0.25
-0.3120000000000003,-0.4513279999999999,0.548672,0.25
-0.30400000000000027,-0.4537919999999999,0.546208,0.25
-0.29600000000000026,-0.45619199999999993,0.5438080000000001,0.25
-0.28800000000000026,-0.45852799999999994,0.5414720000000001,0.25
-0.28000000000000025,-0.46079999999999993,0.5392000000000001,0.25
-0.27200000000000024,-0.4630079999999999,0.536992,0.25
-0.26400000000000023,-0.46515199999999995,0.5348480000000001,0.25
-0.2560000000000002,-0.4672319999999999,0.532768,0.25
-0.24800000000000022,-0.46924799999999994,0.530752,0.25
-0.2400000000000002,-0.47119999999999995,0.5288,0.25
-0.2320000000000002,-0.47308799999999995,0.526912,0.25
-0.2240000000000002,-0.47491199999999995,0.525088,0.25
-0.2160000000000002,-0.476672,0.523328,0.25
-0.20800000000000018,-0.47836799999999996,0.5216320000000001,0.25
-0.20000000000000018,-0.48,0.52,0.25
-0.19200000000000017,-0.481568,0.518432,0.25
-0.18400000000000016,-0.48307199999999995,0.516928,0.25
-0.17600000000000016,-0.484512,0.5154880000000001,0.25
-0.16800000000000015,-0.485888,0.514112,0.25
-0.16000000000000014,-0.48719999999999997,0.5128,0.25
-0.15200000000000014,-0.488448,0.511552,0.25
-0.14400000000000013,-0.48963199999999996,0.510368,0.25
-0.13600000000000012,-0.49075199999999997,0.509248,0.25
-0.1280000000000001,-0.49180799999999997,0.508192,0.25
-0.1200000000000001,-0.49279999999999996,0.5072,0.25
-0.1120000000000001,-0.493728,0.506272,0.25
-0.10400000000000009,-0.494592,0.505408,0.25
-0.09600000000000009,-0.495392,0.5046080000000001,0.25
-0.08800000000000008,-0.496128,0.503872,0.25
-0.08000000000000007,-0.4968,0.5032,0.25
-0.07200000000000006,-0.497408,0.502592,0.25
-0.06400000000000006,-0.497952,0.502048,0.25
-0.05600000000000005,-0.498432,0.501568,0.25
-0.04800000000000004,-0.498848,0.501152,0.25
-0.040000000000000036,-0.4992,0.5008,0.25
-0.03200000000000003,-0.499488,0.500512,0.25
-0.02400000000000002,-0.499712,0.500288,0.25
-0.016000000000000014,-0.499872,0.500128,0.25
-0.008000000000000007,-0.499968,0.500032,0.25
0.0,-0.5,0.5,0.25
0.008000000000000895,-0.49996799999999997,0.500032,0.25
0.016000000000000014,-0.499872,0.500128,0.25
0.02400000000000091,-0.499712,0.5002880000000001,0.25
0.03200000000000003,-0.499488,0.500512,0.25
0.040000000000000924,-0.4992,0.5008,0.25
0.04800000000000004,-0.498848,0.501152,0.25
0.05600000000000094,-0.49843199999999993,0.501568,0.25
0.06400000000000006,-0.497952,0.502048,0.25
0.07200000000000095,-0.4974079999999999,0.502592,0.25
0.08000000000000007,-0.4968,0.5032,0.25
0.08800000000000097,-0.4961279999999999,0.5038720000000001,0.25
0.09600000000000009,-0.495392,0.5046080000000001,0.25
0.10400000000000098,-0.4945919999999999,0.5054080000000001,0.25
0.1120000000000001,-0.493728,0.506272,0.25
0.120000000000001,-0.4927999999999999,0.5072000000000001,0.25
0.1280000000000001,-0.49180799999999997,0.508192,0.25
0.136000000000001,-0.49075199999999986,0.5092480000000001,0.25
0.14400000000000013,-0.48963199999999996,0.510368,0.25
0.15200000000000102,-0.4884479999999998,0.5115520000000001,0.25
0.16000000000000014,-0.48719999999999997,0.5128,0.25
0.16800000000000104,-0.4858879999999998,0.5141120000000001,0.25
0.17600000000000016,-0.484512,0.5154880000000001,0.25
0.18400000000000105,-0.48307199999999983,0.5169280000000002,0.25
0.19200000000000017,-0.481568,0.518432,0.25
0.1999999999999993,-0.48000000000000015,0.5199999999999999,0.25
0.20800000000000018,-0.47836799999999996,0.5216320000000001,0.25
0.2159999999999993,-0.47667200000000015,0.5233279999999998,0.25
0.2240000000000002,-0.47491199999999995,0.525088,0.25
0.23199999999999932,-0.4730880000000002,0.5269119999999998,0.25
0.2400000000000002,-0.47119999999999995,0.5288,0.25
0.24799999999999933,-0.46924800000000016,0.5307519999999999,0.25
0.2560000000000002,-0.4672319999999999,0.532768,0.25
0.26399999999999935,-0.4651520000000002,0.5348479999999999,0.25
0.27200000000000024,-0.4630079999999999,0.536992,0.25
0.27999999999999936,-0.4608000000000002,0.5391999999999998,0.25
0.28800000000000026,-0.45852799999999994,0.5414720000000001,0.25
0.2959999999999994,-0.4561920000000002,0.5438079999999998,0.25
0.30400000000000027,-0.4537919999999999,0.546208,0.25
0.3119999999999994,-0.4513280000000002,0.5486719999999998,0.25
0.3200000000000003,-0.4487999999999999,0.5512000000000001,0.25
0.3279999999999994,-0.4462080000000002,0.5537919999999998,0.25
0.3360000000000003,-0.4435519999999999,0.556448,0.25
0.3439999999999994,-0.4408320000000002,0.5591679999999998,0.25
0.3520000000000003,-0.4380479999999999,0.5619520000000001,0.25
0.35999999999999943,-0.4352000000000002,0.5647999999999997,0.25
0.3680000000000003,-0.4322879999999999,0.5677120000000001,0.25
0.37599999999999945,-0.4293120000000002,0.5706879999999998,0.25
0.38400000000000034,-0.4262719999999999,0.5737280000000001,0.25
0.39199999999999946,-0.4231680000000002,0.5768319999999998,0.25
0.40000000000000036,-0.4199999999999999,0.5800000000000002,0.25
0.4079999999999995,-0.4167680000000002,0.5832319999999998,0.25
0.41600000000000037,-0.41347199999999984,0.5865280000000002,0.25
0.4239999999999995,-0.4101120000000002,0.5898879999999997,0.25
0.4320000000000004,-0.4066879999999998,0.5933120000000002,0.25
0.4399999999999995,-0.4032000000000002,0.5967999999999998,0.25
0.4480000000000004,-0.39964799999999984,0.6003520000000002,0.25
0.4559999999999995,-0.3960320000000002,0.6039679999999998,0.25
0.4640000000000004,-0.3923519999999998,0.6076480000000002,0.25
0.47199999999999953,-0.38860800000000023,0.6113919999999998,0.25
0.4800000000000004,-0.3847999999999998,0.6152000000000002,0.25
0.48799999999999955,-0.3809280000000002,0.6190719999999997,0.25
0.49600000000000044,-0.37699199999999977,0.6230080000000002,0.25
0.5039999999999996,-0.3729920000000002,0.6270079999999998,0.25
0.5120000000000005,-0.36892799999999976,0.6310720000000003,0.25
0.5199999999999996,-0.36480000000000024,0.6351999999999998,0.25
0.5280000000000005,-0.36060799999999976,0.6393920000000002,0.25
0.5359999999999996,-0.3563520000000002,0.6436479999999998,0.25
0.5440000000000005,-0.35203199999999973,0.6479680000000003,0.25
0.5519999999999996,-0.3476480000000002,0.6523519999999998,0.25
0.5600000000000005,-0.3431999999999997,0.6568000000000003,0.25
0.5679999999999996,-0.3386880000000002,0.6613119999999998,0.25
0.5760000000000005,-0.33411199999999974,0.6658880000000003,0.25
0.5839999999999996,-0.3294720000000002,0.6705279999999998,0.25
0.5920000000000005,-0.3247679999999997,0.6752320000000003,0.25
0.5999999999999996,-0.3200000000000002,0.6799999999999998,0.25
0.6080000000000005,-0.31516799999999967,0.6848320000000003,0.25
0.6159999999999997,-0.3102720000000002,0.6897279999999998,0.25
0.6240000000000006,-0.3053119999999997,0.6946880000000003,0.25
0.6319999999999997,-0.3002880000000002,0.6997119999999998,0.25
0.6400000000000006,-0.29519999999999963,0.7048000000000003,0.25
0.6479999999999997,-0.2900480000000002,0.7099519999999998,0.25
0.6560000000000006,-0.28483199999999964,0.7151680000000004,0.25
0.6639999999999997,-0.2795520000000002,0.7204479999999998,0.25
0.6720000000000006,-0.27420799999999956,0.7257920000000004,0.25
0.6799999999999997,-0.2688000000000002,0.7311999999999999,0.25
0.6880000000000006,-0.26332799999999956,0.7366720000000004,0.25
0.6959999999999997,-0.2577920000000002,0.7422079999999998,0.25
0.7040000000000006,-0.2521919999999995,0.7478080000000005,0.25
0.7119999999999997,-0.2465280000000002,0.7534719999999998,0.25
0.7200000000000006,-0.24079999999999951,0.7592000000000005,0.25
0.7279999999999998,-0.23500800000000016,0.7649919999999999,0.25
0.7360000000000007,-0.22915199999999952,0.7708480000000004,0.25
0.7439999999999998,-0.22323200000000015,0.7767679999999999,0.25
0.7520000000000007,-0.2172479999999995,0.7827520000000006,0.25
0.7599999999999998,-0.21120000000000017,0.7887999999999998,0.25
0.7680000000000007,-0.2050879999999995,0.7949120000000005,0.25
0.7759999999999998,-0.19891200000000014,0.8010879999999998,0.25
0.7840000000000007,-0.19267199999999945,0.8073280000000005,0.25
0.7919999999999998,-0.18636800000000014,0.8136319999999999,0.25
0.8000000000000007,-0.17999999999999944,0.8200000000000005,0.25
0.8079999999999998,-0.1735680000000001,0.8264319999999998,0.25
0.8160000000000007,-0.1670719999999994,0.8329280000000006,0.25
0.8239999999999998,-0.16051200000000015,0.8394879999999998,0.25
0.8320000000000007,-0.15388799999999936,0.8461120000000006,0.25
0.8399999999999999,-0.1472000000000001,0.8527999999999999,0.25
0.8480000000000008,-0.14044799999999935,0.8595520000000006,0.25
0.8559999999999999,-0.13363200000000008,0.8663679999999999,0.25
0.8640000000000008,-0.1267519999999993,0.8732480000000007,0.25
0.8719999999999999,-0.11980800000000008,0.8801919999999999,0.25
0.8800000000000008,-0.11279999999999929,0.8872000000000007,0.25
0.8879999999999999,-0.1057280000000001,0.894272,0.25
0.8960000000000008,-0.09859199999999929,0.9014080000000007,0.25
0.9039999999999999,-0.09139200000000008,0.9086079999999999,0.25
0.9120000000000008,-0.08412799999999926,0.9158720000000007,0.25
0.9199999999999999,-0.07680000000000009,0.9231999999999999,0.25
0.9280000000000008,-0.06940799999999925,0.9305920000000008,0.25
0.9359999999999999,-0.06195200000000006,0.938048,0.25
0.9440000000000008,-0.0544319999999992,0.9455680000000009,0.25
0.952,-0.046848000000000056,0.953152,0.25
0.9600000000000009,-0.03919999999999918,0.9608000000000008,0.25
0.968,-0.031488000000000016,0.968512,0.25
0.9760000000000009,-0.023711999999999178,0.9762880000000008,0.25
0.984,-0.015871999999999997,0.984128,0.25
0.9920000000000009,-0.007967999999999142,0.9920320000000009,0.25
1.0,0.0,1.0,0.25
1.008000000000001,0.008032000000000927,1.008032000000001,0.25
1.016,0.01612800000000003,1.0161280000000001,0.25
1.024000000000001,0.024288000000000975,1.024288000000001,0.25
1.032,0.032511999999999985,1.032512,0.25
1.040000000000001,0.04080000000000095,1.0408000000000008,0.25
1.048,0.049152000000000085,1.049152,0.25
1.056000000000001,0.05756800000000095,1.057568000000001,0.25
1.064,0.0660480000000001,1.066048,0.25
1.072000000000001,0.07459200000000099,1.0745920000000009,0.25
1.08,0.08320000000000005,1.0832000000000002,0.25
1.088000000000001,0.09187200000000106,1.091872000000001,0.25
1.096,0.10060800000000014,1.1006080000000003,0.25
1.104000000000001,0.10940800000000106,1.109408000000001,0.25
1.112,0.11827200000000015,1.1182720000000002,0.25
1.120000000000001,0.1272000000000011,1.127200000000001,0.25
1.1280000000000001,0.1361920000000001,1.136192,0.25
1.136000000000001,0.14524800000000115,1.1452480000000012,0.25
1.1440000000000001,0.15436800000000017,1.1543680000000003,0.25
1.152000000000001,0.16355200000000114,1.163552000000001,0.25
1.1600000000000001,0.17280000000000018,1.1728,0.25
1.168000000000001,0.18211200000000116,1.1821120000000012,0.25
1.1760000000000002,0.1914880000000002,1.191488,0.25
1.184000000000001,0.20092800000000122,1.200928000000001,0.25
1.1920000000000002,0.21043200000000017,1.2104320000000002,0.25
1.200000000000001,0.2200000000000013,1.2200000000000013,0.25
1.2080000000000002,0.22963200000000017,1.229632,0.25
1.216000000000001,0.23932800000000132,1.2393280000000013,0.25
1.2240000000000002,0.2490880000000002,1.2490880000000002,0.25
1.2319999999999993,0.25891199999999914,1.2589119999999991,0.25
1.2400000000000002,0.26880000000000026,1.2688000000000001,0.25
1.2479999999999993,0.2787519999999991,1.278751999999999,0.25
1.2560000000000002,0.28876800000000025,1.2887680000000001,0.25
1.2639999999999993,0.2988479999999992,1.2988479999999991,0.25
1.2720000000000002,0.30899200000000027,1.3089920000000004,0.25
1.2799999999999994,0.31919999999999915,1.319199999999999,0.25
1.2880000000000003,0.3294720000000003,1.3294720000000004,0.25
1.2959999999999994,0.3398079999999992,1.3398079999999992,0.25
1.3040000000000003,0.3502080000000003,1.3502080000000003,0.25
1.3119999999999994,0.3606719999999992,1.3606719999999992,0.25
1.3200000000000003,0.3712000000000004,1.3712000000000004,0.25
1.3279999999999994,0.38179199999999924,1.3817919999999992,0.25
1.3360000000000003,0.39244800000000035,1.3924480000000004,0.25
1.3439999999999994,0.4031679999999992,1.403167999999999,0.25
1.3520000000000003,0.41395200000000043,1.4139520000000005,0.25
1.3599999999999994,0.4247999999999992,1.4247999999999992,0.25
1.3680000000000003,0.43571200000000043,1.4357120000000005,0.25
1.3759999999999994,0.4466879999999992,1.446687999999999,0.25
1.3840000000000003,0.45772800000000047,1.4577280000000004,0.25
1.3919999999999995,0.46883199999999925,1.4688319999999992,0.25
1.4000000000000004,0.48000000000000054,1.4800000000000004,0.25
1.4079999999999995,0.4912319999999992,1.4912319999999992,0.25
1.4160000000000004,0.5025280000000005,1.5025280000000005,0.25
1.4239999999999995,0.5138879999999992,1.5138879999999992,0.25
1.4320000000000004,0.5253120000000004,1.5253120000000004,0.25
1.4399999999999995,0.5367999999999993,1.5367999999999993,0.25
1.4480000000000004,0.5483520000000006,1.5483520000000006,0.25
1.4559999999999995,0.5599679999999994,1.5599679999999994,0.25
1.4640000000000004,0.5716480000000006,1.5716480000000006,0.25
1.4719999999999995,0.5833919999999992,1.5833919999999992,0.25
1.4800000000000004,0.5952000000000006,1.5952000000000006,0.25
1.4879999999999995,0.6070719999999994,1.6070719999999994,0.25
1.4960000000000004,0.6190080000000007,1.6190080000000007,0.25
1.5039999999999996,0.6310079999999993,1.6310079999999993,0.25
1.5120000000000005,0.6430720000000008,1.6430720000000008,0.25
1.5199999999999996,0.6551999999999993,1.6551999999999993,0.25
1.5280000000000005,0.6673920000000007,1.6673920000000007,0.25
1.5359999999999996,0.6796479999999994,1.6796479999999994,0.25
1.5440000000000005,0.6919680000000008,1.6919680000000008,0.25
1.5519999999999996,0.7043519999999994,1.7043519999999994,0.25
1.5600000000000005,0.7168000000000008,1.7168000000000008,0.25
1.5679999999999996,0.7293119999999993,1.7293119999999993,0.25
1.5760000000000005,0.7418880000000008,1.7418880000000008,0.25
1.5839999999999996,0.7545279999999994,1.7545279999999994,0.25
1.5920000000000005,0.7672320000000008,1.7672320000000008,0.25
1.5999999999999996,0.7799999999999994,1.7799999999999994,0.25
1.6080000000000005,0.7928320000000009,1.7928320000000009,0.25
1.6159999999999997,0.8057279999999996,1.8057279999999996,0.25
1.6240000000000006,0.818688000000001,1.818688000000001,0.25
1.6319999999999997,0.8317119999999996,1.8317119999999996,0.25
1.6400000000000006,0.8448000000000009,1.8448000000000009,0.25
1.6479999999999997,0.8579519999999994,1.8579519999999994,0.25
1.6560000000000006,0.871168000000001,1.871168000000001,0.25
1.6639999999999997,0.8844479999999995,1.8844479999999995,0.25
1.6720000000000006,0.897792000000001,1.897792000000001,0.25
1.6799999999999997,0.9111999999999996,1.9111999999999996,0.25
1.6880000000000006,0.924672000000001,1.924672000000001,0.25
1.6959999999999997,0.9382079999999995,1.9382079999999995,0.25
1.7040000000000006,0.9518080000000011,1.951808000000001,0.25
1.7119999999999997,0.9654719999999997,1.9654719999999997,0.25
1.7200000000000006,0.9792000000000012,1.9792000000000012,0.25
1.7279999999999998,0.9929919999999997,1.9929919999999997,0.25
1.7360000000000007,1.006848000000001,2.006848000000001,0.25
1.7439999999999998,1.0207679999999997,2.0207679999999995,0.25
1.7520000000000007,1.0347520000000012,2.034752000000001,0.25
1.7599999999999998,1.0487999999999997,2.0488,0.25
1.7680000000000007,1.0629120000000012,2.062912000000001,0.25
1.7759999999999998,1.0770879999999996,2.077088,0.25
1.7840000000000007,1.0913280000000012,2.091328000000001,0.25
1.7919999999999998,1.1056319999999997,2.105632,0.25
1.8000000000000007,1.1200000000000012,2.120000000000001,0.25
1.8079999999999998,1.1344319999999997,2.1344319999999994,0.25
1.8160000000000007,1.1489280000000013,2.1489280000000015,0.25
1.8239999999999998,1.1634879999999996,2.1634879999999996,0.25
1.8320000000000007,1.1781120000000014,2.1781120000000014,0.25
1.8399999999999999,1.1927999999999996,2.1927999999999996,0.25
1.8480000000000008,1.2075520000000013,2.2075520000000015,0.25
1.8559999999999999,1.2223679999999997,2.2223679999999995,0.25
1.8640000000000008,1.2372480000000015,2.2372480000000015,0.25
1.8719999999999999,1.2521919999999997,2.252192,0.25
1.8800000000000008,1.2672000000000014,2.2672000000000017,0.25
1.888,1.2822719999999999,2.282272,0.25
1.8960000000000008,1.2974080000000014,2.2974080000000017,0.25
1.904,1.3126079999999998,2.312608,0.25
1.9120000000000008,1.3278720000000015,2.3278720000000015,0.25
1.92,1.3432,2.3432,0.25
1.9280000000000008,1.3585920000000016,2.3585920000000016,0.25
1.936,1.374048,2.374048,0.25
1.9440000000000008,1.3895680000000017,2.3895680000000015,0.25
1.952,1.405152,2.405152,0.25
1.9600000000000009,1.4208000000000016,2.4208000000000016,0.25
1.968,1.436512,2.436512,0.25
1.9760000000000009,1.4522880000000018,2.452288000000002,0.25
1.984,1.4681279999999999,2.468128,0.25
1.9920000000000009,1.4840320000000018,2.484032000000002,0.25
2.0,1.5,2.5,0.25
2.008000000000001,1.5160320000000018,2.516032000000002,0.25
2.016,1.5321280000000002,2.532128,0.25
2.024000000000001,1.5482880000000017,2.5482880000000017,0.25
2.032,1.5645120000000001,2.564512,0.25
2.040000000000001,1.5808000000000018,2.5808000000000018,0.25
2.048,1.597152,2.597152,0.25
2.056000000000001,1.6135680000000021,2.613568000000002,0.25
2.064,1.630048,2.630048,0.25
2.072000000000001,1.6465920000000018,2.646592000000002,0.25
2.08,1.6632000000000002,2.6632000000000002,0.25
2.088000000000001,1.6798720000000018,2.679872000000002,0.25
2.096,1.6966080000000003,2.6966080000000003,0.25
2.104000000000001,1.713408000000002,2.713408000000002,0.25
2.112,1.7302720000000003,2.7302720000000003,0.25
2.120000000000001,1.747200000000002,2.747200000000002,0.25
2.128,1.7641920000000004,2.7641920000000004,0.25
2.136000000000001,1.781248000000002,2.781248000000002,0.25
2.144,1.7983680000000004,2.7983680000000004,0.25
2.152000000000001,1.815552000000002,2.815552000000002,0.25
2.16,1.8328000000000002,2.8328,0.25
2.168000000000001,1.8501120000000024,2.8501120000000024,0.25
2.176,1.8674880000000003,2.8674880000000003,0.25
2.184000000000001,1.8849280000000022,2.884928000000002,0.25
2.192,1.9024320000000006,2.9024320000000006,0.25
2.200000000000001,1.9200000000000021,2.920000000000002,0.25
2.208,1.9376320000000002,2.9376320000000002,0.25
2.216000000000001,1.9553280000000024,2.9553280000000024,0.25
2.224,1.9730880000000006,2.9730880000000006,0.25
2.232000000000001,1.9909120000000025,2.9909120000000025,0.25
2.24,2.0088000000000004,3.0088000000000004,0.25
2.2479999999999993,2.0267519999999983,3.0267519999999983,0.25
2.2560000000000002,2.0447680000000004,3.0447680000000004,0.25
2.2639999999999993,2.0628479999999985,3.0628479999999985,0.25
2.2720000000000002,2.0809920000000006,3.0809920000000006,0.25
2.2799999999999994,2.0991999999999984,3.0991999999999984,0.25
2.2880000000000003,2.1174720000000007,3.1174720000000007,0.25
2.2959999999999994,2.1358079999999986,3.1358079999999986,0.25
2.3040000000000003,2.1542080000000006,3.1542080000000006,0.25
2.3119999999999994,2.1726719999999986,3.1726719999999986,0.25
2.3200000000000003,2.1912000000000007,3.1912000000000007,0.25
2.3279999999999994,2.2097919999999984,3.2097919999999984,0.25
2.3360000000000003,2.2284480000000007,3.2284480000000007,0.25
2.3439999999999994,2.2471679999999985,3.2471679999999985,0.25
2.3520000000000003,2.265952000000001,3.265952000000001,0.25
2.3599999999999994,2.284799999999999,3.284799999999999,0.25
2.3680000000000003,2.303712000000001,3.303712000000001,0.25
2.3759999999999994,2.3226879999999985,3.3226879999999985,0.25
2.3840000000000003,2.3417280000000007,3.3417280000000007,0.25
2.3919999999999995,2.3608319999999985,3.3608319999999985,0.25
2.4000000000000004,2.380000000000001,3.380000000000001,0.25
2.4079999999999995,2.3992319999999987,3.3992319999999987,0.25
2.4160000000000004,2.4185280000000007,3.4185280000000007,0.25
2.4239999999999995,2.4378879999999987,3.4378879999999987,0.25
2.4320000000000004,2.457312000000001,3.457312000000001,0.25
2.4399999999999995,2.476799999999999,3.476799999999999,0.25
2.4480000000000004,2.496352000000001,3.496352000000001,0.25
2.4559999999999995,2.5159679999999986,3.5159679999999986,0.25
2.4640000000000004,2.535648000000001,3.535648000000001,0.25
2.4719999999999995,2.555391999999999,3.555391999999999,0.25
2.4800000000000004,2.575200000000001,3.575200000000001,0.25
2.4879999999999995,2.5950719999999987,3.5950719999999987,0.25
2.4960000000000004,2.615008000000001,3.615008000000001,0.25
2.5039999999999996,2.6350079999999987,3.6350079999999987,0.25
2.5120000000000005,2.655072000000001,3.655072000000001,0.25
2.5199999999999996,2.675199999999999,3.675199999999999,0.25
2.5280000000000005,2.6953920000000013,3.6953920000000013,0.25
2.5359999999999996,2.715647999999999,3.715647999999999,0.25
2.5440000000000005,2.735968000000001,3.735968000000001,0.25
2.5519999999999996,2.756351999999999,3.756351999999999,0.25
2.5600000000000005,2.7768000000000015,3.7768000000000015,0.25
2.5679999999999996,2.797311999999999,3.797311999999999,0.25
2.5760000000000005,2.8178880000000013,3.8178880000000013,0.25
2.5839999999999996,2.838527999999999,3.838527999999999,0.25
2.5920000000000005,2.8592320000000013,3.8592320000000013,0.25
2.5999999999999996,2.879999999999999,3.879999999999999,0.25
2.6080000000000005,2.900832000000001,3.900832000000001,0.25
2.6159999999999997,2.921727999999999,3.921727999999999,0.25
2.6240000000000006,2.9426880000000013,3.9426880000000013,0.25
2.6319999999999997,2.9637119999999992,3.9637119999999992,0.25
2.6400000000000006,2.9848000000000017,3.9848000000000017,0.25
2.6479999999999997,3.0059519999999993,4.005951999999999,0.25
2.6560000000000006,3.0271680000000014,4.027168000000001,0.25
2.6639999999999997,3.048447999999999,4.048447999999999,0.25
2.6720000000000006,3.0697920000000014,4.069792000000001,0.25
2.6799999999999997,3.0911999999999993,4.091199999999999,0.25
2.6880000000000006,3.1126720000000017,4.112672000000002,0.25
2.6959999999999997,3.134207999999999,4.134207999999999,0.25
2.7040000000000006,3.1558080000000017,4.155808000000002,0.25
2.7119999999999997,3.1774719999999994,4.177472,0.25
2.7200000000000006,3.1992000000000016,4.199200000000001,0.25
2.7279999999999998,3.2209919999999994,4.220991999999999,0.25
2.7360000000000007,3.2428480000000017,4.242848000000002,0.25
2.7439999999999998,3.2647679999999992,4.264767999999999,0.25
2.7520000000000007,3.2867520000000017,4.286752000000002,0.25
2.76,3.3087999999999993,4.3088,0.25
2.7680000000000007,3.330912000000002,4.330912000000001,0.25
2.776,3.3530879999999996,4.353088,0.25
2.7840000000000007,3.375328000000002,4.375328000000001,0.25
2.792,3.3976319999999993,4.397632,0.25
2.8000000000000007,3.420000000000002,4.420000000000002,0.25
2.808,3.4424319999999997,4.442432,0.25
2.8160000000000007,3.4649280000000022,4.464928000000002,0.25
2.824,3.4874879999999995,4.487487999999999,0.25
2.8320000000000007,3.510112000000002,4.510112000000002,0.25
2.84,3.5328,4.5328,0.25
2.8480000000000008,3.5555520000000023,4.555552000000002,0.25
2.856,3.5783679999999993,4.578367999999999,0.25
2.8640000000000008,3.601248000000002,4.601248000000002,0.25
2.872,3.624192,4.624192,0.25
2.880000000000001,3.6472000000000024,4.647200000000002,0.25
2.888,3.6702719999999998,4.670272,0.25
2.896000000000001,3.6934080000000025,4.6934080000000025,0.25
2.904,3.716608,4.716608,0.25
2.912000000000001,3.7398720000000027,4.739872000000003,0.25
2.92,3.7631999999999994,4.763199999999999,0.25
2.928000000000001,3.7865920000000024,4.786592000000002,0.25
2.936,3.810048,4.810048,0.25
2.944000000000001,3.8335680000000023,4.833568000000002,0.25
2.952,3.857152,4.857152,0.25
2.960000000000001,3.8808000000000025,4.8808000000000025,0.25
2.968,3.9045119999999995,4.9045119999999995,0.25
2.976000000000001,3.928288000000003,4.928288000000003,0.25
2.984,3.952128,4.952128,0.25
2.992000000000001,3.9760320000000027,4.976032000000003,0.25
3.0,4.0,5.0,0.25
3.008000000000001,4.024032000000003,5.024032000000003,0.25
3.016,4.048128,5.048128,0.25
3.024000000000001,4.072288000000003,5.072288000000003,0.25
3.032,4.096512,5.096512,0.25
3.040000000000001,4.120800000000003,5.120800000000003,0.25
3.048,4.145152,5.145152,0.25
3.056000000000001,4.169568000000003,5.169568000000003,0.25
3.064,4.194048,5.194048,0.25
3.072000000000001,4.218592000000003,5.218592000000003,0.25
3.08,4.2432,5.2432,0.25
3.088000000000001,4.267872000000003,5.267872000000003,0.25
3.096,4.292608,5.292608,0.25
3.104000000000001,4.317408000000003,5.317408000000003,0.25
3.112,4.342272,5.342272,0.25
3.120000000000001,4.367200000000003,5.367200000000003,0.25
3.128,4.3921920000000005,5.3921920000000005,0.25
3.136000000000001,4.417248000000003,5.417248000000003,0.25
3.144,4.442368,5.442368,0.25
3.152000000000001,4.467552000000003,5.467552000000003,0.25
3.16,4.492800000000001,5.492800000000001,0.25
3.168000000000001,4.518112000000003,5.518112000000003,0.25
3.176,4.543488000000001,5.543488000000001,0.25
3.184000000000001,4.568928000000003,5.568928000000003,0.25
3.192,4.594432,5.594432,0.25
3.200000000000001,4.620000000000004,5.620000000000004,0.25
3.208,4.645632000000001,5.645632000000001,0.25
3.216000000000001,4.6713280000000035,5.6713280000000035,0.25
3.224,4.697088000000001,5.697088000000001,0.25
3.232000000000001,4.7229120000000036,5.7229120000000036,0.25
3.24,4.748800000000001,5.748800000000001,0.25
3.248000000000001,4.774752000000004,5.774752000000004,0.25
3.2560000000000002,4.800768000000001,5.800768000000001,0.25
3.2639999999999993,4.826847999999998,5.826847999999998,0.25
3.2720000000000002,4.852992,5.852992,0.25
3.2799999999999994,4.879199999999998,5.879199999999998,0.25
3.2880000000000003,4.9054720000000005,5.9054720000000005,0.25
3.2959999999999994,4.9318079999999975,5.9318079999999975,0.25
3.3040000000000003,4.958208000000001,5.958208000000001,0.25
3.3119999999999994,4.984671999999998,5.984671999999998,0.25
3.3200000000000003,5.0112000000000005,6.0112000000000005,0.25
3.3279999999999994,5.037791999999998,6.037791999999998,0.25
3.3360000000000003,5.064448000000001,6.064448000000001,0.25
3.3439999999999994,5.091167999999998,6.091167999999998,0.25
3.3520000000000003,5.117952000000001,6.117952000000001,0.25
3.3599999999999994,5.144799999999998,6.144799999999998,0.25
3.3680000000000003,5.171712000000001,6.171712000000001,0.25
3.3759999999999994,5.198687999999998,6.198687999999998,0.25
3.3840000000000003,5.225728000000001,6.225728000000001,0.25
3.3919999999999995,5.252831999999998,6.252831999999998,0.25
3.4000000000000004,5.280000000000001,6.280000000000001,0.25
3.4079999999999995,5.307231999999998,6.307231999999998,0.25
3.4160000000000004,5.3345280000000015,6.3345280000000015,0.25
3.4239999999999995,5.361887999999999,6.361887999999999,0.25
3.4320000000000004,5.389312000000001,6.389312000000001,0.25
3.4399999999999995,5.4167999999999985,6.4167999999999985,0.25
3.4480000000000004,5.444352000000001,6.444352000000001,0.25
3.4559999999999995,5.471967999999999,6.471967999999999,0.25
3.4640000000000004,5.499648000000001,6.499648000000001,0.25
3.4719999999999995,5.527391999999998,6.527391999999998,0.25
3.4800000000000004,5.555200000000002,6.555200000000002,0.25
3.4879999999999995,5.583071999999999,6.583071999999999,0.25
3.4960000000000004,5.611008000000002,6.611008000000002,0.25
3.5039999999999996,5.639007999999999,6.639007999999999,0.25
3.5120000000000005,5.667072000000002,6.667072000000002,0.25
3.5199999999999996,5.695199999999999,6.695199999999999,0.25
3.5280000000000005,5.723392000000001,6.723392000000001,0.25
3.5359999999999996,5.7516479999999985,6.7516479999999985,0.25
3.5440000000000005,5.779968000000002,6.779968000000002,0.25
3.5519999999999996,5.808351999999998,6.808351999999998,0.25
3.5600000000000005,5.836800000000002,6.836800000000002,0.25
3.5679999999999996,5.8653119999999985,6.8653119999999985,0.25
3.5760000000000005,5.893888000000002,6.893888000000002,0.25
3.5839999999999996,5.922527999999999,6.922527999999999,0.25
3.5920000000000005,5.951232000000002,6.951232000000002,0.25
3.5999999999999996,5.979999999999999,6.979999999999999,0.25
3.6080000000000005,6.008832000000002,7.008832000000002,0.25
3.6159999999999997,6.037727999999999,7.037727999999999,0.25
3.6240000000000006,6.066688000000002,7.066688000000002,0.25
3.6319999999999997,6.095711999999999,7.095711999999999,0.25
3.6400000000000006,6.124800000000002,7.124800000000002,0.25
3.6479999999999997,6.1539519999999985,7.1539519999999985,0.25
3.6560000000000006,6.183168000000002,7.183168000000002,0.25
3.6639999999999997,6.212447999999999,7.212447999999999,0.25
3.6720000000000006,6.241792000000002,7.241792000000002,0.25
3.6799999999999997,6.2711999999999986,7.2711999999999986,0.25
3.6880000000000006,6.300672000000002,7.300672000000002,0.25
3.6959999999999997,6.330207999999999,7.330207999999999,0.25
3.7040000000000006,6.359808000000002,7.359808000000002,0.25
3.7119999999999997,6.389471999999999,7.389471999999999,0.25
3.7200000000000006,6.419200000000003,7.419200000000003,0.25
3.7279999999999998,6.448991999999999,7.448991999999999,0.25
3.7360000000000007,6.478848000000003,7.478848000000003,0.25
3.7439999999999998,6.508767999999999,7.508767999999999,0.25
3.7520000000000007,6.538752000000002,7.538752000000002,0.25
3.76,6.5687999999999995,7.5687999999999995,0.25
3.7680000000000007,6.598912000000003,7.598912000000003,0.25
3.776,6.629087999999999,7.629087999999999,0.25
3.7840000000000007,6.659328000000003,7.659328000000003,0.25
3.792,6.689632,7.689632,0.25
3.8000000000000007,6.720000000000002,7.720000000000002,0.25
3.808,6.750431999999999,7.750431999999999,0.25
3.8160000000000007,6.780928000000003,7.780928000000003,0.25
3.824,6.811488,7.811488,0.25
3.8320000000000007,6.842112000000003,7.842112000000003,0.25
3.84,6.8728,7.8728,0.25
3.8480000000000008,6.903552000000003,7.903552000000003,0.25
3.856,6.934367999999999,7.934367999999999,0.25
3.8640000000000008,6.9652480000000025,7.9652480000000025,0.25
3.872,6.996192,7.996192,0.25
3.880000000000001,7.027200000000003,8.027200000000004,0.25
3.888,7.058272,8.058271999999999,0.25
3.896000000000001,7.089408000000003,8.089408000000002,0.25
3.904,7.120608,8.120608,0.25
3.912000000000001,7.151872000000004,8.151872000000004,0.25
3.92,7.183199999999999,8.1832,0.25
3.928000000000001,7.214592000000003,8.214592000000003,0.25
3.936,7.246048,8.246048,0.25
3.944000000000001,7.277568000000003,8.277568000000002,0.25
3.952,7.309152,8.309152000000001,0.25
3.960000000000001,7.340800000000003,8.340800000000003,0.25
3.968,7.3725119999999995,8.372512,0.25
3.976000000000001,7.404288000000004,8.404288000000005,0.25
3.984,7.436128,8.436128,0.25
3.992000000000001,7.468032000000004,8.468032000000004,0.25
4.0,7.5,8.5,0.25
4.008000000000001,7.532032000000003,8.532032000000003,0.25
4.016,7.564128,8.564128,0.25
4.024000000000001,7.596288000000003,8.596288000000003,0.25
4.032,7.628512000000001,8.628512,0.25
4.040000000000001,7.660800000000004,8.660800000000004,0.25
4.048,7.6931519999999995,8.693152,0.25
4.056000000000001,7.725568000000004,8.725568000000004,0.25
4.064,7.7580480000000005,8.758048,0.25
4.072000000000001,7.790592000000004,8.790592000000004,0.25
4.08,7.8232,8.8232,0.25
4.088000000000001,7.855872000000003,8.855872000000003,0.25
4.096,7.888608,8.888608,0.25
4.104000000000001,7.921408000000005,8.921408000000005,0.25
4.112,7.954272,8.954272,0.25
4.120000000000001,7.987200000000005,8.987200000000005,0.25
4.128,8.020192,9.020192,0.25
4.136000000000001,8.053248000000004,9.053248000000004,0.25
4.144,8.086368,9.086368,0.25
4.152000000000001,8.119552000000004,9.119552000000004,0.25
4.16,8.152800000000001,9.152800000000001,0.25
4.168000000000001,8.186112000000005,9.186112000000005,0.25
4.176,8.219488,9.219488,0.25
4.184000000000001,8.252928000000004,9.252928000000004,0.25
4.192,8.286432000000001,9.286432000000001,0.25
4.200000000000001,8.320000000000004,9.320000000000004,0.25
4.208,8.353632000000001,9.353632000000001,0.25
4.216000000000001,8.387328000000004,9.387328000000004,0.25
4.224,8.421088000000001,9.421088000000001,0.25
4.232000000000001,8.454912000000004,9.454912000000004,0.25
4.24,8.488800000000001,9.488800000000001,0.25
4.248000000000001,8.522752000000004,9.522752000000004,0.25
4.256,8.556768000000002,9.556768000000002,0.25
4.264000000000001,8.590848000000005,9.590848000000005,0.25
4.272,8.624992,9.624992,0.25
4.280000000000001,8.659200000000006,9.659200000000006,0.25
4.288,8.693472000000002,9.693472000000002,0.25
4.295999999999999,8.727807999999998,9.727807999999998,0.25
4.304,8.762208000000001,9.762208000000001,0.25
4.311999999999999,8.796671999999997,9.796671999999997,0.25
4.32,8.8312,9.8312,0.25
4.327999999999999,8.865791999999997,9.865791999999997,0.25
4.336,8.900448,9.900448,0.25
4.343999999999999,8.935167999999997,9.935167999999997,0.25
4.352,8.969952000000001,9.969952000000001,0.25
4.359999999999999,9.004799999999998,10.004799999999998,0.25
4.368,9.039712000000002,10.039712000000002,0.25
4.3759999999999994,9.074687999999998,10.074687999999998,0.25
4.384,9.109728000000002,10.109728000000002,0.25
4.3919999999999995,9.144831999999997,10.144831999999997,0.25
4.4,9.180000000000001,10.180000000000001,0.25
4.4079999999999995,9.215231999999999,10.215231999999999,0.25
4.416,9.250528000000001,10.250528000000001,0.25
4.4239999999999995,9.285887999999998,10.285887999999998,0.25
4.432,9.321312000000002,10.321312000000002,0.25
4.4399999999999995,9.356799999999998,10.356799999999998,0.25
4.448,9.392352000000002,10.392352000000002,0.25
4.4559999999999995,9.427967999999998,10.427967999999998,0.25
4.464,9.463648000000003,10.463648000000003,0.25
4.4719999999999995,9.499391999999999,10.499391999999999,0.25
4.48,9.535200000000001,10.535200000000001,0.25
4.4879999999999995,9.571071999999997,10.571071999999997,0.25
4.496,9.607008000000002,10.607008000000002,0.25
4.504,9.643007999999998,10.643007999999998,0.25
4.5120000000000005,9.679072000000001,10.679072000000001,0.25
4.52,9.715199999999998,10.715199999999998,0.25
4.5280000000000005,9.751392000000003,10.751392000000003,0.25
4.536,9.787647999999999,10.787647999999999,0.25
4.5440000000000005,9.823968000000002,10.823968000000002,0.25
4.552,9.860351999999999,10.860351999999999,0.25
4.5600000000000005,9.896800000000002,10.896800000000002,0.25
4.568,9.933311999999999,10.933311999999999,0.25
4.5760000000000005,9.969888000000003,10.969888000000003,0.25
4.584,10.006527999999998,11.006527999999998,0.25
4.5920000000000005,10.043232000000003,11.043232000000003,0.25
4.6,10.079999999999998,11.079999999999998,0.25
4.6080000000000005,10.116832000000002,11.116832000000002,0.25
4.616,10.153728,11.153728,0.25
4.6240000000000006,10.190688000000003,11.190688000000003,0.25
4.632,10.227711999999999,11.227711999999999,0.25
4.640000000000001,10.264800000000003,11.264800000000003,0.25
4.648,10.301951999999998,11.301951999999998,0.25
4.656000000000001,10.339168000000003,11.339168000000003,0.25
4.664,10.376447999999998,11.376447999999998,0.25
4.672000000000001,10.413792000000003,11.413792000000003,0.25
4.68,10.451199999999998,11.451199999999998,0.25
4.688000000000001,10.488672000000003,11.488672000000003,0.25
4.696,10.526207999999999,11.526207999999999,0.25
4.704000000000001,10.563808000000003,11.563808000000003,0.25
4.712,10.601472,11.601472,0.25
4.720000000000001,10.639200000000002,11.639200000000002,0.25
4.728,10.676991999999998,11.676991999999998,0.25
4.736000000000001,10.714848000000003,11.714848000000003,0.25
4.744,10.752768,11.752768,0.25
4.752000000000001,10.790752000000003,11.790752000000003,0.25
4.76,10.8288,11.8288,0.25
4.768000000000001,10.866912000000003,11.866912000000003,0.25
4.776,10.905088,11.905088,0.25
4.784000000000001,10.943328000000003,11.943328000000003,0.25
4.792,10.981632,11.981632,0.25
4.800000000000001,11.020000000000003,12.020000000000003,0.25
4.808,11.058432,12.058432,0.25
4.816000000000001,11.096928000000004,12.096928000000004,0.25
4.824,11.135487999999999,12.135487999999999,0.25
4.832000000000001,11.174112000000003,12.174112000000003,0.25
4.84,11.2128,12.2128,0.25
4.848000000000001,11.251552000000004,12.251552000000004,0.25
4.856,11.290367999999999,12.290367999999999,0.25
4.864000000000001,11.329248000000003,12.329248000000003,0.25
4.872,11.368191999999999,12.368191999999999,0.25
4.880000000000001,11.407200000000003,12.407200000000003,0.25
4.888,11.446271999999999,12.446271999999999,0.25
4.896000000000001,11.485408000000003,12.485408000000003,0.25
4.904,11.524607999999999,12.524607999999999,0.25
4.912000000000001,11.563872000000003,12.563872000000003,0.25
4.92,11.6032,12.6032,0.25
4.928000000000001,11.642592000000004,12.642592000000004,0.25
4.936,11.682048,12.682048,0.25
4.944000000000001,11.721568000000005,12.721568000000005,0.25
4.952,11.761152,12.761152,0.25
4.960000000000001,11.800800000000004,12.800800000000004,0.25
4.968,11.840512,12.840512,0.25
4.976000000000001,11.880288000000004,12.880288000000004,0.25
4.984,11.920128,12.920128,0.25
4.992000000000001,11.960032000000004,12.960032000000004,0.25
5.0,12.0,13.0,0.25
5.008000000000001,12.040032000000004,13.040032000000004,0.25
5.016,12.080128,13.080128,0.25
5.024000000000001,12.120288000000004,13.120288000000004,0.25
5.032,12.160512,13.160512,0.25
5.040000000000001,12.200800000000005,13.200800000000005,0.25
5.048,12.241152,13.241152,0.25
5.056000000000001,12.281568000000005,13.281568000000005,0.25
5.064,12.322048,13.322048,0.25
5.072000000000001,12.362592000000005,13.362592000000005,0.25
5.08,12.4032,13.4032,0.25
5.088000000000001,12.443872000000004,13.443872000000004,0.25
5.096,12.484608,13.484608,0.25
5.104000000000001,12.525408000000006,13.525408000000006,0.25
5.112,12.566272,13.566272,0.25
5.120000000000001,12.607200000000006,13.607200000000006,0.25
5.128,12.648192,13.648192,0.25
5.136000000000001,12.689248000000005,13.689248000000005,0.25
5.144,12.730368,13.730368,0.25
5.152000000000001,12.771552000000005,13.771552000000005,0.25
5.16,12.812800000000001,13.812800000000001,0.25
5.168000000000001,12.854112000000006,13.854112000000006,0.25
5.176,12.895488,13.895488,0.25
5.184000000000001,12.936928000000005,13.936928000000005,0.25
5.192,12.978432000000002,13.978432000000002,0.25
5.200000000000001,13.020000000000005,14.020000000000005,0.25
5.208,13.061632000000001,14.061632000000001,0.25
5.216000000000001,13.103328000000005,14.103328000000005,0.25
5.224,13.145088000000001,14.145088000000001,0.25
5.232000000000001,13.186912000000005,14.186912000000005,0.25
5.24,13.228800000000001,14.228800000000001,0.25
5.248000000000001,13.270752000000005,14.270752000000005,0.25
5.256,13.312768000000002,14.312768000000002,0.25
5.264000000000001,13.354848000000006,14.354848000000006,0.25
5.272,13.396992000000001,14.396992000000001,0.25
5.280000000000001,13.439200000000007,14.439200000000007,0.25
5.288,13.481472000000002,14.481472000000002,0.25
5.296000000000001,13.523808000000006,14.523808000000006,0.25
5.304,13.566208000000001,14.566208000000001,0.25
5.312000000000001,13.608672000000006,14.608672000000006,0.25
5.32,13.651200000000001,14.651200000000001,0.25
5.327999999999999,13.693791999999997,14.693791999999997,0.25
5.336,13.736448000000001,14.736448000000001,0.25
5.343999999999999,13.779167999999997,14.779167999999997,0.25
5.352,13.821952000000001,14.821952000000001,0.25
5.359999999999999,13.864799999999997,14.864799999999997,0.25
5.368,13.907712000000002,14.907712000000002,0.25
5.3759999999999994,13.950687999999998,14.950687999999998,0.25
5.384,13.993728000000003,14.993728000000003,0.25
5.3919999999999995,14.036831999999997,15.036831999999997,0.25
5.4,14.080000000000002,15.080000000000002,0.25
5.4079999999999995,14.123231999999998,15.123231999999998,0.25
5.416,14.166528000000001,15.166528000000001,0.25
5.4239999999999995,14.209887999999998,15.209887999999998,0.25
5.432,14.253312000000003,15.253312000000003,0.25
5.4399999999999995,14.296799999999998,15.296799999999998,0.25
5.448,14.340352000000003,15.340352000000003,0.25
5.4559999999999995,14.383967999999998,15.383967999999998,0.25
5.464,14.427648000000003,15.427648000000003,0.25
5.4719999999999995,14.471391999999998,15.471391999999998,0.25
5.48,14.515200000000002,15.515200000000002,0.25
5.4879999999999995,14.559071999999997,15.559071999999997,0.25
5.496,14.603008000000003,15.603008000000003,0.25
5.504,14.647007999999998,15.647007999999998,0.25
5.5120000000000005,14.691072000000002,15.691072000000002,0.25
5.52,14.735199999999997,15.735199999999997,0.25
5.5280000000000005,14.779392000000003,15.779392000000003,0.25
5.536,14.823647999999999,15.823647999999999,0.25
5.5440000000000005,14.867968000000003,15.867968000000003,0.25
5.552,14.912351999999998,15.912351999999998,0.25
5.5600000000000005,14.956800000000003,15.956800000000003,0.25
5.568,15.001311999999999,16.001312,0.25
5.5760000000000005,15.045888000000003,16.045888000000005,0.25
5.584,15.090527999999997,16.090528,0.25
5.5920000000000005,15.135232000000004,16.135232000000002,0.25
5.6,15.179999999999998,16.18,0.25
5.6080000000000005,15.224832000000003,16.224832000000003,0.25
5.616,15.269727999999999,16.269728,0.25
5.6240000000000006,15.314688000000004,16.314688000000004,0.25
5.632,15.359711999999998,16.359712,0.25
5.640000000000001,15.404800000000003,16.4048,0.25
5.648,15.449951999999998,16.449951999999996,0.25
5.656000000000001,15.495168000000003,16.495168000000003,0.25
5.664,15.540447999999998,16.540447999999998,0.25
5.672000000000001,15.585792000000005,16.585792000000005,0.25
5.68,15.6312,16.6312,0.25
5.688000000000001,15.676672000000003,16.676672000000003,0.25
5.696,15.722207999999998,16.722208,0.25
5.704000000000001,15.767808000000002,16.767808000000002,0.25
5.712,15.813471999999997,16.813471999999997,0.25
5.720000000000001,15.859200000000005,16.859200000000005,0.25
5.728,15.904992,16.904992,0.25
5.736000000000001,15.950848000000004,16.950848000000004,0.25
5.744,15.996768,16.996768,0.25
5.752000000000001,16.042752000000004,17.042752000000004,0.25
5.76,16.0888,17.0888,0.25
5.768000000000001,16.134912000000003,17.134912000000003,0.25
5.776,16.181088,17.181088,0.25
5.784000000000001,16.227328000000004,17.227328000000004,0.25
5.792,16.273632,17.273632,0.25
5.800000000000001,16.320000000000004,17.320000000000004,0.25
5.808,16.366432,17.366432,0.25
5.816000000000001,16.412928000000004,17.412928000000004,0.25
5.824,16.459488,17.459488,0.25
5.832000000000001,16.506112000000005,17.506112000000005,0.25
5.84,16.552799999999998,17.552799999999998,0.25
5.848000000000001,16.599552000000003,17.599552000000003,0.25
5.856,16.646368,17.646368,0.25
5.864000000000001,16.693248000000004,17.693248000000004,0.25
5.872,16.740192,17.740192,0.25
5.880000000000001,16.787200000000006,17.787200000000006,0.25
5.888,16.834272,17.834272,0.25
5.896000000000001,16.881408000000004,17.881408000000004,0.25
5.904,16.928608,17.928608,0.25
5.912000000000001,16.975872000000006,17.975872000000006,0.25
5.92,17.0232,18.0232,0.25
5.928000000000001,17.070592000000005,18.070592000000005,0.25
5.936,17.118047999999998,18.118047999999998,0.25
5.944000000000001,17.165568000000004,18.165568000000004,0.25
5.952,17.213152,18.213152,0.25
5.960000000000001,17.260800000000007,18.260800000000007,0.25
5.968,17.308512,18.308512,0.25
5.976000000000001,17.356288000000006,18.356288000000006,0.25
5.984,17.404128,18.404128,0.25
5.992000000000001,17.452032000000006,18.452032000000006,0.25
6.0,17.5,18.5,0.25
6.008000000000001,17.548032000000006,18.548032000000006,0.25
6.016,17.596128,18.596128,0.25
6.024000000000001,17.644288000000007,18.644288000000007,0.25
6.032,17.692512,18.692512,0.25
6.040000000000001,17.740800000000007,18.740800000000007,0.25
6.048,17.789152,18.789152,0.25
6.056000000000001,17.837568000000005,18.837568000000005,0.25
6.064,17.886048,18.886048,0.25
6.072000000000001,17.934592000000006,18.934592000000006,0.25
6.08,17.9832,18.9832,0.25
6.088000000000001,18.031872000000007,19.031872000000007,0.25
6.096,18.080608,19.080608,0.25
6.104000000000001,18.129408000000005,19.129408000000005,0.25
6.112,18.178272,19.178272,0.25
6.120000000000001,18.227200000000007,19.227200000000007,0.25
6.128,18.276192,19.276192,0.25
6.136000000000001,18.325248000000006,19.325248000000006,0.25
6.144,18.374368,19.374368,0.25
6.152000000000001,18.423552000000008,19.423552000000008,0.25
6.16,18.4728,19.4728,0.25
6.168000000000001,18.522112000000007,19.522112000000007,0.25
6.176,18.571488000000002,19.571488000000002,0.25
6.184000000000001,18.620928000000006,19.620928000000006,0.25
6.192,18.670432,19.670432,0.25
6.200000000000001,18.720000000000006,19.720000000000006,0.25
6.208,18.769632,19.769632,0.25
6.216000000000001,18.819328000000006,19.819328000000006,0.25
6.224,18.869088,19.869088,0.25
6.232000000000001,18.918912000000006,19.918912000000006,0.25
6.24,18.9688,19.9688,0.25
6.248000000000001,19.018752000000006,20.018752000000006,0.25
6.256,19.068768000000002,20.068768000000002,0.25
6.264000000000001,19.118848000000007,20.118848000000007,0.25
6.272,19.168992000000003,20.168992000000003,0.25
6.280000000000001,19.219200000000008,20.219200000000008,0.25
6.288,19.269472,20.269472,0.25
6.296000000000001,19.31980800000001,20.31980800000001,0.25
6.304,19.370208,20.370208,0.25
6.312000000000001,19.420672000000007,20.420672000000007,0.25
6.32,19.471200000000003,20.471200000000003,0.25
6.328000000000001,19.52179200000001,20.52179200000001,0.25
6.336,19.572448,20.572448,0.25
6.343999999999999,19.623167999999996,20.623167999999996,0.25
6.352,19.673952000000003,20.673952000000003,0.25
6.359999999999999,19.724799999999995,20.724799999999995,0.25
6.368,19.775712000000002,20.775712000000002,0.25
6.3759999999999994,19.826687999999997,20.826687999999997,0.25
6.384,19.877728,20.877728,0.25
6.3919999999999995,19.928831999999996,20.928831999999996,0.25
6.4,19.980000000000004,20.980000000000004,0.25
6.4079999999999995,20.031231999999996,21.031231999999996,0.25
6.416,20.082528000000003,21.082528000000003,0.25
6.4239999999999995,20.133887999999995,21.133887999999995,0.25
6.432,20.185312000000003,21.185312000000003,0.25
6.4399999999999995,20.236799999999995,21.236799999999995,0.25
6.448,20.288352000000003,21.288352000000003,0.25
6.4559999999999995,20.339967999999995,21.339967999999995,0.25
6.464,20.391648000000004,21.391648000000004,0.25
6.4719999999999995,20.443391999999996,21.443391999999996,0.25
6.48,20.495200000000004,21.495200000000004,0.25
6.4879999999999995,20.547071999999996,21.547071999999996,0.25
6.496,20.599008,21.599008,0.25
6.504,20.651007999999997,21.651007999999997,0.25
6.5120000000000005,20.703072000000002,21.703072000000002,0.25
6.52,20.7552,21.7552,0.25
6.5280000000000005,20.807392000000004,21.807392000000004,0.25
6.536,20.859647999999996,21.859647999999996,0.25
6.5440000000000005,20.911968,21.911968,0.25
6.552,20.964351999999998,21.964351999999998,0.25
6.5600000000000005,21.016800000000003,22.016800000000003,0.25
6.568,21.069311999999996,22.069311999999996,0.25
6.5760000000000005,21.121888000000002,22.121888000000002,0.25
6.584,21.174528,22.174528,0.25
6.5920000000000005,21.227232000000004,22.227232000000004,0.25
6.6,21.279999999999998,22.279999999999998,0.25
6.6080000000000005,21.332832000000003,22.332832000000003,0.25
6.616,21.385727999999997,22.385727999999997,0.25
6.6240000000000006,21.438688000000003,22.438688000000003,0.25
6.632,21.491711999999996,22.491711999999996,0.25
6.640000000000001,21.544800000000002,22.544800000000002,0.25
6.648,21.597952,22.597952,0.25
6.656000000000001,21.651168000000006,22.651168000000006,0.25
6.664,21.704448,22.704448,0.25
6.672000000000001,21.757792000000006,22.757792000000006,0.25
6.68,21.8112,22.8112,0.25
6.688000000000001,21.864672000000002,22.864672000000002,0.25
6.696,21.918208,22.918208,0.25
6.704000000000001,21.971808000000003,22.971808000000003,0.25
6.712,22.025471999999997,23.025471999999997,0.25
6.720000000000001,22.079200000000004,23.079200000000004,0.25
6.728,22.132991999999998,23.132991999999998,0.25
6.736000000000001,22.186848000000005,23.186848000000005,0.25
6.744,22.240768,23.240768,0.25
6.752000000000001,22.294752000000006,23.294752000000006,0.25
6.76,22.348799999999997,23.348799999999997,0.25
6.768000000000001,22.402912000000004,23.402912000000004,0.25
6.776,22.457088,23.457088,0.25
6.784000000000001,22.511328000000006,23.511328000000006,0.25
6.792,22.565631999999997,23.565631999999997,0.25
6.800000000000001,22.620000000000005,23.620000000000005,0.25
6.808,22.674432,23.674432,0.25
6.816000000000001,22.728928000000003,23.728928000000003,0.25
6.824,22.783488,23.783488,0.25
6.832000000000001,22.838112000000006,23.838112000000006,0.25
6.84,22.892799999999998,23.892799999999998,0.25
6.848000000000001,22.947552000000005,23.947552000000005,0.25
6.856,23.002368,24.002368,0.25
6.864000000000001,23.057248000000005,24.057248000000005,0.25
6.872,23.112192,24.112192,0.25
6.880000000000001,23.167200000000005,24.167200000000005,0.25
6.888,23.222272,24.222272,0.25
6.896000000000001,23.277408000000005,24.277408000000005,0.25
6.904,23.332608,24.332608,0.25
6.912000000000001,23.387872000000005,24.387872000000005,0.25
6.92,23.4432,24.4432,0.25
6.928000000000001,23.498592000000006,24.498592000000006,0.25
6.936,23.554047999999998,24.554047999999998,0.25
6.944000000000001,23.609568000000007,24.609568000000007,0.25
6.952,23.665152,24.665152,0.25
6.960000000000001,23.720800000000008,24.720800000000008,0.25
6.968,23.776512,24.776512,0.25
6.976000000000001,23.832288000000005,24.832288000000005,0.25
6.984,23.888128,24.888128,0.25
6.992000000000001,23.944032000000007,24.944032000000007,0.25
7.0,24.0,25.0,0.25
7.008000000000001,24.056032000000005,25.056032000000005,0.25
7.016,24.112128,25.112128,0.25
7.024000000000001,24.168288000000008,25.168288000000008,0.25
7.032,24.224512,25.224512,0.25
7.040000000000001,24.280800000000006,25.280800000000006,0.25
7.048,24.337152,25.337152,0.25
7.056000000000001,24.393568000000005,25.393568000000005,0.25
7.064,24.450048,25.450048,0.25
7.072000000000001,24.50659200000001,25.50659200000001,0.25
7.08,24.563200000000002,25.563200000000002,0.25
7.088000000000001,24.619872000000008,25.619872000000008,0.25
7.096,24.676608,25.676608,0.25
7.104000000000001,24.733408000000008,25.733408000000008,0.25
7.112,24.790272,25.790272,0.25
7.120000000000001,24.847200000000008,25.847200000000008,0.25
7.128,24.904192000000002,25.904192000000002,0.25
7.136000000000001,24.96124800000001,25.96124800000001,0.25
7.144,25.018368000000002,26.018368000000002,0.25
7.152000000000001,25.07555200000001,26.07555200000001,0.25
7.16,25.1328,26.1328,0.25
7.168000000000001,25.190112000000006,26.190112000000006,0.25
7.176,25.247488,26.247488,0.25
7.184000000000001,25.304928000000007,26.304928000000007,0.25
7.192,25.362432000000002,26.362432000000002,0.25
7.200000000000001,25.42000000000001,26.42000000000001,0.25
7.208,25.477632,26.477632,0.25
7.216000000000001,25.535328000000007,26.535328000000007,0.25
7.224,25.593088,26.593088,0.25
7.232000000000001,25.65091200000001,26.65091200000001,0.25
7.24,25.7088,26.7088,0.25
7.248000000000001,25.766752000000007,26.766752000000007,0.25
7.256,25.824768000000002,26.824768000000002,0.25
7.264000000000001,25.88284800000001,26.88284800000001,0.25
7.272,25.940992,26.940992,0.25
7.280000000000001,25.99920000000001,26.99920000000001,0.25
7.288,26.057472,27.057472,0.25
7.296000000000001,26.11580800000001,27.11580800000001,0.25
7.304,26.174208000000004,27.174208000000004,0.25
7.312000000000001,26.232672000000008,27.232672000000008,0.25
7.32,26.291200000000003,27.291200000000003,0.25
7.328000000000001,26.349792000000008,27.349792000000008,0.25
7.336,26.408448000000003,27.408448000000003,0.25
7.344000000000001,26.467168000000008,27.467168000000008,0.25
7.352,26.525952000000004,27.525952000000004,0.25
7.359999999999999,26.584799999999994,27.584799999999994,0.25
7.368,26.643712,27.643712,0.25
7.3759999999999994,26.702687999999995,27.702687999999995,0.25
7.384,26.761728,27.761728,0.25
7.3919999999999995,26.820831999999996,27.820831999999996,0.25
7.4,26.880000000000003,27.880000000000003,0.25
7.4079999999999995,26.939231999999997,27.939231999999997,0.25
7.416,26.998528000000004,27.998528000000004,0.25
7.4239999999999995,27.057887999999995,28.057887999999995,0.25
7.432,27.117312000000002,28.117312000000002,0.25
7.4399999999999995,27.176799999999997,28.176799999999997,0.25
7.448,27.236352000000004,28.236352000000004,0.25
7.4559999999999995,27.295967999999995,28.295967999999995,0.25
7.464,27.355648000000002,28.355648000000002,0.25
7.4719999999999995,27.415391999999997,28.415391999999997,0.25
7.48,27.475200000000005,28.475200000000005,0.25
7.4879999999999995,27.535071999999996,28.535071999999996,0.25
7.496,27.595008000000004,28.595008000000004,0.25
7.504,27.655007999999995,28.655007999999995,0.25
7.5120000000000005,27.715072000000003,28.715072000000003,0.25
7.52,27.775199999999998,28.775199999999998,0.25
7.5280000000000005,27.835392000000002,28.835392000000002,0.25
7.536,27.895647999999998,28.895647999999998,0.25
7.5440000000000005,27.955968000000002,28.955968000000002,0.25
7.552,28.016351999999998,29.016351999999998,0.25
7.5600000000000005,28.076800000000002,29.076800000000002,0.25
7.568,28.137311999999998,29.137311999999998,0.25
7.5760000000000005,28.197888000000003,29.197888000000003,0.25
7.584,28.258528,29.258528,0.25
7.5920000000000005,28.319232000000003,29.319232000000003,0.25
7.6,28.38,29.38,0.25
7.6080000000000005,28.440832000000004,29.440832000000004,0.25
7.616,28.501727999999996,29.501727999999996,0.25
7.6240000000000006,28.562688000000005,29.562688000000005,0.25
7.632,28.623711999999998,29.623711999999998,0.25
7.640000000000001,28.684800000000003,29.684800000000003,0.25
7.648,28.745952,29.745952,0.25
7.656000000000001,28.807168000000004,29.807168000000004,0.25
7.664,28.868447999999997,29.868447999999997,0.25
7.672000000000001,28.929792000000006,29.929792000000006,0.25
7.68,28.9912,29.9912,0.25
7.688000000000001,29.052672000000005,30.052672000000005,0.25
7.696,29.114207999999998,30.114207999999998,0.25
7.704000000000001,29.175808000000004,30.175808000000004,0.25
7.712,29.237471999999997,30.237471999999997,0.25
7.720000000000001,29.299200000000006,30.299200000000006,0.25
7.728,29.360992,30.360992,0.25
7.736000000000001,29.422848000000005,30.422848000000005,0.25
7.744,29.484768,30.484768,0.25
7.752000000000001,29.546752000000005,30.546752000000005,0.25
7.76,29.6088,30.6088,0.25
7.768000000000001,29.670912000000005,30.670912000000005,0.25
7.776,29.733088,30.733088,0.25
7.784000000000001,29.795328000000005,30.795328000000005,0.25
7.792,29.857632,30.857632,0.25
7.800000000000001,29.920000000000005,30.920000000000005,0.25
7.808,29.982432,30.982432,0.25
7.816000000000001,30.044928000000006,31.044928000000006,0.25
7.824,30.107488,31.107488,0.25
7.832000000000001,30.170112000000007,31.170112000000007,0.25
7.84,30.232799999999997,31.232799999999997,0.25
7.848000000000001,30.295552000000004,31.295552000000004,0.25
7.856,30.358368,31.358368,0.25
7.864000000000001,30.421248000000006,31.421248000000006,0.25
7.872,30.484192,31.484192,0.25
7.880000000000001,30.547200000000007,31.547200000000007,0.25
7.888,30.610272,31.610272,0.25
7.896000000000001,30.673408000000006,31.673408000000006,0.25
7.904,30.736608,31.736608,0.25
7.912000000000001,30.799872000000008,31.799872000000008,0.25
7.92,30.8632,31.8632,0.25
7.928000000000001,30.926592000000007,31.926592000000007,0.25
7.936,30.990047999999998,31.990047999999998,0.25
7.944000000000001,31.053568000000006,32.053568000000006,0.25
7.952,31.117152,32.117152000000004,0.25
7.960000000000001,31.18080000000001,32.180800000000005,0.25
7.968,31.244512,32.244512,0.25
7.976000000000001,31.308288000000008,32.308288000000005,0.25
7.984,31.372128,32.372128000000004,0.25
7.992000000000001,31.436032000000008,32.43603200000001,0.25
8.0,31.5,32.5,0.25
