time,pop1,pop2,norm,block_norm_raw,R1,R2,T1,T2,R_total,T_total,x_mean,x_width,x2_mean,lambda,lambda_raw,block_dt,ess,event_weight_hi,coupling_abs_exp,gap_exp,poisson_mc_state_var,poisson_mc_pop1_var,poisson_mc_pop2_var,poisson_mc_R_var,poisson_mc_T_var,poisson_mc_x_mean_var,poisson_mc_width_var,paper_var_phi1_sq,paper_var_phi2_sq,paper_var_norm_sq
0.05,0.999843790686,0.000156209314134,1,1,0.460196416115,7.18981976964e-05,0.539647374571,8.43111164377e-05,0.460268314312,0.539731685688,4.4408920985e-17,0.502045501481,0.252049685558,0,0,0.05,0,0,0.25,1.11803398875,0,0,0,0,0,0,0,0,0,0
0.1,0.99937565077,0.00062434922954,1,1,0.459980871568,0.000287368120831,0.539394779203,0.000336981108709,0.460268239689,0.539731760311,4.4408920985e-17,0.502044561998,0.252048742232,0,0,0.05,0,0,0.25,1.11803398875,0,0,0,0,0,0,0,0,0,0
0.15,0.99859704281,0.00140295718992,1,1,0.459622378854,0.000645736461671,0.538974663956,0.000757220728245,0.460268115316,0.539731884684,8.881784197e-17,0.502042996194,0.252047170027,0,0,0.05,0,0,0.25,1.11803398875,0,0,0,0,0,0,0,0,0,0
0.2,0.997510399321,0.00248960067895,1,1,0.459122057813,0.00114588337889,0.538388341508,0.00134371730006,0.460267941192,0.539732058808,6.66133814775e-17,0.50204080407,0.252044968952,0,0,0.05,0,0,0.25,1.11803398875,0,0,0,0,0,0,0,0,0,0
0.25,0.99611911518,0.00388088481997,1,1,0.458481471321,0.00178624599726,0.53763764386,0.00209463882271,0.460267717318,0.539732282682,8.881784197e-17,0.502037985631,0.252042139016,0,0,0.05,0,0,0.25,1.11803398875,0,0,0,0,0,0,0,0,0,0
0.3,0.994427537018,0.00557246298213,1,1,0.457702620399,0.00256482329185,0.536724916619,0.00300763969028,0.460267443691,0.539732556309,1.33226762955e-16,0.502034540879,0.252038680236,0,0,0.05,0,0,0.25,1.11803398875,0,0,0,0,0,0,0,0,0,0
0.35,0.99244094964,0.00755905036015,1,1,0.456787937969,0.00347918234155,0.535653011671,0.0040798680186,0.46026712031,0.53973287969,1.7763568394e-16,0.502030469819,0.252034592626,0,0,0.05,0,0,0.25,1.11803398875,0,0,0,0,0,0,0,0,0,0
0.4,0.990165559515,0.009834440485,1,1,0.455740281242,0.00452646593231,0.534425278273,0.00530797455269,0.460266747174,0.539733252826,1.55431223448e-16,0.502025772455,0.252029876209,0,0,0.05,0,0,0.25,1.11803398875,0,0,0,0,0,0,0,0,0,0
0.45,0.987608475386,0.012391524614,1,1,0.454562922794,0.00570340148634,0.533045552592,0.00668812312771,0.46026632428,0.53973367572,1.11022302463e-16,0.502020448794,0.252024531008,0,0,0.05,0,0,0.25,1.11803398875,0,0,0,0,0,0,0,0,0,0
0.5,0.98477768606,0.0152223139401,1,1,0.453259540337,0.00700631128939,0.531518145723,0.00821600265076,0.460265851627,0.539734148373,1.33226762955e-16,0.502014498843,0.252018557049,0,0,0.05,0,0,0.25,1.11803398875,0,0,0,0,0,0,0,0,0,0
0.55,0.98168203545,0.0183179645501,1,1,0.451834205226,0.00843112398412,0.529847830224,0.00988684056599,0.46026532921,0.53973467079,1.33226762955e-16,0.502007922608,0.252011954362,0,0,0.05,0,0,0.25,1.11803398875,0,0,0,0,0,0,0,0,0,0
0.6,0.978331194945,0.0216688050548,1,1,0.450291369735,0.00997338729364,0.52803982521,0.0116954177611,0.460264757029,0.539735242971,1.33226762955e-16,0.502000720099,0.25200472298,0,0,0.05,0,0,0.25,1.11803398875,0,0,0,0,0,0,0,0,0,0
0.65,0.974735633196,0.0252643668042,1,1,0.448635853143,0.0116282819354,0.526099780052,0.0136360848687,0.460264135079,0.539735864921,1.55431223448e-16,0.501992891324,0.25199686294,0,0,0.05,0,0,0.25,1.11803398875,0,0,0,0,0,0,0,0,0,0
0.7,0.970906583406,0.0290934165937,1,1,0.446872826675,0.0133906366823,0.524033756731,0.0157027799114,0.460263463357,0.539736536643,1.11022302463e-16,0.501984436293,0.25198837428,0,0,0.05,0,0,0.25,1.11803398875,0,0,0,0,0,0,0,0,0,0
0.75,0.966856008242,0.0331439917584,1,1,0.445007797337,0.0152549445229,0.521848210905,0.0178890472355,0.46026274186,0.53973725814,1.33226762955e-16,0.501975355016,0.251979257044,0,0,0.05,0,0,0.25,1.11803398875,0,0,0,0,0,0,0,0,0,0
0.8,0.962596562453,0.0374034375469,1,1,0.443046590712,0.0172153798719,0.519549971742,0.020188057675,0.460261970583,0.539738029417,8.881784197e-17,0.501965647506,0.251969511276,0,0,0.05,0,0,0.25,1.11803398875,0,0,0,0,0,0,0,0,0,0
0.85,0.958141553343,0.0418584466572,1,1,0.440995332748,0.0192658167757,0.517146220595,0.0225926298815,0.460261149523,0.539738850477,4.4408920985e-17,0.501955313774,0.251959137026,0,0,0.05,0,0,0.25,1.11803398875,0,0,0,0,0,0,0,0,0,0
0.9,0.953504899189,0.046495100811,1,1,0.438860430619,0.0213998480563,0.51464446857,0.0250952527547,0.460260278675,0.539739721325,1.33226762955e-16,0.501944353833,0.251948134345,0,0,0.05,0,0,0.25,1.11803398875,0,0,0,0,0,0,0,0,0,0
0.95,0.948701085763,0.0512989142368,1,1,0.4366485527,0.0236108053345,0.512052533064,0.0276881089023,0.460259358034,0.539740641966,1.55431223448e-16,0.501932767698,0.251936503289,0,0,0.05,0,0,0.25,1.11803398875,0,0,0,0,0,0,0,0,0,0
1,0.943745121073,0.0562548789267,1,1,0.434366607726,0.0258917798692,0.509378513347,0.0303630990576,0.460258387595,0.539741612405,1.33226762955e-16,0.501920555382,0.251924243915,0,0,0.05,0,0,0.25,1.11803398875,0,0,0,0,0,0,0,0,0,0
1.05,0.938652488476,0.0613475115239,1,1,0.432021723205,0.0282356441476,0.506630765271,0.0331118673762,0.460257367353,0.539742632647,6.66133814775e-17,0.501907716901,0.251911356285,0,0,0.05,0,0,0.25,1.11803398875,0,0,0,0,0,0,0,0,0,0
1.1,0.933439098305,0.0665609016953,1,1,0.429621223143,0.0306350741594,0.503817875162,0.0359258275359,0.460256297302,0.539743702698,6.66133814775e-17,0.501894252271,0.251897840463,0,0,0.05,0,0,0.25,1.11803398875,0,0,0,0,0,0,0,0,0,0
1.15,0.928121238161,0.0718787618389,1,1,0.427172605153,0.0330825722841,0.500948633008,0.0387961895548,0.460255177437,0.539744822563,8.881784197e-17,0.50188016151,0.251883696517,0,0,0.05,0,0,0.25,1.11803398875,0,0,0,0,0,0,0,0,0,0
1.2,0.922715522031,0.0772844779691,1,1,0.424683517028,0.0355704907222,0.498032005003,0.0417139872469,0.46025400775,0.53974599225,8.881784197e-17,0.501865444634,0.251868924517,0,0,0.05,0,0,0.25,1.11803398875,0,0,0,0,0,0,0,0,0,0
1.25,0.917238838378,0.0827611616215,1,1,0.422161732843,0.038091055394,0.495077105536,0.0446701062275,0.460252788237,0.539747211763,6.66133814775e-17,0.501850101662,0.251853524538,0,0,0.05,0,0,0.25,1.11803398875,0,0,0,0,0,0,0,0,0,0
1.3,0.911708297384,0.0882917026164,1,1,0.419615128655,0.0406363902345,0.492093168729,0.0476553123819,0.46025151889,0.53974848111,6.66133814775e-17,0.501834132614,0.251837496657,0,0,0.05,0,0,0.25,1.11803398875,0,0,0,0,0,0,0,0,0,0
1.35,0.906141177487,0.0938588225134,1,1,0.417051657896,0.0431985418055,0.489089519591,0.0506602807079,0.460250199701,0.539749800299,0,0.50181753751,0.251820840953,0,0,0.05,0,0,0.25,1.11803398875,0,0,0,0,0,0,0,0,0,0
1.4,0.900554871407,0.0994451285928,1,1,0.414479326515,0.0457695041501,0.486075544893,0.0536756244426,0.460248830665,0.539751169335,0,0.50180031637,0.251803557509,0,0,0.05,0,0,0.25,1.11803398875,0,0,0,0,0,0,0,0,0,0
1.45,0.894966831806,0.105033168194,1,1,0.411906167961,0.0483412438115,0.483060663845,0.0566919243824,0.460247411773,0.539752588227,0,0.501782469217,0.251785646413,0,0,0.05,0,0,0.25,1.11803398875,0,0,0,0,0,0,0,0,0,0
1.5,0.88939451676,0.11060548324,1,1,0.40934021808,0.0509057249366,0.48005429868,0.0596997583033,0.460245943017,0.539754056983,2.22044604925e-17,0.501763996072,0.251767107754,0,0,0.05,0,0,0.25,1.11803398875,0,0,0,0,0,0,0,0,0,0
1.55,0.883855335219,0.116144664781,1,1,0.406789490001,0.0534549343878,0.477065845218,0.0626897303928,0.460244424389,0.539755575611,4.4408920985e-17,0.501744896959,0.251747941624,0,0,0.05,0,0,0.25,1.11803398875,0,0,0,0,0,0,0,0,0,0
1.6,0.878366592619,0.121633407381,1,1,0.404261949098,0.0559809067837,0.474104643521,0.0656525005974,0.460242855882,0.539757144118,6.66133814775e-17,0.501725171902,0.25172814812,0,0,0.05,0,0,0.25,1.11803398875,0,0,0,0,0,0,0,0,0,0
1.65,0.872945436813,0.127054563187,1,1,0.401765488096,0.0584757493894,0.471179948717,0.0685788137977,0.460241237485,0.539758762515,8.881784197e-17,0.501704820925,0.25170772734,0,0,0.05,0,0,0.25,1.11803398875,0,0,0,0,0,0,0,0,0,0
1.7,0.867608804502,0.132391195498,1,1,0.39930790241,0.0609316667806,0.468300902092,0.0714595287172,0.460239569191,0.539760430809,8.881784197e-17,0.501683844055,0.251686679386,0,0,0.05,0,0,0.25,1.11803398875,0,0,0,0,0,0,0,0,0,0
1.75,0.86237336832,0.13762663168,1,1,0.396896865786,0.0633409852033,0.465476502534,0.0742856464766,0.46023785099,0.53976214901,2.22044604925e-17,0.501662241317,0.251665004364,0,0,0.05,0,0,0.25,1.11803398875,0,0,0,0,0,0,0,0,0,0
1.8,0.857255484745,0.142744515255,1,1,0.394539906319,0.0656961765526,0.462715578425,0.0770483387029,0.460236082872,0.539763917128,1.11022302463e-16,0.50164001274,0.251642702382,0,0,0.05,0,0,0.25,1.11803398875,0,0,0,0,0,0,0,0,0,0
1.85,0.852271142997,0.147728857003,1,1,0.392244382931,0.0679898818965,0.460026760066,0.0797389751063,0.460234264827,0.539765735173,8.881784197e-17,0.50161715835,0.251619773551,0,0,0.05,0,0,0.25,1.11803398875,0,0,0,0,0,0,0,0,0,0
1.9,0.84743591509,0.15256408491,1,1,0.390017462376,0.0702149344707,0.457418452714,0.082349150439,0.460232396847,0.539767603153,6.66133814775e-17,0.501593678176,0.251596217987,0,0,0.05,0,0,0.25,1.11803398875,0,0,0,0,0,0,0,0,0,0
1.95,0.842764907176,0.157235092824,1,1,0.387866096846,0.072364382073,0.454898810331,0.0848707107506,0.460230478919,0.539769521081,1.11022302463e-16,0.501569572249,0.251572035806,0,0,0.05,0,0,0.25,1.11803398875,0,0,0,0,0,0,0,0,0,0
2,0.838272712354,0.161727287646,1,1,0.385797002246,0.0744315087866,0.452475710108,0.0872957788591,0.460228511033,0.539771488967,8.881784197e-17,0.501544840598,0.25154722713,0,0,0.05,0,0,0.25,1.11803398875,0,0,0,0,0,0,0,0,0,0
2.05,0.833973365078,0.166026634922,1,1,0.383816637214,0.0764098559646,0.450156727864,0.0896167789578,0.460226493179,0.539773506821,8.881784197e-17,0.501519483254,0.251521792084,0,0,0.05,0,0,0.25,1.11803398875,0,0,0,0,0,0,0,0,0,0
2.1,0.829880297308,0.170119702692,1,1,0.381931182933,0.0782932424112,0.447949114375,0.0918264602809,0.460224425344,0.539775574656,4.4408920985e-17,0.50149350025,0.251495730793,0,0,0.05,0,0,0.25,1.11803398875,0,0,0,0,0,0,0,0,0,0
2.15,0.826006296552,0.173993703448,1,1,0.380146523824,0.0800757836946,0.445859772728,0.0939179197537,0.460222307518,0.539777692482,8.881784197e-17,0.501466891618,0.251469043389,0,0,0.05,0,0,0.25,1.11803398875,0,0,0,0,0,0,0,0,0,0
2.2,0.822363465909,0.177636534091,1,1,0.378468229155,0.0817519105334,0.443895236753,0.095884623558,0.460220139689,0.539779860311,4.4408920985e-17,0.501439657391,0.251441730004,0,0,0.05,0,0,0.25,1.11803398875,0,0,0,0,0,0,0,0,0,0
2.25,0.818963186261,0.181036813739,1,1,0.376901535647,0.0833163861964,0.442061650613,0.0977204275431,0.460217921844,0.539782078156,4.4408920985e-17,0.501411797604,0.251413790776,0,0,0.05,0,0,0.25,1.11803398875,0,0,0,0,0,0,0,0,0,0
2.3,0.815816080714,0.184183919286,1,1,0.375451331106,0.084764322865,0.440364749609,0.0994195964208,0.460215653971,0.539784346029,4.4408920985e-17,0.501383312291,0.251385225844,0,0,0.05,0,0,0.25,1.11803398875,0,0,0,0,0,0,0,0,0,0
2.35,0.812931981414,0.187068018586,1,1,0.374122139154,0.086091196903,0.43880984226,0.100976821683,0.460213336057,0.539786663943,6.66133814775e-17,0.501354201489,0.251356035351,0,0,0.05,0,0,0.25,1.11803398875,0,0,0,0,0,0,0,0,0,0
2.4,0.810319898823,0.189680101177,1,1,0.372918105099,0.0872928629899,0.437401793724,0.102387238187,0.460210968089,0.539789031911,6.66133814775e-17,0.501324465234,0.251326219443,0,0,0.05,0,0,0.25,1.11803398875,0,0,0,0,0,0,0,0,0,0
2.45,0.807987993574,0.192012006426,1,1,0.371842982983,0.0883655670703,0.43614501059,0.103646439356,0.460208550053,0.539791449947,4.4408920985e-17,0.501294103564,0.251295778268,0,0,0.05,0,0,0.25,1.11803398875,0,0,0,0,0,0,0,0,0,0
2.5,0.805943550973,0.194056449027,1,1,0.370900123856,0.0893059580815,0.435043427117,0.104750490946,0.460206081937,0.539793918063,-2.22044604925e-17,0.501263116517,0.25126471198,0,0,0.05,0,0,0.25,1.11803398875,0,0,0,0,0,0,0,0,0,0
2.55,0.80419295824,0.19580704176,1,1,0.370092465306,0.0901110984208,0.434100492934,0.105695943339,0.460203563726,0.539796436274,0,0.501231504131,0.251233020733,0,0,0.05,0,0,0.25,1.11803398875,0,0,0,0,0,0,0,0,0,0
2.6,0.802741684552,0.197258315448,1,1,0.369422522285,0.0907784731211,0.433319162267,0.106479842326,0.460200995406,0.539799004594,-4.4408920985e-17,0.501199266446,0.251200704686,0,0,0.05,0,0,0.25,1.11803398875,0,0,0,0,0,0,0,0,0,0
2.65,0.80159426396,0.19840573604,1,1,0.368892379257,0.0913059977056,0.432701884703,0.107099738334,0.460198376963,0.539801623037,-8.881784197e-17,0.501166403504,0.251167764001,0,0,0.05,0,0,0.25,1.11803398875,0,0,0,0,0,0,0,0,0,0
2.7,0.800754281218,0.199245718782,1,1,0.368503683684,0.0916920246965,0.432250597534,0.107553694085,0.460195708381,0.539804291619,-2.22044604925e-17,0.501132915345,0.251134198842,0,0,0.05,0,0,0.25,1.11803398875,0,0,0,0,0,0,0,0,0,0
2.75,0.80022436059,0.19977563941,1,1,0.368257640887,0.0919353487583,0.431966719703,0.107840290652,0.460192989645,0.539807010355,-4.4408920985e-17,0.501098802011,0.251100009377,0,0,0.05,0,0,0.25,1.11803398875,0,0,0,0,0,0,0,0,0,0
2.8,0.800006157646,0.199993842354,1,1,0.36815501028,0.0920352104598,0.431851147365,0.107958631895,0.46019022074,0.53980977926,0,0.501064063546,0.251065195777,0,0,0.05,0,0,0.25,1.11803398875,0,0,0,0,0,0,0,0,0,0
2.85,0.800100354092,0.199899645908,1,1,0.368196103009,0.0919912986414,0.431904251082,0.107908347267,0.460187401651,0.539812598349,0,0.501028699992,0.251029758216,0,0,0.05,0,0,0.25,1.11803398875,0,0,0,0,0,0,0,0,0,0
2.9,0.800506655641,0.199493344359,1,1,0.368380780978,0.0918037513827,0.432125874664,0.107689592976,0.46018453236,0.53981546764,-2.22044604925e-17,0.500992711395,0.250993696871,0,0,0.05,0,0,0.25,1.11803398875,0,0,0,0,0,0,0,0,0,0
2.95,0.801223792933,0.198776207067,1,1,0.368708457288,0.0914731555651,0.432515335645,0.107303051502,0.460181612853,0.539818387147,2.22044604925e-17,0.5009560978,0.250957011923,0,0,0.05,0,0,0.25,1.11803398875,0,0,0,0,0,0,0,0,0,0
3,0.802249525495,0.197750474505,1,1,0.369178098079,0.0910005450324,0.433071427416,0.106749929473,0.460178643112,0.539821356888,0,0.500918859252,0.250919703555,0,0,0.05,0,0,0.25,1.11803398875,0,0,0,0,0,0,0,0,0,0
3.05,0.803580648749,0.196419351251,1,1,0.369788225765,0.0903873973547,0.433792422984,0.106031953896,0.46017562312,0.53982437688,0,0.500880995799,0.250881771953,0,0,0.05,0,0,0.25,1.11803398875,0,0,0,0,0,0,0,0,0,0
3.1,0.805213004018,0.194786995982,1,1,0.370536923655,0.0896356292052,0.434676080363,0.105151366777,0.46017255286,0.53982744714,-6.66133814775e-17,0.500842507488,0.250843217307,0,0,0.05,0,0,0.25,1.11803398875,0,0,0,0,0,0,0,0,0,0
3.15,0.807141491519,0.192858508481,1,1,0.37142184195,0.0887475903649,0.435719649569,0.104110918116,0.460169432315,0.539830567685,-6.66133814775e-17,0.500803394368,0.250804039811,0,0,0.05,0,0,0.25,1.11803398875,0,0,0,0,0,0,0,0,0,0
3.2,0.809360086298,0.190639913702,1,1,0.372440205092,0.0877260563743,0.436919881206,0.102913857327,0.460166261466,0.539833738534,-4.4408920985e-17,0.500763656488,0.250764239659,0,0,0.05,0,0,0.25,1.11803398875,0,0,0,0,0,0,0,0,0,0
3.25,0.811861857053,0.188138142947,1,1,0.373588820442,0.0865742198541,0.438273036611,0.101563923093,0.460163040296,0.539836959704,-6.66133814775e-17,0.500723293897,0.250723817051,0,0,0.05,0,0,0.25,1.11803398875,0,0,0,0,0,0,0,0,0,0
3.3,0.814638987785,0.185361012215,1,1,0.374864088263,0.0852956805228,0.439774899522,0.100065331692,0.460159768786,0.539840231214,-4.4408920985e-17,0.500682306646,0.250682772189,0,0,0.05,0,0,0.25,1.11803398875,0,0,0,0,0,0,0,0,0,0
3.35,0.81768280222,0.18231719778,1,1,0.376262012975,0.0838944339422,0.441420789245,0.0984227638376,0.460156446917,0.539843553083,-4.4408920985e-17,0.500640694788,0.250641105278,0,0,0.05,0,0,0.25,1.11803398875,0,0,0,0,0,0,0,0,0,0
3.4,0.820983790916,0.179016209084,1,1,0.377778215644,0.082374859026,0.443205575271,0.0966413500584,0.46015307467,0.53984692533,-8.881784197e-17,0.500598458374,0.250598816527,0,0,0.05,0,0,0.25,1.11803398875,0,0,0,0,0,0,0,0,0,0
3.45,0.824531640968,0.175468359032,1,1,0.379407947676,0.0807417043504,0.445123693291,0.094726654682,0.460149652026,0.539850347974,-8.881784197e-17,0.500555597458,0.250555906146,0,0,0.05,0,0,0.25,1.11803398875,0,0,0,0,0,0,0,0,0,0
3.5,0.828315268232,0.171684731768,1,1,0.381146105656,0.07900007331,0.447169162576,0.0926846584585,0.460146178966,0.539853821034,-1.11022302463e-16,0.500512112093,0.250512374351,0,0,0.05,0,0,0.25,1.11803398875,0,0,0,0,0,0,0,0,0,0
3.55,0.832322851951,0.167677148049,1,1,0.382987247303,0.0771554081645,0.449335604648,0.0905217398843,0.460142655468,0.539857344532,-1.33226762955e-16,0.500468002333,0.25046822136,0,0,0.05,0,0,0.25,1.11803398875,0,0,0,0,0,0,0,0,0,0
3.6,0.836541871688,0.163458128312,1,1,0.384925608486,0.0752134730271,0.451616263203,0.0882446552844,0.460139081513,0.539860918487,-8.881784197e-17,0.500423268236,0.250423447392,0,0,0.05,0,0,0.25,1.11803398875,0,0,0,0,0,0,0,0,0,0
3.65,0.84095914644,0.15904085356,1,1,0.386955121233,0.0731803358474,0.454004025207,0.0858605177129,0.46013545708,0.53986454292,-1.7763568394e-16,0.500377909856,0.250378052672,0,0,0.05,0,0,0.25,1.11803398875,0,0,0,0,0,0,0,0,0,0
3.7,0.845560875816,0.154439124184,1,1,0.389069432704,0.0710623494444,0.456491443111,0.0833767747398,0.460131782149,0.539868217851,-1.7763568394e-16,0.500331927251,0.250332037426,0,0,0.05,0,0,0.25,1.11803398875,0,0,0,0,0,0,0,0,0,0
3.75,0.850332683157,0.149667316843,1,1,0.391261925047,0.0688661316501,0.45907075811,0.080801185193,0.460128056697,0.539871943303,-1.33226762955e-16,0.500285320478,0.250285401886,0,0,0.05,0,0,0.25,1.11803398875,0,0,0,0,0,0,0,0,0,0
3.8,0.855259660448,0.144740339552,1,1,0.393525736079,0.0665985446252,0.461733924369,0.0781417949268,0.460124280704,0.539875719296,-1.55431223448e-16,0.500238089597,0.250238146284,0,0,0.05,0,0,0.25,1.11803398875,0,0,0,0,0,0,0,0,0,0
3.85,0.860326414894,0.139673585106,1,1,0.395853780736,0.0642666734113,0.464472634158,0.0754069116946,0.460120454147,0.539879545853,-1.55431223448e-16,0.500190234666,0.250190270856,0,0,0.05,0,0,0.25,1.11803398875,0,0,0,0,0,0,0,0,0,0
3.9,0.865517117011,0.134482882989,1,1,0.398238773218,0.0618778037868,0.467278343793,0.0726050792025,0.460116577005,0.539883422995,-1.7763568394e-16,0.500141755746,0.250141775841,0,0,0.05,0,0,0.25,1.11803398875,0,0,0,0,0,0,0,0,0,0
3.95,0.870815550077,0.129184449923,1,1,0.400673249758,0.0594393994964,0.470142300319,0.0697450504263,0.460112649255,0.539887350745,-1.55431223448e-16,0.500092652898,0.250092661483,0,0,0.05,0,0,0.25,1.11803398875,0,0,0,0,0,0,0,0,0,0
4,0.876205160802,0.123794839198,1,1,0.403149591949,0.0569590789244,0.473055568853,0.0668357602737,0.460108670873,0.539891329127,-1.99840144433e-16,0.500042926184,0.250042928026,0,0,0.05,0,0,0.25,1.11803398875,0,0,0,0,0,0,0,0,0,0
4.05,0.881669111037,0.118330888963,1,1,0.405660050553,0.0544445912847,0.476009060484,0.0638862976784,0.460104641838,0.539895358162,-1.99840144433e-16,0.499992575665,0.24999257572,0,0,0.05,0,0,0.25,1.11803398875,0,0,0,0,0,0,0,0,0,0
4.1,0.887190330384,0.112809669616,1,1,0.408196769721,0.0519037924036,0.478993560663,0.0609058772128,0.460100562125,0.539899437875,-2.22044604925e-16,0.499941601406,0.249941604816,0,0,0.05,0,0,0.25,1.11803398875,0,0,0,0,0,0,0,0,0,0
4.15,0.892751569524,0.107248430476,1,1,0.410751811542,0.0493446201683,0.481999757983,0.0579038103072,0.46009643171,0.53990356829,-2.6645352591e-16,0.49989000347,0.249890015569,0,0,0.05,0,0,0.25,1.11803398875,0,0,0,0,0,0,0,0,0,0
4.2,0.898335454112,0.101664545888,1,1,0.41331718085,0.0467750697207,0.485018273263,0.054889476167,0.46009225057,0.539907749429,-2.44249065418e-16,0.499837781922,0.249837808237,0,0,0.05,0,0,0.25,1.11803398875,0,0,0,0,0,0,0,0,0,0
4.25,0.903924539052,0.0960754609483,1,1,0.415884850209,0.0442031684715,0.488039688842,0.0518722924767,0.460088018681,0.539911981319,-2.88657986403e-16,0.499784936829,0.249784983081,0,0,0.05,0,0,0.25,1.11803398875,0,0,0,0,0,0,0,0,0,0
4.3,0.909501363,0.090498637,1,1,0.418446785001,0.0416369510154,0.491054577999,0.0488616859846,0.460083736017,0.539916263983,-3.10862446895e-16,0.499731468256,0.249731540365,0,0,0.05,0,0,0.25,1.11803398875,0,0,0,0,0,0,0,0,0,0
4.35,0.91504850292,0.0849514970797,1,1,0.420994968531,0.0390844340224,0.494053534389,0.0458670630572,0.460079402553,0.539920597447,-3.5527136788e-16,0.49967737627,0.249677480356,0,0,0.05,0,0,0.25,1.11803398875,0,0,0,0,0,0,0,0,0,0
4.4,0.920548628514,0.0794513714857,1,1,0.423521427077,0.0365535911875,0.497027201437,0.0428977802983,0.460075018265,0.539924981735,-3.77475828373e-16,0.499622660941,0.249622803325,0,0,0.05,0,0,0.25,1.11803398875,0,0,0,0,0,0,0,0,0,0
4.45,0.925984556365,0.0740154436351,1,1,0.426018254812,0.0340523283135,0.499966301553,0.0399631153216,0.460070583126,0.539929416874,-3.99680288865e-16,0.499567322335,0.249567509545,0,0,0.05,0,0,0.25,1.11803398875,0,0,0,0,0,0,0,0,0,0
4.5,0.931339303621,0.0686606963791,1,1,0.428477638502,0.031588458608,0.502861665119,0.0370722377711,0.46006609711,0.53993390289,-4.4408920985e-16,0.499511360524,0.249511599293,0,0,0.05,0,0,0.25,1.11803398875,0,0,0,0,0,0,0,0,0,0
4.55,0.936596141054,0.0634038589455,1,1,0.430891881922,0.0291696782686,0.505704259132,0.0342341806769,0.460061560191,0.539938439809,-4.21884749358e-16,0.499454775578,0.249455072847,0,0,0.05,0,0,0.25,1.11803398875,0,0,0,0,0,0,0,0,0,0
4.6,0.941738645326,0.0582613546739,1,1,0.433253429907,0.0268035424358,0.508485215419,0.031457812238,0.460056972343,0.539943027657,-4.21884749358e-16,0.499397567567,0.249397930492,0,0,0.05,0,0,0.25,1.11803398875,0,0,0,0,0,0,0,0,0,0
4.65,0.946750750295,0.0532492497054,1,1,0.435554891952,0.0244974415861,0.511195858343,0.0287518081193,0.460052333538,0.539947666462,-4.88498130835e-16,0.499339736563,0.249340172511,0,0,0.05,0,0,0.25,1.11803398875,0,0,0,0,0,0,0,0,0,0
4.7,0.95161679721,0.0483832027896,1,1,0.437789065309,0.0222585784404,0.513827731902,0.0261246243492,0.460047643749,0.539952356251,-5.77315972805e-16,0.49928128264,0.249281799195,0,0,0.05,0,0,0.25,1.11803398875,0,0,0,0,0,0,0,0,0,0
4.75,0.956321583636,0.0436784163637,1,1,0.439948957489,0.0200939454602,0.516372626148,0.0235844709036,0.460042902949,0.539957097051,-5.99520433298e-16,0.499222205871,0.249222810835,0,0,0.05,0,0,0.25,1.11803398875,0,0,0,0,0,0,0,0,0,0
4.8,0.960850410943,0.0391495890568,1,1,0.442027808109,0.0180103030004,0.518822602835,0.0211392860564,0.460038111109,0.539961888891,-6.43929354283e-16,0.49916250633,0.249163207726,0,0,0.05,0,0,0.25,1.11803398875,0,0,0,0,0,0,0,0,0,0
4.85,0.965189130231,0.0348108697691,1,1,0.444019110013,0.0160141581888,0.521170020218,0.0187967115803,0.460033268201,0.539966731799,-6.66133814775e-16,0.499102184092,0.249102990165,0,0,0.05,0,0,0.25,1.11803398875,0,0,0,0,0,0,0,0,0,0
4.9,0.969324186532,0.0306758134678,1,1,0.445916629601,0.0141117445968,0.523407556931,0.016564068871,0.460028374197,0.539971625802,-7.32747196253e-16,0.499041239233,0.249042158455,0,0,0.05,0,0,0.25,1.11803398875,0,0,0,0,0,0,0,0,0,0
4.95,0.973242661161,0.0267573388391,1,1,0.447714426303,0.0123090027655,0.525528234858,0.0144483360736,0.460023429068,0.539976570932,-7.54951656745e-16,0.49897967183,0.248980712899,0,0,0.05,0,0,0.25,1.11803398875,0,0,0,0,0,0,0,0,0,0
5,0.976932312072,0.0230676879278,1,1,0.449406871136,0.0106115616485,0.527525440936,0.0124561262793,0.460018432785,0.539981567215,-8.21565038223e-16,0.498917481959,0.248918653805,0,0,0.05,0,0,0.25,1.11803398875,0,0,0,0,0,0,0,0,0,0
5.05,0.980381612109,0.0196183878905,1,1,0.450988664289,0.00902472102796,0.529392947821,0.0105936668625,0.460013385317,0.539986614683,-8.65973959208e-16,0.4988546697,0.248855981482,0,0,0.05,0,0,0.25,1.11803398875,0,0,0,0,0,0,0,0,0,0
5.1,0.983579785017,0.0164202149831,1,1,0.452454851674,0.00755343496056,0.531124933343,0.00886678002257,0.460008286635,0.539991713365,-9.10382880193e-16,0.498791235132,0.248792696244,0,0,0.05,0,0,0.25,1.11803398875,0,0,0,0,0,0,0,0,0,0
5.15,0.986516839106,0.0134831608936,1,1,0.453800840404,0.00620229630381,0.532715998702,0.00728086458982,0.460003136708,0.539996863292,-8.881784197e-16,0.498727178333,0.248728798408,0,0,0.05,0,0,0.25,1.11803398875,0,0,0,0,0,0,0,0,0,0
5.2,0.989183598474,0.0108164015261,1,1,0.455022413135,0.00497552237162,0.534161185339,0.00584087915448,0.459997935507,0.540002064493,-8.881784197e-16,0.498662499385,0.248664288293,0,0,0.05,0,0,0.25,1.11803398875,0,0,0,0,0,0,0,0,0,0
5.25,0.991571731666,0.00842826833355,1,1,0.456115741236,0.00387694176379,0.535455990431,0.00455132656976,0.459992682999,0.540007317001,-9.10382880193e-16,0.498597198369,0.248599166222,0,0,0.05,0,0,0.25,1.11803398875,0,0,0,0,0,0,0,0,0,0
5.3,0.993673777711,0.00632622228896,1,1,0.457077396744,0.00290998241065,0.536596380967,0.00341623987831,0.459987379155,0.540012620845,-8.881784197e-16,0.498531275368,0.24853343252,0,0,0.05,0,0,0.25,1.11803398875,0,0,0,0,0,0,0,0,0,0
5.35,0.995483169424,0.00451683057573,1,1,0.457904363072,0.00207766087003,0.537578806353,0.00243916970571,0.459982023942,0.540017976058,-9.7699626167e-16,0.498464730463,0.248467087515,0,0,0.05,0,0,0.25,1.11803398875,0,0,0,0,0,0,0,0,0,0
5.4,0.996994253929,0.00300574607066,1,1,0.458594044418,0.00138257291013,0.538400209512,0.00162317316053,0.459976617328,0.540023382672,-1.02140518266e-15,0.498397563739,0.248400131541,0,0,0.05,0,0,0.25,1.11803398875,0,0,0,0,0,0,0,0,0,0
5.45,0.998202310317,0.0017976896832,1,1,0.459144273873,0.000826885407609,0.539058036444,0.000970804275592,0.459971159281,0.540028840719,-9.99200722163e-16,0.49832977528,0.24833256493,0,0,0.05,0,0,0.25,1.11803398875,0,0,0,0,0,0,0,0,0,0
5.5,0.999103564393,0.000896435606566,1,1,0.459553320182,0.00041232958625,0.539550244211,0.000484106020316,0.459965649768,0.540034350232,-1.04360964315e-15,0.498261365171,0.248264388022,0,0,0.05,0,0,0.25,1.11803398875,0,0,0,0,0,0,0,0,0,0
5.55,0.999695200474,0.000304799526374,1,1,0.45981989314,0.000140195617204,0.539875307333,0.00016460390917,0.459960088757,0.540039911243,-1.02140518266e-15,0.498192333499,0.248195601157,0,0,0.05,0,0,0.25,1.11803398875,0,0,0,0,0,0,0,0,0,0
5.6,0.999975370176,2.46298239515e-05,1,1,0.459943147617,1.13285977749e-05,0.540032222559,1.33012261766e-05,0.459954476214,0.540045523786,-1.06581410364e-15,0.49812268035,0.248126204679,0,0,0.05,0,0,0.25,1.11803398875,0,0,0,0,0,0,0,0,0,0
5.65,0.999943198198,5.68018016389e-05,1,1,0.459922686185,2.61259211893e-05,0.540020512013,3.06758804496e-05,0.459948812106,0.540051187894,-1.04360964315e-15,0.498052405812,0.248056198935,0,0,0.05,0,0,0.25,1.11803398875,0,0,0,0,0,0,0,0,0,0
5.7,0.999598785052,0.000401214948185,1,1,0.459758560353,0.00018453604559,0.539840224699,0.000216678902595,0.459943096398,0.540056903602,-1.06581410364e-15,0.497981509973,0.247985584275,0,0,0.05,0,0,0.25,1.11803398875,0,0,0,0,0,0,0,0,0,0
5.75,0.998943206747,0.00105679325276,1,1,0.459451270391,0.000486058666041,0.539491936356,0.000570734586721,0.459937329057,0.540062670943,-1.08801856413e-15,0.497909992922,0.247914361052,0,0,0.05,0,0,0.25,1.11803398875,0,0,0,0,0,0,0,0,0,0
5.8,0.997978511433,0.00202148856662,1,1,0.459001763758,0.00092974628899,0.538976747675,0.00109174227763,0.459931510047,0.540068489953,-1.11022302463e-15,0.49783785475,0.247842529622,0,0,0.05,0,0,0.25,1.11803398875,0,0,0,0,0,0,0,0,0,0
5.85,0.996707712998,0.0032922870019,1,1,0.45841143213,0.00151420720422,0.538296280868,0.00177807979768,0.459925639334,0.540074360666,-1.15463194561e-15,0.497765095547,0.247770090345,0,0,0.05,0,0,0.25,1.11803398875,0,0,0,0,0,0,0,0,0,0
5.9,0.995134781652,0.00486521834756,1,1,0.457682107037,0.00223760984498,0.537452674615,0.00262760850258,0.459919716882,0.540080283118,-1.15463194561e-15,0.497691715404,0.247697043582,0,0,0.05,0,0,0.25,1.11803398875,0,0,0,0,0,0,0,0,0,0
5.95,0.993264631527,0.00673536847306,1,1,0.456816054133,0.00309768852261,0.536448577394,0.00363767995045,0.459913742656,0.540086257344,-1.1990408666e-15,0.497617714414,0.247623389699,0,0,0.05,0,0,0.25,1.11803398875,0,0,0,0,0,0,0,0,0,0
6,0.991103105319,0.00889689468104,1,1,0.455815966101,0.00409175051776,0.535287139218,0.00480514416328,0.459907716619,0.540092283381,-1.28785870857e-15,0.49754309267,0.247549129064,0,0,0.05,0,0,0.25,1.11803398875,0,0,0,0,0,0,0,0,0,0
6.05,0.988656956039,0.011343043961,1,1,0.454684954229,0.00521668450589,0.53397200181,0.00612635945507,0.459901638735,0.540098361265,-1.31006316906e-15,0.497467850266,0.247474262049,0,0,0.05,0,0,0.25,1.11803398875,0,0,0,0,0,0,0,0,0,0
6.1,0.985933825913,0.0140661740868,1,1,0.453426538677,0.00646897029089,0.532507287236,0.00759720379592,0.459895508968,0.540104491032,-1.35447209004e-15,0.497391987297,0.247398789027,0,0,0.05,0,0,0.25,1.11803398875,0,0,0,0,0,0,0,0,0,0
6.15,0.982942222507,0.0170577774928,1,1,0.452044637464,0.00784468981606,0.530897585043,0.00921308767674,0.45988932728,0.54011067272,-1.50990331349e-15,0.497315503857,0.247322710376,0,0,0.05,0,0,0.25,1.11803398875,0,0,0,0,0,0,0,0,0,0
6.2,0.979691492147,0.0203085078526,1,1,0.450543554216,0.00933953941835,0.529147937931,0.0109689684342,0.459883093634,0.540116906366,-1.46549439251e-15,0.497238400043,0.247246026477,0,0,0.05,0,0,0.25,1.11803398875,0,0,0,0,0,0,0,0,0,0
6.25,0.976191790721,0.023808209279,1,1,0.448927964706,0.0109488432873,0.527263826015,0.0128593659917,0.459876807993,0.540123192007,-1.50990331349e-15,0.497160675952,0.247168737713,0,0,0.05,0,0,0.25,1.11803398875,0,0,0,0,0,0,0,0,0,0
6.3,0.972454051947,0.0275459480528,1,1,0.447202902231,0.0126675680864,0.525251149716,0.0148783799664,0.459870470317,0.540129529683,-1.46549439251e-15,0.497082331681,0.24709084447,0,0,0.05,0,0,0.25,1.11803398875,0,0,0,0,0,0,0,0,0,0
6.35,0.968489953218,0.0315100467819,1,1,0.445373741877,0.014490338692,0.523116211341,0.0170197080898,0.459864080569,0.540135919431,-1.487698853e-15,0.49700336733,0.247012347138,0,0,0.05,0,0,0.25,1.11803398875,0,0,0,0,0,0,0,0,0,0
6.4,0.964311879117,0.0356881208833,1,1,0.443446183711,0.0164114549994,0.520865695406,0.0192766658839,0.45985763871,0.54014236129,-1.50990331349e-15,0.496923782998,0.246933246109,0,0,0.05,0,0,0.25,1.11803398875,0,0,0,0,0,0,0,0,0,0
6.45,0.959932882725,0.0400671172752,1,1,0.441426234957,0.0184249097439,0.518506647768,0.0216422075314,0.4598511447,0.5401488553,-1.53210777398e-15,0.496843578784,0.246853541779,0,0,0.05,0,0,0.25,1.11803398875,0,0,0,0,0,0,0,0,0,0
6.5,0.955366644843,0.0446333551573,1,1,0.439320191219,0.020524407282,0.516046453624,0.0241089478752,0.459844598501,0.540155401499,-1.55431223448e-15,0.496762754789,0.246773234546,0,0,0.05,0,0,0.25,1.11803398875,0,0,0,0,0,0,0,0,0,0
6.55,0.950627431248,0.0493725687516,1,1,0.437134616798,0.0227033832731,0.51349281445,0.0266691854785,0.459838000071,0.540161999929,-1.64313007645e-15,0.496681311116,0.246692324812,0,0,0.05,0,0,0.25,1.11803398875,0,0,0,0,0,0,0,0,0,0
6.6,0.945730048128,0.0542699518722,1,1,0.434876324172,0.0249550251998,0.510853723956,0.0293149266725,0.459831349372,0.540168650628,-1.62092561595e-15,0.496599247866,0.246610812981,0,0,0.05,0,0,0.25,1.11803398875,0,0,0,0,0,0,0,0,0,0
6.65,0.940689795818,0.0593102041819,1,1,0.432552352698,0.0272722936636,0.50813744312,0.0320379105183,0.459824646362,0.540175353638,-1.70974345792e-15,0.496516565143,0.246528699462,0,0,0.05,0,0,0.25,1.11803398875,0,0,0,0,0,0,0,0,0,0
6.7,0.935522421006,0.0644775789935,1,1,0.43016994661,0.0296479443896,0.505352474396,0.034829634604,0.459817891,0.540182109,-1.68753899743e-15,0.496433263051,0.246445984664,0,0,0.05,0,0,0.25,1.11803398875,0,0,0,0,0,0,0,0,0,0
6.75,0.930244067534,0.0697559324656,1,1,0.427736532375,0.0320745508697,0.502507535159,0.0376813815958,0.459811083245,0.540188916755,-1.70974345792e-15,0.496349341695,0.246362669001,0,0,0.05,0,0,0.25,1.11803398875,0,0,0,0,0,0,0,0,0,0
6.8,0.924871225961,0.0751287740386,1,1,0.425259695479,0.0345445275759,0.499611530482,0.0405842464627,0.459804223055,0.540195776945,-1.7763568394e-15,0.496264801179,0.24627875289,0,0,0.05,0,0,0.25,1.11803398875,0,0,0,0,0,0,0,0,0,0
6.85,0.919420682045,0.0805793179545,1,1,0.42274715672,0.0370501536684,0.496673525325,0.0435291642861,0.459797310389,0.540202689611,-1.75415237891e-15,0.496179641611,0.24619423675,0,0,0.05,0,0,0.25,1.11803398875,0,0,0,0,0,0,0,0,0,0
6.9,0.913909464301,0.0860905356989,1,1,0.420206748075,0.0395835971277,0.493702716226,0.0465069385712,0.459790345203,0.540209654797,-1.79856129989e-15,0.496093863098,0.246109121004,0,0,0.05,0,0,0.25,1.11803398875,0,0,0,0,0,0,0,0,0,0
6.95,0.908354790799,0.0916452092009,1,1,0.417646388224,0.0421369392318,0.490708402575,0.0495082699691,0.459783327456,0.540216672544,-1.79856129989e-15,0.496007465747,0.246023406077,0,0,0.05,0,0,0.25,1.11803398875,0,0,0,0,0,0,0,0,0,0
7,0.902774015374,0.0972259846257,1,1,0.415074057799,0.0447021993044,0.487699957575,0.0525237853213,0.459776257103,0.540223742896,-1.82076576039e-15,0.495920449667,0.245937092398,0,0,0.05,0,0,0.25,1.11803398875,0,0,0,0,0,0,0,0,0,0
7.05,0.897184573409,0.102815426591,1,1,0.412497774446,0.0472713596562,0.484686798962,0.055544066935,0.459769134103,0.540230865897,-1.86517468137e-15,0.495832814968,0.245850180399,0,0,0.05,0,0,0.25,1.11803398875,0,0,0,0,0,0,0,0,0,0
7.1,0.89160392736,0.10839607264,1,1,0.409925567769,0.0498363906407,0.481678359592,0.058559681999,0.459761958409,0.540238041591,-1.93178806285e-15,0.495744561759,0.245762670514,0,0,0.05,0,0,0.25,1.11803398875,0,0,0,0,0,0,0,0,0,0
7.15,0.886049512207,0.113950487793,1,1,0.407365454233,0.0523892757463,0.478684057974,0.0615612120468,0.459754729979,0.54024527002,-1.90958360236e-15,0.495655690152,0.245674563181,0,0,0.05,0,0,0.25,1.11803398875,0,0,0,0,0,0,0,0,0,0
7.2,0.880538680976,0.119461319024,1,1,0.404825412121,0.0549220366478,0.475713268855,0.0645392823762,0.459747448768,0.540252551232,-1.86517468137e-15,0.495566200259,0.245585858839,0,0,0.05,0,0,0.25,1.11803398875,0,0,0,0,0,0,0,0,0,0
7.25,0.875088650531,0.124911349469,1,1,0.402313356595,0.0574267581361,0.472775293936,0.0674845913328,0.459740114731,0.540259885269,-1.88737914186e-15,0.495476092192,0.245496557934,0,0,0.05,0,0,0.25,1.11803398875,0,0,0,0,0,0,0,0,0,0
7.3,0.869716447782,0.130283552217,1,1,0.399837114971,0.0598956128514,0.469879332811,0.0703879393661,0.459732727823,0.540267272177,-1.93178806285e-15,0.495385366064,0.245406660911,0,0,0.05,0,0,0.25,1.11803398875,0,0,0,0,0,0,0,0,0,0
7.35,0.864438856492,0.135561143508,1,1,0.397404402257,0.0623208857403,0.467034454236,0.0732402577674,0.459725287997,0.540274712003,-1.95399252334e-15,0.49529402199,0.245316168219,0,0,0.05,0,0,0.25,1.11803398875,0,0,0,0,0,0,0,0,0,0
7.4,0.859272364839,0.140727635161,1,1,0.395022797047,0.0646949981611,0.464249567792,0.0760326370001,0.459717795208,0.540282204792,-1.95399252334e-15,0.495202060085,0.245225080312,0,0,0.05,0,0,0.25,1.11803398875,0,0,0,0,0,0,0,0,0,0
7.45,0.854233113904,0.145766886096,1,1,0.392699717846,0.0670105315625,0.461533396058,0.078756354533,0.459710249409,0.540289750591,-1.97619698383e-15,0.495109480463,0.245133397644,0,0,0.05,0,0,0.25,1.11803398875,0,0,0,0,0,0,0,0,0,0
7.5,0.849336847248,0.150663152752,1,1,0.390442399893,0.0692602506609,0.458894447355,0.0814029020912,0.459702650554,0.540297349446,-1.99840144433e-15,0.495016283242,0.245041120675,0,0,0.05,0,0,0.25,1.11803398875,0,0,0,0,0,0,0,0,0,0
7.55,0.844598861718,0.155401138282,1,1,0.38825787255,0.0714371260441,0.456340989168,0.0839640122378,0.459694998595,0.540305001405,-1.99840144433e-15,0.494922468539,0.244948249865,0,0,0.05,0,0,0.25,1.11803398875,0,0,0,0,0,0,0,0,0,0
7.6,0.840033959665,0.159966040335,1,1,0.386152937353,0.0735343561311,0.453881022312,0.0864316842042,0.459687293484,0.540312706516,-1.99840144433e-15,0.494828036471,0.244854785678,0,0,0.05,0,0,0.25,1.11803398875,0,0,0,0,0,0,0,0,0,0
7.65,0.835656402692,0.164343597308,1,1,0.384134146755,0.0755453884195,0.451522255937,0.0887982088887,0.459679535174,0.540320464826,-2.04281036531e-15,0.494732987159,0.244760728583,0,0,0.05,0,0,0.25,1.11803398875,0,0,0,0,0,0,0,0,0,0
7.7,0.831479867103,0.168520132897,1,1,0.382207783664,0.0774639399529,0.449272083439,0.0910561929441,0.459671723617,0.540328276383,-2.0872192863e-15,0.49463732072,0.244666079049,0,0,0.05,0,0,0.25,1.11803398875,0,0,0,0,0,0,0,0,0,0
7.75,0.827517401174,0.172482598826,1,1,0.380379841817,0.079284016946,0.447137559357,0.0931985818804,0.459663858763,0.540336141237,-2.17603712827e-15,0.494541037276,0.24457083755,0,0,0.05,0,0,0.25,1.11803398875,0,0,0,0,0,0,0,0,0,0
7.8,0.823781384385,0.176218615615,1,1,0.378656007058,0.0809999335053,0.445125377327,0.0952186821096,0.459655940564,0.540344059436,-2.17603712827e-15,0.494444136947,0.244475004561,0,0,0.05,0,0,0.25,1.11803398875,0,0,0,0,0,0,0,0,0,0
7.85,0.82028348875,0.17971651125,1,1,0.377041639583,0.0826063293864,0.443241849167,0.0971101818636,0.45964796897,0.54035203103,-2.19824158876e-15,0.494346619856,0.244378580563,0,0,0.05,0,0,0.25,1.11803398875,0,0,0,0,0,0,0,0,0,0
7.9,0.817034642346,0.182965357654,1,1,0.375541757198,0.0840981867335,0.441492885148,0.0988671709206,0.459639943931,0.540360056069,-2.26485497024e-15,0.494248486124,0.244281566036,0,0,0.05,0,0,0.25,1.11803398875,0,0,0,0,0,0,0,0,0,0
7.95,0.814044995174,0.185955004826,1,1,0.37416101965,0.0854708457483,0.439883975524,0.100484159078,0.459631865398,0.540368134602,-2.30926389122e-15,0.494149735877,0.244183961467,0,0,0.05,0,0,0.25,1.11803398875,0,0,0,0,0,0,0,0,0,0
8,0.811323887449,0.188676112551,1,1,0.372903714081,0.0867200192389,0.438420173368,0.101956093312,0.45962373332,0.54037626668,-2.3758772727e-15,0.494050369237,0.244085767343,0,0,0.05,0,0,0.25,1.11803398875,0,0,0,0,0,0,0,0,0,0
8.05,0.808879820419,0.191120179581,1,1,0.371773741642,0.0878418060044,0.437106078777,0.103278373577,0.459615547646,0.540384452354,-2.3758772727e-15,0.49395038633,0.243986984155,0,0,0.05,0,0,0.25,1.11803398875,0,0,0,0,0,0,0,0,0,0
8.1,0.806720429804,0.193279570196,1,1,0.370774605313,0.0888327030122,0.435945824491,0.104446867184,0.459607308325,0.540392691675,-2.42028619368e-15,0.493849787281,0.243887612398,0,0,0.05,0,0,0.25,1.11803398875,0,0,0,0,0,0,0,0,0,0
8.15,0.804852461942,0.195147538058,1,1,0.369909398974,0.0896896163306,0.434943062968,0.105457921727,0.459599015305,0.540400984695,-2.39808173319e-15,0.493748572218,0.243787652567,0,0,0.05,0,0,0.25,1.11803398875,0,0,0,0,0,0,0,0,0,0
8.2,0.803281752714,0.196718247286,1,1,0.36918079775,0.0904098707831,0.434100954963,0.106308376503,0.459590668534,0.540409331466,-2.39808173319e-15,0.493646741266,0.243687105163,0,0,0.05,0,0,0.25,1.11803398875,0,0,0,0,0,0,0,0,0,0
8.25,0.802013209307,0.197986790693,1,1,0.368591049666,0.0909912182927,0.433422159641,0.106995572401,0.459582267959,0.540417732041,-2.3758772727e-15,0.493544294556,0.243585970689,0,0,0.05,0,0,0.25,1.11803398875,0,0,0,0,0,0,0,0,0,0
8.3,0.801050794887,0.198949205113,1,1,0.368141968635,0.0914318448918,0.432908826252,0.107517360221,0.459573813527,0.540426186473,-2.42028619368e-15,0.493441232214,0.243484249649,0,0,0.05,0,0,0.25,1.11803398875,0,0,0,0,0,0,0,0,0,0
8.35,0.800397516217,0.199602483783,1,1,0.367834928809,0.0917303763753,0.432562587408,0.107872107408,0.459565305184,0.540434694815,-2.44249065418e-15,0.493337554372,0.243381942554,0,0,0.05,0,0,0.25,1.11803398875,0,0,0,0,0,0,0,0,0,0
8.4,0.80005541426,0.19994458574,1,1,0.367670860299,0.0918858825786,0.432384553961,0.108058703161,0.459556742878,0.540443257122,-2.48689957516e-15,0.493233261159,0.243279049914,0,0,0.05,0,0,0.25,1.11803398875,0,0,0,0,0,0,0,0,0,0
8.45,0.800025557807,0.199974442193,1,1,0.367650246284,0.0918978802678,0.432375311524,0.108076561925,0.459548126551,0.540451873449,-2.48689957516e-15,0.493128352707,0.243175572243,0,0,0.05,0,0,0.25,1.11803398875,0,0,0,0,0,0,0,0,0,0
8.5,0.800308040135,0.199691959865,1,1,0.367773121517,0.0917663346339,0.432534918618,0.107925625231,0.459539456151,0.540460543849,-2.53130849615e-15,0.493022829147,0.24307151006,0,0,0.05,0,0,0.25,1.11803398875,0,0,0,0,0,0,0,0,0,0
8.55,0.800901978717,0.199098021283,1,1,0.368039072236,0.0914916593845,0.43286290648,0.107606361899,0.459530731621,0.540469268379,-2.55351295664e-15,0.492916690612,0.242966863884,0,0,0.05,0,0,0.25,1.11803398875,0,0,0,0,0,0,0,0,0,0
8.6,0.801805517977,0.198194482023,1,1,0.368447237471,0.0910747154342,0.433358280506,0.107119766589,0.459521952905,0.540478047094,-2.55351295664e-15,0.492809937237,0.242861634239,0,0,0.05,0,0,0.25,1.11803398875,0,0,0,0,0,0,0,0,0,0
8.65,0.803015835091,0.196984164909,1,1,0.368996311751,0.0905168081978,0.43401952334,0.106467356711,0.459513119949,0.540486880051,-2.57571741713e-15,0.492702569154,0.242755821651,0,0,0.05,0,0,0.25,1.11803398875,0,0,0,0,0,0,0,0,0,0
8.7,0.804529148803,0.195470851197,1,1,0.369684549201,0.0898196834936,0.434844599601,0.105651167704,0.459504232695,0.540495767305,-2.62012633812e-15,0.492594586499,0.242649426649,0,0,0.05,0,0,0.25,1.11803398875,0,0,0,0,0,0,0,0,0,0
8.75,0.806340731238,0.193659268762,1,1,0.370509769016,0.0889855220715,0.435830962222,0.10467374669,0.459495291088,0.540504708912,-2.64233079861e-15,0.492485989409,0.242542449764,0,0,0.05,0,0,0.25,1.11803398875,0,0,0,0,0,0,0,0,0,0
8.8,0.808444922676,0.191555077324,1,1,0.371469362289,0.0880169327814,0.436975560387,0.103538144542,0.459486295071,0.540513704929,-2.64233079861e-15,0.492376778019,0.242434891532,0,0,0.05,0,0,0.25,1.11803398875,0,0,0,0,0,0,0,0,0,0
8.85,0.810835149231,0.189164850769,1,1,0.372560300184,0.0869169444042,0.438274849047,0.102247906365,0.459477244588,0.540522755412,-2.6645352591e-15,0.492266952467,0.242326752491,0,0,0.05,0,0,0.25,1.11803398875,0,0,0,0,0,0,0,0,0,0
8.9,0.81350394339,0.18649605661,1,1,0.373779143413,0.0856889961705,0.439724799976,0.10080706044,0.459468139584,0.540531860416,-2.70894418009e-15,0.492156512891,0.242218033181,0,0,0.05,0,0,0.25,1.11803398875,0,0,0,0,0,0,0,0,0,0
8.95,0.816442967342,0.183557032658,1,1,0.375122053004,0.0843369269972,0.441320914338,0.0992201056611,0.459458980001,0.540541019999,-2.73114864058e-15,0.492045459431,0.242108734146,0,0,0.05,0,0,0.25,1.11803398875,0,0,0,0,0,0,0,0,0,0
9,0.819643039029,0.180356960971,1,1,0.376584802308,0.0828649634756,0.443058236721,0.0974919974955,0.459449765784,0.540550234216,-2.79776202206e-15,0.491933792225,0.241998855933,0,0,0.05,0,0,0.25,1.11803398875,0,0,0,0,0,0,0,0,0,0
9.05,0.823094160831,0.176905839169,1,1,0.378162790227,0.0812777066477,0.444931370604,0.095628132521,0.459440496875,0.540559503125,-2.77555756156e-15,0.491821511414,0.24188839909,0,0,0.05,0,0,0.25,1.11803398875,0,0,0,0,0,0,0,0,0,0
9.1,0.826785550802,0.173214449198,1,1,0.379851055603,0.0795801176133,0.446934495198,0.0936343315851,0.459431173217,0.540568826783,-2.79776202206e-15,0.49170861714,0.24177736417,0,0,0.05,0,0,0.25,1.11803398875,0,0,0,0,0,0,0,0,0,0
9.15,0.83070567635,0.16929432365,1,1,0.381644292739,0.0777775020127,0.44906138361,0.0915168216375,0.459421794752,0.540578205248,-2.84217094304e-15,0.491595109545,0.241665751728,0,0,0.05,0,0,0.25,1.11803398875,0,0,0,0,0,0,0,0,0,0
9.2,0.834842290273,0.165157709727,1,1,0.383536867989,0.0758754934325,0.451305422285,0.0892822162943,0.459412361421,0.540587638579,-2.88657986403e-15,0.491480988771,0.241553562323,0,0,0.05,0,0,0.25,1.11803398875,0,0,0,0,0,0,0,0,0,0
9.25,0.83918246902,0.16081753098,1,1,0.385522837377,0.0738800357875,0.453659631643,0.0869374951928,0.459402873164,0.540597126836,-2.86437540353e-15,0.491366254962,0.241440796515,0,0,0.05,0,0,0.25,1.11803398875,0,0,0,0,0,0,0,0,0,0
9.3,0.843712653062,0.156287346938,1,1,0.387595965185,0.071797364734,0.456116687877,0.0844899822038,0.459393329919,0.540606670081,-2.88657986403e-15,0.491250908262,0.241327454868,0,0,0.05,0,0,0.25,1.11803398875,0,0,0,0,0,0,0,0,0,0
9.35,0.848418689262,0.151581310738,1,1,0.389749743452,0.0696339881712,0.45866894581,0.0819473225668,0.459383731623,0.540616268377,-2.88657986403e-15,0.491134948817,0.24121353795,0,0,0.05,0,0,0.25,1.11803398875,0,0,0,0,0,0,0,0,0,0
9.4,0.853285875085,0.146714124915,1,1,0.391977412318,0.0673966658934,0.461308462767,0.0793174590215,0.459374078212,0.540625921788,-2.88657986403e-15,0.491018376772,0.241099046328,0,0,0.05,0,0,0.25,1.11803398875,0,0,0,0,0,0,0,0,0,0
9.45,0.858299004536,0.141700995463,1,1,0.394271981163,0.0650923884554,0.464027023373,0.0766086070081,0.459364369618,0.540635630382,-2.86437540353e-15,0.490901192275,0.240983980577,0,0,0.05,0,0,0.25,1.11803398875,0,0,0,0,0,0,0,0,0,0
9.5,0.863442415666,0.136557584334,1,1,0.396626250458,0.0627283553174,0.466816165208,0.0738292290167,0.459354605775,0.540645394225,-2.86437540353e-15,0.490783395472,0.240868341271,0,0,0.05,0,0,0.25,1.11803398875,0,0,0,0,0,0,0,0,0,0
9.55,0.868700039499,0.131299960501,1,1,0.399032834275,0.0603119523387,0.469667205224,0.0709880081624,0.459344786613,0.540655213387,-2.86437540353e-15,0.490664986511,0.240752128988,0,0,0.05,0,0,0.25,1.11803398875,0,0,0,0,0,0,0,0,0,0
9.6,0.874055450239,0.125944549761,1,1,0.401484183373,0.0578507286892,0.472571266866,0.0680938210718,0.459334912062,0.540665087938,-2.84217094304e-15,0.490545965542,0.24063534431,0,0,0.05,0,0,0.25,1.11803398875,0,0,0,0,0,0,0,0,0,0
9.65,0.879491916586,0.120508083414,1,1,0.4039726088,0.0553523732513,0.475519307786,0.065155710163,0.459324982051,0.540675017949,-2.86437540353e-15,0.490426332715,0.24051798782,0,0,0.05,0,0,0.25,1.11803398875,0,0,0,0,0,0,0,0,0,0
9.7,0.884992454005,0.115007545995,1,1,0.406490305923,0.0528246905872,0.478502148083,0.0621828554076,0.45931499651,0.54068500349,-2.86437540353e-15,0.49030608818,0.240400060106,0,0,0.05,0,0,0.25,1.11803398875,0,0,0,0,0,0,0,0,0,0
9.75,0.890539877794,0.109460122206,1,1,0.409029378823,0.0502755765443,0.481510498971,0.0591845456616,0.459304955367,0.540695044633,-2.93098878501e-15,0.490185232088,0.240281561757,0,0,0.05,0,0,0.25,1.11803398875,0,0,0,0,0,0,0,0,0,0
9.8,0.896116856767,0.103883143233,1,1,0.411581864977,0.0477129935773,0.48453499179,0.0561701496556,0.459294858554,0.540705141446,-2.99760216649e-15,0.490063764591,0.240162493365,0,0,0.05,0,0,0.25,1.11803398875,0,0,0,0,0,0,0,0,0,0
9.85,0.901705967403,0.0982940325973,1,1,0.414139760139,0.0451449458632,0.487566207264,0.0531490867341,0.459284706002,0.540715293998,-3.04201108747e-15,0.489941685842,0.240042855526,0,0,0.05,0,0,0.25,1.11803398875,0,0,0,0,0,0,0,0,0,0
9.9,0.907289748278,0.0927102517215,1,1,0.416695043359,0.042579454286,0.490594704919,0.0501307974355,0.459274497645,0.540725502355,-3.08642000846e-15,0.489818995996,0.239922648838,0,0,0.05,0,0,0.25,1.11803398875,0,0,0,0,0,0,0,0,0,0
9.95,0.912850754623,0.0871492453773,1,1,0.419239702049,0.0400245313714,0.493611052573,0.0471247140059,0.459264233421,0.540735766579,-3.15303338994e-15,0.489695695205,0.239801873902,0,0,0.05,0,0,0.25,1.11803398875,0,0,0,0,0,0,0,0,0,0
10,0.918371612816,0.0816283871845,1,1,0.421765757019,0.0374881562481,0.496605855797,0.0441402309363,0.459253913267,0.540746086733,-3.15303338994e-15,0.489571783626,0.239680531323,0,0,0.05,0,0,0.25,1.11803398875,0,0,0,0,0,0,0,0,0,0
10.05,0.923835074668,0.0761649253323,1,1,0.424265287412,0.0349782497146,0.499569787256,0.0411866756178,0.459243537126,0.540756462874,-3.19744231092e-15,0.489447261415,0.239558621707,0,0,0.05,0,0,0.25,1.11803398875,0,0,0,0,0,0,0,0,0,0
10.1,0.929224071306,0.0707759286935,1,1,0.426730455454,0.0325026494892,0.502493615852,0.0382732792043,0.459233104944,0.540766895056,-3.19744231092e-15,0.489322128728,0.239436145663,0,0,0.05,0,0,0.25,1.11803398875,0,0,0,0,0,0,0,0,0,0
10.15,0.934521766503,0.0654782334974,1,1,0.429153530945,0.0300690857214,0.505368235557,0.035409147776,0.459222616667,0.540777383333,-3.17523785043e-15,0.489196385724,0.239313103805,0,0,0.05,0,0,0.25,1.11803398875,0,0,0,0,0,0,0,0,0,0
10.2,0.939711609269,0.0602883907307,1,1,0.431526915406,0.0276851568398,0.508184693864,0.0326032338909,0.459212072245,0.540787927755,-3.21964677141e-15,0.48907003256,0.239189496748,0,0,0.05,0,0,0.25,1.11803398875,0,0,0,0,0,0,0,0,0,0
10.25,0.944777385571,0.0552226144289,1,1,0.433843165817,0.025358305813,0.510934219754,0.0298643086159,0.45920147163,0.54079852837,-3.2640556924e-15,0.488943069396,0.23906532511,0,0,0.05,0,0,0.25,1.11803398875,0,0,0,0,0,0,0,0,0,0
10.3,0.949703268979,0.0502967310209,1,1,0.436095017876,0.0230957968979,0.513608251103,0.0272009341229,0.459190814774,0.540809185226,-3.30846461338e-15,0.488815496392,0.238940589513,0,0,0.05,0,0,0.25,1.11803398875,0,0,0,0,0,0,0,0,0,0
10.35,0.954473870116,0.045526129884,1,1,0.43827540868,0.0209046929468,0.516198461436,0.0246214369372,0.459180101627,0.540819898373,-3.28626015289e-15,0.488687313709,0.23881529058,0,0,0.05,0,0,0.25,1.11803398875,0,0,0,0,0,0,0,0,0,0
10.4,0.959074284735,0.0409257152649,1,1,0.440377498794,0.0187918333455,0.518696785941,0.0221338819194,0.459169332139,0.540830667861,-3.39728245535e-15,0.488558521509,0.238689428939,0,0,0.05,0,0,0.25,1.11803398875,0,0,0,0,0,0,0,0,0,0
10.45,0.963490140284,0.0365098597159,1,1,0.442394693606,0.0167638126508,0.521095446678,0.0197460470651,0.459158506257,0.540841493743,-3.44169137634e-15,0.488429119955,0.23856300522,0,0,0.05,0,0,0.25,1.11803398875,0,0,0,0,0,0,0,0,0,0
10.5,0.967707640808,0.0322923591922,1,1,0.44432066393,0.014826959994,0.523386976878,0.0174653991982,0.459147623924,0.540852376076,-3.41948691585e-15,0.48829910921,0.238436020055,0,0,0.05,0,0,0.25,1.11803398875,0,0,0,0,0,0,0,0,0,0
10.55,0.971713610049,0.0282863899511,1,1,0.44614936576,0.0129873193149,0.525564244289,0.0152990706362,0.459136685075,0.540863314925,-3.46389583683e-15,0.488168489437,0.23830847408,0,0,0.05,0,0,0.25,1.11803398875,0,0,0,0,0,0,0,0,0,0
10.6,0.975495532613,0.0245044673868,1,1,0.447875059154,0.0112506304883,0.52762047346,0.0132538368985,0.459125689642,0.540874310358,-3.48610029732e-15,0.488037260804,0.238180367933,0,0,0.05,0,0,0.25,1.11803398875,0,0,0,0,0,0,0,0,0,0
10.65,0.97904159307,0.02095840693,1,1,0.449492326146,0.00962231140122,0.529549266924,0.0113360955288,0.459114637547,0.540885362453,-3.48610029732e-15,0.487905423475,0.238051702256,0,0,0.05,0,0,0.25,1.11803398875,0,0,0,0,0,0,0,0,0,0
10.7,0.982340712866,0.0176592871339,1,1,0.450996087667,0.0081074410376,0.531344625199,0.00955184609634,0.459103528705,0.540896471295,-3.48610029732e-15,0.487772977617,0.237922477693,0,0,0.05,0,0,0.25,1.11803398875,0,0,0,0,0,0,0,0,0,0
10.75,0.985382584936,0.0146174150635,1,1,0.452381619398,0.00671074362278,0.533000965538,0.00790667144077,0.459092363021,0.540907636979,-3.5527136788e-15,0.487639923398,0.237792694891,0,0,0.05,0,0,0.25,1.11803398875,0,0,0,0,0,0,0,0,0,0
10.8,0.988157705906,0.0118422940938,1,1,0.453644566515,0.00543657387744,0.534513139391,0.00640572021636,0.459081140392,0.540918859608,-3.5527136788e-15,0.487506260987,0.237662354501,0,0,0.05,0,0,0.25,1.11803398875,0,0,0,0,0,0,0,0,0,0
10.85,0.99065740578,0.00934259421955,1,1,0.454780957281,0.00428890342701,0.5358764485,0.00505369079253,0.459069860708,0.540930139292,-3.5527136788e-15,0.487371990553,0.237531457175,0,0,0.05,0,0,0.25,1.11803398875,0,0,0,0,0,0,0,0,0,0
10.9,0.992873875031,0.00712612496886,1,1,0.455787215439,0.00327130840896,0.537086659592,0.0038548165599,0.459058523848,0.540941476152,-3.53050921831e-15,0.487237112267,0.23740000357,0,0,0.05,0,0,0.25,1.11803398875,0,0,0,0,0,0,0,0,0,0
10.95,0.994800188995,0.00519981100457,1,1,0.45666017137,0.00238695831656,0.538140017625,0.00281285268801,0.459047129687,0.540952870313,-3.50830475782e-15,0.487101626299,0.237267994343,0,0,0.05,0,0,0.25,1.11803398875,0,0,0,0,0,0,0,0,0,0
11,0.99643032951,0.00356967049033,1,1,0.45739707198,0.0016386061141,0.53903325753,0.00193106437623,0.459035678094,0.540964321906,-3.61932706028e-15,0.486965532823,0.237135430158,0,0,0.05,0,0,0.25,1.11803398875,0,0,0,0,0,0,0,0,0,0
11.05,0.997759203711,0.00224079628878,1,1,0.457995589281,0.00102857965421,0.53976361443,0.00121221663457,0.459024168935,0.540975831065,-3.59712259979e-15,0.486828832012,0.237002311678,0,0,0.05,0,0,0.25,1.11803398875,0,0,0,0,0,0,0,0,0,0
11.1,0.998782659949,0.00121734005047,1,1,0.458453827652,0.000558774424178,0.540328832298,0.000658565626293,0.459012602076,0.540987397924,-3.59712259979e-15,0.486691524039,0.236868639571,0,0,0.05,0,0,0.25,1.11803398875,0,0,0,0,0,0,0,0,0,0
11.15,0.999497500757,0.000502499243344,1,1,0.458770329738,0.000230647643829,0.540727171019,0.000271851599515,0.459000977382,0.540999022618,-3.70814490225e-15,0.48655360908,0.236734414509,0,0,0.05,0,0,0.25,1.11803398875,0,0,0,0,0,0,0,0,0,0
11.2,0.999901492837,9.85071632414e-05,1,1,0.45894408099,4.52137333814e-05,0.540957411846,5.329342986e-05,0.458989294724,0.541010705276,-3.68594044176e-15,0.486415087311,0.236599637164,0,0,0.05,0,0,0.25,1.11803398875,0,0,0,0,0,0,0,0,0,0
11.25,0.999993374043,6.62595667905e-06,1,1,0.458974512813,3.04116538932e-06,0.54101886123,3.58479128973e-06,0.458977553979,0.541022446021,-3.64153152077e-15,0.486275958911,0.236464308214,0,0,0.05,0,0,0.25,1.11803398875,0,0,0,0,0,0,0,0,0,0
11.3,0.999772857322,0.000227142677662,1,1,0.458861504322,0.000104250710553,0.540911353,0.000122891967109,0.458965755032,0.541034244968,-3.68594044176e-15,0.486136224056,0.236328428339,0,0,0.05,0,0,0.25,1.11803398875,0,0,0,0,0,0,0,0,0,0
11.35,0.999240631609,0.000759368390876,1,1,0.4586053827,0.000348515082846,0.540635248909,0.00041085330803,0.458953897783,0.541046102217,-3.59712259979e-15,0.485995882927,0.236191998222,0,0,0.05,0,0,0.25,1.11803398875,0,0,0,0,0,0,0,0,0,0
11.4,0.998398359676,0.00160164032405,1,1,0.458206922157,0.000735059984997,0.540191437519,0.00086658033905,0.458941982142,0.541058017858,-3.68594044176e-15,0.485854935706,0.23605501855,0,0,0.05,0,0,0.25,1.11803398875,0,0,0,0,0,0,0,0,0,0
11.45,0.997248672937,0.00275132706276,1,1,0.457667341486,0.00126266655102,0.539581331451,0.00148866051173,0.458930008037,0.541069991963,-3.70814490225e-15,0.485713382574,0.235917490011,0,0,0.05,0,0,0.25,1.11803398875,0,0,0,0,0,0,0,0,0,0
11.5,0.995795163228,0.00420483677147,1,1,0.456988300234,0.0019296751781,0.538806862994,0.00227516159336,0.458917975412,0.541082024587,-3.70814490225e-15,0.485571223714,0.235779413299,0,0,0.05,0,0,0.25,1.11803398875,0,0,0,0,0,0,0,0,0,0
11.55,0.994042371585,0.00595762841508,1,1,0.456171893495,0.00273399073574,0.53787047809,0.00322363767934,0.458905884231,0.541094115769,-3.77475828373e-15,0.485428459312,0.23564078911,0,0,0.05,0,0,0.25,1.11803398875,0,0,0,0,0,0,0,0,0,0
11.6,0.991995774054,0.00800422594599,1,1,0.455220645337,0.00367308913592,0.536775128717,0.00433113681007,0.458893734472,0.541106265527,-3.75255382323e-15,0.485285089554,0.235501618143,0,0,0.05,0,0,0.25,1.11803398875,0,0,0,0,0,0,0,0,0,0
11.65,0.989661764588,0.0103382354123,1,1,0.454137500893,0.00474402524354,0.535524263695,0.00559421016873,0.458881526137,0.541118473863,-3.81916720471e-15,0.485141114627,0.235361901102,0,0,0.05,0,0,0.25,1.11803398875,0,0,0,0,0,0,0,0,0,0
11.7,0.987047635066,0.0129523649336,1,1,0.452925817136,0.00594344210245,0.53412181793,0.0070089228311,0.458869259239,0.541130740761,-3.8413716652e-15,0.484996534722,0.235221638693,0,0,0.05,0,0,0.25,1.11803398875,0,0,0,0,0,0,0,0,0,0
11.75,0.984161552518,0.0158384474822,1,1,0.451589352362,0.00726758144802,0.532572200156,0.00857086603423,0.45885693381,0.54114306619,-3.81916720471e-15,0.484851350029,0.235080831625,0,0,0.05,0,0,0.25,1.11803398875,0,0,0,0,0,0,0,0,0,0
11.8,0.981012533601,0.0189874663989,1,1,0.45013225442,0.00871229547341,0.530880279181,0.0102751709254,0.458844549894,0.541155450106,-3.90798504668e-15,0.484705560741,0.234939480613,0,0,0.05,0,0,0.25,1.11803398875,0,0,0,0,0,0,0,0,0,0
11.85,0.977610416438,0.0223895835617,1,1,0.448559047732,0.0102730598126,0.529051368707,0.012116523749,0.458832107544,0.541167892456,-3.95239396767e-15,0.484559167052,0.234797586374,0,0,0.05,0,0,0.25,1.11803398875,0,0,0,0,0,0,0,0,0,0
11.9,0.973965829877,0.0260341701229,1,1,0.446874619122,0.0119449876997,0.527091210755,0.0140891824232,0.458819606821,0.541180393179,-3.93018950717e-15,0.484412169158,0.234655149628,0,0,0.05,0,0,0.25,1.11803398875,0,0,0,0,0,0,0,0,0,0
11.95,0.970090160285,0.0299098397152,1,1,0.445084202528,0.0137228452595,0.525005957757,0.0161869944557,0.458807047788,0.541192952212,-4.01900734914e-15,0.484264567257,0.234512171101,0,0,0.05,0,0,0.25,1.11803398875,0,0,0,0,0,0,0,0,0,0
12,0.965995515975,0.0340044840248,1,1,0.443193362621,0.0156010678827,0.522802153354,0.0184034161421,0.458794430503,0.541205569497,-4.06341627013e-15,0.48411636155,0.23436865152,0,0,0.05,0,0,0.25,1.11803398875,0,0,0,0,0,0,0,0,0,0
12.05,0.96169468938,0.0383053106202,1,1,0.44120797739,0.017573777633,0.52048671199,0.0207315329872,0.458781755023,0.541218244977,-4.08562073062e-15,0.483967552237,0.234224591619,0,0,0.05,0,0,0.25,1.11803398875,0,0,0,0,0,0,0,0,0,0
12.1,0.957201117082,0.0427988829179,1,1,0.439134219755,0.0196348016327,0.518066897327,0.0231640812851,0.458769021388,0.541230978612,-4.10782519111e-15,0.483818139524,0.234079992133,0,0,0.05,0,0,0.25,1.11803398875,0,0,0,0,0,0,0,0,0,0
12.15,0.952528837839,0.0474711621608,1,1,0.436978538256,0.0217776913688,0.515550299583,0.025693470792,0.458756229625,0.541243770375,-4.13002965161e-15,0.483668123617,0.233934853803,0,0,0.05,0,0,0.25,1.11803398875,0,0,0,0,0,0,0,0,0,0
12.2,0.947692448722,0.0523075512784,1,1,0.43474763688,0.0239957428593,0.512944811842,0.0283118084191,0.458743379739,0.541256620261,-4.13002965161e-15,0.483517504723,0.233789177374,0,0,0.05,0,0,0.25,1.11803398875,0,0,0,0,0,0,0,0,0,0
12.25,0.94270705951,0.0572929404901,1,1,0.432448454093,0.0262820176167,0.510258605417,0.0310109228734,0.45873047171,0.54126952829,-4.13002965161e-15,0.483366283055,0.233642963594,0,0,0.05,0,0,0.25,1.11803398875,0,0,0,0,0,0,0,0,0,0
12.3,0.937588245489,0.0624117545113,1,1,0.430088141146,0.0286293643426,0.507500104343,0.0337823901687,0.458717505488,0.541282494512,-4.21884749358e-15,0.483214458824,0.233496213216,0,0,0.05,0,0,0.25,1.11803398875,0,0,0,0,0,0,0,0,0,0
12.35,0.932351998787,0.0676480012134,1,1,0.427674039705,0.0310304412868,0.504677959081,0.0366175599267,0.458704480992,0.541295519008,-4.19664303308e-15,0.483062032247,0.233348926998,0,0,0.05,0,0,0.25,1.11803398875,0,0,0,0,0,0,0,0,0,0
12.4,0.927014678414,0.0729853215864,1,1,0.425213658905,0.0334777391995,0.501801019509,0.0395075823868,0.458691398104,0.541308601896,-4.26325641456e-15,0.482909003542,0.233201105702,0,0,0.05,0,0,0.25,1.11803398875,0,0,0,0,0,0,0,0,0,0
12.45,0.921592959153,0.0784070408471,1,1,0.422714651863,0.0359636048064,0.49887830729,0.0424434360407,0.45867825667,0.54132174333,-4.26325641456e-15,0.48275537293,0.233052750093,0,0,0.05,0,0,0.25,1.11803398875,0,0,0,0,0,0,0,0,0,0
12.5,0.916103779465,0.0838962205345,1,1,0.420184791764,0.0384802647312,0.495918987701,0.0454159558033,0.458665056495,0.541334943505,-4.35207425653e-15,0.482601140635,0.232903860942,0,0,0.05,0,0,0.25,1.11803398875,0,0,0,0,0,0,0,0,0,0
12.55,0.910564288571,0.0894357114289,1,1,0.417631947556,0.0410198497941,0.492932341015,0.0484158616348,0.45865179735,0.54134820265,-4.37427871702e-15,0.482446306885,0.232754439027,0,0,0.05,0,0,0.25,1.11803398875,0,0,0,0,0,0,0,0,0,0
12.6,0.904991792871,0.0950082071287,1,1,0.415064059357,0.0435744196066,0.489927733514,0.0514337875222,0.458638478964,0.541361521036,-4.41868763801e-15,0.482290871909,0.232604485126,0,0,0.05,0,0,0.25,1.11803398875,0,0,0,0,0,0,0,0,0,0
12.65,0.899403701881,0.100596298119,1,1,0.412489113644,0.0461359873885,0.486914588237,0.0544603107309,0.458625101032,0.541374898968,-4.41868763801e-15,0.48213483594,0.232454000027,0,0,0.05,0,0,0.25,1.11803398875,0,0,0,0,0,0,0,0,0,0
12.7,0.893817473836,0.106182526164,1,1,0.409915118289,0.0486965449285,0.483902355548,0.0574859812351,0.458611663217,0.541388336783,-4.48530101949e-15,0.481978199215,0.232302984519,0,0,0.05,0,0,0.25,1.11803398875,0,0,0,0,0,0,0,0,0,0
12.75,0.888250561156,0.111749438844,1,1,0.407350077541,0.0512480876108,0.480900483615,0.0605013512336,0.458598165152,0.541401834848,-4.55191440096e-15,0.481820961975,0.232151439398,0,0,0.05,0,0,0.25,1.11803398875,0,0,0,0,0,0,0,0,0,0
12.8,0.88272035591,0.11727964409,1,1,0.404801967015,0.0537826394287,0.477918388895,0.0634970046608,0.458584606444,0.541415393556,-4.55191440096e-15,0.481663124463,0.231999365467,0,0,0.05,0,0,0.25,1.11803398875,0,0,0,0,0,0,0,0,0,0
12.85,0.877244135492,0.122755864508,1,1,0.402278708776,0.0562922779085,0.474965426717,0.0664635865991,0.458570986684,0.541429013316,-4.64073224293e-15,0.481504686927,0.231846763532,0,0,0.05,0,0,0.25,1.11803398875,0,0,0,0,0,0,0,0,0,0
12.9,0.871839008634,0.128160991366,1,1,0.399788146585,0.0587691588645,0.472050862049,0.0693918325015,0.458557305449,0.541442694551,-4.66293670343e-15,0.481345649618,0.231693634407,0,0,0.05,0,0,0.25,1.11803398875,0,0,0,0,0,0,0,0,0,0
12.95,0.866521861959,0.133478138041,1,1,0.397338021402,0.061205540908,0.469183840557,0.0722725971334,0.45854356231,0.54145643769,-4.7295500849e-15,0.481186012794,0.231539978908,0,0,0.05,0,0,0.25,1.11803398875,0,0,0,0,0,0,0,0,0,0
13,0.861309307223,0.138690692777,1,1,0.394935947205,0.0635938096351,0.466373360018,0.0750968831421,0.45852975684,0.54147024316,-4.77395900589e-15,0.481025776713,0.231385797862,0,0,0.05,0,0,0.25,1.11803398875,0,0,0,0,0,0,0,0,0,0
13.05,0.856217629419,0.143782370581,1,1,0.392589387206,0.0659265014152,0.463628242212,0.0778558691661,0.458515888622,0.541484111378,-4.79616346638e-15,0.480864941641,0.2312310921,0,0,0.05,0,0,0.25,1.11803398875,0,0,0,0,0,0,0,0,0,0
13.1,0.851262735896,0.148737264104,1,1,0.390305630546,0.0681963267083,0.46095710535,0.0805409373955,0.458501957255,0.541498042745,-4.81836792687e-15,0.480703507848,0.231075862458,0,0,0.05,0,0,0.25,1.11803398875,0,0,0,0,0,0,0,0,0,0
13.15,0.846460106666,0.153539893334,1,1,0.388091769528,0.0703961928365,0.458368337138,0.0831437004979,0.458487962364,0.541512037636,-4.88498130835e-15,0.480541475609,0.23092010978,0,0,0.05,0,0,0.25,1.11803398875,0,0,0,0,0,0,0,0,0,0
13.2,0.841824746035,0.158175253965,1,1,0.385954677468,0.0725192261393,0.455870068567,0.0856560278254,0.458473903608,0.541526096392,-4.92939022934e-15,0.480378845203,0.230763834919,0,0,0.05,0,0,0.25,1.11803398875,0,0,0,0,0,0,0,0,0,0
13.25,0.837371135735,0.162628864264,1,1,0.383900987239,0.0745587934434,0.453470148496,0.0880700708211,0.458459780683,0.541540219317,-4.99600361081e-15,0.480215616916,0.23060703873,0,0,0.05,0,0,0.25,1.11803398875,0,0,0,0,0,0,0,0,0,0
13.3,0.833113189674,0.166886810326,1,1,0.381937070555,0.0765085227794,0.451176119119,0.0903782875462,0.458445593334,0.541554406666,-5.01820807131e-15,0.48005179104,0.23044972208,0,0,0.05,0,0,0.25,1.11803398875,0,0,0,0,0,0,0,0,0,0
13.35,0.829064210468,0.170935789532,1,1,0.380069018079,0.0783623232815,0.448995192389,0.09257346625,0.458431341361,0.541568658639,-5.08482145278e-15,0.47988736787,0.230291885841,0,0,0.05,0,0,0.25,1.11803398875,0,0,0,0,0,0,0,0,0,0
13.4,0.825236847883,0.174763152117,1,1,0.378302620411,0.0801144042062,0.446934227472,0.0946487479106,0.458417024617,0.541582975382,-5.15143483426e-15,0.479722347711,0.230133530893,0,0,0.05,0,0,0.25,1.11803398875,0,0,0,0,0,0,0,0,0,0
13.45,0.821643059312,0.178356940688,1,1,0.376643350011,0.081759293013,0.444999709301,0.0965976476748,0.458402643024,0.541597356976,-5.24025267623e-15,0.479556730872,0.229974658125,0,0,0.05,0,0,0.25,1.11803398875,0,0,0,0,0,0,0,0,0,0
13.5,0.81829407242,0.181705927579,1,1,0.375096344117,0.0832918524485,0.443197728303,0.098414075131,0.458388196566,0.541611803434,-5.30686605771e-15,0.47939051767,0.229815268431,0,0,0.05,0,0,0.25,1.11803398875,0,0,0,0,0,0,0,0,0,0
13.55,0.815200350067,0.184799649933,1,1,0.373666388715,0.0847072965812,0.441533961352,0.100092353352,0.458373685296,0.541626314704,-5.41788836017e-15,0.479223708427,0.229655362718,0,0,0.05,0,0,0.25,1.11803398875,0,0,0,0,0,0,0,0,0,0
13.6,0.812371557616,0.187628442383,1,1,0.3723579036,0.0860012057373,0.440013654016,0.101627236646,0.458359109338,0.541640890662,-5.44009282066e-15,0.479056303474,0.229494941898,0,0,0.05,0,0,0.25,1.11803398875,0,0,0,0,0,0,0,0,0,0
13.65,0.809816532744,0.190183467256,1,1,0.371174928592,0.0871695402896,0.438641604152,0.103013926967,0.458344468882,0.541655531118,-5.46229728116e-15,0.478888303149,0.229334006893,0,0,0.05,0,0,0.25,1.11803398875,0,0,0,0,0,0,0,0,0,0
13.7,0.807543257822,0.192456742178,1,1,0.370121110928,0.0882086532584,0.437422146894,0.104248088919,0.458329764187,0.541670235813,-5.52891066263e-15,0.478719707799,0.229172558635,0,0,0.05,0,0,0.25,1.11803398875,0,0,0,0,0,0,0,0,0,0
13.75,0.805558834986,0.194441165014,1,1,0.369199693892,0.0891153016828,0.436359141094,0.105325863331,0.458314995575,0.541685004425,-5.66213742559e-15,0.478550517775,0.229010598063,0,0,0.05,0,0,0.25,1.11803398875,0,0,0,0,0,0,0,0,0,0
13.8,0.803869463943,0.196130536057,1,1,0.368413506701,0.0898866567286,0.435455957242,0.106243879329,0.45830016343,0.54169983657,-5.70654634657e-15,0.478380733441,0.228848126127,0,0,0.05,0,0,0.25,1.11803398875,0,0,0,0,0,0,0,0,0,0
13.85,0.802480422601,0.197519577399,1,1,0.367764955687,0.0905203125003,0.434715466915,0.106999264898,0.458285268187,0.541714731813,-5.81756864904e-15,0.478210355166,0.228685143788,0,0,0.05,0,0,0.25,1.11803398875,0,0,0,0,0,0,0,0,0,0
13.9,0.801396050586,0.198603949414,1,1,0.3672560168,0.0910142935308,0.434140033786,0.107589655883,0.45827031033,0.54172968967,-5.88418203051e-15,0.478039383331,0.228521652016,0,0,0.05,0,0,0.25,1.11803398875,0,0,0,0,0,0,0,0,0,0
13.95,0.800619735677,0.199380264323,1,1,0.36688822946,0.0913670609243,0.433731506217,0.108013203399,0.458255290384,0.541744709616,-5.99520433298e-15,0.477867818324,0.228357651789,0,0,0.05,0,0,0.25,1.11803398875,0,0,0,0,0,0,0,0,0,0
14,0.800153903226,0.199846096774,1,1,0.366662691768,0.0915775171339,0.433491211458,0.10826857964,0.458240208902,0.541759791098,-6.10622663544e-15,0.477695660541,0.2281931441,0,0,0.05,0,0,0.25,1.11803398875,0,0,0,0,0,0,0,0,0,0
14.05,0.800000008581,0.199999991419,1,1,0.366580057099,0.0916450093597,0.433419951482,0.108354982059,0.458225066459,0.541774933541,-6.23945339839e-15,0.477522910392,0.228028129949,0,0,0.05,0,0,0.25,1.11803398875,0,0,0,0,0,0,0,0,0,0
14.1,0.800158532538,0.199841467462,1,1,0.366640532086,0.0915693315559,0.433518000452,0.108272135906,0.458209863642,0.541790136358,-6.41708908233e-15,0.477349568294,0.22786261035,0,0,0.05,0,0,0.25,1.11803398875,0,0,0,0,0,0,0,0,0,0
14.15,0.800628979838,0.199371020162,1,1,0.366843875995,0.0913507250416,0.433785103842,0.108020295121,0.458194601037,0.541805398963,-6.5059069243e-15,0.477175634674,0.227696586326,0,0,0.05,0,0,0.25,1.11803398875,0,0,0,0,0,0,0,0,0,0
14.2,0.801409880715,0.198590119285,1,1,0.367189401504,0.0909898777135,0.434220479212,0.107600241571,0.458179279217,0.541820720783,-6.61692922677e-15,0.47700110997,0.227530058913,0,0,0.05,0,0,0.25,1.11803398875,0,0,0,0,0,0,0,0,0,0
14.25,0.802498795491,0.197501204508,1,1,0.367675976872,0.0904879218624,0.434822818619,0.107013282646,0.458163898734,0.541836101265,-6.75015598972e-15,0.476825994634,0.227363029158,0,0,0.05,0,0,0.25,1.11803398875,0,0,0,0,0,0,0,0,0,0
14.3,0.803892322193,0.196107677807,1,1,0.368302029503,0.0898464306019,0.43559029269,0.106261247205,0.458148460105,0.541851539895,-6.83897383169e-15,0.476650289124,0.227195498122,0,0,0.05,0,0,0.25,1.11803398875,0,0,0,0,0,0,0,0,0,0
14.35,0.805586107184,0.194413892816,1,1,0.36906555088,0.0890674129198,0.436520556304,0.105346479896,0.4581329638,0.5418670362,-6.99440505514e-15,0.476473993913,0.227027466875,0,0,0.05,0,0,0.25,1.11803398875,0,0,0,0,0,0,0,0,0,0
14.4,0.807574858763,0.192425141237,1,1,0.369964102865,0.0881533073669,0.437610755898,0.10427183387,0.458117410232,0.541882589768,-7.06101843662e-15,0.476297109484,0.226858936503,0,0,0.05,0,0,0.25,1.11803398875,0,0,0,0,0,0,0,0,0,0
14.45,0.809852363701,0.190147636299,1,1,0.37099482534,0.0871069744061,0.438857538361,0.103040661893,0.458101799746,0.541898200254,-7.14983627859e-15,0.476119636335,0.226689908103,0,0,0.05,0,0,0.25,1.11803398875,0,0,0,0,0,0,0,0,0,0
14.5,0.812411506647,0.187588493353,1,1,0.372154445169,0.0859316874424,0.440257061478,0.10165680591,0.458086132611,0.541913867389,-7.26085858105e-15,0.475941574972,0.226520382786,0,0,0.05,0,0,0.25,1.11803398875,0,0,0,0,0,0,0,0,0,0
14.55,0.815244292363,0.184755707637,1,1,0.373439286445,0.0846311225639,0.441805005918,0.100124585073,0.458070409009,0.541929590991,-7.394085344e-15,0.475762925916,0.226350361677,0,0,0.05,0,0,0.25,1.11803398875,0,0,0,0,0,0,0,0,0,0
14.6,0.818341870698,0.181658129302,1,1,0.374845281999,0.0832093470268,0.443496588699,0.098448782275,0.458054629026,0.541945370974,-7.48290318597e-15,0.475583689703,0.226179845912,0,0,0.05,0,0,0.25,1.11803398875,0,0,0,0,0,0,0,0,0,0
14.65,0.821694564241,0.178305435759,1,1,0.376367986129,0.0816708065175,0.445326578112,0.0966346292418,0.458038792647,0.541961207353,-7.63833440942e-15,0.475403866879,0.226008836644,0,0,0.05,0,0,0.25,1.11803398875,0,0,0,0,0,0,0,0,0,0
14.7,0.825291898551,0.174708101448,1,1,0.378002588515,0.0800203112353,0.447289310036,0.0946877902132,0.45802289975,0.54197710025,-7.74935671188e-15,0.475223458006,0.225837335039,0,0,0.05,0,0,0.25,1.11803398875,0,0,0,0,0,0,0,0,0,0
14.75,0.829122634888,0.170877365112,1,1,0.379743929266,0.0782630208366,0.449378705622,0.0926143442754,0.458006950103,0.541993049897,-7.94919685632e-15,0.475042463658,0.225665342278,0,0,0.05,0,0,0.25,1.11803398875,0,0,0,0,0,0,0,0,0,0
14.8,0.833174805316,0.166825194684,1,1,0.381586515068,0.0764044282888,0.451588290248,0.0904207663948,0.457990943357,0.542009056643,-8.12683254026e-15,0.474860884424,0.225492859556,0,0,0.05,0,0,0.25,1.11803398875,0,0,0,0,0,0,0,0,0,0
14.85,0.837435750101,0.162564249899,1,1,0.383524536363,0.0744503426849,0.453911213738,0.0881139072138,0.457974879048,0.542025120952,-8.26005930321e-15,0.47467872091,0.225319888084,0,0,0.05,0,0,0.25,1.11803398875,0,0,0,0,0,0,0,0,0,0
14.9,0.841892157258,0.158107842742,1,1,0.385551885527,0.0724068710706,0.456340271731,0.0857009716718,0.457958756597,0.542041243403,-8.39328606617e-15,0.474495973732,0.225146429088,0,0,0.05,0,0,0.25,1.11803398875,0,0,0,0,0,0,0,0,0,0
14.95,0.846530104139,0.153469895861,1,1,0.387662175967,0.0702803993432,0.458867928172,0.0831894965178,0.45794257531,0.54205742469,-8.61533067109e-15,0.474312643527,0.224972483809,0,0,0.05,0,0,0.25,1.11803398875,0,0,0,0,0,0,0,0,0,0
15,0.851335100936,0.148664899064,1,1,0.389848762103,0.06807757228,0.461486338832,0.0805873267843,0.457926334383,0.542073665617,-8.74855743405e-15,0.474128730943,0.224798053505,0,0,0.05,0,0,0.25,1.11803398875,0,0,0,0,0,0,0,0,0,0
15.05,0.856292135942,0.143707864058,1,1,0.392104760145,0.0658052727592,0.464187375797,0.0779025912983,0.457910032905,0.542089967095,-8.85957973651e-15,0.473944236645,0.224623139449,0,0,0.05,0,0,0.25,1.11803398875,0,0,0,0,0,0,0,0,0,0
15.1,0.861385722458,0.138614277541,1,1,0.394423069625,0.063470600239,0.466962652834,0.0751436773025,0.457893669864,0.542106330136,-9.08162434143e-15,0.473759161318,0.224447742932,0,0,0.05,0,0,0.25,1.11803398875,0,0,0,0,0,0,0,0,0,0
15.15,0.866599947171,0.133400052829,1,1,0.396796395598,0.0610808485599,0.469803551573,0.0723192042692,0.457877244158,0.542122755842,-9.25926002537e-15,0.473573505657,0.22427186526,0,0,0.05,0,0,0.25,1.11803398875,0,0,0,0,0,0,0,0,0,0
15.2,0.87191851987,0.12808148013,1,1,0.399217271457,0.0586434831425,0.472701248413,0.0694379969874,0.4578607546,0.5421392454,-9.39248678833e-15,0.47338727038,0.224095507758,0,0,0.05,0,0,0.25,1.11803398875,0,0,0,0,0,0,0,0,0,0
15.25,0.877324824344,0.122675175656,1,1,0.40167808228,0.0561661176493,0.475646742064,0.0665090580064,0.45784419993,0.54215580007,-9.70334923522e-15,0.473200456219,0.223918671766,0,0,0.05,0,0,0.25,1.11803398875,0,0,0,0,0,0,0,0,0,0
15.3,0.882801970291,0.117198029709,1,1,0.404171088641,0.0536564901848,0.47863088165,0.063541539524,0.457827578826,0.542172421174,-9.90318937966e-15,0.473013063924,0.223741358642,0,0,0.05,0,0,0.25,1.11803398875,0,0,0,0,0,0,0,0,0,0
15.35,0.888332846087,0.111667153913,1,1,0.40668845081,0.0511224391077,0.481644395276,0.0605447148057,0.457810889918,0.542189110082,-1.01030295241e-14,0.472825094263,0.223563569765,0,0,0.05,0,0,0.25,1.11803398875,0,0,0,0,0,0,0,0,0,0
15.4,0.893900172244,0.106099827756,1,1,0.409222253266,0.0485718785313,0.484677918978,0.0575279492244,0.457794131798,0.542205868202,-1.03472785895e-14,0.472636548024,0.223385306528,0,0,0.05,0,0,0.25,1.11803398875,0,0,0,0,0,0,0,0,0,0
15.45,0.8994865554,0.1005134446,1,1,0.411764529448,0.0460127735877,0.487722025953,0.0545006710121,0.457777303035,0.542222696965,-1.05471187339e-14,0.472447426011,0.223206570344,0,0,0.05,0,0,0.25,1.11803398875,0,0,0,0,0,0,0,0,0,0
15.5,0.905074542653,0.0949254573474,1,1,0.41430728666,0.0434531155337,0.490767255993,0.0514723418136,0.457760402193,0.542239597807,-1.07691633389e-14,0.472257729048,0.223027362645,0,0,0.05,0,0,0.25,1.11803398875,0,0,0,0,0,0,0,0,0,0
15.55,0.910646676088,0.0893533239115,1,1,0.416842531065,0.0409008967763,0.493804145023,0.0484524271352,0.457743427842,0.542256572158,-1.10134124043e-14,0.472067457979,0.222847684883,0,0,0.05,0,0,0.25,1.11803398875,0,0,0,0,0,0,0,0,0,0
15.6,0.916185547325,0.083814452675,1,1,0.419362292677,0.0383640858949,0.496823254648,0.0454503667801,0.457726378572,0.542273621428,-1.12354570092e-14,0.471876613667,0.222667538526,0,0,0.05,0,0,0.25,1.11803398875,0,0,0,0,0,0,0,0,0,0
15.65,0.921673851897,0.0783261481034,1,1,0.421858650273,0.0358506027398,0.499815201624,0.0424755453636,0.457709253013,0.542290746987,-1.14575016141e-14,0.471685196995,0.222486925064,0,0,0.05,0,0,0.25,1.11803398875,0,0,0,0,0,0,0,0,0,0
15.7,0.927094443317,0.0729055566826,1,1,0.424323756163,0.0333682936833,0.502770687154,0.0395372629993,0.457692049847,0.542307950153,-1.16795462191e-14,0.471493208866,0.222305846007,0,0,0.05,0,0,0.25,1.11803398875,0,0,0,0,0,0,0,0,0,0
15.75,0.93243038665,0.06756961335,1,1,0.426749860721,0.0309249071018,0.505680525929,0.0366447062481,0.457674767823,0.542325232177,-1.1945999745e-14,0.471300650205,0.222124302883,0,0,0.05,0,0,0.25,1.11803398875,0,0,0,0,0,0,0,0,0,0
15.8,0.937665011414,0.0623349885864,1,1,0.429129336606,0.0285280691653,0.508535674807,0.0338069194212,0.457657405772,0.542342594228,-1.21236354289e-14,0.471107521955,0.221942297242,0,0,0.05,0,0,0.25,1.11803398875,0,0,0,0,0,0,0,0,0,0
15.85,0.942781963665,0.0572180363349,1,1,0.431454702611,0.0261852600095,0.511327261054,0.0310327763254,0.45763996262,0.54236003738,-1.23678844943e-14,0.470913825083,0.221759830654,0,0,0.05,0,0,0.25,1.11803398875,0,0,0,0,0,0,0,0,0,0
15.9,0.947765257093,0.0522347429074,1,1,0.433718647037,0.0239037903665,0.514046610055,0.028330952541,0.457622437404,0.542377562596,-1.26121335597e-14,0.470719560576,0.221576904709,0,0,0.05,0,0,0.25,1.11803398875,0,0,0,0,0,0,0,0,0,0
15.95,0.952599322959,0.0474006770409,1,1,0.435914050553,0.021690778725,0.516685272406,0.0257098983159,0.457604829278,0.542395170722,-1.28341781647e-14,0.470524729445,0.22139352102,0,0,0.05,0,0,0.25,1.11803398875,0,0,0,0,0,0,0,0,0,0
16,0.957269058742,0.0427309412577,1,1,0.438034008437,0.0195531290941,0.519235050305,0.0231778121636,0.457587137531,0.542412862469,-1.31228361511e-14,0.470329332721,0.221209681218,0,0,0.05,0,0,0.25,1.11803398875,0,0,0,0,0,0,0,0,0,0
16.05,0.961759875318,0.0382401246822,1,1,0.440071852155,0.017497509438,0.521688023163,0.0207426152441,0.457569361593,0.542430638407,-1.34114941375e-14,0.470133371458,0.221025386958,0,0,0.05,0,0,0.25,1.11803398875,0,0,0,0,0,0,0,0,0,0
16.1,0.966057742538,0.033942257462,1,1,0.442021170192,0.0155303308505,0.524036572346,0.0184119266115,0.457551501043,0.542448498957,-1.36557432029e-14,0.469936846733,0.220840639917,0,0,0.05,0,0,0.25,1.11803398875,0,0,0,0,0,0,0,0,0,0
16.15,0.970149233065,0.0298507669349,1,1,0.443875828086,0.0136577275337,0.526273404979,0.0161930394012,0.45753355562,0.54246644438,-1.40110145708e-14,0.469739759646,0.220655441793,0,0,0.05,0,0,0.25,1.11803398875,0,0,0,0,0,0,0,0,0,0
16.2,0.97402156432,0.0259784356794,1,1,0.445629987581,0.0118855376444,0.528391576739,0.014092898035,0.457515525226,0.542484474774,-1.43218770177e-14,0.469542111322,0.220469794304,0,0,0.05,0,0,0.25,1.11803398875,0,0,0,0,0,0,0,0,0,0
16.25,0.97766263842,0.0223373615799,1,1,0.447278124864,0.0102192850675,0.530384513556,0.0121180765124,0.457497409931,0.542502590069,-1.45883305436e-14,0.469343902906,0.220283699195,0,0,0.05,0,0,0.25,1.11803398875,0,0,0,0,0,0,0,0,0,0
16.3,0.98106107997,0.01893892003,1,1,0.448815047805,0.00866416217315,0.532246032165,0.0102747578568,0.457479209978,0.542520790022,-1.4832579609e-14,0.469145135571,0.22009715823,0,0,0.05,0,0,0.25,1.11803398875,0,0,0,0,0,0,0,0,0,0
16.35,0.984206271606,0.0157937283942,1,1,0.450235912167,0.00722501361271,0.533970359439,0.00856871478146,0.457460925779,0.542539074221,-1.51434420559e-14,0.468945810511,0.219910173196,0,0,0.05,0,0,0.25,1.11803398875,0,0,0,0,0,0,0,0,0,0
16.4,0.987088387163,0.012911612837,1,1,0.451536236719,0.00590632120307,0.535552150444,0.00700529163395,0.457442557922,0.542557442078,-1.54543045028e-14,0.468745928947,0.219722745904,0,0,0.05,0,0,0.25,1.11803398875,0,0,0,0,0,0,0,0,0,0
16.45,0.989698422376,0.0103015776244,1,1,0.452711917215,0.00471218994722,0.53698650516,0.00558938767721,0.457424107162,0.542575892837,-1.58317803312e-14,0.468545492123,0.219534878189,0,0,0.05,0,0,0.25,1.11803398875,0,0,0,0,0,0,0,0,0,0
16.5,0.992028223007,0.0079717769926,1,1,0.453759239189,0.00364633523448,0.538268983818,0.00432544175813,0.457405574423,0.542594425577,-1.61648472385e-14,0.468344501309,0.219346571907,0,0,0.05,0,0,0.25,1.11803398875,0,0,0,0,0,0,0,0,0,0
16.55,0.994070510327,0.00592948967271,1,1,0.454674889529,0.00271207126043,0.539395620798,0.00321741841228,0.457386960789,0.542613039211,-1.64535052249e-14,0.4681429578,0.219157828938,0,0,0.05,0,0,0.25,1.11803398875,0,0,0,0,0,0,0,0,0,0
16.6,0.995818903849,0.00418109615079,1,1,0.455455966797,0.00191230070274,0.540362937052,0.00226879544805,0.4573682675,0.5426317325,-1.68531855138e-14,0.467940862915,0.218968651186,0,0,0.05,0,0,0.25,1.11803398875,0,0,0,0,0,0,0,0,0,0
16.65,0.997267941266,0.0027320587339,1,1,0.456099990256,0.00124950568483,0.54116795101,0.00148255304907,0.457349495941,0.542650504059,-1.71418435002e-14,0.467738218002,0.21877904058,0,0,0.05,0,0,0.25,1.11803398875,0,0,0,0,0,0,0,0,0,0
16.7,0.998413095515,0.00158690448486,1,1,0.456604907581,0.000725740055798,0.541808187934,0.00086116442906,0.457330647637,0.542669352363,-1.74971148681e-14,0.467535024432,0.218588999071,0,0,0.05,0,0,0.25,1.11803398875,0,0,0,0,0,0,0,0,0,0
16.75,0.999250788921,0.000749211078858,1,1,0.456969101226,0.00034262301029,0.542281687695,0.000406588068568,0.457311724237,0.542688275763,-1.78745906965e-14,0.467331283603,0.218398528634,0,0,0.05,0,0,0.25,1.11803398875,0,0,0,0,0,0,0,0,0,0
16.8,0.999778404374,0.000221595626152,1,1,0.457191393436,0.000101334068286,0.542587010937,0.000120261557866,0.457292727505,0.542707272495,-1.82742709853e-14,0.467126996939,0.218207631269,0,0,0.05,0,0,0.25,1.11803398875,0,0,0,0,0,0,0,0,0,0
16.85,0.999994293504,5.70649569928e-06,1,1,0.457271049876,2.60943017022e-06,0.542723243628,3.09706552906e-06,0.457273659306,0.542726340694,-1.86517468137e-14,0.466922165891,0.218016309001,0,0,0.05,0,0,0.25,1.11803398875,0,0,0,0,0,0,0,0,0,0
16.9,0.999897781835,0.000102218165359,1,1,0.457207781874,4.67397182992e-05,0.542689999961,5.54784470596e-05,0.457254521592,0.542745478408,-1.90514271026e-14,0.466716791938,0.217824563877,0,0,0.05,0,0,0.25,1.11803398875,0,0,0,0,0,0,0,0,0,0
16.95,0.999489170885,0.000510829114697,1,1,0.457001747275,0.000233569111878,0.54248742361,0.000277260002819,0.457235316387,0.542764683613,-1.94733118519e-14,0.466510876583,0.21763239797,0,0,0.05,0,0,0.25,1.11803398875,0,0,0,0,0,0,0,0,0,0
17,0.998769737233,0.00123026276699,1,1,0.456653549891,0.000562495877579,0.542116187342,0.000667766889411,0.457216045768,0.542783954232,-1.98507876803e-14,0.466304421358,0.217439813378,0,0,0.05,0,0,0.25,1.11803398875,0,0,0,0,0,0,0,0,0,0
17.05,0.997741728522,0.00225827147749,1,1,0.45616423756,0.00103247429398,0.541577490962,0.00122579718351,0.457196711854,0.542803288146,-2.03392858111e-14,0.466097427821,0.217246812222,0,0,0.05,0,0,0.25,1.11803398875,0,0,0,0,0,0,0,0,0,0
17.1,0.996408356444,0.00359164355549,1,1,0.45553529882,0.00164201796354,0.540873057624,0.00194962559195,0.457177316784,0.542822683216,-2.07611705605e-14,0.46588989756,0.217053396648,0,0,0.05,0,0,0.25,1.11803398875,0,0,0,0,0,0,0,0,0,0
17.15,0.994773786702,0.00522621329822,1,1,0.454768658198,0.00238920450143,0.540005128504,0.0028370087968,0.457157862699,0.542842137301,-2.12274642308e-14,0.465681832187,0.216859568829,0,0,0.05,0,0,0.25,1.11803398875,0,0,0,0,0,0,0,0,0,0
17.2,0.992843125995,0.00715687400533,1,1,0.453866670145,0.00327168158634,0.53897645585,0.00388519241899,0.457138351731,0.542861648269,-2.16493489802e-14,0.465473233343,0.216665330959,0,0,0.05,0,0,0.25,1.11803398875,0,0,0,0,0,0,0,0,0,0
17.25,0.990622406067,0.00937759393311,1,1,0.452832111622,0.00428667435408,0.537790294445,0.00509091957904,0.457118785976,0.542881214024,-2.22488694135e-14,0.465264102698,0.216470685259,0,0,0.05,0,0,0.25,1.11803398875,0,0,0,0,0,0,0,0,0,0
17.3,0.988118564861,0.0118814351388,1,1,0.451668173371,0.00543099411045,0.53645039149,0.00645044102839,0.457099167481,0.542900832519,-2.27151630838e-14,0.465054441948,0.216275633976,0,0,0.05,0,0,0.25,1.11803398875,0,0,0,0,0,0,0,0,0,0
17.35,0.985339424844,0.0146605751561,1,1,0.450378449892,0.00670104833611,0.534960974951,0.00795952682003,0.457079498229,0.542920501771,-2.32480701357e-14,0.464844252818,0.216080179378,0,0,0.05,0,0,0.25,1.11803398875,0,0,0,0,0,0,0,0,0,0
17.4,0.982293668566,0.0177063314339,1,1,0.448966928161,0.00809285195178,0.533326740405,0.00961347948214,0.457059780112,0.542940219888,-2.3758772727e-14,0.464633537061,0.215884323762,0,0,0.05,0,0,0.25,1.11803398875,0,0,0,0,0,0,0,0,0,0
17.45,0.978990811538,0.0210091884622,1,1,0.447437975118,0.00960203980835,0.53155283642,0.0114071486538,0.457040014926,0.542959985074,-2.42916797788e-14,0.464422296458,0.215688069447,0,0,0.05,0,0,0.25,1.11803398875,0,0,0,0,0,0,0,0,0,0
17.5,0.9754411725,0.0245588275003,1,1,0.445796323983,0.0112238803627,0.529644848516,0.0133349471376,0.457020204346,0.542979795654,-2.48912002121e-14,0.464210532818,0.215491418779,0,0,0.05,0,0,0.25,1.11803398875,0,0,0,0,0,0,0,0,0,0
17.55,0.971655841185,0.0283441588147,1,1,0.444047059415,0.0129532904963,0.52760878177,0.0153908683184,0.457000349912,0.542999650088,-2.54685161849e-14,0.463998247978,0.215294374127,0,0,0.05,0,0,0.25,1.11803398875,0,0,0,0,0,0,0,0,0,0
17.6,0.967646643675,0.0323533563252,1,1,0.442195601585,0.0147848514301,0.525451042089,0.0175685048951,0.456980453015,0.543019546984,-2.60014232367e-14,0.463785443805,0.215096937885,0,0,0.05,0,0,0.25,1.11803398875,0,0,0,0,0,0,0,0,0,0
17.65,0.963426105448,0.036573894552,1,1,0.4402476892,0.0167128256859,0.523178416248,0.0198610688661,0.456960514886,0.543039485114,-2.66231481305e-14,0.463572122192,0.214899112474,0,0,0.05,0,0,0.25,1.11803398875,0,0,0,0,0,0,0,0,0,0
17.7,0.959007412253,0.0409925877473,1,1,0.438209361535,0.0187311750409,0.520798050718,0.0222614127064,0.456940536576,0.543059463424,-2.72226685638e-14,0.463358285063,0.214700900336,0,0,0.05,0,0,0.25,1.11803398875,0,0,0,0,0,0,0,0,0,0
17.75,0.954404368909,0.0455956310906,1,1,0.436086939529,0.0208335794197,0.51831742938,0.0247620516709,0.456920518949,0.543079481051,-2.77999845366e-14,0.463143934368,0.214502303942,0,0,0.05,0,0,0.25,1.11803398875,0,0,0,0,0,0,0,0,0,0
17.8,0.949631356183,0.0503686438169,1,1,0.433887006005,0.023013456664,0.515744350178,0.027355187153,0.456900462669,0.543099537331,-2.83995049699e-14,0.462929072087,0.214303325783,0,0,0.05,0,0,0.25,1.11803398875,0,0,0,0,0,0,0,0,0,0
17.85,0.944703285854,0.0552967141455,1,1,0.431616385076,0.0252639831187,0.513086900779,0.0300327310267,0.456880368195,0.543119631805,-2.90656387847e-14,0.462713700229,0.214103968379,0,0,0.05,0,0,0.25,1.11803398875,0,0,0,0,0,0,0,0,0,0
17.9,0.939635554133,0.0603644458665,1,1,0.429282120793,0.0275781149703,0.51035343334,0.0327863308962,0.456860235764,0.543139764236,-2.9709568139e-14,0.46249782083,0.213904234272,0,0,0.05,0,0,0.25,1.11803398875,0,0,0,0,0,0,0,0,0,0
17.95,0.934443993558,0.065556006442,1,1,0.426891455122,0.0299486102698,0.507552538436,0.0356073961722,0.456840065392,0.543159934608,-3.03757019537e-14,0.462281435955,0.213704126029,0,0,0.05,0,0,0.25,1.11803398875,0,0,0,0,0,0,0,0,0,0
18,0.92914482353,0.0708551764697,1,1,0.424451805294,0.0323680515732,0.504693018236,0.0384871248965,0.456819856867,0.543180143133,-3.10862446895e-14,0.4620645477,0.213503646241,0,0,0.05,0,0,0.25,1.11803398875,0,0,0,0,0,0,0,0,0,0
18.05,0.923754599645,0.0762454003553,1,1,0.421970740615,0.0348288691269,0.50178385903,0.0414165312284,0.456799609741,0.543200390258,-3.17967874253e-14,0.461847158185,0.213302797524,0,0,0.05,0,0,0.25,1.11803398875,0,0,0,0,0,0,0,0,0,0
18.1,0.918290161965,0.0817098380352,1,1,0.419455958806,0.0373233645274,0.498834203159,0.0443864735078,0.456779323333,0.543220676667,-3.2507330161e-14,0.461629269562,0.213101582517,0,0,0.05,0,0,0.25,1.11803398875,0,0,0,0,0,0,0,0,0,0
18.15,0.912768582412,0.0872314175883,1,1,0.416915261943,0.0398437347804,0.495853320468,0.0473876828079,0.456758996724,0.543241003276,-3.32178728968e-14,0.461410884011,0.212900003884,0,0,0.05,0,0,0.25,1.11803398875,0,0,0,0,0,0,0,0,0,0
18.2,0.907207111429,0.0927928885714,1,1,0.414356532073,0.0423820966846,0.492850579356,0.0504107918869,0.456738628757,0.543261371242,-3.39728245535e-14,0.46119200374,0.212698064314,0,0,0.05,0,0,0.25,1.11803398875,0,0,0,0,0,0,0,0,0,0
18.25,0.901623124087,0.0983768759132,1,1,0.411787706581,0.0449305114639,0.489835417506,0.0534463644493,0.456718218045,0.543281781955,-3.46833672893e-14,0.460972630984,0.212495766517,0,0,0.05,0,0,0.25,1.11803398875,0,0,0,0,0,0,0,0,0,0
18.3,0.896034065803,0.103965934197,1,1,0.409216753393,0.0474810095723,0.48681731241,0.0564849246246,0.456697762965,0.543302237035,-3.5438318946e-14,0.46075276801,0.212293113229,0,0,0.05,0,0,0.25,1.11803398875,0,0,0,0,0,0,0,0,0,0
18.35,0.890457397836,0.109542602163,1,1,0.40665164608,0.0500256155925,0.483805751756,0.059516986571,0.456677261672,0.543322738327,-3.62820884448e-14,0.460532417109,0.212090107208,0,0,0.05,0,0,0.25,1.11803398875,0,0,0,0,0,0,0,0,0,0
18.4,0.884910542737,0.115089457263,1,1,0.404100338949,0.0525563731512,0.480810203788,0.0625330841121,0.4566567121,0.5433432879,-3.71258579435e-14,0.460311580603,0.211886751238,0,0,0.05,0,0,0.25,1.11803398875,0,0,0,0,0,0,0,0,0,0
18.45,0.879410829912,0.120589170088,1,1,0.401570742194,0.0550653697744,0.477840087718,0.0655238003133,0.456636111969,0.543363888031,-3.79696274422e-14,0.460090260843,0.211683048122,0,0,0.05,0,0,0.25,1.11803398875,0,0,0,0,0,0,0,0,0,0
18.5,0.873975441491,0.126024558509,1,1,0.399070697194,0.0575447616034,0.474904744297,0.0684797969058,0.456615458797,0.543384541203,-3.87245790989e-14,0.459868460205,0.211479000691,0,0,0.05,0,0,0.25,1.11803398875,0,0,0,0,0,0,0,0,0,0
18.55,0.868621358638,0.131378641362,1,1,0.396607952014,0.0599867978964,0.472013406623,0.0713918434658,0.456594749911,0.543405250089,-3.96127575186e-14,0.459646181095,0.211274611795,0,0,0.05,0,0,0.25,1.11803398875,0,0,0,0,0,0,0,0,0,0
18.6,0.863365308506,0.136634691494,1,1,0.394190137216,0.0623838452366,0.46917517129,0.0742508462575,0.456573982452,0.543426017548,-4.04787314778e-14,0.459423425947,0.211069884309,0,0,0.05,0,0,0.25,1.11803398875,0,0,0,0,0,0,0,0,0,0
18.65,0.858223711974,0.141776288025,1,1,0.391824742021,0.0647284113749,0.466398969953,0.0770478766506,0.456553153396,0.543446846604,-4.1344705437e-14,0.459200197223,0.21086482113,0,0,0.05,0,0,0.25,1.11803398875,0,0,0,0,0,0,0,0,0,0
18.7,0.853212632349,0.146787367651,1,1,0.389519090933,0.0670131686288,0.463693541416,0.0797741990221,0.456532259562,0.543467740438,-4.22550883172e-14,0.458976497412,0.210659425177,0,0,0.05,0,0,0.25,1.11803398875,0,0,0,0,0,0,0,0,0,0
18.75,0.848347725176,0.151652274824,1,1,0.387280320858,0.0692309767678,0.461067404318,0.0824212980562,0.456511297626,0.543488702374,-4.31654711974e-14,0.458752329031,0.210453699391,0,0,0.05,0,0,0.25,1.11803398875,0,0,0,0,0,0,0,0,0,0
18.8,0.843644189331,0.156355810669,1,1,0.385115358829,0.0713749053122,0.458528830502,0.0849809053565,0.456490264141,0.543509735859,-4.40758540776e-14,0.458527694623,0.210247646737,0,0,0.05,0,0,0.25,1.11803398875,0,0,0,0,0,0,0,0,0,0
18.85,0.839116719537,0.160883280463,1,1,0.383030900376,0.073438255175,0.456085819162,0.0874450252877,0.456469155551,0.543530844449,-4.50084414183e-14,0.458302596763,0.210041270199,0,0,0.05,0,0,0.25,1.11803398875,0,0,0,0,0,0,0,0,0,0
18.9,0.834779460453,0.165220539547,1,1,0.381033388622,0.0754145795819,0.45374607183,0.0898059599652,0.456447968204,0.543552031796,-4.5896619838e-14,0.458077038047,0.209834572786,0,0,0.05,0,0,0.25,1.11803398875,0,0,0,0,0,0,0,0,0,0
18.95,0.830645962483,0.169354037516,1,1,0.379128994177,0.0772977042006,0.451516968306,0.0920563333159,0.456426698378,0.543573301622,-4.68958205602e-14,0.457851021103,0.209627557525,0,0,0.05,0,0,0.25,1.11803398875,0,0,0,0,0,0,0,0,0,0
19,0.826729139447,0.173270860553,1,1,0.37732359587,0.0790817464195,0.449405543577,0.0941891141337,0.456405342289,0.543594657711,-4.78950212823e-14,0.457624548584,0.209420227467,0,0,0.05,0,0,0.25,1.11803398875,0,0,0,0,0,0,0,0,0,0
19.05,0.823041228228,0.176958771772,1,1,0.375622762405,0.0807611337139,0.447418465822,0.0961976380585,0.456383896119,0.543616103881,-4.88942220045e-14,0.457397623171,0.209212585682,0,0,0.05,0,0,0.25,1.11803398875,0,0,0,0,0,0,0,0,0,0
19.1,0.819593750547,0.180406249453,1,1,0.374031734985,0.0823306210423,0.445562015562,0.0980756284103,0.456362356028,0.543637643972,-4.98934227267e-14,0.457170247569,0.209004635262,0,0,0.05,0,0,0.25,1.11803398875,0,0,0,0,0,0,0,0,0,0
19.15,0.816397476969,0.183602523031,1,1,0.372555410956,0.0837853072186,0.443842066013,0.0998172158125,0.456340718174,0.543659281826,-5.09370323698e-14,0.456942424513,0.20879637932,0,0,0.05,0,0,0.25,1.11803398875,0,0,0,0,0,0,0,0,0,0
19.2,0.813462393246,0.186537606754,1,1,0.371198328526,0.0851206502099,0.442264064719,0.101416956544,0.456318978736,0.543681021264,-5.1980642013e-14,0.456714156763,0.208587820988,0,0,0.05,0,0,0.25,1.11803398875,0,0,0,0,0,0,0,0,0,0
19.25,0.810797669127,0.189202330873,1,1,0.369964652619,0.0863324813101,0.440833016508,0.102869849563,0.456297133929,0.543702866071,-5.30020471956e-14,0.456485447104,0.208378963417,0,0,0.05,0,0,0.25,1.11803398875,0,0,0,0,0,0,0,0,0,0
19.3,0.808411629707,0.191588370293,1,1,0.368858161878,0.0874170181461,0.439553467829,0.104171352147,0.456275180024,0.543724819976,-5.41122702202e-14,0.456256298348,0.208169809782,0,0,0.05,0,0,0.25,1.11803398875,0,0,0,0,0,0,0,0,0,0
19.35,0.806311729416,0.193688270584,1,1,0.36788223689,0.0883708764764,0.438429492526,0.105317394107,0.456253113366,0.543746886634,-5.52224932449e-14,0.456026713334,0.207960363275,0,0,0.05,0,0,0.25,1.11803398875,0,0,0,0,0,0,0,0,0,0
19.4,0.804504528736,0.195495471264,1,1,0.367039849653,0.089191080743,0.437464679083,0.106304390521,0.456230930396,0.543769069604,-5.6266102888e-14,0.455796694926,0.207750627105,0,0,0.05,0,0,0.25,1.11803398875,0,0,0,0,0,0,0,0,0,0
19.45,0.802995673696,0.197004326303,1,1,0.366333554316,0.0898750733465,0.43666211938,0.107129252957,0.456208627663,0.543791372337,-5.73541214521e-14,0.455566246012,0.207540604505,0,0,0.05,0,0,0.25,1.11803398875,0,0,0,0,0,0,0,0,0,0
19.5,0.801789878243,0.198210121757,1,1,0.365765479235,0.090420722612,0.436024399008,0.107789399145,0.456186201847,0.543813798153,-5.84865489373e-14,0.455335369506,0.207330298723,0,0,0.05,0,0,0.25,1.11803398875,0,0,0,0,0,0,0,0,0,0
19.55,0.800890909505,0.199109090495,1,1,0.365337320351,0.0908263294238,0.435553589153,0.108282761072,0.456163649775,0.543836350225,-5.96189764224e-14,0.455104068349,0.207119713028,0,0,0.05,0,0,0.25,1.11803398875,0,0,0,0,0,0,0,0,0,0
19.6,0.800301576027,0.199698423973,1,1,0.365050335929,0.0910906325058,0.435251240098,0.108607791467,0.456140968435,0.543859031565,-6.08402217495e-14,0.454872345505,0.206908850705,0,0,0.05,0,0,0.25,1.11803398875,0,0,0,0,0,0,0,0,0,0
19.65,0.800023718999,0.199976281001,1,1,0.36490534266,0.0912128123327,0.435118376338,0.108763468669,0.456118154993,0.543881845007,-6.19948536951e-14,0.454640203963,0.206697715059,0,0,0.05,0,0,0.25,1.11803398875,0,0,0,0,0,0,0,0,0,0
19.7,0.800058206496,0.199941793504,1,1,0.364902713151,0.0911924936583,0.435155493344,0.108749299846,0.456095206809,0.54390479319,-6.31938945617e-14,0.454407646736,0.206486309412,0,0,0.05,0,0,0.25,1.11803398875,0,0,0,0,0,0,0,0,0,0
19.75,0.800404930773,0.199595069227,1,1,0.365042374797,0.0910297466535,0.435362555975,0.108565322574,0.456072121451,0.543927878549,-6.44151398888e-14,0.454174676862,0.206274637103,0,0,0.05,0,0,0.25,1.11803398875,0,0,0,0,0,0,0,0,0,0
19.8,0.801062808599,0.198937191401,1,1,0.365323810053,0.0907250866518,0.435738998546,0.108212104749,0.456048896705,0.543951103295,-6.56585896763e-14,0.453941297404,0.206062701489,0,0,0.05,0,0,0.25,1.11803398875,0,0,0,0,0,0,0,0,0,0
19.85,0.802029784642,0.197970215358,1,1,0.365746058091,0.0902794724999,0.436283726551,0.107690742858,0.456025530591,0.543974469409,-6.69242439244e-14,0.453707511446,0.205850505942,0,0,0.05,0,0,0.25,1.11803398875,0,0,0,0,0,0,0,0,0,0
19.9,0.803302837887,0.196697162113,1,1,0.366307717852,0.0896943035218,0.436995120035,0.107002858591,0.456002021374,0.543997978626,-6.8167693712e-14,0.453473322097,0.205638053854,0,0,0.05,0,0,0.25,1.11803398875,0,0,0,0,0,0,0,0,0,0
19.95,0.80487799108,0.19512200892,1,1,0.367006952466,0.0889714151042,0.437871038614,0.106150593815,0.45597836757,0.54402163243,-6.94999613415e-14,0.453238732491,0.20542534863,0,0,0.05,0,0,0.25,1.11803398875,0,0,0,0,0,0,0,0,0,0
20,0.806750323149,0.193249676851,1,1,0.367841495044,0.0881130729174,0.438908828105,0.105136603934,0.455954567962,0.544045432038,-7.07878200501e-14,0.453003745782,0.205212393692,0,0,0.05,0,0,0.25,1.11803398875,0,0,0,0,0,0,0,0,0,0
20.05,0.808913984579,0.191086015421,1,1,0.368808655809,0.08712196579,0.440105328769,0.103964049631,0.455930621599,0.544069378401,-7.21200876797e-14,0.452768365148,0.204999192479,0,0,0.05,0,0,0.25,1.11803398875,0,0,0,0,0,0,0,0,0,0
20.1,0.811362215688,0.188637784312,1,1,0.369905330552,0.0860011972597,0.441456885136,0.102636587052,0.455906527812,0.544093472188,-7.35189686907e-14,0.452532593791,0.204785748443,0,0,0.05,0,0,0.25,1.11803398875,0,0,0,0,0,0,0,0,0,0
20.15,0.814087367748,0.185912632252,1,1,0.371128010385,0.0847542758269,0.442959357362,0.101158356425,0.455882286212,0.544117713788,-7.48512363202e-14,0.452296434933,0.204572065053,0,0,0.05,0,0,0.25,1.11803398875,0,0,0,0,0,0,0,0,0,0
20.2,0.817080926874,0.182919073125,1,1,0.372472792759,0.0833851039413,0.444608134116,0.0995339691841,0.4558578967,0.5441421033,-7.62501173313e-14,0.45205989182,0.204358145792,0,0,0.05,0,0,0.25,1.11803398875,0,0,0,0,0,0,0,0,0,0
20.25,0.820333540632,0.179666459368,1,1,0.373935393709,0.081897965757,0.446398146923,0.0977684936109,0.455833359466,0.544166640534,-7.76489983423e-14,0.451822967717,0.204143994157,0,0,0.05,0,0,0.25,1.11803398875,0,0,0,0,0,0,0,0,0,0
20.3,0.823835047249,0.176164952751,1,1,0.375511161298,0.0802975136933,0.448323885951,0.0958674390575,0.455808674991,0.544191325008,-7.89812659718e-14,0.451585665914,0.203929613659,0,0,0.05,0,0,0.25,1.11803398875,0,0,0,0,0,0,0,0,0,0
20.35,0.827574507367,0.172425492633,1,1,0.377195090208,0.0785887538452,0.450379417158,0.093836738788,0.455783844054,0.544216155946,-8.04023514434e-14,0.451347989721,0.203715007825,0,0,0.05,0,0,0.25,1.11803398875,0,0,0,0,0,0,0,0,0,0
20.4,0.831540238215,0.168459761785,1,1,0.378981837433,0.0767770302875,0.452558400782,0.0916827314973,0.455758867721,0.544241132279,-8.18012324544e-14,0.451109942466,0.203500180192,0,0,0.05,0,0,0.25,1.11803398875,0,0,0,0,0,0,0,0,0,0
20.45,0.835719850112,0.164280149888,1,1,0.380865739028,0.0748680083239,0.454854111084,0.089412141564,0.455733747352,0.544266252648,-8.32223179259e-14,0.450871527501,0.203285134311,0,0,0.05,0,0,0.25,1.11803398875,0,0,0,0,0,0,0,0,0,0
20.5,0.840100285172,0.159899714828,1,1,0.382840827862,0.0728676567314,0.457259457309,0.0870320580969,0.455708484594,0.544291515406,-8.47100167789e-14,0.450632748199,0.203069873749,0,0,0.05,0,0,0.25,1.11803398875,0,0,0,0,0,0,0,0,0,0
20.55,0.844667858099,0.155332141901,1,1,0.38490085232,0.0707822290588,0.459767005779,0.0845499128426,0.455683081379,0.544316918621,-8.62643290134e-14,0.450393607949,0.202854402081,0,0,0.05,0,0,0.25,1.11803398875,0,0,0,0,0,0,0,0,0,0
20.6,0.849408298944,0.150591701056,1,1,0.38703929588,0.0686182440347,0.462369003064,0.0819734570211,0.455657539915,0.544342460085,-8.77076189454e-14,0.450154110164,0.202638722897,0,0,0.05,0,0,0.25,1.11803398875,0,0,0,0,0,0,0,0,0,0
20.65,0.854306797688,0.145693202312,1,1,0.389249397535,0.0663824651498,0.465057400153,0.0793107371619,0.455631862685,0.544368137315,-8.92619311799e-14,0.449914258273,0.202422839798,0,0,0.05,0,0,0.25,1.11803398875,0,0,0,0,0,0,0,0,0,0
20.7,0.859348050508,0.140651949492,1,1,0.391524172959,0.0640818794751,0.467823877549,0.0765700700166,0.455606052434,0.544393947565,-9.08162434143e-14,0.449674055728,0.202206756395,0,0,0.05,0,0,0.25,1.11803398875,0,0,0,0,0,0,0,0,0,0
20.75,0.864516307591,0.135483692409,1,1,0.393856436382,0.0617236757842,0.47065987121,0.0737600166245,0.455580112166,0.544419887834,-9.23705556488e-14,0.449433505996,0.201990476312,0,0,0.05,0,0,0.25,1.11803398875,0,0,0,0,0,0,0,0,0,0
20.8,0.869795422339,0.130204577661,1,1,0.396238823081,0.0593152220476,0.473556599259,0.0708893556132,0.455554045128,0.544445954872,-9.39692768043e-14,0.449192612565,0.201774003183,0,0,0.05,0,0,0.25,1.11803398875,0,0,0,0,0,0,0,0,0,0
20.85,0.875168901814,0.124831098186,1,1,0.398663812436,0.0568640423695,0.476505089378,0.067967055816,0.455527854806,0.544472145194,-9.55457934992e-14,0.44895137894,0.201557340652,0,0,0.05,0,0,0.25,1.11803398875,0,0,0,0,0,0,0,0,0,0
20.9,0.880619958266,0.119380041734,1,1,0.401123751468,0.0543777934411,0.479496206798,0.0650022482929,0.455501544909,0.544498455091,-9.71445146547e-14,0.448709808645,0.201340492374,0,0,0.05,0,0,0.25,1.11803398875,0,0,0,0,0,0,0,0,0,0
20.95,0.886131561578,0.113868438422,1,1,0.403610878777,0.0518642405814,0.482520682801,0.0620041978405,0.455475119358,0.544524880642,-9.86988268892e-14,0.448467905222,0.201123462014,0,0,0.05,0,0,0.25,1.11803398875,0,0,0,0,0,0,0,0,0,0
21,0.891686492475,0.108313507525,1,1,0.406117348832,0.0493312334434,0.485569143643,0.0589822740813,0.455448582276,0.544551417724,-1.00364161426e-13,0.448225672228,0.200906253244,0,0,0.05,0,0,0.25,1.11803398875,0,0,0,0,0,0,0,0,0,0
21.05,0.897267396319,0.102732603681,1,1,0.408635256506,0.046786681461,0.488632139813,0.0559459222204,0.455421937967,0.544578062033,-1.02007291503e-13,0.447983113239,0.200688869747,0,0,0.05,0,0,0.25,1.11803398875,0,0,0,0,0,0,0,0,0,0
21.1,0.902856837325,0.0971431626751,1,1,0.411156661797,0.0442385291119,0.491700175528,0.0529046335631,0.455395190909,0.544604809091,-1.03628217119e-13,0.447740231847,0.200471315214,0,0,0.05,0,0,0.25,1.11803398875,0,0,0,0,0,0,0,0,0,0
21.15,0.908437353039,0.0915626469608,1,1,0.413673614657,0.0416947310776,0.494763738382,0.0498679158832,0.455368345735,0.544631654265,-1.05315756116e-13,0.447497031661,0.200253593345,0,0,0.05,0,0,0.25,1.11803398875,0,0,0,0,0,0,0,0,0,0
21.2,0.913991508891,0.0860084911091,1,1,0.416178179841,0.0391632273741,0.49781332905,0.046845263735,0.455341407215,0.544658592785,-1.06958886192e-13,0.447253516305,0.200035707847,0,0,0.05,0,0,0.25,1.11803398875,0,0,0,0,0,0,0,0,0,0
21.25,0.919501952662,0.0804980473376,1,1,0.418662461712,0.0366519185346,0.50083949095,0.043846128803,0.455314380247,0.544685619753,-1.08735243032e-13,0.44700968942,0.199817662435,0,0,0.05,0,0,0.25,1.11803398875,0,0,0,0,0,0,0,0,0,0
21.3,0.924951468701,0.075048531299,1,1,0.42111862891,0.0341686409199,0.503832839791,0.0408798903791,0.45528726983,0.54471273017,-1.1044498649e-13,0.446765554661,0.199599460831,0,0,0.05,0,0,0.25,1.11803398875,0,0,0,0,0,0,0,0,0,0
21.35,0.930323031703,0.0696769682968,1,1,0.423538938823,0.0317211422346,0.506784092881,0.0379558260622,0.455260081057,0.544739918943,-1.12132525487e-13,0.446521115699,0.199381106765,0,0,0.05,0,0,0.25,1.11803398875,0,0,0,0,0,0,0,0,0,0
21.4,0.935599859906,0.0644001400942,1,1,0.425915761765,0.0293170573249,0.50968409814,0.0350830827693,0.45523281909,0.54476718091,-1.13931086787e-13,0.446276376219,0.199162603971,0,0,0.05,0,0,0.25,1.11803398875,0,0,0,0,0,0,0,0,0,0
21.45,0.940765467514,0.0592345324856,1,1,0.428241604812,0.0269638843344,0.512523862703,0.0322706481511,0.455205489146,0.544794510854,-1.15729648087e-13,0.446031339922,0.198943956193,0,0,0.05,0,0,0.25,1.11803398875,0,0,0,0,0,0,0,0,0,0
21.5,0.945803716209,0.0541962837914,1,1,0.430509135185,0.0246689612923,0.515294581023,0.0295273224991,0.455178096477,0.544821903523,-1.17461596005e-13,0.445786010522,0.198725167177,0,0,0.05,0,0,0.25,1.11803398875,0,0,0,0,0,0,0,0,0,0
21.55,0.950698865561,0.0493011344391,1,1,0.432711203148,0.0224394432059,0.517987662413,0.0268616912331,0.455150646354,0.544849353646,-1.19282361766e-13,0.445540391746,0.198506240677,0,0,0.05,0,0,0.25,1.11803398875,0,0,0,0,0,0,0,0,0,0
21.6,0.955435622213,0.0445643777871,1,1,0.434840864315,0.0202822797309,0.520594757898,0.0242820980562,0.455123144046,0.544876855954,-1.21147536447e-13,0.445294487335,0.198287180451,0,0,0.05,0,0,0.25,1.11803398875,0,0,0,0,0,0,0,0,0,0
21.65,0.959999187654,0.0400008123456,1,1,0.436891401317,0.0182041934871,0.523107786338,0.0217966188586,0.455095594804,0.544904405196,-1.23034915589e-13,0.445048301044,0.198067990262,0,0,0.05,0,0,0.25,1.11803398875,0,0,0,0,0,0,0,0,0,0
21.7,0.964375304457,0.0356246955432,1,1,0.438856344753,0.0162116590883,0.525518959704,0.0194130364549,0.455068003841,0.544931996159,-1.2490009027e-13,0.444801836639,0.197848673877,0,0,0.05,0,0,0.25,1.11803398875,0,0,0,0,0,0,0,0,0,0
21.75,0.968550300816,0.0314496991838,1,1,0.440729493365,0.0143108829517,0.527820807451,0.0171388162322,0.455040376317,0.544959623683,-1.26787469412e-13,0.444555097899,0.197629235068,0,0,0.05,0,0,0.25,1.11803398875,0,0,0,0,0,0,0,0,0,0
21.8,0.972511133266,0.027488866734,1,1,0.442504933367,0.0125077839486,0.530006199899,0.0149810827854,0.455012717316,0.544987282684,-1.28586030712e-13,0.444308088616,0.19740967761,0,0,0.05,0,0,0.25,1.11803398875,0,0,0,0,0,0,0,0,0,0
21.85,0.976245427428,0.0237545725721,1,1,0.444177056875,0.0108079749579,0.532068370553,0.0129465976142,0.454985031833,0.545014968167,-1.30540023235e-13,0.444060812593,0.19719000528,0,0,0.05,0,0,0.25,1.11803398875,0,0,0,0,0,0,0,0,0,0
21.9,0.979741516671,0.0202584833286,1,1,0.445740579375,0.00921674537875,0.534000937297,0.0110417379499,0.454957324753,0.545042675246,-1.32471811298e-13,0.443813273643,0.196970221862,0,0,0.05,0,0,0.25,1.11803398875,0,0,0,0,0,0,0,0,0,0
21.95,0.982988478562,0.0170115214377,1,1,0.447190556181,0.00773904465731,0.535797922381,0.00927247678039,0.454929600838,0.545070399162,-1.34381394901e-13,0.443565475593,0.196750331138,0,0,0.05,0,0,0.25,1.11803398875,0,0,0,0,0,0,0,0,0,0
22,0.985976168987,0.0140238310131,1,1,0.448522397827,0.00637946687819,0.537453771159,0.00764436413494,0.454901864706,0.545098135294,-1.36379796345e-13,0.443317422278,0.196530336895,0,0,0.05,0,0,0.25,1.11803398875,0,0,0,0,0,0,0,0,0,0
22.05,0.988695253844,0.0113047461563,1,1,0.449731884346,0.0051422364689,0.538963369498,0.00616250968745,0.454874120814,0.545125879185,-1.38311584408e-13,0.443069117546,0.196310242923,0,0,0.05,0,0,0.25,1.11803398875,0,0,0,0,0,0,0,0,0,0
22.1,0.991137238205,0.00886276179497,1,1,0.450815178389,0.00403119506119,0.540322059816,0.00483156673377,0.45484637345,0.54515362655,-1.40309985852e-13,0.442820565252,0.19609005301,0,0,0.05,0,0,0.25,1.11803398875,0,0,0,0,0,0,0,0,0,0
22.15,0.993294492857,0.00670550714302,1,1,0.451768837157,0.00304978955017,0.5415256557,0.00365571759286,0.454818626707,0.545181373293,-1.42308387296e-13,0.442571769263,0.195869770949,0,0,0.05,0,0,0.25,1.11803398875,0,0,0,0,0,0,0,0,0,0
22.2,0.995160278134,0.00483972186592,1,1,0.452589823088,0.00220106138802,0.542570455046,0.0026386604779,0.454790884476,0.545209115524,-1.44328993201e-13,0.442322733455,0.195649400531,0,0,0.05,0,0,0.25,1.11803398875,0,0,0,0,0,0,0,0,0,0
22.25,0.996728764976,0.00327123502441,1,1,0.453275513284,0.0014876371455,0.543453251692,0.00178359787892,0.454763150429,0.545236849571,-1.46327394646e-13,0.442073461713,0.195428945551,0,0,0.05,0,0,0.25,1.11803398875,0,0,0,0,0,0,0,0,0,0
22.3,0.997995053136,0.00200494686358,1,1,0.453823707635,0.00091172037014,0.544171345501,0.00109322649344,0.454735428006,0.545264571994,-1.4834800055e-13,0.44182395793,0.195208409801,0,0,0.05,0,0,0.25,1.11803398875,0,0,0,0,0,0,0,0,0,0
22.35,0.998955186496,0.00104481350354,1,1,0.454232635633,0.000475084766435,0.544722550864,0.000569728737101,0.454707720399,0.545292279601,-1.50413015376e-13,0.441574226008,0.194987797075,0,0,0.05,0,0,0.25,1.11803398875,0,0,0,0,0,0,0,0,0,0
22.4,0.99960616542,0.000393834579741,1,1,0.454500961829,0.000179068718747,0.545105203592,0.000214765860994,0.454680030547,0.545319969453,-1.52522439123e-13,0.441324269856,0.194767111164,0,0,0.05,0,0,0.25,1.11803398875,0,0,0,0,0,0,0,0,0,0
22.45,0.999945956128,5.40438716228e-05,1,1,0.454627789945,2.45711738373e-05,0.545318166184,2.94726977855e-05,0.454652361118,0.545347638881,-1.54609658409e-13,0.441074093392,0.194546355862,0,0,0.05,0,0,0.25,1.11803398875,0,0,0,0,0,0,0,0,0,0
22.5,0.999973497051,2.65029486502e-05,1,1,0.454612665607,1.20488954635e-05,0.545360831445,1.44540531866e-05,0.454624714502,0.545375285498,-1.56763491077e-13,0.44082370054,0.194325534958,0,0,0.05,0,0,0.25,1.11803398875,0,0,0,0,0,0,0,0,0,0
22.55,0.999688702146,0.000311297853797,1,1,0.454455577699,0.000141515099331,0.545233124447,0.000169782754467,0.454597092798,0.545402907201,-1.58828505903e-13,0.440573095232,0.194104652242,0,0,0.05,0,0,0.25,1.11803398875,0,0,0,0,0,0,0,0,0,0
22.6,0.999092461165,0.000907538834728,1,1,0.454156958338,0.000412539472345,0.544935502827,0.000494999362382,0.45456949781,0.54543050219,-1.6093792965e-13,0.440322281406,0.193883711502,0,0,0.05,0,0,0.25,1.11803398875,0,0,0,0,0,0,0,0,0,0
22.65,0.998186636876,0.00181336312355,1,1,0.453717681458,0.000824249575842,0.544468955419,0.000989113547706,0.454541931033,0.545458068967,-1.63158375699e-13,0.440071263005,0.193662716523,0,0,0.05,0,0,0.25,1.11803398875,0,0,0,0,0,0,0,0,0,0
22.7,0.996974059243,0.00302594075644,1,1,0.453139060023,0.00137533362814,0.54383499922,0.0016506071283,0.454514393651,0.545485606348,-1.65334412827e-13,0.439820043981,0.193441671088,0,0,0.05,0,0,0.25,1.11803398875,0,0,0,0,0,0,0,0,0,0
22.75,0.995458516585,0.004541483415,1,1,0.45242284187,0.0020640446575,0.543035674715,0.0024774387575,0.454486886528,0.545513113472,-1.67510449955e-13,0.439568628291,0.193220578978,0,0,0.05,0,0,0.25,1.11803398875,0,0,0,0,0,0,0,0,0,0
22.8,0.993644743738,0.00635525626164,1,1,0.451571204187,0.00288820601233,0.542073539551,0.0034670502493,0.4544594102,0.5455405898,-1.69664282623e-13,0.439317019895,0.19299944397,0,0,0.05,0,0,0.25,1.11803398875,0,0,0,0,0,0,0,0,0,0
22.85,0.991538407268,0.00846159273211,1,1,0.450586746665,0.00384521821124,0.540951660603,0.00461637452087,0.454431964876,0.545568035124,-1.71840319751e-13,0.439065222762,0.192778269839,0,0,0.05,0,0,0.25,1.11803398875,0,0,0,0,0,0,0,0,0,0
22.9,0.989146087761,0.0108539122389,1,1,0.449472483321,0.00493206711135,0.539673604441,0.00592184512756,0.454404550432,0.545595449568,-1.7401635688e-13,0.438813240863,0.192557060357,0,0,0.05,0,0,0.25,1.11803398875,0,0,0,0,0,0,0,0,0,0
22.95,0.98647525927,0.0135247407302,1,1,0.448231833035,0.00614533336936,0.538243426235,0.00737940736088,0.454377166404,0.545622833596,-1.7628121185e-13,0.438561078175,0.19233581929,0,0,0.05,0,0,0.25,1.11803398875,0,0,0,0,0,0,0,0,0,0
23,0.98353426596,0.0164657340404,1,1,0.446868608827,0.00748120316557,0.536665657132,0.0089845308748,0.454349811993,0.545650188007,-1.78501657899e-13,0.438308738679,0.192114550403,0,0,0.05,0,0,0.25,1.11803398875,0,0,0,0,0,0,0,0,0,0
23.05,0.980332296042,0.0196677039584,1,1,0.445387005901,0.00893548015742,0.534945290141,0.0107322238009,0.454322486058,0.545677513942,-1.80744308409e-13,0.43805622636,0.191893257453,0,0,0.05,0,0,0.25,1.11803398875,0,0,0,0,0,0,0,0,0,0
23.1,0.976879353066,0.0231206469337,1,1,0.443791588496,0.0105035986251,0.533087764571,0.0126170483086,0.454295187121,0.545704812879,-1.83009163379e-13,0.437803545207,0.191671944195,0,0,0.05,0,0,0.25,1.11803398875,0,0,0,0,0,0,0,0,0,0
23.15,0.973186224671,0.0268137753293,1,1,0.442087275593,0.0121806377682,0.531098949077,0.0146331375611,0.454267913362,0.545732086638,-1.8529622281e-13,0.437550699209,0.191450614378,0,0,0.05,0,0,0.25,1.11803398875,0,0,0,0,0,0,0,0,0,0
23.2,0.969264448876,0.0307355511241,1,1,0.440279325516,0.0139613371087,0.52898512336,0.0167742140153,0.454240662625,0.545759337375,-1.8756107778e-13,0.437297692361,0.191229271745,0,0,0.05,0,0,0.25,1.11803398875,0,0,0,0,0,0,0,0,0,0
23.25,0.96512627804,0.0348737219599,1,1,0.438373319467,0.0158401129527,0.526752958573,0.0190336090073,0.45421343242,0.54578656758,-1.89848137211e-13,0.43704452866,0.191007920032,0,0,0.05,0,0,0.25,1.11803398875,0,0,0,0,0,0,0,0,0,0
23.3,0.96078464058,0.0392153594203,1,1,0.436375144066,0.0178110758581,0.524409496514,0.0214042835622,0.454186219924,0.545813780076,-1.92246218944e-13,0.436791212103,0.19078656297,0,0,0.05,0,0,0.25,1.11803398875,0,0,0,0,0,0,0,0,0,0
23.35,0.956253100579,0.0437468994209,1,1,0.434290972932,0.019868049056,0.521962127647,0.0238788503649,0.454159021988,0.545840978012,-1.94511073914e-13,0.43653774669,0.190565204285,0,0,0.05,0,0,0.25,1.11803398875,0,0,0,0,0,0,0,0,0,0
23.4,0.951545815413,0.0484541845868,1,1,0.432127247372,0.0220045877665,0.519418568041,0.0264495968202,0.454131835139,0.545868164861,-1.96909155648e-13,0.436284136422,0.190343847694,0,0,0.05,0,0,0.25,1.11803398875,0,0,0,0,0,0,0,0,0,0
23.45,0.946677491518,0.053322508482,1,1,0.429890656238,0.0242139993493,0.51678683528,0.0291085091327,0.454104655587,0.545895344413,-1.9926282846e-13,0.436030385302,0.190122496906,0,0,0.05,0,0,0.25,1.11803398875,0,0,0,0,0,0,0,0,0,0
23.5,0.941663338444,0.058336661556,1,1,0.427588115009,0.0264893642264,0.514075223435,0.0318472973297,0.454077479235,0.545922520765,-2.01594296811e-13,0.435776497332,0.189901155627,0,0,0.05,0,0,0.25,1.11803398875,0,0,0,0,0,0,0,0,0,0
23.55,0.936519021339,0.0634809786605,1,1,0.425226744168,0.0288235575117,0.511292277172,0.0346574211488,0.45405030168,0.54594969832,-2.03970174084e-13,0.435522476517,0.189679827552,0,0,0.05,0,0,0.25,1.11803398875,0,0,0,0,0,0,0,0,0,0
23.6,0.931260612009,0.0687393879904,1,1,0.422813846943,0.0312092712802,0.508446765066,0.0375301167102,0.454023118224,0.545976881776,-2.06390460278e-13,0.435268326863,0.18945851637,0,0,0.05,0,0,0.25,1.11803398875,0,0,0,0,0,0,0,0,0,0
23.65,0.925904538704,0.0740954612956,1,1,0.420356886478,0.0336390374065,0.505547652227,0.0404564238891,0.453995923884,0.546004076116,-2.08766337551e-13,0.435014052373,0.189237225762,0,0,0.05,0,0,0.25,1.11803398875,0,0,0,0,0,0,0,0,0,0
23.7,0.920467534795,0.0795324652053,1,1,0.417863462499,0.0361052509029,0.502604072296,0.0434272143024,0.453968713402,0.546031286598,-2.11208828205e-13,0.434759657056,0.189015959403,0,0,0.05,0,0,0.25,1.11803398875,0,0,0,0,0,0,0,0,0,0
23.75,0.914966586493,0.0850334135065,1,1,0.415341287566,0.0386001936828,0.499625298927,0.0464332198237,0.453941481249,0.546058518751,-2.13673523319e-13,0.434505144916,0.188794720958,0,0,0.05,0,0,0.25,1.11803398875,0,0,0,0,0,0,0,0,0,0
23.8,0.909418879788,0.0905811202118,1,1,0.412798162967,0.0411160586765,0.496620716821,0.0494650615353,0.453914221643,0.546085778356,-2.16049400592e-13,0.434250519959,0.188573514085,0,0,0.05,0,0,0.25,1.11803398875,0,0,0,0,0,0,0,0,0,0
23.85,0.903841746748,0.0961582532522,1,1,0.410241954334,0.0436449742241,0.493599792414,0.052513279028,0.453886928558,0.546113071442,-2.18558504628e-13,0.433995786191,0.188352342432,0,0,0.05,0,0,0.25,1.11803398875,0,0,0,0,0,0,0,0,0,0
23.9,0.898252611375,0.101747388625,1,1,0.407680567064,0.0461790286682,0.490572044311,0.0555683599569,0.453859595732,0.546140404268,-2.20978790821e-13,0.433740947616,0.188131209639,0,0,0.05,0,0,0.25,1.11803398875,0,0,0,0,0,0,0,0,0,0
23.95,0.89266893517,0.10733106483,1,1,0.405121921614,0.0487102950711,0.487547013556,0.0586207697593,0.453832216685,0.546167783315,-2.23487894857e-13,0.433486008236,0.187910119337,0,0,0.05,0,0,0.25,1.11803398875,0,0,0,0,0,0,0,0,0,0
24,0.887108162576,0.112891837423,1,1,0.402573928747,0.0512308559794,0.484534233829,0.0616609814441,0.453804784727,0.546195215273,-2.25996998893e-13,0.433230972053,0.187689075146,0,0,0.05,0,0,0.25,1.11803398875,0,0,0,0,0,0,0,0,0,0
24.05,0.881587666485,0.118412333515,1,1,0.400044464818,0.0537328281572,0.481543201667,0.0646795053577,0.453777292975,0.546222707025,-2.28528307389e-13,0.432975843063,0.187468080676,0,0,0.05,0,0,0.25,1.11803398875,0,0,0,0,0,0,0,0,0,0
24.1,0.876124693953,0.123875306047,1,1,0.397541347152,0.056208387213,0.478583346802,0.0676669188336,0.453749734365,0.546250265635,-2.31015206964e-13,0.432720625263,0.187247139528,0,0,0.05,0,0,0.25,1.11803398875,0,0,0,0,0,0,0,0,0,0
24.15,0.870736312325,0.129263687675,1,1,0.395072309625,0.0586497920408,0.475664002701,0.0706138956339,0.453722101665,0.546277898335,-2.3355761769e-13,0.432465322642,0.187026255288,0,0,0.05,0,0,0.25,1.11803398875,0,0,0,0,0,0,0,0,0,0
24.2,0.865439355909,0.134560644091,1,1,0.392644978492,0.0610494090016,0.472794377417,0.0735112350894,0.453694387494,0.546305612506,-2.36044517266e-13,0.43220993919,0.186805431534,0,0,0.05,0,0,0.25,1.11803398875,0,0,0,0,0,0,0,0,0,0
24.25,0.860250373383,0.139749626617,1,1,0.39026684856,0.0633997357687,0.469983524823,0.0763498908486,0.453666584329,0.546333415671,-2.38564723531e-13,0.431954478889,0.186584671832,0,0,0.05,0,0,0.25,1.11803398875,0,0,0,0,0,0,0,0,0,0
24.3,0.855185576095,0.144814423905,1,1,0.387945259767,0.0656934247611,0.467240316328,0.0791209991442,0.453638684528,0.546361315472,-2.41118236488e-13,0.431698945718,0.186363979734,0,0,0.05,0,0,0.25,1.11803398875,0,0,0,0,0,0,0,0,0,0
24.35,0.850260787415,0.149739212585,1,1,0.385687374246,0.0679233060943,0.464573413169,0.0818159064906,0.453610680341,0.546389319659,-2.43671749445e-13,0.431443343653,0.186143358783,0,0,0.05,0,0,0.25,1.11803398875,0,0,0,0,0,0,0,0,0,0
24.4,0.845491393301,0.154508606699,1,1,0.383500153951,0.070082409975,0.461991239351,0.0844261967238,0.453582563926,0.546417436074,-2.46236364632e-13,0.431187676665,0.185922812508,0,0,0.05,0,0,0.25,1.11803398875,0,0,0,0,0,0,0,0,0,0
24.45,0.840892294229,0.159107705771,1,1,0.381390338895,0.0721639884697,0.459501955333,0.0869437173017,0.453554327365,0.546445672635,-2.4884538874e-13,0.43093194872,0.185702344428,0,0,0.05,0,0,0.25,1.11803398875,0,0,0,0,0,0,0,0,0,0
24.5,0.83647785864,0.16352214136,1,1,0.379364426101,0.0741615365801,0.457113432539,0.0893606047803,0.453525962681,0.546474037319,-2.51421106157e-13,0.430676163782,0.18548195805,0,0,0.05,0,0,0.25,1.11803398875,0,0,0,0,0,0,0,0,0,0
24.55,0.832261878053,0.167738121947,1,1,0.377428649293,0.0760688125587,0.45483322876,0.091669309388,0.453497461852,0.546502538148,-2.54041232495e-13,0.43042032581,0.185261656871,0,0,0.05,0,0,0.25,1.11803398875,0,0,0,0,0,0,0,0,0,0
24.6,0.828257523978,0.171742476022,1,1,0.375588959428,0.0778798574008,0.45266856455,0.0938626186209,0.453468816829,0.546531183171,-2.56639154372e-13,0.43016443876,0.185041444374,0,0,0.05,0,0,0.25,1.11803398875,0,0,0,0,0,0,0,0,0,0
24.65,0.824477306763,0.175522693237,1,1,0.373851006096,0.0795890134526,0.450626300667,0.0959336797844,0.453440019549,0.546559980451,-2.5921487179e-13,0.429908506583,0.184821324033,0,0,0.05,0,0,0.25,1.11803398875,0,0,0,0,0,0,0,0,0,0
24.7,0.82093303651,0.17906696349,1,1,0.372220119877,0.081190942077,0.448712916633,0.0978760214132,0.453411061954,0.546588938046,-2.61801691437e-13,0.429652533229,0.18460129931,0,0,0.05,0,0,0.25,1.11803398875,0,0,0,0,0,0,0,0,0,0
24.75,0.817635786179,0.182364213821,1,1,0.370701295687,0.0826806403205,0.446934490492,0.0996835735002,0.453381936007,0.546618063993,-2.64421817775e-13,0.429396522639,0.184381373655,0,0,0.05,0,0,0.25,1.11803398875,0,0,0,0,0,0,0,0,0,0
24.8,0.814595856996,0.185404143004,1,1,0.369299177175,0.0840534565309,0.445296679821,0.101350686473,0.453352633706,0.546647366294,-2.67053046343e-13,0.429140478754,0.184161550506,0,0,0.05,0,0,0.25,1.11803398875,0,0,0,0,0,0,0,0,0,0
24.85,0.811822746264,0.188177253736,1,1,0.368018042224,0.0853051048761,0.44380470404,0.102872148859,0.4533231471,0.5466768529,-2.69728683833e-13,0.428884405508,0.183941833288,0,0,0.05,0,0,0.25,1.11803398875,0,0,0,0,0,0,0,0,0,0
24.9,0.8093251177,0.1906748823,1,1,0.36686178959,0.086431678717,0.442463328109,0.104243203583,0.453293468307,0.546706531693,-2.72382116862e-13,0.428628306827,0.183722225413,0,0,0.05,0,0,0.25,1.11803398875,0,0,0,0,0,0,0,0,0,0
24.95,0.807110774358,0.192889225642,1,1,0.365833926732,0.0874296627956,0.441276847626,0.105459562846,0.453263589528,0.546736410472,-2.75068856581e-13,0.428372186631,0.183502730279,0,0,0.05,0,0,0.25,1.11803398875,0,0,0,0,0,0,0,0,0,0
25,0.805186634261,0.194813365739,1,1,0.364937558864,0.0882959441967,0.440249075397,0.106517421542,0.453233503061,0.546766496939,-2.7774449407e-13,0.428116048834,0.183283351269,0,0,0.05,0,0,0.25,1.11803398875,0,0,0,0,0,0,0,0,0,0
25.05,0.803558708781,0.196441291219,1,1,0.364175379267,0.0890278220515,0.439383329514,0.107413469167,0.453203201319,0.546796798681,-2.8042013156e-13,0.427859897338,0.18306409175,0,0,0.05,0,0,0.25,1.11803398875,0,0,0,0,0,0,0,0,0,0
25.1,0.80223208386,0.19776791614,1,1,0.363549660893,0.0896230159508,0.438682422967,0.108144900189,0.453172676844,0.546827323156,-2.83062462358e-13,0.427603736039,0.182844955075,0,0,0.05,0,0,0.25,1.11803398875,0,0,0,0,0,0,0,0,0,0
25.15,0.801210904122,0.198789095878,1,1,0.363062249277,0.0900796730425,0.438148654844,0.108709422836,0.45314192232,0.54685807768,-2.8581581546e-13,0.42734756882,0.182625944576,0,0,0.05,0,0,0.25,1.11803398875,0,0,0,0,0,0,0,0,0,0
25.2,0.800498359921,0.199501640079,1,1,0.3627145568,0.0903963737902,0.437783803122,0.109105266288,0.45311093059,0.54688906941,-2.88502555179e-13,0.427091399556,0.182407063575,0,0,0.05,0,0,0.25,1.11803398875,0,0,0,0,0,0,0,0,0,0
25.25,0.80009667738,0.19990332262,1,1,0.362507558292,0.0905721363758,0.437589119088,0.109331186244,0.453079694668,0.546920305332,-2.91222601589e-13,0.426835232111,0.182188315371,0,0,0.05,0,0,0.25,1.11803398875,0,0,0,0,0,0,0,0,0,0
25.3,0.800007111429,0.199992888571,1,1,0.362441788024,0.0906064197307,0.437565323405,0.10938646884,0.453048207754,0.546951792246,-2.93853830158e-13,0.426579070339,0.181969703251,0,0,0.05,0,0,0.25,1.11803398875,0,0,0,0,0,0,0,0,0,0
25.35,0.800229941889,0.199770058111,1,1,0.362517338059,0.0904991251883,0.43771260383,0.109270932923,0.453016463247,0.546983536753,-2.96584978798e-13,0.426322918084,0.181751230484,0,0,0.05,0,0,0.25,1.11803398875,0,0,0,0,0,0,0,0,0,0
25.4,0.800764472595,0.199235527405,1,1,0.362733858007,0.0902505967496,0.438030614588,0.108984930655,0.452984454757,0.547015545243,-2.99316127439e-13,0.426066779184,0.181532900324,0,0,0.05,0,0,0.25,1.11803398875,0,0,0,0,0,0,0,0,0,0
25.45,0.801609033575,0.198390966425,1,1,0.363090556153,0.089861619964,0.438518477422,0.108529346461,0.452952176117,0.547047823883,-3.0206948054e-13,0.425810657465,0.181314716011,0,0,0.05,0,0,0.25,1.11803398875,0,0,0,0,0,0,0,0,0,0
25.5,0.802760986263,0.197239013737,1,1,0.363586201973,0.089333419427,0.43917478429,0.10790559431,0.4529196214,0.5470803786,-3.04833935871e-13,0.425554556748,0.181096680769,0,0,0.05,0,0,0.25,1.11803398875,0,0,0,0,0,0,0,0,0,0
25.55,0.804216731744,0.195783268256,1,1,0.36421913002,0.0886676549022,0.439997601723,0.107115613354,0.452886784923,0.547113215077,-3.07576186742e-13,0.425298480848,0.180878797812,0,0,0.05,0,0,0.25,1.11803398875,0,0,0,0,0,0,0,0,0,0
25.6,0.805971721997,0.194028278003,1,1,0.364987245181,0.0878664160821,0.440984476816,0.106161861921,0.452853661263,0.547146338737,-3.10362846534e-13,0.425042433573,0.180661070337,0,0,0.05,0,0,0.25,1.11803398875,0,0,0,0,0,0,0,0,0,0
25.65,0.808020474107,0.191979525893,1,1,0.365888029267,0.0869322160014,0.44213244484,0.105047309892,0.452820245268,0.547179754732,-3.13116199635e-13,0.424786418724,0.180443501533,0,0,0.05,0,0,0.25,1.11803398875,0,0,0,0,0,0,0,0,0,0
25.7,0.81035658739,0.18964341261,1,1,0.36691854894,0.0858679831248,0.443438038449,0.103775429485,0.452786532065,0.547213467935,-3.15925063887e-13,0.4245304401,0.180226094571,0,0,0.05,0,0,0.25,1.11803398875,0,0,0,0,0,0,0,0,0,0
25.75,0.812972763393,0.187027236607,1,1,0.368075464935,0.0846770521346,0.444897298457,0.102350184473,0.45275251707,0.54724748293,-3.18722825909e-13,0.424274501491,0.180008852615,0,0,0.05,0,0,0.25,1.11803398875,0,0,0,0,0,0,0,0,0,0
25.8,0.815860828694,0.184139171306,1,1,0.369355042551,0.0833631534458,0.446505786144,0.10077601786,0.452718195996,0.547281804003,-3.21587201313e-13,0.424018606682,0.179791778812,0,0,0.05,0,0,0.25,1.11803398875,0,0,0,0,0,0,0,0,0,0
25.85,0.819011760441,0.180988239559,1,1,0.370753163385,0.0819304014827,0.448258597056,0.0990578380765,0.452683564867,0.547316435133,-3.24418270026e-13,0.423762759449,0.179574876296,0,0,0.05,0,0,0.25,1.11803398875,0,0,0,0,0,0,0,0,0,0
25.9,0.822415714534,0.177584285466,1,1,0.372265338266,0.0803832817531,0.450150376268,0.0972010037125,0.452648620019,0.547351379981,-3.27171623127e-13,0.423506963561,0.179358148185,0,0,0.05,0,0,0.25,1.11803398875,0,0,0,0,0,0,0,0,0,0
25.95,0.826062056388,0.173937943612,1,1,0.373886721351,0.0787266367611,0.452175335038,0.0952113068505,0.452613358112,0.547386641888,-3.3000269184e-13,0.423251222775,0.179141597581,0,0,0.05,0,0,0.25,1.11803398875,0,0,0,0,0,0,0,0,0,0
26,0.829939394151,0.170060605848,1,1,0.375612125331,0.0769656508029,0.454327268821,0.0930949550456,0.452577776134,0.547422223866,-3.32867067243e-13,0.422995540836,0.178925227567,0,0,0.05,0,0,0.25,1.11803398875,0,0,0,0,0,0,0,0,0,0
26.05,0.834035614298,0.165964385702,1,1,0.377436037718,0.0751058336929,0.456599576581,0.0908585520086,0.452541871411,0.547458128589,-3.35631522574e-13,0.422739921474,0.178709041208,0,0,0.05,0,0,0.25,1.11803398875,0,0,0,0,0,0,0,0,0,0
26.1,0.838337919474,0.161662080526,1,1,0.379352638137,0.0731530034721,0.458985281337,0.0885090770535,0.452505641609,0.547494358391,-3.38473693517e-13,0.422484368407,0.178493041548,0,0,0.05,0,0,0.25,1.11803398875,0,0,0,0,0,0,0,0,0,0
26.15,0.842832868476,0.157167131524,1,1,0.381355816591,0.0711132681522,0.461477051885,0.0860538633714,0.452469084743,0.547530915257,-3.41349171151e-13,0.422228885332,0.178277231609,0,0,0.05,0,0,0.25,1.11803398875,0,0,0,0,0,0,0,0,0,0
26.2,0.847506418246,0.152493581753,1,1,0.383439192624,0.0689930065531,0.464067225622,0.0835005752003,0.452432199177,0.547567800823,-3.44169137634e-13,0.421973475931,0.178061614389,0,0,0.05,0,0,0.25,1.11803398875,0,0,0,0,0,0,0,0,0,0
26.25,0.852343967745,0.147656032255,1,1,0.385596135337,0.0667988482954,0.466747832407,0.0808571839599,0.452394983633,0.547605016367,-3.47077921958e-13,0.421718143868,0.177846192868,0,0,0.05,0,0,0.25,1.11803398875,0,0,0,0,0,0,0,0,0,0
26.3,0.857330403565,0.142669596435,1,1,0.387819784181,0.064537653008,0.469510619385,0.0781319434268,0.452357437188,0.547642562811,-3.49942297362e-13,0.421462892789,0.177630969998,0,0,0.05,0,0,0.25,1.11803398875,0,0,0,0,0,0,0,0,0,0
26.35,0.862450147153,0.137549852846,1,1,0.390103070466,0.0622164888193,0.472347076687,0.0753333640271,0.452319559286,0.547680440714,-3.52762263844e-13,0.421207726323,0.177415948714,0,0,0.05,0,0,0.25,1.11803398875,0,0,0,0,0,0,0,0,0,0
26.4,0.867687203477,0.132312796523,1,1,0.392438739531,0.0598426101978,0.475248463946,0.0724701863252,0.452281349729,0.547718650271,-3.55637741478e-13,0.420952648083,0.177201131928,0,0,0.05,0,0,0.25,1.11803398875,0,0,0,0,0,0,0,0,0,0
26.45,0.873025210996,0.126974789004,1,1,0.394819373475,0.0574234352115,0.478205837521,0.0695513537923,0.452242808687,0.547757191313,-3.58502116882e-13,0.420697661667,0.176986522532,0,0,0.05,0,0,0.25,1.11803398875,0,0,0,0,0,0,0,0,0,0
26.5,0.878447492781,0.121552507219,1,1,0.397237414417,0.0549665222797,0.481210078364,0.0665859849391,0.452203936697,0.547796063303,-3.61366492285e-13,0.420442770662,0.176772123402,0,0,0.05,0,0,0.25,1.11803398875,0,0,0,0,0,0,0,0,0,0
26.55,0.883937108613,0.116062891386,1,1,0.399685188172,0.0524795464877,0.484251920441,0.0635833448988,0.45216473466,0.54783526534,-3.64230867689e-13,0.420187978645,0.176557937398,0,0,0.05,0,0,0.25,1.11803398875,0,0,0,0,0,0,0,0,0,0
26.6,0.889476907911,0.110523092089,1,1,0.402154928305,0.0499702755404,0.487321979606,0.0605528165487,0.452125203845,0.547874796155,-3.67084140862e-13,0.419933289184,0.176343967365,0,0,0.05,0,0,0.25,1.11803398875,0,0,0,0,0,0,0,0,0,0
26.65,0.895049583308,0.104950416692,1,1,0.404638800455,0.0474465454311,0.490410782853,0.0575038712609,0.452085345886,0.547914654114,-3.70015129647e-13,0.419678705842,0.176130216137,0,0,0.05,0,0,0.25,1.11803398875,0,0,0,0,0,0,0,0,0,0
26.7,0.900637724729,0.0993622752708,1,1,0.407128926881,0.044916235899,0.493508797848,0.0544460393718,0.45204516278,0.54795483722,-3.72923913972e-13,0.419424232177,0.175916686537,0,0,0.05,0,0,0.25,1.11803398875,0,0,0,0,0,0,0,0,0,0
26.75,0.906223873779,0.0937761262205,1,1,0.409617411131,0.0423872457565,0.496606462648,0.0513888804639,0.452004656888,0.547995343112,-3.75821596066e-13,0.419169871743,0.175703381377,0,0,0.05,0,0,0.25,1.11803398875,0,0,0,0,0,0,0,0,0,0
26.8,0.911790578289,0.0882094217113,1,1,0.412096362767,0.0398674681605,0.499694215522,0.0483419535507,0.451963830928,0.548036169072,-3.78741482621e-13,0.418915628091,0.175490303459,0,0,0.05,0,0,0.25,1.11803398875,0,0,0,0,0,0,0,0,0,0
26.85,0.917320446835,0.082679553165,1,1,0.414557922069,0.037364765907,0.502762524766,0.045314787258,0.451922687976,0.548077312024,-3.81616960254e-13,0.418661504769,0.175277455575,0,0,0.05,0,0,0.25,1.11803398875,0,0,0,0,0,0,0,0,0,0
26.9,0.922796203079,0.0772037969211,1,1,0.416994284636,0.0348869468263,0.505801918442,0.0423168500948,0.451881231463,0.548118768537,-3.84536846809e-13,0.41840750532,0.175064840508,0,0,0.05,0,0,0.25,1.11803398875,0,0,0,0,0,0,0,0,0,0
26.95,0.928200739738,0.0717992602622,1,1,0.419397725809,0.0324417393562,0.508803013928,0.0393575209061,0.451839465165,0.548160534834,-3.87467835594e-13,0.418153633281,0.174852461026,0,0,0.05,0,0,0.25,1.11803398875,0,0,0,0,0,0,0,0,0,0
27,0.933517172032,0.0664828279676,1,1,0.421760624838,0.0300367683688,0.511756547194,0.0364460595988,0.451797393207,0.548202606793,-3.9042102884e-13,0.417899892179,0.174640319883,0,0,0.05,0,0,0.25,1.11803398875,0,0,0,0,0,0,0,0,0,0
27.05,0.938728890438,0.061271109562,1,1,0.424075488722,0.0276795313287,0.514653401716,0.0335915782333,0.45175502005,0.54824497995,-3.93274302013e-13,0.417646285528,0.174428419815,0,0,0.05,0,0,0.25,1.11803398875,0,0,0,0,0,0,0,0,0,0
27.1,0.943819612575,0.0561803874247,1,1,0.426334975636,0.0253773748551,0.517484636939,0.0308030125696,0.451712350491,0.548287649509,-3.96249699719e-13,0.417392816827,0.174216763539,0,0,0.05,0,0,0.25,1.11803398875,0,0,0,0,0,0,0,0,0,0
27.15,0.94877343408,0.0512265659199,1,1,0.428531917891,0.0231374717631,0.520241516189,0.0280890941568,0.451669389654,0.548330610346,-3.99158484044e-13,0.417139489558,0.174005353749,0,0,0.05,0,0,0.25,1.11803398875,0,0,0,0,0,0,0,0,0,0
27.2,0.953574878291,0.0464251217089,1,1,0.430659344329,0.0209667986549,0.522915533962,0.0254583230539,0.451626142983,0.548373857016,-4.02100575059e-13,0.416886307177,0.173794193112,0,0,0.05,0,0,0.25,1.11803398875,0,0,0,0,0,0,0,0,0,0
27.25,0.958208944602,0.0417910553976,1,1,0.432710502108,0.0188721141319,0.525498442494,0.0229189412657,0.45158261624,0.54841738376,-4.05020461614e-13,0.416633273116,0.173583284268,0,0,0.05,0,0,0.25,1.11803398875,0,0,0,0,0,0,0,0,0,0
27.3,0.962661155327,0.0373388446727,1,1,0.434678877795,0.0168599376953,0.527982277532,0.0204789069774,0.45153881549,0.54846118451,-4.07962552629e-13,0.41638039078,0.173372629826,0,0,0.05,0,0,0.25,1.11803398875,0,0,0,0,0,0,0,0,0,0
27.35,0.96691760093,0.0330823990696,1,1,0.436558217698,0.0149365294014,0.530359383233,0.0181458696683,0.451494747099,0.548505252901,-4.10849132493e-13,0.416127663542,0.173162232365,0,0,0.05,0,0,0.25,1.11803398875,0,0,0,0,0,0,0,0,0,0
27.4,0.970964983482,0.0290350165175,1,1,0.438342547386,0.0131078703354,0.532622436096,0.0159271461821,0.451450417721,0.548549582279,-4.13735712357e-13,0.415875094748,0.172952094431,0,0,0.05,0,0,0.25,1.11803398875,0,0,0,0,0,0,0,0,0,0
27.45,0.974790658207,0.0252093417933,1,1,0.44002619033,0.0113796439642,0.534764467877,0.0138296978291,0.451405834294,0.548594165706,-4.16633394451e-13,0.415622687713,0.172742218541,0,0,0.05,0,0,0.25,1.11803398875,0,0,0,0,0,0,0,0,0,0
27.5,0.978382672982,0.0216173270176,1,1,0.4416037856,0.00975721842703,0.536778887383,0.0118601085905,0.451361004027,0.548638995973,-4.19553281006e-13,0.415370445724,0.172532607181,0,0,0.05,0,0,0.25,1.11803398875,0,0,0,0,0,0,0,0,0,0
27.55,0.981729805686,0.0182701943136,1,1,0.443070304572,0.00824562981812,0.538659501114,0.0100245644954,0.45131593439,0.54868406561,-4.22484269791e-13,0.415118372044,0.172323262808,0,0,0.05,0,0,0.25,1.11803398875,0,0,0,0,0,0,0,0,0,0
27.6,0.984821599253,0.0151784007474,1,1,0.444421066594,0.00684956651484,0.540400532659,0.00832883423252,0.451270633109,0.548729366891,-4.25459667497e-13,0.414866469913,0.172114187858,0,0,0.05,0,0,0.25,1.11803398875,0,0,0,0,0,0,0,0,0,0
27.65,0.987648394342,0.012351605658,1,1,0.44565175355,0.00557335459885,0.541996640792,0.00677825105917,0.451225108149,0.548774891851,-4.28335145131e-13,0.414614742556,0.171905384745,0,0,0.05,0,0,0.25,1.11803398875,0,0,0,0,0,0,0,0,0,0
27.7,0.99020135952,0.00979864047998,1,1,0.446758423292,0.00442094441615,0.543442936228,0.00537769606383,0.451179367708,0.548820632292,-4.31299440606e-13,0.414363193184,0.171696855865,0,0,0.05,0,0,0.25,1.11803398875,0,0,0,0,0,0,0,0,0,0
27.75,0.992472518848,0.00752748115203,1,1,0.447737521887,0.00339589831764,0.544734996961,0.00413158283439,0.451133420205,0.548866579795,-4.3415271378e-13,0.414111824999,0.171488603604,0,0,0.05,0,0,0.25,1.11803398875,0,0,0,0,0,0,0,0,0,0
27.8,0.994454776801,0.00554522319899,1,1,0.44858589465,0.00250137961804,0.545868882151,0.00304384358095,0.451087274268,0.548912725732,-4.37117009255e-13,0.413860641204,0.171280630337,0,0,0.05,0,0,0.25,1.11803398875,0,0,0,0,0,0,0,0,0,0
27.85,0.996141940436,0.00385805956397,1,1,0.449300795916,0.00174014280738,0.54684114452,0.00211791675658,0.451040938724,0.548959061276,-4.40059100271e-13,0.413609644998,0.171072938435,0,0,0.05,0,0,0.25,1.11803398875,0,0,0,0,0,0,0,0,0,0
27.9,0.997528738739,0.00247126126045,1,1,0.449879897541,0.00111452504522,0.547648841199,0.00135673621523,0.450994422586,0.549005577414,-4.42945680135e-13,0.413358839589,0.170865530266,0,0,0.05,0,0,0.25,1.11803398875,0,0,0,0,0,0,0,0,0,0
27.95,0.998610839095,0.00138916090466,1,1,0.450321296079,0.000626438963569,0.548289543016,0.000762721941096,0.450947735043,0.549052264957,-4.45943282301e-13,0.41310822819,0.170658408198,0,0,0.05,0,0,0.25,1.11803398875,0,0,0,0,0,0,0,0,0,0
28,0.99938486082,0.000615139179706,1,1,0.450623518646,0.000277366800802,0.548761342174,0.000337772378904,0.450900885447,0.549099114553,-4.48940884468e-13,0.41285781402,0.170451574598,0,0,0.05,0,0,0.25,1.11803398875,0,0,0,0,0,0,0,0,0,0
28.05,0.999848385726,0.000151614273628,1,1,0.450785527415,6.83558840289e-05,0.549062858312,8.32583895995e-05,0.450853883299,0.549146116701,-4.51894077713e-13,0.412607600309,0.170245031833,0,0,0.05,0,0,0.25,1.11803398875,0,0,0,0,0,0,0,0,0,0
28.1,0.999999965675,3.43245853069e-08,1,1,0.450806722767,1.54737543436e-08,0.549193242908,1.88508309633e-08,0.450806738241,0.549193261759,-4.54858373189e-13,0.412357590288,0.170038782268,0,0,0.05,0,0,0.25,1.11803398875,0,0,0,0,0,0,0,0,0,0
28.15,0.999839127103,0.000160872896574,1,1,0.450686945061,7.25149799949e-05,0.549152182043,8.83579165792e-05,0.450759460041,0.549240539959,-4.57756055283e-13,0.412107787192,0.169832828265,0,0,0.05,0,0,0.25,1.11803398875,0,0,0,0,0,0,0,0,0,0
28.2,0.9993663725,0.000633627499934,1,1,0.450426475023,0.000285583554867,0.548939897477,0.000348043945067,0.450712058578,0.549287941422,-4.6076475968e-13,0.411858194252,0.169627172173,0,0,0.05,0,0,0.25,1.11803398875,0,0,0,0,0,0,0,0,0,0
28.25,0.998583178839,0.00141682116122,1,1,0.450026032773,0.000638511062317,0.548557146066,0.000778310098902,0.450664543835,0.549335456165,-4.63717952925e-13,0.411608814689,0.16942181633,0,0,0.05,0,0,0.25,1.11803398875,0,0,0,0,0,0,0,0,0,0
28.3,0.997491992962,0.00250800703754,1,1,0.449486775459,0.00113015042134,0.548005217503,0.00137785661619,0.450616925881,0.549383074119,-4.66704452862e-13,0.41135965171,0.169216763055,0,0,0.05,0,0,0.25,1.11803398875,0,0,0,0,0,0,0,0,0,0
28.35,0.996096223939,0.00390377606094,1,1,0.448810293544,0.00175892131476,0.547285930395,0.00214485474618,0.450569214859,0.549430785141,-4.69635441647e-13,0.411110708495,0.169012014639,0,0,0.05,0,0,0.25,1.11803398875,0,0,0,0,0,0,0,0,0,0
28.4,0.994400232411,0.00559976758899,1,1,0.447998605723,0.00252281525131,0.546401626688,0.00307695233767,0.450521420974,0.549478579026,-4.72621941583e-13,0.410861988198,0.168807573346,0,0,0.05,0,0,0.25,1.11803398875,0,0,0,0,0,0,0,0,0,0
28.45,0.992409316972,0.00759068302822,1,1,0.447054152515,0.00341940196465,0.545355164457,0.00417128106357,0.45047355448,0.54952644552,-4.75575134828e-13,0.410613493934,0.1686034414,0,0,0.05,0,0,0.25,1.11803398875,0,0,0,0,0,0,0,0,0,0
28.5,0.990129697612,0.00987030238792,1,1,0.445979788535,0.00444583712857,0.544149909077,0.00542446525936,0.450425625663,0.549574374337,-4.78561634765e-13,0.410365228775,0.168399620987,0,0,0.05,0,0,0.25,1.11803398875,0,0,0,0,0,0,0,0,0,0
28.55,0.987568496287,0.0124315037126,1,1,0.444778773469,0.0055988713638,0.542789722818,0.00683263234877,0.450377644833,0.549622355167,-4.81481521319e-13,0.410117195747,0.168196114247,0,0,0.05,0,0,0.25,1.11803398875,0,0,0,0,0,0,0,0,0,0
28.6,0.984733714668,0.0152662853321,1,1,0.443454761798,0.00687486050762,0.54127895287,0.00839142482449,0.450329622305,0.549670377694,-4.84434714565e-13,0.409869397825,0.167992923273,0,0,0.05,0,0,0.25,1.11803398875,0,0,0,0,0,0,0,0,0,0
28.65,0.981634209139,0.0183657908607,1,1,0.442011791276,0.00826977711348,0.539622417863,0.0100960137472,0.45028156839,0.54971843161,-4.8736570335e-13,0.409621837933,0.167790050112,0,0,0.05,0,0,0.25,1.11803398875,0,0,0,0,0,0,0,0,0,0
28.7,0.978279663134,0.0217203368657,1,1,0.440454270233,0.00977922314436,0.537825392902,0.0119411137213,0.450233493377,0.549766506623,-4.90352203286e-13,0.409374518946,0.167587496762,0,0,0.05,0,0,0.25,1.11803398875,0,0,0,0,0,0,0,0,0,0
28.75,0.974680556879,0.0253194431204,1,1,0.438786963705,0.0113984438195,0.535893593175,0.013920999301,0.450185407524,0.549814592476,-4.93272089841e-13,0.40912744369,0.16738526518,0,0,0.05,0,0,0.25,1.11803398875,0,0,0,0,0,0,0,0,0,0
28.8,0.970848134653,0.0291518653466,1,1,0.437014978471,0.0131223425705,0.533833156182,0.0160295227761,0.450137321042,0.549862678958,-4.96147567475e-13,0.408880614951,0.167183357283,0,0,0.05,0,0,0.25,1.11803398875,0,0,0,0,0,0,0,0,0,0
28.85,0.966794369657,0.0332056303432,1,1,0.435143747022,0.0149454970604,0.531650622635,0.0182601332827,0.450089244082,0.549910755918,-4.99045249569e-13,0.408634035477,0.16698177495,0,0,0.05,0,0,0.25,1.11803398875,0,0,0,0,0,0,0,0,0,0
28.9,0.962531926607,0.0374680733932,1,1,0.43317901051,0.0168621762141,0.529352916097,0.0206058971791,0.450041186724,0.549958813276,-5.01976238354e-13,0.408387707992,0.166780520039,0,0,0.05,0,0,0.25,1.11803398875,0,0,0,0,0,0,0,0,0,0
28.95,0.958074122169,0.0419258778305,1,1,0.431126800753,0.0188663582072,0.526947321416,0.0230595196234,0.44999315896,0.55000684104,-5.04840613758e-13,0.4081416352,0.166579594384,0,0,0.05,0,0,0.25,1.11803398875,0,0,0,0,0,0,0,0,0,0
29,0.953434883356,0.0465651166438,1,1,0.42899342133,0.0209517493563,0.524441462026,0.0256133672874,0.449945170687,0.550054829313,-5.07793807003e-13,0.407895819798,0.166378999809,0,0,0.05,0,0,0.25,1.11803398875,0,0,0,0,0,0,0,0,0,0
29.05,0.948628704013,0.0513712959866,1,1,0.426785427835,0.0231118038526,0.521843276178,0.028259492134,0.449897231688,0.550102768312,-5.10713693558e-13,0.407650264485,0.166178738134,0,0,0.05,0,0,0.25,1.11803398875,0,0,0,0,0,0,0,0,0,0
29.1,0.94367059954,0.0563294004594,1,1,0.424509607351,0.0253397442741,0.51916099219,0.0309896561853,0.449849351625,0.550150648375,-5.13622477882e-13,0.40740497197,0.165978811186,0,0,0.05,0,0,0.25,1.11803398875,0,0,0,0,0,0,0,0,0,0
29.15,0.93857605998,0.0614239400203,1,1,0.422172957209,0.0276285828155,0.51640310277,0.0337953572048,0.449801540025,0.550198459975,-5.16608977819e-13,0.407159944985,0.165779220801,0,0,0.05,0,0,0.25,1.11803398875,0,0,0,0,0,0,0,0,0,0
29.2,0.933361001621,0.0666389983786,1,1,0.419782663101,0.0299711431666,0.513578338521,0.036667855212,0.449753806267,0.550246193733,-5.19562171064e-13,0.406915186286,0.16557996883,0,0,0.05,0,0,0.25,1.11803398875,0,0,0,0,0,0,0,0,0,0
29.25,0.928041717279,0.0719582827206,1,1,0.417346076601,0.0323600829717,0.510695640678,0.0395981997488,0.449706159573,0.550293840427,-5.22470955389e-13,0.406670698661,0.16538105715,0,0,0.05,0,0,0.25,1.11803398875,0,0,0,0,0,0,0,0,0,0
29.3,0.922634825389,0.077365174611,1,1,0.414870692192,0.0347879168,0.507764133197,0.042577257811,0.449658608992,0.550341391008,-5.25468557555e-13,0.406426484932,0.165182487654,0,0,0.05,0,0,0.25,1.11803398875,0,0,0,0,0,0,0,0,0,0
29.35,0.917157218088,0.0828427819124,1,1,0.41236412384,0.0372470395545,0.504793094247,0.0455957423579,0.449611163395,0.550388836605,-5.28421750801e-13,0.406182547953,0.164984262261,0,0,0.05,0,0,0.25,1.11803398875,0,0,0,0,0,0,0,0,0,0
29.4,0.911626008441,0.0883739915592,1,1,0.409834081209,0.0397297502464,0.501791927231,0.0486442413128,0.449563831456,0.550436168544,-5.31386046276e-13,0.40593889061,0.16478638291,0,0,0.05,0,0,0.25,1.11803398875,0,0,0,0,0,0,0,0,0,0
29.45,0.906058476978,0.0939415230221,1,1,0.407288345587,0.0422282760614,0.498770131391,0.0517132469608,0.449516621648,0.550483378352,-5.34372546213e-13,0.405695515814,0.164588851551,0,0,0.05,0,0,0.25,1.11803398875,0,0,0,0,0,0,0,0,0,0
29.5,0.900472017704,0.0995279822957,1,1,0.404734745587,0.0447347966413,0.495737272118,0.0547931856544,0.449469542228,0.550530457772,-5.37347943919e-13,0.40545242649,0.164391670147,0,0,0.05,0,0,0.25,1.11803398875,0,0,0,0,0,0,0,0,0,0
29.55,0.894884083759,0.10511591624,1,1,0.40218113272,0.0472414685072,0.492702951039,0.0578744477333,0.449422601227,0.550577398772,-5.40334443855e-13,0.405209625572,0.164194840656,0,0,0.05,0,0,0.25,1.11803398875,0,0,0,0,0,0,0,0,0,0
29.6,0.88931213289,0.11068786711,1,1,0.399635356896,0.0497404495459,0.489676775994,0.0609474175641,0.449375806442,0.550624193558,-5.43298739331e-13,0.404967115985,0.163998365029,0,0,0.05,0,0,0.25,1.11803398875,0,0,0,0,0,0,0,0,0,0
29.65,0.883773572908,0.116226427092,1,1,0.397105241935,0.0522239234848,0.486668330974,0.0640025036068,0.449329165419,0.55067083458,-5.46263034806e-13,0.404724900637,0.163802245196,0,0,0.05,0,0,0.25,1.11803398875,0,0,0,0,0,0,0,0,0,0
29.7,0.878285707308,0.121714292692,1,1,0.394598561173,0.0546841242787,0.483687146134,0.0670301684136,0.449282685452,0.550717314548,-5.49194023591e-13,0.404482982402,0.163606483052,0,0,0.05,0,0,0.25,1.11803398875,0,0,0,0,0,0,0,0,0,0
29.75,0.872865681202,0.127134318798,1,1,0.392123013232,0.0571133603323,0.48074266797,0.0700209584654,0.449236373565,0.550763626435,-5.52191625758e-13,0.404241364105,0.163411080453,0,0,0.05,0,0,0.25,1.11803398875,0,0,0,0,0,0,0,0,0,0
29.8,0.867530427763,0.132469572236,1,1,0.389686198023,0.0595040384826,0.477844229741,0.0729655337538,0.449190236505,0.550809763495,-5.55078205622e-13,0.404000048513,0.163216039199,0,0,0.05,0,0,0.25,1.11803398875,0,0,0,0,0,0,0,0,0,0
29.85,0.862296615317,0.137703384683,1,1,0.387295593068,0.0618486876685,0.475001022249,0.0758546970145,0.449144280737,0.550855719263,-5.58042501098e-13,0.403759038322,0.163021361027,0,0,0.05,0,0,0.25,1.11803398875,0,0,0,0,0,0,0,0,0,0
29.9,0.857180595268,0.142819404732,1,1,0.384958530216,0.0641399822109,0.472222065052,0.0786794225214,0.449098512426,0.550901487573,-5.60884672041e-13,0.403518336145,0.162827047606,0,0,0.05,0,0,0.25,1.11803398875,0,0,0,0,0,0,0,0,0,0
29.95,0.852198351015,0.147801648985,1,1,0.382682172803,0.0663707646348,0.469516178212,0.08143088435,0.449052937438,0.550947062562,-5.63804558595e-13,0.40327794451,0.162633100529,0,0,0.05,0,0,0.25,1.11803398875,0,0,0,0,0,0,0,0,0,0
30,0.847365448019,0.152634551981,1,1,0.380473493365,0.0685340679588,0.466891954654,0.0841004840224,0.449007561324,0.550992438676,-5.6671334292e-13,0.403037865854,0.162439521312,0,0,0.05,0,0,0.25,1.11803398875,0,0,0,0,0,0,0,0,0,0
30.05,0.842696985168,0.157303014832,1,1,0.37833925193,0.0706231373856,0.464357733238,0.0866798774467,0.448962389315,0.551037610684,-5.69577718323e-13,0.402798102522,0.162246311395,0,0,0.05,0,0,0.25,1.11803398875,0,0,0,0,0,0,0,0,0,0
30.1,0.838207547609,0.161792452391,1,1,0.376285974993,0.0726314513248,0.461921572616,0.0891610010657,0.448917426318,0.551082573682,-5.72464298188e-13,0.402558656774,0.162053472144,0,0,0.05,0,0,0.25,1.11803398875,0,0,0,0,0,0,0,0,0,0
30.15,0.833911161183,0.166088838817,1,1,0.374319935218,0.0745527416831,0.459591225965,0.0915360971335,0.448872676901,0.551127323098,-5.75306469131e-13,0.402319530791,0.161861004856,0,0,0.05,0,0,0.25,1.11803398875,0,0,0,0,0,0,0,0,0,0
30.2,0.829821248601,0.170178751399,1,1,0.372447131937,0.0763810133592,0.457374116664,0.0937977380398,0.448828145296,0.551171854704,-5.78093128922e-13,0.402080726684,0.161668910771,0,0,0.05,0,0,0.25,1.11803398875,0,0,0,0,0,0,0,0,0,0
30.25,0.825950587511,0.174049412489,1,1,0.370673272502,0.0781105628833,0.455277315009,0.0959388496057,0.448783835385,0.551216164615,-5.80924197635e-13,0.401842246508,0.161477191078,0,0,0.05,0,0,0.25,1.11803398875,0,0,0,0,0,0,0,0,0,0
30.3,0.82231127058,0.17768872942,1,1,0.369003754556,0.0797359961419,0.453307516023,0.0979527332783,0.448739750698,0.551260249302,-5.83721959657e-13,0.401604092279,0.161285846935,0,0,0.05,0,0,0.25,1.11803398875,0,0,0,0,0,0,0,0,0,0
30.35,0.818914667711,0.181085332289,1,1,0.367443649274,0.0812522451356,0.451471018438,0.099833087153,0.448695894409,0.551304105591,-5.8655302837e-13,0.401366265993,0.161094879477,0,0,0.05,0,0,0.25,1.11803398875,0,0,0,0,0,0,0,0,0,0
30.4,0.815771390526,0.184228609474,1,1,0.365997685613,0.0826545837159,0.449773704913,0.101574025758,0.448652269329,0.551347730671,-5.89395199313e-13,0.40112876964,0.160904289833,0,0,0.05,0,0,0.25,1.11803398875,0,0,0,0,0,0,0,0,0,0
30.45,0.812891259206,0.187108740793,1,1,0.364670235648,0.0839386422527,0.448221023559,0.103170098541,0.4486088779,0.551391122099,-5.92226268026e-13,0.400891605229,0.160714079143,0,0,0.05,0,0,0.25,1.11803398875,0,0,0,0,0,0,0,0,0,0
30.5,0.81028327182,0.18971672818,1,1,0.363465301009,0.085100421189,0.446817970811,0.104616306991,0.448565722198,0.551434277802,-5.95079541199e-13,0.4006547748,0.16052424857,0,0,0.05,0,0,0.25,1.11803398875,0,0,0,0,0,0,0,0,0,0
30.55,0.807955576206,0.192044423794,1,1,0.362386500483,0.0861363034376,0.445569075722,0.105908120357,0.448522803921,0.551477196079,-5.97955018833e-13,0.400418280445,0.160334799315,0,0,0.05,0,0,0.25,1.11803398875,0,0,0,0,0,0,0,0,0,0
30.6,0.805915444517,0.194084555483,1,1,0.361437058805,0.0870430655851,0.444478385712,0.107041489898,0.44848012439,0.55151987561,-6.00830496467e-13,0.400182124322,0.160145732627,0,0,0.05,0,0,0.25,1.11803398875,0,0,0,0,0,0,0,0,0,0
30.65,0.804169250506,0.195830749493,1,1,0.360619796681,0.0878178878659,0.443549453826,0.108012861628,0.448437684547,0.551562315453,-6.03717076331e-13,0.399946308664,0.159957049814,0,0,0.05,0,0,0.25,1.11803398875,0,0,0,0,0,0,0,0,0,0
30.7,0.802722449609,0.197277550391,1,1,0.359937122071,0.088458362877,0.442785327538,0.108819187514,0.448395484948,0.551604515052,-6.06603656195e-13,0.399710835786,0.159768752245,0,0,0.05,0,0,0.25,1.11803398875,0,0,0,0,0,0,0,0,0,0
30.75,0.801579561899,0.1984204381,1,1,0.359391022758,0.0889625030061,0.442188539141,0.109457935094,0.448353525764,0.551646474235,-6.0953464498e-13,0.399475708092,0.159580841356,0,0,0.05,0,0,0.25,1.11803398875,0,0,0,0,0,0,0,0,0,0
30.8,0.800744157973,0.199255842027,1,1,0.358983060229,0.0893287465504,0.441761097744,0.109927095477,0.448311806779,0.551688193221,-6.12476735995e-13,0.39924092807,0.159393318646,0,0,0.05,0,0,0.25,1.11803398875,0,0,0,0,0,0,0,0,0,0
30.85,0.800218847786,0.199781152213,1,1,0.358714364876,0.0895559625078,0.441504482911,0.110225189706,0.448270327383,0.551729672616,-6.15452133701e-13,0.399006498286,0.159206185675,0,0,0.05,0,0,0.25,1.11803398875,0,0,0,0,0,0,0,0,0,0
30.9,0.800005272507,0.199994727493,1,1,0.358585632553,0.0896434540243,0.441419639954,0.110351273468,0.448229086577,0.551770913423,-6.18394224716e-13,0.398772421377,0.159019444051,0,0,0.05,0,0,0.25,1.11803398875,0,0,0,0,0,0,0,0,0,0
30.95,0.800104099384,0.199895900616,1,1,0.358597122475,0.0895909604897,0.441506976909,0.110304940127,0.448188082965,0.551811917035,-6.21402929113e-13,0.398538700034,0.158833095425,0,0,0.05,0,0,0.25,1.11803398875,0,0,0,0,0,0,0,0,0,0
31,0.800515019663,0.199484980337,1,1,0.358748656484,0.0893986582723,0.441766363179,0.110086322065,0.448147314756,0.551852685244,-6.24378326819e-13,0.398305336981,0.158647141467,0,0,0.05,0,0,0.25,1.11803398875,0,0,0,0,0,0,0,0,0,0
31.05,0.801236749552,0.198763250447,1,1,0.35903961967,0.0890671600934,0.442197129882,0.109696090354,0.448106779764,0.551893220236,-6.27276008913e-13,0.398072334958,0.158461583859,0,0,0.05,0,0,0.25,1.11803398875,0,0,0,0,0,0,0,0,0,0
31.1,0.802267034235,0.197732965765,1,1,0.359468962361,0.0885975130414,0.442798071873,0.109135452724,0.448066475403,0.551933524597,-6.3026250885e-13,0.397839696697,0.158276424268,0,0,0.05,0,0,0.25,1.11803398875,0,0,0,0,0,0,0,0,0,0
31.15,0.803602654908,0.196397345092,1,1,0.360035203456,0.087991195234,0.443567451451,0.108406149858,0.44802639869,0.551973601309,-6.33204599865e-13,0.397607424893,0.15809166433,0,0,0.05,0,0,0.25,1.11803398875,0,0,0,0,0,0,0,0,0,0
31.2,0.805239438844,0.194760561156,1,1,0.360736435109,0.0872501111372,0.444503003735,0.107510450019,0.447986546246,0.552013453754,-6.3612448642e-13,0.397375522183,0.157907305631,0,0,0.05,0,0,0.25,1.11803398875,0,0,0,0,0,0,0,0,0,0
31.25,0.807172272426,0.192827727574,1,1,0.361570328735,0.0863765855568,0.44560194369,0.106451142017,0.447946914292,0.552053085708,-6.39011066284e-13,0.397143991119,0.157723349682,0,0,0.05,0,0,0.25,1.11803398875,0,0,0,0,0,0,0,0,0,0
31.3,0.809395117121,0.190604882879,1,1,0.362534142332,0.0853733563216,0.446860974789,0.105231526558,0.447907498653,0.552092501346,-6.41886543917e-13,0.396912834146,0.15753979791,0,0,0.05,0,0,0.25,1.11803398875,0,0,0,0,0,0,0,0,0,0
31.35,0.811901028348,0.188098971652,1,1,0.36362472908,0.08424356568,0.448276299268,0.103855405972,0.44786829476,0.55213170524,-6.4472871486e-13,0.396682053581,0.157356651633,0,0,0.05,0,0,0.25,1.11803398875,0,0,0,0,0,0,0,0,0,0
31.4,0.814682177174,0.185317822826,1,1,0.364838547211,0.0829907504381,0.449843629963,0.102327072388,0.447829297649,0.552170702351,-6.47537579113e-13,0.3964516516,0.157173912056,0,0,0.05,0,0,0.25,1.11803398875,0,0,0,0,0,0,0,0,0,0
31.45,0.817729874771,0.182270125229,1,1,0.366171671096,0.0816188308695,0.451558203675,0.100651294359,0.447790501965,0.552209498035,-6.50290932214e-13,0.396221630222,0.156991580256,0,0,0.05,0,0,0.25,1.11803398875,0,0,0,0,0,0,0,0,0,0
31.5,0.821034599565,0.178965400435,1,1,0.367619803537,0.080132098431,0.453414796029,0.0988333020036,0.447751901968,0.552248098032,-6.53033183085e-13,0.395991991306,0.156809657178,0,0,0.05,0,0,0.25,1.11803398875,0,0,0,0,0,0,0,0,0,0
31.55,0.82458602698,0.175413973019,1,1,0.369178289206,0.0785352023236,0.455407737775,0.0968787706959,0.447713491529,0.552286508471,-6.55764331725e-13,0.395762736547,0.156628143639,0,0,0.05,0,0,0.25,1.11803398875,0,0,0,0,0,0,0,0,0,0
31.6,0.828373061696,0.171626938304,1,1,0.370842129203,0.0768331349394,0.457530932492,0.0947938033649,0.447675264143,0.552324735857,-6.58428866984e-13,0.395533867484,0.156447040327,0,0,0.05,0,0,0.25,1.11803398875,0,0,0,0,0,0,0,0,0,0
31.65,0.832383872309,0.167616127691,1,1,0.372605996684,0.075031216241,0.459777875624,0.0925849114501,0.447637212925,0.552362787075,-6.61137811164e-13,0.395305385508,0.156266347811,0,0,0.05,0,0,0.25,1.11803398875,0,0,0,0,0,0,0,0,0,0
31.7,0.836605928301,0.163394071699,1,1,0.374464253502,0.0731350771202,0.462141674799,0.090258994579,0.447599330622,0.552400669378,-6.63724630812e-13,0.395077291878,0.156086066557,0,0,0.05,0,0,0.25,1.11803398875,0,0,0,0,0,0,0,0,0,0
31.75,0.841026039182,0.158973960818,1,1,0.376410967822,0.0711506417902,0.46461507136,0.0878233190279,0.447561609612,0.552438390388,-6.6633365492e-13,0.394849587744,0.155906196941,0,0,0.05,0,0,0.25,1.11803398875,0,0,0,0,0,0,0,0,0,0
31.8,0.845630395702,0.154369604298,1,1,0.378439932651,0.0690841092641,0.467190463051,0.0852854950334,0.447524041915,0.552475958085,-6.68920474567e-13,0.394622274172,0.155726739273,0,0,0.05,0,0,0.25,1.11803398875,0,0,0,0,0,0,0,0,0,0
31.85,0.850404612995,0.149595387005,1,1,0.380544685217,0.0669419339781,0.469859927778,0.082653453027,0.447486619195,0.552513380805,-6.71551703135e-13,0.394395352173,0.155547693816,0,0,0.05,0,0,0.25,1.11803398875,0,0,0,0,0,0,0,0,0,0
31.9,0.855333775515,0.144666224485,1,1,0.382718527149,0.0647308056199,0.472615248366,0.079935418865,0.447449332769,0.552550667231,-6.74216238394e-13,0.394168822733,0.155369060815,0,0,0.05,0,0,0.25,1.11803398875,0,0,0,0,0,0,0,0,0,0
31.95,0.860402483641,0.139597516359,1,1,0.384954545384,0.0624576282245,0.475447938257,0.0771398881343,0.447412173609,0.552587826391,-6.76858569193e-13,0.39394268685,0.155190840523,0,0,0.05,0,0,0.25,1.11803398875,0,0,0,0,0,0,0,0,0,0
32,0.865594901785,0.134405098215,1,1,0.387245633751,0.0601294986032,0.478349268033,0.0742755996121,0.447375132354,0.552624867645,-6.79489797761e-13,0.393716945563,0.155013033224,0,0,0.05,0,0,0.25,1.11803398875,0,0,0,0,0,0,0,0,0,0
32.05,0.870894807864,0.129105192136,1,1,0.389584515142,0.0577536841723,0.481310292722,0.0713515079637,0.447338199315,0.552661800685,-6.82187639711e-13,0.393491599987,0.15483563926,0,0,0.05,0,0,0.25,1.11803398875,0,0,0,0,0,0,0,0,0,0
32.1,0.876285643985,0.123714356015,1,1,0.391963764226,0.0553376002506,0.48432187976,0.0683767557639,0.447301364476,0.552698635524,-6.8482997051e-13,0.393266651341,0.154658659057,0,0,0.05,0,0,0.25,1.11803398875,0,0,0,0,0,0,0,0,0,0
32.15,0.881750568173,0.118249431827,1,1,0.394375830613,0.052888786897,0.48737473756,0.0653606449303,0.44726461751,0.55273538249,-6.8755001692e-13,0.393042100977,0.154482093141,0,0,0.05,0,0,0.25,1.11803398875,0,0,0,0,0,0,0,0,0,0
32.2,0.887272506984,0.112727493016,1,1,0.396813062418,0.0504148853595,0.490459444566,0.0623126076561,0.447227947778,0.552772052222,-6.90314472251e-13,0.3928179504,0.154305942156,0,0,0.05,0,0,0.25,1.11803398875,0,0,0,0,0,0,0,0,0,0
32.25,0.892834208855,0.107165791145,1,1,0.39926773013,0.0479236142091,0.493566478726,0.0592421769356,0.447191344339,0.552808655661,-6.93123336504e-13,0.392594201282,0.15413020688,0,0,0.05,0,0,0.25,1.11803398875,0,0,0,0,0,0,0,0,0,0
32.3,0.898418297992,0.101581702007,1,1,0.401732050723,0.0454227452341,0.496686247269,0.0561589567733,0.447154795957,0.552845204043,-6.95909996296e-13,0.392370855479,0.153954888229,0,0,0.05,0,0,0.25,1.11803398875,0,0,0,0,0,0,0,0,0,0
32.35,0.904007328661,0.0959926713385,1,1,0.40419821194,0.0429200791677,0.499809116721,0.0530725921708,0.447118291108,0.552881708892,-6.98729962778e-13,0.392147915025,0.153779987258,0,0,0.05,0,0,0.25,1.11803398875,0,0,0,0,0,0,0,0,0,0
32.4,0.909583839689,0.0904161603108,1,1,0.406658396657,0.0404234213268,0.502925443033,0.0499927389839,0.447081817983,0.552918182016,-7.01605440412e-13,0.391925382137,0.153605505163,0,0,0.05,0,0,0.25,1.11803398875,0,0,0,0,0,0,0,0,0,0
32.45,0.915130409016,0.0848695909835,1,1,0.409104807266,0.0379405572364,0.506025601751,0.0469290337471,0.447045364502,0.552954635498,-7.04514224736e-13,0.391703259197,0.153431443265,0,0,0.05,0,0,0.25,1.11803398875,0,0,0,0,0,0,0,0,0,0
32.5,0.920629708127,0.0793702918726,1,1,0.411529689998,0.0354792283163,0.509100018129,0.0438910635563,0.447008918314,0.552991081685,-7.07423009061e-13,0.391481548738,0.153257803003,0,0,0.05,0,0,0.25,1.11803398875,0,0,0,0,0,0,0,0,0,0
32.55,0.926064556187,0.0739354438128,1,1,0.413925359104,0.0330471077057,0.512139197083,0.0408883361071,0.44697246681,0.55302753319,-7.10420611227e-13,0.39126025342,0.153084585906,0,0,0.05,0,0,0.25,1.11803398875,0,0,0,0,0,0,0,0,0,0
32.6,0.931417973718,0.0685820262819,1,1,0.416284220824,0.0306517763011,0.515133752894,0.0379302499808,0.446935997125,0.553064002875,-7.13373804473e-13,0.391039375993,0.152911793577,0,0,0.05,0,0,0.25,1.11803398875,0,0,0,0,0,0,0,0,0,0
32.65,0.936673235646,0.0633267643535,1,1,0.418598797069,0.0283006990825,0.518074438578,0.035026065271,0.446899496151,0.553100503849,-7.16227077646e-13,0.390818919272,0.152739427661,0,0,0.05,0,0,0.25,1.11803398875,0,0,0,0,0,0,0,0,0,0
32.7,0.941813923555,0.0581860764449,1,1,0.420861748744,0.0260012018008,0.520952174811,0.0321848746441,0.446862950545,0.553137049455,-7.19158066431e-13,0.390598886088,0.152567489813,0,0,0.05,0,0,0.25,1.11803398875,0,0,0,0,0,0,0,0,0,0
32.75,0.946823976977,0.0531760230227,1,1,0.42306589863,0.0237604481009,0.523758078347,0.0294155749218,0.446826346731,0.553173653269,-7.22089055216e-13,0.390379279254,0.152395981671,0,0,0.05,0,0,0.25,1.11803398875,0,0,0,0,0,0,0,0,0,0
32.8,0.951687743573,0.048312256427,1,1,0.425204253768,0.0215854171503,0.526483489805,0.0267268392767,0.446789670918,0.553210329082,-7.2496453285e-13,0.390160101517,0.152224904816,0,0,0.05,0,0,0.25,1.11803398875,0,0,0,0,0,0,0,0,0,0
32.85,0.956390028029,0.0436099719708,1,1,0.427270027259,0.0194828818439,0.52912000077,0.024127090127,0.446752909103,0.553247090897,-7.27840010484e-13,0.389941355517,0.152054260742,0,0,0.05,0,0,0.25,1.11803398875,0,0,0,0,0,0,0,0,0,0
32.9,0.960916139533,0.0390838604667,1,1,0.429256659431,0.0174593876524,0.531659480102,0.0216244728142,0.446716047083,0.553283952916,-7.30659976966e-13,0.389723043748,0.151884050828,0,0,0.05,0,0,0.25,1.11803398875,0,0,0,0,0,0,0,0,0,0
32.95,0.96525193767,0.03474806233,1,1,0.431157838285,0.0155212321821,0.534094099385,0.0192268301479,0.446679070467,0.553320929533,-7.33402227837e-13,0.389505168516,0.151714276301,0,0,0.05,0,0,0.25,1.11803398875,0,0,0,0,0,0,0,0,0,0
33,0.969383876598,0.030616123402,1,1,0.432967519175,0.0136744455072,0.536416357423,0.0169416778948,0.446641964682,0.553358035318,-7.36077865327e-13,0.389287731911,0.151544938216,0,0,0.05,0,0,0.25,1.11803398875,0,0,0,0,0,0,0,0,0,0
33.05,0.97329904737,0.0267009526295,1,1,0.434679943649,0.011924771339,0.538619103722,0.0147761812905,0.446604714988,0.553395285012,-7.38731298355e-13,0.389070735774,0.151376037436,0,0,0.05,0,0,0.25,1.11803398875,0,0,0,0,0,0,0,0,0,0
33.1,0.976985218265,0.0230147817353,1,1,0.436289657399,0.0102776490889,0.540695560866,0.0127371326463,0.446567306488,0.553432693512,-7.41318118003e-13,0.38885418168,0.15120757461,0,0,0.05,0,0,0.25,1.11803398875,0,0,0,0,0,0,0,0,0,0
33.15,0.980430872996,0.0195691270039,1,1,0.437791527257,0.00873819688273,0.542639345739,0.0108309301212,0.44652972414,0.55347027586,-7.43838324269e-13,0.388638070924,0.151039550172,0,0,0.05,0,0,0.25,1.11803398875,0,0,0,0,0,0,0,0,0,0
33.2,0.983625246697,0.0163747533027,1,1,0.43918075719,0.00731119557824,0.544444489507,0.00906355772449,0.446491952768,0.553508047231,-7.46347428304e-13,0.388422404515,0.150871964329,0,0,0.05,0,0,0.25,1.11803398875,0,0,0,0,0,0,0,0,0,0
33.25,0.98655835955,0.0134416404501,1,1,0.440452903238,0.00600107383738,0.546105456311,0.00744056661275,0.446453977076,0.553546022924,-7.48756612268e-13,0.38820718318,0.150704817073,0,0,0.05,0,0,0.25,1.11803398875,0,0,0,0,0,0,0,0,0,0
33.3,0.989221047963,0.0107789520371,1,1,0.441603887356,0.00481189429907,0.547617160606,0.00596705773803,0.446415781655,0.553584218345,-7.51221307382e-13,0.387992407378,0.150538108183,0,0,0.05,0,0,0.25,1.11803398875,0,0,0,0,0,0,0,0,0,0
33.35,0.991604993202,0.00839500679823,1,1,0.442630010107,0.00374734089625,0.548974983095,0.00464766590198,0.446377351003,0.553622648997,-7.53563877964e-13,0.387778077319,0.150371837249,0,0,0.05,0,0,0.25,1.11803398875,0,0,0,0,0,0,0,0,0,0
33.4,0.993702747377,0.00629725262255,1,1,0.443527962173,0.00281070735724,0.550174785204,0.0034865452653,0.44633866953,0.55366133047,-7.55773221783e-13,0.387564192992,0.15020600369,0,0,0.05,0,0,0.25,1.11803398875,0,0,0,0,0,0,0,0,0,0
33.45,0.995507756715,0.00449224328487,1,1,0.444294834647,0.00200488692728,0.551212922068,0.00248735635759,0.446299721574,0.553700278426,-7.58060281214e-13,0.387350754206,0.150040606784,0,0,0.05,0,0,0.25,1.11803398875,0,0,0,0,0,0,0,0,0,0
33.5,0.997014382029,0.00298561797062,1,1,0.444928128067,0.00133236334273,0.552086253962,0.00165325462789,0.44626049141,0.55373950859,-7.60336238415e-13,0.387137760628,0.149875645704,0,0,0.05,0,0,0.25,1.11803398875,0,0,0,0,0,0,0,0,0,0
33.55,0.998217916342,0.00178208365792,1,1,0.445425760178,0.000795203086458,0.552792156164,0.000986880571467,0.446220963265,0.553779036735,-7.62512275543e-13,0.386925211832,0.149711119551,0,0,0.05,0,0,0.25,1.11803398875,0,0,0,0,0,0,0,0,0,0
33.6,0.999114599588,0.000885400412179,1,1,0.445786072376,0.000395048948728,0.553328527211,0.000490351463451,0.446181121325,0.553818878675,-7.64810437204e-13,0.386713107351,0.149547027397,0,0,0.05,0,0,0.25,1.11803398875,0,0,0,0,0,0,0,0,0,0
33.65,0.999701630361,0.00029836963888,1,1,0.446007834836,0.000133114914066,0.553693795525,0.000165254724813,0.44614094975,0.55385905025,-7.67019781023e-13,0.386501446731,0.149383368325,0,0,0.05,0,0,0.25,1.11803398875,0,0,0,0,0,0,0,0,0,0
33.7,0.999977174668,2.28253315153e-05,1,1,0.446090250293,1.01823902651e-05,0.553886924376,1.26429412502e-05,0.446100432683,0.553899567317,-7.69329044914e-13,0.386290229585,0.149220141473,0,0,0.05,0,0,0.25,1.11803398875,0,0,0,0,0,0,0,0,0,0
33.75,0.999940371658,5.96283418316e-05,1,1,0.446032956467,2.65977915786e-05,0.553907415191,3.3030550253e-05,0.446059554258,0.553940445741,-7.71638308805e-13,0.386079455647,0.149057346073,0,0,0.05,0,0,0.25,1.11803398875,0,0,0,0,0,0,0,0,0,0
33.8,0.99959133631,0.000408663690369,1,1,0.445836027131,0.000182271483884,0.553755309178,0.000226392206485,0.446018298615,0.553981701385,-7.74003083848e-13,0.385869124823,0.148894981492,0,0,0.05,0,0,0.25,1.11803398875,0,0,0,0,0,0,0,0,0,0
33.85,0.998931159074,0.00106884092568,1,1,0.44549997181,0.000476678095315,0.553431187265,0.000592162830363,0.445976649905,0.554023350095,-7.76434472272e-13,0.385659237236,0.148733047266,0,0,0.05,0,0,0.25,1.11803398875,0,0,0,0,0,0,0,0,0,0
33.9,0.997961902469,0.0020380975311,1,1,0.44502573411,0.000908858191601,0.552936168359,0.0011292393395,0.445934592302,0.554065407698,-7.78899167386e-13,0.385449793269,0.148571543131,0,0,0.05,0,0,0.25,1.11803398875,0,0,0,0,0,0,0,0,0,0
33.95,0.996686594631,0.00331340536844,1,1,0.4444146887,0.00147742131105,0.552271905932,0.00183598405738,0.445892110011,0.554107889989,-7.81441578113e-13,0.385240793596,0.148410469051,0,0,0.05,0,0,0.25,1.11803398875,0,0,0,0,0,0,0,0,0,0
34,0.995109219861,0.00489078013844,1,1,0.443668636929,0.00218055034988,0.551440582933,0.00271022978856,0.445849187279,0.554150812721,-7.83995091069e-13,0.385032239212,0.148249825233,0,0,0.05,0,0,0.25,1.11803398875,0,0,0,0,0,0,0,0,0,0
34.05,0.993234706171,0.00676529382849,1,1,0.442789801117,0.00301600728429,0.550444905054,0.00374928654421,0.445805808402,0.554194191598,-7.86637421868e-13,0.384824131445,0.148089612143,0,0,0.05,0,0,0.25,1.11803398875,0,0,0,0,0,0,0,0,0,0
34.1,0.991068909891,0.00893109010864,1,1,0.441780817523,0.00398114021154,0.549288092368,0.0049499498971,0.445761957735,0.554238042265,-7.89357468278e-13,0.384616471966,0.147929830507,0,0,0.05,0,0,0.25,1.11803398875,0,0,0,0,0,0,0,0,0,0
34.15,0.988618597372,0.0113814026278,1,1,0.440644728013,0.00507289168815,0.547973869359,0.0063085109397,0.445717619701,0.554282380298,-7.92088616919e-13,0.38440926278,0.147770481311,0,0,0.05,0,0,0.25,1.11803398875,0,0,0,0,0,0,0,0,0,0
34.2,0.985891423847,0.0141085761534,1,1,0.439384970462,0.00628780833919,0.546506453385,0.00782076781416,0.445672778801,0.554327221199,-7.94930787862e-13,0.384202506218,0.147611565784,0,0,0.05,0,0,0.25,1.11803398875,0,0,0,0,0,0,0,0,0,0
34.25,0.982895909513,0.017104090487,1,1,0.438005367911,0.00762205170868,0.544890541602,0.00948203877836,0.44562741962,0.55437258038,-7.97839572186e-13,0.383996204912,0.147453085387,0,0,0.05,0,0,0.25,1.11803398875,0,0,0,0,0,0,0,0,0,0
34.3,0.979641412916,0.0203585870841,1,1,0.436510116522,0.00907141031724,0.543131296394,0.0112871767669,0.445581526839,0.55441847316,-8.00781663202e-13,0.383790361755,0.147295041776,0,0,0.05,0,0,0.25,1.11803398875,0,0,0,0,0,0,0,0,0,0
34.35,0.976138101709,0.023861898291,1,1,0.434903772359,0.0106313128892,0.54123432935,0.0132305854017,0.445535085248,0.554464914752,-8.03712651987e-13,0.383584979866,0.147137436779,0,0,0.05,0,0,0.25,1.11803398875,0,0,0,0,0,0,0,0,0,0
34.4,0.972396920889,0.0276030791108,1,1,0.433191237041,0.0122968427082,0.539205683848,0.0153062364025,0.445488079749,0.554511920251,-8.06643640772e-13,0.383380062534,0.146980272349,0,0,0.05,0,0,0.25,1.11803398875,0,0,0,0,0,0,0,0,0,0
34.45,0.968429558602,0.0315704413977,1,1,0.431377742316,0.0140627530553,0.537051816287,0.0175076883424,0.445440495371,0.554559504629,-8.09541322866e-13,0.383175613165,0.146823550524,0,0,0.05,0,0,0.25,1.11803398875,0,0,0,0,0,0,0,0,0,0
34.5,0.964248409627,0.035751590373,1,1,0.429468833597,0.0159234836826,0.53477957603,0.0198281066903,0.44539231728,0.55460768272,-8.12505618342e-13,0.382971635215,0.146667273379,0,0,0.05,0,0,0.25,1.11803398875,0,0,0,0,0,0,0,0,0,0
34.55,0.959866536652,0.0401334633483,1,1,0.427470352518,0.0178731782703,0.532396184133,0.022260285078,0.445343530788,0.554656469211,-8.15447709357e-13,0.38276813213,0.146511442974,0,0,0.05,0,0,0.25,1.11803398875,0,0,0,0,0,0,0,0,0,0
34.6,0.955297629464,0.0447023705362,1,1,0.425388418558,0.019905702811,0.529909210905,0.0247966677251,0.445294121369,0.55470587863,-8.18312084761e-13,0.382565107271,0.146356061301,0,0,0.05,0,0,0.25,1.11803398875,0,0,0,0,0,0,0,0,0,0
34.65,0.95055596218,0.0494440378195,1,1,0.423229409798,0.0220146648666,0.527326552382,0.0274293729529,0.445244074665,0.554755925335,-8.21165357934e-13,0.382362563856,0.146201130238,0,0,0.05,0,0,0.25,1.11803398875,0,0,0,0,0,0,0,0,0,0
34.7,0.945656348654,0.0543436513464,1,1,0.420999942865,0.0241934336342,0.524656405789,0.0301502177122,0.445193376499,0.554806623501,-8.23918711035e-13,0.382160504886,0.146046651495,0,0,0.05,0,0,0.25,1.11803398875,0,0,0,0,0,0,0,0,0,0
34.75,0.940614096188,0.0593859038115,1,1,0.418706852129,0.0264351607598,0.52190724406,0.0329507430516,0.445142012889,0.554857987111,-8.26583246294e-13,0.381958933089,0.145892626567,0,0,0.05,0,0,0.25,1.11803398875,0,0,0,0,0,0,0,0,0,0
34.8,0.935444957721,0.0645550422787,1,1,0.416357168222,0.0287328018349,0.519087789499,0.0358222404438,0.445089970057,0.554910029943,-8.29247781553e-13,0.381757850861,0.145739056694,0,0,0.05,0,0,0.25,1.11803398875,0,0,0,0,0,0,0,0,0,0
34.85,0.930165082603,0.0698349173967,1,1,0.413958095939,0.0310791385059,0.516206986664,0.0387557788908,0.445037234445,0.554962765555,-8.31756885589e-13,0.381557260219,0.145585942826,0,0,0.05,0,0,0.25,1.11803398875,0,0,0,0,0,0,0,0,0,0
34.9,0.924790966148,0.0752090338519,1,1,0.41151699159,0.0334668011303,0.513273974558,0.0417422327217,0.44498379272,0.55501620728,-8.34177171782e-13,0.381357162759,0.145433285588,0,0,0.05,0,0,0.25,1.11803398875,0,0,0,0,0,0,0,0,0,0
34.95,0.919339398096,0.0806606019036,1,1,0.409041339887,0.0358882919051,0.51029805821,0.0447723099985,0.444929631792,0.555070368208,-8.36475333443e-13,0.381157559627,0.145281085261,0,0,0.05,0,0,0.25,1.11803398875,0,0,0,0,0,0,0,0,0,0
35,0.913827410162,0.0861725898374,1,1,0.406538730422,0.0383360083973,0.50728867974,0.0478365814401,0.44487473882,0.55512526118,-8.38673575032e-13,0.380958451497,0.145129341767,0,0,0.05,0,0,0.25,1.11803398875,0,0,0,0,0,0,0,0,0,0
35.05,0.908272222823,0.0917277771765,1,1,0.404016833825,0.0408022674011,0.504255388999,0.0509255097754,0.444819101226,0.555180898774,-8.40782998779e-13,0.380759838565,0.144978054664,0,0,0.05,0,0,0.25,1.11803398875,0,0,0,0,0,0,0,0,0,0
35.1,0.902691191519,0.0973088084806,1,1,0.401483377658,0.043279329046,0.501207813861,0.0540294794346,0.444762706704,0.555237293295,-8.42781400223e-13,0.380561720552,0.144827223149,0,0,0.05,0,0,0.25,1.11803398875,0,0,0,0,0,0,0,0,0,0
35.15,0.897101752432,0.102898247568,1,1,0.398946122149,0.0457594210825,0.498155630282,0.0571388264858,0.444705543232,0.555294456768,-8.44724290516e-13,0.380364096719,0.144676846073,0,0,0.05,0,0,0.25,1.11803398875,0,0,0,0,0,0,0,0,0,0
35.2,0.891521368009,0.108478631991,1,1,0.39641283581,0.0482347632656,0.4951085322,0.0602438687251,0.444647599075,0.555352400925,-8.46567260737e-13,0.380166965896,0.144526921959,0,0,0.05,0,0,0.25,1.11803398875,0,0,0,0,0,0,0,0,0,0
35.25,0.885967472412,0.114032527587,1,1,0.393891271039,0.0506975917625,0.492076201373,0.0633349358249,0.444588862802,0.555411137198,-8.48332515346e-13,0.379970326519,0.144377449035,0,0,0.05,0,0,0.25,1.11803398875,0,0,0,0,0,0,0,0,0,0
35.3,0.880457417046,0.119542582954,1,1,0.391389139782,0.0531401835045,0.489068277264,0.0664023994494,0.444529323287,0.555470676713,-8.50008952114e-13,0.379774176682,0.144228425274,0,0,0.05,0,0,0.25,1.11803398875,0,0,0,0,0,0,0,0,0,0
35.35,0.875008416349,0.124991583651,1,1,0.388914089311,0.0555548804089,0.486094327038,0.0694367032418,0.44446896972,0.55553103028,-8.51696491111e-13,0.379578514191,0.144079848436,0,0,0.05,0,0,0.25,1.11803398875,0,0,0,0,0,0,0,0,0,0
35.4,0.869637494015,0.130362505985,1,1,0.386473678219,0.0579341133939,0.483163815796,0.0724283925909,0.444407791613,0.555592208387,-8.53350723418e-13,0.379383336639,0.143931716119,0,0,0.05,0,0,0.25,1.11803398875,0,0,0,0,0,0,0,0,0,0
35.45,0.864361429806,0.135638570194,1,1,0.384075352697,0.060270426109,0.480286077109,0.0753681440851,0.444345778806,0.555654221194,-8.54938342343e-13,0.37918864147,0.14378402582,0,0,0.05,0,0,0.25,1.11803398875,0,0,0,0,0,0,0,0,0,0
35.5,0.859196707129,0.140803292871,1,1,0.38172642316,0.0625564983095,0.477470283968,0.0782467945619,0.44428292147,0.55571707853,-8.56581472419e-13,0.378994426065,0.143636774988,0,0,0.05,0,0,0.25,1.11803398875,0,0,0,0,0,0,0,0,0,0
35.55,0.854159461539,0.145840538461,1,1,0.379434041318,0.064785168798,0.474725420221,0.0810553696628,0.444219210116,0.555780789884,-8.58280113647e-13,0.378800687822,0.143489961094,0,0,0.05,0,0,0.25,1.11803398875,0,0,0,0,0,0,0,0,0,0
35.6,0.849265430331,0.150734569669,1,1,0.377205177735,0.0669494578631,0.472060252597,0.0837851118055,0.444154635598,0.555845364402,-8.59934345954e-13,0.378607424234,0.143343581685,0,0,0.05,0,0,0.25,1.11803398875,0,0,0,0,0,0,0,0,0,0
35.65,0.84452990337,0.15547009663,1,1,0.37504659997,0.0690425891437,0.4694833034,0.0864275074861,0.444089189113,0.555910810887,-8.61655191642e-13,0.378414632976,0.14319763445,0,0,0.05,0,0,0.25,1.11803398875,0,0,0,0,0,0,0,0,0,0
35.7,0.839967675324,0.160032324676,1,1,0.372964851363,0.0710580108492,0.467002823961,0.0889743138269,0.444022862212,0.555977137788,-8.63520366323e-13,0.378222311981,0.14305211728,0,0,0.05,0,0,0.25,1.11803398875,0,0,0,0,0,0,0,0,0,0
35.75,0.835592999443,0.164407000557,1,1,0.370966230527,0.0729894162704,0.464626768916,0.0914175842868,0.443955646797,0.556044353203,-8.65418847695e-13,0.378030459514,0.14290702832,0,0,0.05,0,0,0.25,1.11803398875,0,0,0,0,0,0,0,0,0,0
35.8,0.831419543029,0.168580456971,1,1,0.369056771612,0.0748307635153,0.462362771418,0.0937496934553,0.443887535127,0.556112464873,-8.6741724914e-13,0.377839074239,0.142762366022,0,0,0.05,0,0,0.25,1.11803398875,0,0,0,0,0,0,0,0,0,0
35.85,0.827460344739,0.172539655261,1,1,0.367242225413,0.0765762944083,0.460218119326,0.0959633608526,0.443818519821,0.556181480179,-8.69493366196e-13,0.377648155277,0.142618129184,0,0,0.05,0,0,0.25,1.11803398875,0,0,0,0,0,0,0,0,0,0
35.9,0.823727773844,0.176272226155,1,1,0.365528041367,0.0782205524931,0.458199732477,0.0980516736623,0.44374859386,0.55625140614,-8.71724914475e-13,0.377457702256,0.142474316992,0,0,0.05,0,0,0.25,1.11803398875,0,0,0,0,0,0,0,0,0,0
35.95,0.820233491593,0.179766508407,1,1,0.363919350511,0.0797584000822,0.456314141081,0.100008108325,0.443677750594,0.556322249406,-8.74067485057e-13,0.377267715344,0.142330929041,0,0,0.05,0,0,0.25,1.11803398875,0,0,0,0,0,0,0,0,0,0
36,0.816988414772,0.183011585228,1,1,0.362420949438,0.0811850343005,0.454567465334,0.101826550927,0.443605983738,0.556394016262,-8.76598793553e-13,0.377078195281,0.142187965357,0,0,0.05,0,0,0.25,1.11803398875,0,0,0,0,0,0,0,0,0,0
36.05,0.814002681608,0.185997318392,1,1,0.361037285314,0.0824960020714,0.452965396294,0.103501316321,0.443533287385,0.556466712615,-8.79174510971e-13,0.376889143383,0.1420454264,0,0,0.05,0,0,0.25,1.11803398875,0,0,0,0,0,0,0,0,0,0
36.1,0.811285620086,0.188714379914,1,1,0.359772442003,0.0836872139996,0.451513178082,0.105027165915,0.443459656003,0.556540343997,-8.8183904623e-13,0.376700561545,0.141903313069,0,0,0.05,0,0,0.25,1.11803398875,0,0,0,0,0,0,0,0,0,0
36.15,0.808845718812,0.191154281188,1,1,0.358630127335,0.0847549571055,0.450215591477,0.106399324082,0.44338508444,0.55661491556,-8.84647910482e-13,0.376512452223,0.141761626679,0,0,0.05,0,0,0.25,1.11803398875,0,0,0,0,0,0,0,0,0,0
36.2,0.806690600494,0.193309399506,1,1,0.357613661561,0.0856959063725,0.449076938933,0.107613493134,0.443309567933,0.556690432067,-8.87545592576e-13,0.376324818406,0.141620368949,0,0,0.05,0,0,0.25,1.11803398875,0,0,0,0,0,0,0,0,0,0
36.25,0.804826998121,0.195173001878,1,1,0.356725967038,0.0865071350703,0.448101031084,0.108665866808,0.443233102108,0.556766897892,-8.90520990282e-13,0.376137663574,0.141479541959,0,0,0.05,0,0,0.25,1.11803398875,0,0,0,0,0,0,0,0,0,0
36.3,0.803260733936,0.196739266064,1,1,0.355969559164,0.0871861238228,0.447291174772,0.109553142241,0.443155682986,0.556844317014,-8.93551899139e-13,0.375950991641,0.141339148116,0,0,0.05,0,0,0.25,1.11803398875,0,0,0,0,0,0,0,0,0,0
36.35,0.801996701239,0.198003298761,1,1,0.355346538601,0.0877307683907,0.446650162637,0.110272530371,0.443077306992,0.556922693008,-8.96671625839e-13,0.375764806893,0.141199190099,0,0,0.05,0,0,0.25,1.11803398875,0,0,0,0,0,0,0,0,0,0
36.4,0.801038849103,0.198961150897,1,1,0.354858584809,0.0881393861465,0.446180264293,0.110821764751,0.442997970956,0.557002029044,-8.99835761459e-13,0.37557911391,0.141059670805,0,0,0.05,0,0,0.25,1.11803398875,0,0,0,0,0,0,0,0,0,0
36.45,0.800390170037,0.199609829963,1,1,0.354506950901,0.0884107212195,0.445883219136,0.111199108743,0.442917672121,0.557082327879,-9.02944385928e-13,0.375393917482,0.140920593283,0,0,0.05,0,0,0.25,1.11803398875,0,0,0,0,0,0,0,0,0,0
36.5,0.800052690636,0.199947309364,1,1,0.354292459851,0.0885439482978,0.445760230785,0.111403361066,0.442836408149,0.557163591851,-9.06053010397e-13,0.375209222522,0.140781960665,0,0,0.05,0,0,0.25,1.11803398875,0,0,0,0,0,0,0,0,0,0
36.55,0.800027465248,0.199972534752,1,1,0.354215502055,0.0885386750722,0.445811963193,0.11143385968,0.442754177127,0.557245822873,-9.09139430405e-13,0.375025033964,0.1406437761,0,0,0.05,0,0,0.25,1.11803398875,0,0,0,0,0,0,0,0,0,0
36.6,0.800314572681,0.199685427319,1,1,0.354276034254,0.0883949433181,0.446038538427,0.111290484001,0.442670977572,0.557329022428,-9.12170339262e-13,0.374841356673,0.140506042672,0,0,0.05,0,0,0.25,1.11803398875,0,0,0,0,0,0,0,0,0,0
36.65,0.800913115959,0.199086884041,1,1,0.354473579827,0.0881132286091,0.446439536132,0.110973655432,0.442586808436,0.557413191564,-9.15112430278e-13,0.37465819534,0.140368763335,0,0,0.05,0,0,0.25,1.11803398875,0,0,0,0,0,0,0,0,0,0
36.7,0.801821225121,0.198178774879,1,1,0.354807230448,0.087694438667,0.447013994673,0.110484336212,0.442501669115,0.557498330885,-9.18021214602e-13,0.374475554391,0.140231940836,0,0,0.05,0,0,0.25,1.11803398875,0,0,0,0,0,0,0,0,0,0
36.75,0.803036063065,0.196963936935,1,1,0.355275649097,0.0871399103502,0.447760413967,0.109824026585,0.442415559448,0.557584440552,-9.20841181085e-13,0.37429343789,0.140095577647,0,0,0.05,0,0,0.25,1.11803398875,0,0,0,0,0,0,0,0,0,0
36.8,0.80455383441,0.19544616559,1,1,0.355877074433,0.0864514052938,0.448676759977,0.108994760296,0.442328479726,0.557671520273,-9.23494614114e-13,0.374111849453,0.139959675901,0,0,0.05,0,0,0.25,1.11803398875,0,0,0,0,0,0,0,0,0,0
36.85,0.806369797357,0.193630202643,1,1,0.356609326484,0.0856311042129,0.449760470873,0.10799909843,0.442240430697,0.557759569303,-9.26014820379e-13,0.37393079217,0.139824237333,0,0,0.05,0,0,0.25,1.11803398875,0,0,0,0,0,0,0,0,0,0
36.9,0.808478278498,0.191521721502,1,1,0.357469813672,0.08468159989,0.451008464825,0.106840121612,0.442151413562,0.557848586437,-9.28390697652e-13,0.373750268533,0.139689263228,0,0,0.05,0,0,0.25,1.11803398875,0,0,0,0,0,0,0,0,0,0
36.95,0.810872690546,0.189127309454,1,1,0.35845554112,0.0836058888668,0.452417149426,0.105521420587,0.442061429987,0.557938570013,-9.30633348162e-13,0.373570280377,0.139554754381,0,0,0.05,0,0,0.25,1.11803398875,0,0,0,0,0,0,0,0,0,0
37,0.813545552912,0.186454447088,1,1,0.359563120228,0.0824073618686,0.453982432684,0.104047085219,0.441970482097,0.558029517903,-9.32653954067e-13,0.373390828837,0.13942071106,0,0,0.05,0,0,0.25,1.11803398875,0,0,0,0,0,0,0,0,0,0
37.05,0.816488515075,0.183511484924,1,1,0.360788779488,0.0810897929921,0.455699735588,0.102421691932,0.44187857248,0.55812142752,-9.34519128748e-13,0.373211914312,0.139287132984,0,0,0.05,0,0,0.25,1.11803398875,0,0,0,0,0,0,0,0,0,0
37.1,0.819692382675,0.180307617325,1,1,0.362128376498,0.0796573276906,0.457564006177,0.100650289635,0.441785704188,0.558214295811,-9.36284383357e-13,0.373033536447,0.139154019314,0,0,0.05,0,0,0.25,1.11803398875,0,0,0,0,0,0,0,0,0,0
37.15,0.82314714623,0.17685285377,1,1,0.363577411141,0.078114469595,0.45956973509,0.0987383841747,0.441691880736,0.558308119264,-9.3778318444e-13,0.372855694132,0.139021368647,0,0,0.05,0,0,0.25,1.11803398875,0,0,0,0,0,0,0,0,0,0
37.2,0.826842012417,0.173157987583,1,1,0.365131039882,0.0764660662138,0.461710972536,0.0966919213688,0.441597106095,0.558402893905,-9.39137656531e-13,0.372678385514,0.138889179029,0,0,0.05,0,0,0.25,1.11803398875,0,0,0,0,0,0,0,0,0,0
37.25,0.830765437786,0.169234562214,1,1,0.366784091143,0.0747172935565,0.463981346643,0.0945172686576,0.441501384699,0.558498615301,-9.40336697397e-13,0.372501608023,0.13875744798,0,0,0.05,0,0,0.25,1.11803398875,0,0,0,0,0,0,0,0,0,0
37.3,0.834905164824,0.165094835176,1,1,0.368531081703,0.0728736397311,0.466374083121,0.0922211954451,0.441404721434,0.558595278566,-9.41413613731e-13,0.372325358414,0.138626172518,0,0,0.05,0,0,0.25,1.11803398875,0,0,0,0,0,0,0,0,0,0
37.35,0.839248260253,0.160751739747,1,1,0.370366234069,0.0709408875655,0.468882026184,0.0898108521816,0.441307121634,0.558692878365,-9.42423916683e-13,0.372149632826,0.138495349213,0,0,0.05,0,0,0.25,1.11803398875,0,0,0,0,0,0,0,0,0,0
37.4,0.843781155434,0.156218844566,1,1,0.372283494772,0.0689250963117,0.471497660662,0.0872937482543,0.441208591084,0.558791408916,-9.43334299564e-13,0.371974426849,0.138364974229,0,0,0.05,0,0,0.25,1.11803398875,0,0,0,0,0,0,0,0,0,0
37.45,0.848489688758,0.151510311242,1,1,0.374276553516,0.0668325824876,0.474213135242,0.0846777287543,0.441109136004,0.558890863996,-9.44111455681e-13,0.371799735604,0.138235043396,0,0,0.05,0,0,0.25,1.11803398875,0,0,0,0,0,0,0,0,0,0
37.5,0.85335914989,0.14664085011,1,1,0.376338863132,0.0646698999199,0.477020286758,0.0819709501902,0.441008763052,0.558991236948,-9.44810896186e-13,0.371625553841,0.138105552268,0,0,0.05,0,0,0.25,1.11803398875,0,0,0,0,0,0,0,0,0,0
37.55,0.858374325726,0.141625674274,1,1,0.378463660262,0.06244381905,0.479910665464,0.079181855224,0.440907479312,0.559092520688,-9.45554745613e-13,0.371451876031,0.137976496207,0,0,0.05,0,0,0.25,1.11803398875,0,0,0,0,0,0,0,0,0,0
37.6,0.863519547922,0.136480452077,1,1,0.380643986722,0.0601613055702,0.482875561201,0.0763191465073,0.440805292292,0.559194707708,-9.46254186118e-13,0.371278696479,0.137847870459,0,0,0.05,0,0,0.25,1.11803398875,0,0,0,0,0,0,0,0,0,0
37.65,0.868778741847,0.131221258153,1,1,0.382872711458,0.0578294984557,0.485906030389,0.0733917596973,0.440702209914,0.559297790086,-9.46964728854e-13,0.371106009432,0.137719670237,0,0,0.05,0,0,0.25,1.11803398875,0,0,0,0,0,0,0,0,0,0
37.7,0.874135476798,0.125864523202,1,1,0.385142553043,0.0554556874652,0.488992923755,0.0704088357367,0.440598240508,0.559401759492,-9.47708578281e-13,0.370933809199,0.137591890807,0,0,0.05,0,0,0.25,1.11803398875,0,0,0,0,0,0,0,0,0,0
37.75,0.879573017338,0.120426982662,1,1,0.38744610263,0.0530472901786,0.492126914708,0.0673796924837,0.440493392809,0.559506607191,-9.48530143319e-13,0.370762090258,0.137464527573,0,0,0.05,0,0,0.25,1.11803398875,0,0,0,0,0,0,0,0,0,0
37.8,0.885074375576,0.114925624424,1,1,0.389775847297,0.0506118286463,0.495298528279,0.0643137957774,0.440387675943,0.559612324057,-9.4948493512e-13,0.370590847378,0.13733757616,0,0,0.05,0,0,0.25,1.11803398875,0,0,0,0,0,0,0,0,0,0
37.85,0.890622364246,0.109377635754,1,1,0.392124193707,0.0481569057228,0.498498170539,0.0612207300312,0.44028109943,0.55971890057,-9.50539646993e-13,0.370420075722,0.137211032498,0,0,0.05,0,0,0.25,1.11803398875,0,0,0,0,0,0,0,0,0,0
37.9,0.896199650397,0.103800349603,1,1,0.394483492009,0.0456901811612,0.501716158388,0.058110168442,0.44017367317,0.55982632683,-9.51705381169e-13,0.370249770954,0.137084892891,0,0,0.05,0,0,0.25,1.11803398875,0,0,0,0,0,0,0,0,0,0
37.95,0.901788809547,0.0982111904525,1,1,0.396846059902,0.043219347542,0.504942749645,0.0549918429104,0.440065407444,0.559934592556,-9.5308205772e-13,0.370079929331,0.136959154093,0,0,0.05,0,0,0.25,1.11803398875,0,0,0,0,0,0,0,0,0,0
38,0.907372380124,0.0926276198759,1,1,0.39920420679,0.0407521061137,0.508168173334,0.0518755137623,0.439956312904,0.560043687096,-9.54547552112e-13,0.369910547792,0.136833813368,0,0,0.05,0,0,0.25,1.11803398875,0,0,0,0,0,0,0,0,0,0
38.05,0.912932918012,0.0870670819883,1,1,0.40155025795,0.0382961426208,0.511382660061,0.0487709393675,0.439846400571,0.560153599429,-9.5623509111e-13,0.36974162403,0.13670886854,0,0,0.05,0,0,0.25,1.11803398875,0,0,0,0,0,0,0,0,0,0
38.1,0.918453051054,0.0815469489456,1,1,0.403876578636,0.0358591031959,0.514576472418,0.0456878457497,0.439735681832,0.560264318168,-9.58122470252e-13,0.369573156551,0.136584318043,0,0,0.05,0,0,0.25,1.11803398875,0,0,0,0,0,0,0,0,0,0
38.15,0.923915533328,0.0760844666719,1,1,0.406175598042,0.0334485703914,0.517739935286,0.0426358962806,0.439624168433,0.560375831566,-9.60165280617e-13,0.369405144723,0.136460160948,0,0,0.05,0,0,0.25,1.11803398875,0,0,0,0,0,0,0,0,0,0
38.2,0.92930329902,0.0706967009794,1,1,0.408439833055,0.0310720394257,0.520863465965,0.0396246615537,0.439511872481,0.560488127519,-9.62441237817e-13,0.369237588803,0.136336396985,0,0,0.05,0,0,0.25,1.11803398875,0,0,0,0,0,0,0,0,0,0
38.25,0.934599515748,0.0654004842518,1,1,0.410661911716,0.0287368947206,0.523937604032,0.0366635895312,0.439398806436,0.560601193564,-9.64928137393e-13,0.369070489953,0.136213026554,0,0,0.05,0,0,0.25,1.11803398875,0,0,0,0,0,0,0,0,0,0
38.3,0.939787637143,0.0602123628566,1,1,0.412834596313,0.0264503868007,0.52695304083,0.0337619760559,0.439284983114,0.560715016886,-9.67581570421e-13,0.368903850238,0.13609005072,0,0,0.05,0,0,0.25,1.11803398875,0,0,0,0,0,0,0,0,0,0
38.35,0.944851454548,0.0551485454516,1,1,0.41495080605,0.0242196096302,0.529900648498,0.0309289358214,0.439170415681,0.560829584319,-9.70412639134e-13,0.368737672606,0.135967471199,0,0,0.05,0,0,0.25,1.11803398875,0,0,0,0,0,0,0,0,0,0
38.4,0.949775147654,0.0502248523457,1,1,0.417003639198,0.0220514784558,0.532771508456,0.0281733738899,0.439055117654,0.560944882346,-9.73410241301e-13,0.368571960853,0.135845290327,0,0,0.05,0,0,0.25,1.11803398875,0,0,0,0,0,0,0,0,0,0
38.45,0.954543333927,0.0454566660733,1,1,0.418986394675,0.0199527082271,0.535556939252,0.0255039578462,0.438939102902,0.561060897098,-9.76640990302e-13,0.368406719571,0.135723511025,0,0,0.05,0,0,0.25,1.11803398875,0,0,0,0,0,0,0,0,0,0
38.5,0.959141116663,0.0408588833365,1,1,0.420892592978,0.0179297926603,0.538248523685,0.0229290906763,0.438822385639,0.561177614361,-9.79905045995e-13,0.368241954083,0.135602136747,0,0,0.05,0,0,0.25,1.11803398875,0,0,0,0,0,0,0,0,0,0
38.55,0.963554131535,0.0364458684652,1,1,0.422715996415,0.0159889840117,0.540838135119,0.0204568844535,0.438704980427,0.561295019573,-9.83335635141e-13,0.36807767036,0.135481171418,0,0,0.05,0,0,0.25,1.11803398875,0,0,0,0,0,0,0,0,0,0
38.6,0.96776859146,0.0322314085398,1,1,0.424450628551,0.0141362736242,0.543317962909,0.0180951349156,0.438586902175,0.561413097825,-9.8688834882e-13,0.367913874931,0.135360619367,0,0,0.05,0,0,0.25,1.11803398875,0,0,0,0,0,0,0,0,0,0
38.65,0.971771329682,0.0282286703183,1,1,0.426090792828,0.0123773733069,0.545680536853,0.0158512970114,0.438468166135,0.561531833865,-9.90441062498e-13,0.367750574777,0.135240485249,0,0,0.05,0,0,0.25,1.11803398875,0,0,0,0,0,0,0,0,0,0
38.7,0.975549840899,0.0244501591004,1,1,0.427631090297,0.0107176976057,0.547918750602,0.0137324614947,0.438348787903,0.561651212097,-9.94071491789e-13,0.367587777217,0.135120773959,0,0,0.05,0,0,0.25,1.11803398875,0,0,0,0,0,0,0,0,0,0
38.75,0.979092320341,0.0209076796592,1,1,0.429066436392,0.00916234702103,0.550025883949,0.0117453326381,0.438228783413,0.561771216587,-9.9772412554e-13,0.367425489785,0.135001490544,0,0,0.05,0,0,0.25,1.11803398875,0,0,0,0,0,0,0,0,0,0
38.8,0.98238770064,0.0176122993602,1,1,0.430392076715,0.00771609222348,0.551995623925,0.00989620713669,0.438108168938,0.561891831061,-1.00132124814e-12,0.367263720108,0.134882640108,0,0,0.05,0,0,0.25,1.11803398875,0,0,0,0,0,0,0,0,0,0
38.85,0.985425686414,0.0145743135854,1,1,0.431603601768,0.00638335931717,0.553822084647,0.00819095426822,0.437986961085,0.562013038915,-1.00486285959e-12,0.367102475772,0.134764227718,0,0,0.05,0,0,0.25,1.11803398875,0,0,0,0,0,0,0,0,0,0
38.9,0.988196786432,0.0118032135683,1,1,0.432696960593,0.00516821619575,0.555499825839,0.00663499737254,0.437865176788,0.562134823212,-1.00832675543e-12,0.366941764189,0.134646258306,0,0,0.05,0,0,0.25,1.11803398875,0,0,0,0,0,0,0,0,0,0
38.95,0.990692343258,0.00930765674154,1,1,0.433668473275,0.0040743600335,0.557023869983,0.00523329670803,0.437742833308,0.562257166692,-1.01164632227e-12,0.366781592472,0.134528736576,0,0,0.05,0,0,0.25,1.11803398875,0,0,0,0,0,0,0,0,0,0
39,0.99290456031,0.00709543968954,1,1,0.434514842274,0.00310510594956,0.558389718037,0.00399033373998,0.437619948223,0.562380051777,-1.01476604897e-12,0.366621967301,0.134411666908,0,0,0.05,0,0,0.25,1.11803398875,0,0,0,0,0,0,0,0,0,0
39.05,0.994826526209,0.00517347379046,1,1,0.435233162542,0.00226337688012,0.559593363667,0.00291009691034,0.437496539422,0.562503460578,-1.01779695783e-12,0.366462894805,0.134295053269,0,0,0.05,0,0,0.25,1.11803398875,0,0,0,0,0,0,0,0,0,0
39.1,0.996452236376,0.00354776362379,1,1,0.435820930409,0.00155169468937,0.560631305967,0.00199606893443,0.437372625099,0.562627374901,-1.02062802654e-12,0.366304380447,0.134178899134,0,0,0.05,0,0,0.25,1.11803398875,0,0,0,0,0,0,0,0,0,0
39.15,0.997776611789,0.00222338821095,1,1,0.436276051194,0.000972172545924,0.561500560595,0.00125121566503,0.43724822374,0.56275177626,-1.02323705065e-12,0.366146428916,0.134063207408,0,0,0.05,0,0,0.25,1.11803398875,0,0,0,0,0,0,0,0,0,0
39.2,0.998795514852,0.00120448514743,1,1,0.436596845532,0.000526508587631,0.562198669321,0.000677976559799,0.437123354119,0.562876645881,-1.02562403015e-12,0.365989044039,0.133947980356,0,0,0.05,0,0,0.25,1.11803398875,0,0,0,0,0,0,0,0,0,0
39.25,0.999505762324,0.0004942376762,1,1,0.43678205439,0.000215980893462,0.562723707934,0.000278256782738,0.436998035283,0.563001964717,-1.02772235167e-12,0.365832228693,0.13383321955,0,0,0.05,0,0,0.25,1.11803398875,0,0,0,0,0,0,0,0,0,0
39.3,0.999905135257,9.48647426702e-05,1,1,0.436830842764,4.14437770425e-05,0.563074292493,5.34209656277e-05,0.436872286541,0.563127713458,-1.02954311743e-12,0.365675984744,0.133718925818,0,0,0.05,0,0,0.25,1.11803398875,0,0,0,0,0,0,0,0,0,0
39.35,0.999992385938,7.61406228077e-06,1,1,0.436742802043,3.32541221532e-06,0.563249583895,4.28865006544e-06,0.436746127455,0.563253872545,-1.03110853189e-12,0.365520312996,0.133605099212,0,0,0.05,0,0,0.25,1.11803398875,0,0,0,0,0,0,0,0,0,0
39.4,0.999767241777,0.000232758222411,1,1,0.436517951025,0.000101626796803,0.563249290753,0.000131131425607,0.436619577821,0.563380422179,-1.03251851513e-12,0.365365213154,0.133491738983,0,0,0.05,0,0,0.25,1.11803398875,0,0,0,0,0,0,0,0,0,0
39.45,0.999230406169,0.000769593830763,1,1,0.436156735606,0.000335922056511,0.563073670563,0.000433671774252,0.436492657663,0.563507342337,-1.03352881808e-12,0.365210683813,0.133378843571,0,0,0.05,0,0,0.25,1.11803398875,0,0,0,0,0,0,0,0,0,0
39.5,0.998383556287,0.00161644371289,1,1,0.435660027124,0.000705360086682,0.562723529163,0.000911083626212,0.436365387211,0.563634612789,-1.03432817866e-12,0.365056722454,0.133266410609,0,0,0.05,0,0,0.25,1.11803398875,0,0,0,0,0,0,0,0,0,0
39.55,0.997229337848,0.00277066215202,1,1,0.435029119368,0.00120866752543,0.56220021848,0.00156199462659,0.436237786893,0.563762213107,-1.03486108571e-12,0.364903325467,0.133154436937,0,0,0.05,0,0,0.25,1.11803398875,0,0,0,0,0,0,0,0,0,0
39.6,0.995771356845,0.00422864315472,1,1,0.43426572427,0.00184415304742,0.561505632575,0.0023844901073,0.436109877317,0.563890122683,-1.03518305039e-12,0.364750488183,0.13304291863,0,0,0.05,0,0,0.25,1.11803398875,0,0,0,0,0,0,0,0,0,0
39.65,0.994014168283,0.00598583171676,1,1,0.433371966292,0.00260971296362,0.560642201991,0.00337611875314,0.435981679256,0.564018320744,-1.03531627715e-12,0.364598204934,0.132931851041,0,0,0.05,0,0,0.25,1.11803398875,0,0,0,0,0,0,0,0,0,0
39.7,0.991963261946,0.00803673805372,1,1,0.432350375526,0.00350283810785,0.55961288642,0.00453389994587,0.435853213634,0.564146786366,-1.03517194816e-12,0.364446469119,0.132821228853,0,0,0.05,0,0,0.25,1.11803398875,0,0,0,0,0,0,0,0,0,0
39.75,0.989625045248,0.0103749547522,1,1,0.431203879524,0.00452062198759,0.558421165724,0.00585433276458,0.435724501511,0.564275498489,-1.03491659686e-12,0.364295273287,0.132711046139,0,0,0.05,0,0,0.25,1.11803398875,0,0,0,0,0,0,0,0,0,0
39.8,0.987006823212,0.0129931767876,1,1,0.429935793897,0.00565977017182,0.557071029315,0.00733340661574,0.435595564069,0.564404435931,-1.03449471212e-12,0.364144609241,0.132601296439,0,0,0.05,0,0,0.25,1.11803398875,0,0,0,0,0,0,0,0,0,0
39.85,0.984116775653,0.0158832243465,1,1,0.428549811709,0.00691661088546,0.555566963944,0.00896661346108,0.435466422595,0.564533577405,-1.03395070283e-12,0.363994468144,0.132491972839,0,0,0.05,0,0,0.25,1.11803398875,0,0,0,0,0,0,0,0,0,0
39.9,0.980963931618,0.0190360683821,1,1,0.427049991695,0.00828710677578,0.553913939923,0.0107489616064,0.435337098471,0.564662901529,-1.03332897794e-12,0.363844840645,0.132383068064,0,0,0.05,0,0,0.25,1.11803398875,0,0,0,0,0,0,0,0,0,0
39.95,0.977558141178,0.0224418588223,1,1,0.425440745346,0.00976686781291,0.552117395832,0.0126749910094,0.435207613159,0.564792386841,-1.03262953743e-12,0.363695717008,0.13227457457,0,0,0.05,0,0,0.25,1.11803398875,0,0,0,0,0,0,0,0,0,0
40,0.973910044657,0.0260899553433,1,1,0.423726822905,0.0113511652826,0.550183221752,0.0147387900606,0.435077988187,0.564922011812,-1.03188568801e-12,0.363547087251,0.132166484649,0,0,0.05,0,0,0.25,1.11803398875,0,0,0,0,0,0,0,0,0,0
40.05,0.970031039388,0.0299689606119,1,1,0.421913298315,0.0130349468269,0.548117741073,0.016934013785,0.434948245142,0.565051754858,-1.03126396311e-12,0.363398941289,0.13205879053,0,0,0.05,0,0,0.25,1.11803398875,0,0,0,0,0,0,0,0,0,0
40.1,0.965933244107,0.0340667558931,1,1,0.420005553168,0.0148128524831,0.545927690939,0.01925390341,0.434818405651,0.565181594349,-1.0305978293e-12,0.36325126908,0.131951484489,0,0,0.05,0,0,0.25,1.11803398875,0,0,0,0,0,0,0,0,0,0
40.15,0.961629461089,0.0383705389111,1,1,0.418009259706,0.0166792316727,0.543620201383,0.0216913072385,0.434688491378,0.565311508621,-1.03004271779e-12,0.363104060773,0.13184455895,0,0,0.05,0,0,0.25,1.11803398875,0,0,0,0,0,0,0,0,0,0
40.2,0.957133136154,0.0428668638461,1,1,0.415930362931,0.018628161082,0.541202773223,0.0242387027641,0.434558524013,0.565441475987,-1.02957642412e-12,0.362957306854,0.131738006599,0,0,0.05,0,0,0.25,1.11803398875,0,0,0,0,0,0,0,0,0,0
40.25,0.952458316659,0.0475416833414,1,1,0.413775061877,0.0206534633824,0.538683254781,0.026888219959,0.43442852526,0.56557147474,-1.02933217505e-12,0.362810998287,0.131631820478,0,0,0.05,0,0,0.25,1.11803398875,0,0,0,0,0,0,0,0,0,0
40.3,0.94761960761,0.0523803923899,1,1,0.411549790106,0.022748726726,0.536069817504,0.0296316656639,0.434298516832,0.565701483168,-1.02924335721e-12,0.362665126653,0.13152599409,0,0,0.05,0,0,0.25,1.11803398875,0,0,0,0,0,0,0,0,0,0
40.35,0.942632126036,0.0573678739634,1,1,0.409261195485,0.0249073249598,0.533370930551,0.0324605490036,0.434168520445,0.565831479555,-1.02937658397e-12,0.362519684279,0.13142052149,0,0,0.05,0,0,0.25,1.11803398875,0,0,0,0,0,0,0,0,0,0
40.4,0.93751145376,0.0624885462402,1,1,0.40691611932,0.0271224384897,0.53059533444,0.0353661077505,0.43403855781,0.56596144219,-1.02970965088e-12,0.362374664358,0.131315397369,0,0,0.05,0,0,0.25,1.11803398875,0,0,0,0,0,0,0,0,0,0
40.45,0.932273588714,0.0677264112863,1,1,0.404521574894,0.0293870757331,0.527752013819,0.0383393355532,0.433908650627,0.566091349373,-1.03033137577e-12,0.362230061057,0.131210617133,0,0,0.05,0,0,0.25,1.11803398875,0,0,0,0,0,0,0,0,0,0
40.5,0.926934894964,0.0730651050355,1,1,0.402084725496,0.0316940950881,0.524850169469,0.0413710099474,0.433778820584,0.566221179416,-1.03124175865e-12,0.362085869609,0.13110617697,0,0,0.05,0,0,0.25,1.11803398875,0,0,0,0,0,0,0,0,0,0
40.55,0.921512051586,0.0784879484141,1,1,0.399612861992,0.0340362273545,0.521899189594,0.0444517210597,0.433649089347,0.566350910653,-1.03244079952e-12,0.361942086398,0.131002073906,0,0,0.05,0,0,0.25,1.11803398875,0,0,0,0,0,0,0,0,0,0
40.6,0.916022000551,0.0839779994492,1,1,0.397113380028,0.0364060985317,0.518908620523,0.0475719009175,0.43351947856,0.56648052144,-1.03388408945e-12,0.36179870902,0.130898305849,0,0,0.05,0,0,0.25,1.11803398875,0,0,0,0,0,0,0,0,0,0
40.65,0.910481893801,0.0895181061987,1,1,0.394593756914,0.0387962529264,0.515888136887,0.0507218532723,0.433390009841,0.566609990159,-1.03577146859e-12,0.361655736331,0.130794871621,0,0,0.05,0,0,0.25,1.11803398875,0,0,0,0,0,0,0,0,0,0
40.7,0.904909039663,0.0950909603369,1,1,0.392061528284,0.0411991764936,0.512847511379,0.0538917838434,0.433260704778,0.566739295222,-1.03791419903e-12,0.361513168474,0.13069177098,0,0,0.05,0,0,0.25,1.11803398875,0,0,0,0,0,0,0,0,0,0
40.75,0.89932084877,0.10067915123,1,1,0.389524264584,0.0436073203409,0.509796584187,0.0570718308887,0.433131584924,0.566868415075,-1.04038999638e-12,0.361371006892,0.130589004622,0,0,0.05,0,0,0.25,1.11803398875,0,0,0,0,0,0,0,0,0,0
40.8,0.893734779673,0.106265220327,1,1,0.386989547478,0.046013124321,0.506745232195,0.0602520960063,0.433002671799,0.566997328201,-1.04309894056e-12,0.361229254318,0.130486574175,0,0,0.05,0,0,0.25,1.11803398875,0,0,0,0,0,0,0,0,0,0
40.85,0.88816828429,0.11183171571,1,1,0.384464946239,0.0484090406386,0.503703338051,0.063422675071,0.432873986878,0.567126013122,-1.04615205387e-12,0.361087914749,0.130384482177,0,0,0.05,0,0,0.25,1.11803398875,0,0,0,0,0,0,0,0,0,0
40.9,0.882638753392,0.117361246608,1,1,0.381957994195,0.0507875573991,0.500680759197,0.0665736892088,0.432745551594,0.567254448406,-1.04949382518e-12,0.360946993403,0.130282732046,0,0,0.05,0,0,0.25,1.11803398875,0,0,0,0,0,0,0,0,0,0
40.95,0.877163462262,0.122836537738,1,1,0.379476165306,0.0531412220249,0.497687296956,0.0696953157129,0.432617387331,0.567382612669,-1.05305764109e-12,0.360806496655,0.130181328028,0,0,0.05,0,0,0.25,1.11803398875,0,0,0,0,0,0,0,0,0,0
41,0.87175951673,0.12824048327,1,1,0.377026850953,0.0554626644665,0.494732665777,0.0727778188032,0.432489515419,0.56751048458,-1.05686570606e-12,0.360666431961,0.130080275144,0,0,0.05,0,0,0.25,1.11803398875,0,0,0,0,0,0,0,0,0,0
41.05,0.866443799729,0.133556200271,1,1,0.374617336994,0.0577446201361,0.491826462735,0.0758115801351,0.43236195713,0.56763804287,-1.06086250895e-12,0.360526807762,0.129979579115,0,0,0.05,0,0,0.25,1.11803398875,0,0,0,0,0,0,0,0,0,0
41.1,0.861232918548,0.138767081452,1,1,0.372254781175,0.0599799524933,0.488978137373,0.0787871289587,0.432234733668,0.567765266332,-1.06501474306e-12,0.360387633377,0.129879246291,0,0,0.05,0,0,0.25,1.11803398875,0,0,0,0,0,0,0,0,0,0
41.15,0.856143152951,0.143856847049,1,1,0.369946190954,0.0621616752115,0.486196961997,0.0816951718373,0.432107866165,0.567892133835,-1.06925579502e-12,0.360248918885,0.129779283557,0,0,0.05,0,0,0.25,1.11803398875,0,0,0,0,0,0,0,0,0,0
41.2,0.851190404314,0.148809595686,1,1,0.367698401816,0.0642829738578,0.483492002498,0.0845266218279,0.431981375674,0.568018624326,-1.07366338042e-12,0.360110674987,0.12967969824,0,0,0.05,0,0,0.25,1.11803398875,0,0,0,0,0,0,0,0,0,0
41.25,0.846390145947,0.153609854053,1,1,0.365518056138,0.0663372270176,0.480872089809,0.0872726270355,0.431855283156,0.568144716844,-1.07814868144e-12,0.359972912873,0.129580498003,0,0,0.05,0,0,0.25,1.11803398875,0,0,0,0,0,0,0,0,0,0
41.3,0.84175737475,0.15824262525,1,1,0.363411582672,0.0683180268012,0.478345792078,0.0899245984489,0.431729609473,0.568270390527,-1.08260067577e-12,0.359835644069,0.129481690743,0,0,0.05,0,0,0.25,1.11803398875,0,0,0,0,0,0,0,0,0,0
41.35,0.837306564364,0.162693435636,1,1,0.361385176711,0.0702191986657,0.475921387652,0.0924742369704,0.431604375377,0.568395624623,-1.08709707902e-12,0.359698880282,0.129383284476,0,0,0.05,0,0,0.25,1.11803398875,0,0,0,0,0,0,0,0,0,0
41.4,0.833051619949,0.16694838005,1,1,0.359444781003,0.0720348204949,0.473606838946,0.0949135595555,0.431479601498,0.568520398502,-1.09153797112e-12,0.359562633243,0.129285287224,0,0,0.05,0,0,0.25,1.11803398875,0,0,0,0,0,0,0,0,0,0
41.45,0.829005834746,0.170994165254,1,1,0.357596067455,0.0737592408761,0.471409767291,0.0972349243782,0.431355308331,0.568644691669,-1.09584563646e-12,0.359426914545,0.129187706899,0,0,0.05,0,0,0.25,1.11803398875,0,0,0,0,0,0,0,0,0,0
41.5,0.825181848539,0.174818151461,1,1,0.355844419705,0.0753870965176,0.469337428834,0.0994310549432,0.431231516222,0.568768483778,-1.1000089728e-12,0.359291735485,0.129090551188,0,0,0.05,0,0,0.25,1.11803398875,0,0,0,0,0,0,0,0,0,0
41.55,0.821591608175,0.178408391825,1,1,0.354194916599,0.0769133287562,0.467396691576,0.101495063069,0.431108245355,0.568891754645,-1.10399467346e-12,0.359157106904,0.12899382744,0,0,0.05,0,0,0.25,1.11803398875,0,0,0,0,0,0,0,0,0,0
41.6,0.818246330233,0.181753669767,1,1,0.352652316634,0.0783331991012,0.465594013599,0.103420470665,0.430985515736,0.569014484264,-1.10783604512e-12,0.359023039033,0.128897542557,0,0,0.05,0,0,0.25,1.11803398875,0,0,0,0,0,0,0,0,0,0
41.65,0.815156465985,0.184843534015,1,1,0.351221043406,0.0796423037694,0.463935422579,0.105201230245,0.430863347175,0.569136652824,-1.11139986103e-12,0.358889541345,0.128801702887,0,0,0.05,0,0,0.25,1.11803398875,0,0,0,0,0,0,0,0,0,0
41.7,0.812331668742,0.187668331258,1,1,0.34990517211,0.0808365871666,0.462426496632,0.106831744091,0.430741759277,0.569258240723,-1.11466391672e-12,0.358756622414,0.128706314126,0,0,0.05,0,0,0.25,1.11803398875,0,0,0,0,0,0,0,0,0,0
41.75,0.809780763697,0.190219236303,1,1,0.348708417139,0.0819123542746,0.461072346557,0.108306882028,0.430620771414,0.569379228586,-1.11766707001e-12,0.358624289789,0.128611381227,0,0,0.05,0,0,0.25,1.11803398875,0,0,0,0,0,0,0,0,0,0
41.8,0.807511720352,0.192488279648,1,1,0.347634120812,0.082866281907,0.459877599541,0.109621997741,0.430500402719,0.569499597281,-1.12022613408e-12,0.358492549873,0.128516908315,0,0,0.05,0,0,0.25,1.11803398875,0,0,0,0,0,0,0,0,0,0
41.85,0.805531627622,0.194468372378,1,1,0.346685243261,0.0836954287983,0.458846384361,0.110772943579,0.43038067206,0.56961932794,-1.12247988682e-12,0.358361407821,0.128422898615,0,0,0.05,0,0,0.25,1.11803398875,0,0,0,0,0,0,0,0,0,0
41.9,0.803846671685,0.196153328315,1,1,0.345864353529,0.0843972444992,0.457982318156,0.111756083816,0.430261598028,0.569738401972,-1.12440057265e-12,0.358230867449,0.128329354393,0,0,0.05,0,0,0.25,1.11803398875,0,0,0,0,0,0,0,0,0,0
41.95,0.802462116658,0.197537883342,1,1,0.34517362187,0.0849695770484,0.457288494788,0.112568306294,0.430143198918,0.569856801082,-1.1258882715e-12,0.358100931167,0.128236276902,0,0,0.05,0,0,0.25,1.11803398875,0,0,0,0,0,0,0,0,0,0
42,0.801382288147,0.198617711853,1,1,0.344614813311,0.0854106794007,0.456767474836,0.113207032452,0.430025492712,0.569974507288,-1.12696518784e-12,0.357971599918,0.128143666348,0,0,0.05,0,0,0.25,1.11803398875,0,0,0,0,0,0,0,0,0,0
42.05,0.800610559739,0.19938944026,1,1,0.344189282468,0.085719214592,0.456421277272,0.113670225669,0.42990849706,0.57009150294,-1.12765907723e-12,0.357842873147,0.128051521862,0,0,0.05,0,0,0.25,1.11803398875,0,0,0,0,0,0,0,0,0,0
42.1,0.800149342457,0.199850657542,1,1,0.343897969642,0.0858942596258,0.456251372816,0.113956397917,0.429792229268,0.570207770732,-1.12791442852e-12,0.357714748782,0.127959841496,0,0,0.05,0,0,0.25,1.11803398875,0,0,0,0,0,0,0,0,0,0
42.15,0.80000007723,0.19999992277,1,1,0.343741398207,0.0859353080717,0.456258679023,0.114064614698,0.429676706279,0.570323293721,-1.12791997964e-12,0.357587223235,0.127868622221,0,0,0.05,0,0,0.25,1.11803398875,0,0,0,0,0,0,0,0,0,0
42.2,0.80016323039,0.19983676961,1,1,0.343719673292,0.0858422713682,0.456443557098,0.113994498242,0.42956194466,0.57043805534,-1.12744813485e-12,0.357460291424,0.127777859945,0,0,0.05,0,0,0.25,1.11803398875,0,0,0,0,0,0,0,0,0,0
42.25,0.800638292216,0.199361707784,1,1,0.34383248176,0.0856154788269,0.456805810456,0.113746228957,0.429447960586,0.570552039413,-1.12660991647e-12,0.357333946809,0.127687549542,0,0,0.05,0,0,0.25,1.11803398875,0,0,0,0,0,0,0,0,0,0
42.3,0.801423778526,0.198576221474,1,1,0.344079093491,0.0852556763404,0.457344685035,0.113320545133,0.429334769831,0.570665230169,-1.12544973341e-12,0.357208181454,0.127597684898,0,0,0.05,0,0,0.25,1.11803398875,0,0,0,0,0,0,0,0,0,0
42.35,0.802517235315,0.197482764685,1,1,0.344458363952,0.0847640237972,0.458058871363,0.112718740887,0.429222387749,0.570777612251,-1.12400089236e-12,0.357082986096,0.127508258959,0,0,0.05,0,0,0.25,1.11803398875,0,0,0,0,0,0,0,0,0,0
42.4,0.803915246421,0.196084753579,1,1,0.344968738054,0.0841420912155,0.458946508366,0.111942662364,0.42911082927,0.57088917073,-1.12226339333e-12,0.356958350236,0.127419263804,0,0,0.05,0,0,0.25,1.11803398875,0,0,0,0,0,0,0,0,0,0
42.45,0.805613444195,0.194386555805,1,1,0.345608255279,0.0833918536059,0.460005188916,0.110994702199,0.429000108885,0.570999891115,-1.12025944077e-12,0.356834262248,0.127330690714,0,0,0.05,0,0,0.25,1.11803398875,0,0,0,0,0,0,0,0,0,0
42.5,0.807606523153,0.192393476847,1,1,0.346374556058,0.0825156845826,0.461231967095,0.109877792264,0.428890240641,0.571109759359,-1.11797793245e-12,0.356710709489,0.127242530264,0,0,0.05,0,0,0.25,1.11803398875,0,0,0,0,0,0,0,0,0,0
42.55,0.809888256543,0.190111743457,1,1,0.347264889387,0.0815163487423,0.462623367156,0.108595394714,0.42878123813,0.57121876187,-1.11554654403e-12,0.356587678437,0.127154772413,0,0,0.05,0,0,0.25,1.11803398875,0,0,0,0,0,0,0,0,0,0
42.6,0.812451515807,0.187548484193,1,1,0.348276121649,0.080396992836,0.464175394158,0.107151491357,0.428673114485,0.571326885515,-1.1129652755e-12,0.356465154828,0.127067406606,0,0,0.05,0,0,0.25,1.11803398875,0,0,0,0,0,0,0,0,0,0
42.65,0.815288292843,0.184711707157,1,1,0.349404746611,0.0791611357624,0.465883546232,0.105550571394,0.428565882374,0.571434117626,-1.11028408689e-12,0.356343123805,0.126980421883,0,0,0.05,0,0,0.25,1.11803398875,0,0,0,0,0,0,0,0,0,0
42.7,0.818389725033,0.181610274966,1,1,0.350646896583,0.0778126574132,0.467742828451,0.103797617553,0.428459553996,0.571540446004,-1.10753073379e-12,0.35622157008,0.126893806991,0,0,0.05,0,0,0.25,1.11803398875,0,0,0,0,0,0,0,0,0,0
42.75,0.821746122925,0.178253877075,1,1,0.351998354669,0.0763557864079,0.469747768257,0.101898090667,0.428354141076,0.571645858923,-1.10476072734e-12,0.356100478094,0.126807550499,0,0,0.05,0,0,0.25,1.11803398875,0,0,0,0,0,0,0,0,0,0
42.8,0.825347000506,0.174652999494,1,1,0.353454568113,0.0747950867548,0.471892432393,0.0998579127389,0.428249654868,0.571750345132,-1.10205733428e-12,0.355979832183,0.126721640921,0,0,0.05,0,0,0.25,1.11803398875,0,0,0,0,0,0,0,0,0,0
42.85,0.829181107964,0.170818892036,1,1,0.355010662664,0.0731354434812,0.4741704453,0.0976834485545,0.428146106145,0.571853893854,-1.09940945237e-12,0.355859616754,0.126636066836,0,0,0.05,0,0,0.25,1.11803398875,0,0,0,0,0,0,0,0,0,0
42.9,0.833236466833,0.166763533167,1,1,0.356661457932,0.0713820472778,0.476575008902,0.0953814858888,0.428043505209,0.57195649479,-1.09692810391e-12,0.355739816451,0.126550817009,0,0,0.05,0,0,0.25,1.11803398875,0,0,0,0,0,0,0,0,0,0
42.95,0.837500407417,0.162499592583,1,1,0.358401483679,0.0695403782054,0.479098923738,0.0929592143776,0.427941861884,0.572058138116,-1.0945411244e-12,0.355620416329,0.12646588051,0,0,0.05,0,0,0.25,1.11803398875,0,0,0,0,0,0,0,0,0,0
43,0.84195960837,0.15804039163,1,1,0.360224997004,0.0676161885146,0.481734611367,0.090424203115,0.427841185518,0.572158814482,-1.09241504731e-12,0.355501402018,0.126381246837,0,0,0.05,0,0,0.25,1.11803398875,0,0,0,0,0,0,0,0,0,0
43.05,0.846600138319,0.153399861681,1,1,0.362126000356,0.0656154846324,0.484474137963,0.0877843770484,0.427741484988,0.572258515011,-1.09053321928e-12,0.355382759885,0.126296906023,0,0,0.05,0,0,0.25,1.11803398875,0,0,0,0,0,0,0,0,0,0
43.1,0.851407499383,0.148592500617,1,1,0.364098260327,0.0635445083716,0.487309239056,0.0850479922451,0.427642768699,0.572357231301,-1.08890674255e-12,0.355264477192,0.126212848755,0,0,0.05,0,0,0.25,1.11803398875,0,0,0,0,0,0,0,0,0,0
43.15,0.856366672471,0.143633327529,1,1,0.366135327163,0.0614097174222,0.490231345308,0.0822236101065,0.427545044585,0.572454955415,-1.08755227046e-12,0.355146542243,0.126129066467,0,0,0.05,0,0,0.25,1.11803398875,0,0,0,0,0,0,0,0,0,0
43.2,0.861462164203,0.138537835797,1,1,0.368230554931,0.0592177651839,0.493231609272,0.0793200706135,0.427448320114,0.572551679885,-1.08663633647e-12,0.355028944517,0.126045551445,0,0,0.05,0,0,0.25,1.11803398875,0,0,0,0,0,0,0,0,0,0
43.25,0.866678055312,0.133321944688,1,1,0.370377122285,0.0569754800048,0.496300933027,0.0763464646833,0.42735260229,0.57264739771,-1.08604236715e-12,0.354911674793,0.125962296905,0,0,0.05,0,0,0.25,1.11803398875,0,0,0,0,0,0,0,0,0,0
43.3,0.871998050384,0.128001949616,1,1,0.372568053763,0.0546898438883,0.499429996621,0.073312105728,0.427257897651,0.572742102349,-1.08590914039e-12,0.354794725262,0.125879297074,0,0,0.05,0,0,0.25,1.11803398875,0,0,0,0,0,0,0,0,0,0
43.35,0.877405528762,0.122594471238,1,1,0.37479624154,0.0523679707355,0.502609287222,0.070226500502,0.427164212276,0.572835787724,-1.08605902049e-12,0.354678089617,0.125796547254,0,0,0.05,0,0,0.25,1.11803398875,0,0,0,0,0,0,0,0,0,0
43.4,0.882883596478,0.117116403522,1,1,0.37705446759,0.0500170841911,0.505829128888,0.0670993193307,0.427071551781,0.572928448219,-1.08675290988e-12,0.354561763133,0.125714043876,0,0,0.05,0,0,0.25,1.11803398875,0,0,0,0,0,0,0,0,0,0
43.45,0.888415139027,0.111584860973,1,1,0.379335426166,0.0476444951593,0.509079712861,0.0639403658136,0.426979921325,0.573020078675,-1.08791864406e-12,0.354445742728,0.125631784538,0,0,0.05,0,0,0.25,1.11803398875,0,0,0,0,0,0,0,0,0,0
43.5,0.89398287484,0.10601712516,1,1,0.381631746543,0.0452575790623,0.512351128297,0.060759546098,0.426889325605,0.573110674395,-1.08950071187e-12,0.354330026999,0.125549768033,0,0,0.05,0,0,0.25,1.11803398875,0,0,0,0,0,0,0,0,0,0
43.55,0.899569409272,0.100430590728,1,1,0.38393601595,0.042863752909,0.515633393322,0.0575668378188,0.426799768859,0.573200231141,-1.09151021555e-12,0.35421461625,0.125467994365,0,0,0.05,0,0,0.25,1.11803398875,0,0,0,0,0,0,0,0,0,0
43.6,0.90515728895,0.0948427110496,1,1,0.386240802615,0.0404704522465,0.518916486335,0.0543722588031,0.426711254862,0.573288745138,-1.09403597293e-12,0.35409951249,0.125386464745,0,0,0.05,0,0,0.25,1.11803398875,0,0,0,0,0,0,0,0,0,0
43.65,0.910729056297,0.0892709437029,1,1,0.388538678859,0.0380851080648,0.522190377438,0.0511858356381,0.426623786924,0.573376213076,-1.09698916617e-12,0.353984719419,0.125305181582,0,0,0.05,0,0,0.25,1.11803398875,0,0,0,0,0,0,0,0,0,0
43.7,0.916267304073,0.0837326959266,1,1,0.39082224416,0.0357151237266,0.525445059913,0.0480175722,0.426537367887,0.573462632113,-1.10034203971e-12,0.353870242396,0.125224148454,0,0,0.05,0,0,0.25,1.11803398875,0,0,0,0,0,0,0,0,0,0
43.75,0.921754729761,0.0782452702386,1,1,0.393084148127,0.0333678519932,0.528670581634,0.0448774182454,0.42645200012,0.573547999879,-1.10412790022e-12,0.353756088383,0.125143370068,0,0,0.05,0,0,0.25,1.11803398875,0,0,0,0,0,0,0,0,0,0
43.8,0.927174189621,0.0728258103789,1,1,0.3953171133,0.0310505722172,0.531857076321,0.0417752381618,0.426367685517,0.573632314483,-1.10823572541e-12,0.353642265878,0.125062852216,0,0,0.05,0,0,0.25,1.11803398875,0,0,0,0,0,0,0,0,0,0
43.85,0.93250875225,0.0674912477497,1,1,0.397513957711,0.0287704677721,0.534994794539,0.0387207799776,0.426284425483,0.573715574517,-1.11274323089e-12,0.353528784829,0.124982601703,0,0,0.05,0,0,0.25,1.11803398875,0,0,0,0,0,0,0,0,0,0
43.9,0.937741751482,0.0622582485183,1,1,0.399667617145,0.02653460379,0.538074134337,0.0357236447283,0.426202220935,0.573797779065,-1.11756159882e-12,0.353415656536,0.124902626285,0,0,0.05,0,0,0.25,1.11803398875,0,0,0,0,0,0,0,0,0,0
43.95,0.942856838451,0.0571431615491,1,1,0.401771167014,0.0243499052732,0.541085671437,0.0327932562759,0.426121072287,0.573878927712,-1.12264642027e-12,0.353302893536,0.124822934581,0,0,0.05,0,0,0.25,1.11803398875,0,0,0,0,0,0,0,0,0,0
44,0.947838032673,0.0521619673268,1,1,0.403817843797,0.0222231356498,0.544020188876,0.029938831677,0.426040979447,0.573959020553,-1.12799769525e-12,0.353190509476,0.124743535984,0,0,0.05,0,0,0.25,1.11803398875,0,0,0,0,0,0,0,0,0,0
44.05,0.95266977197,0.04733022803,1,1,0.405801065964,0.0201608758376,0.546868706006,0.0271693521924,0.425961941802,0.574038058198,-1.13353215703e-12,0.353078518982,0.124664440567,0,0,0.05,0,0,0.25,1.11803398875,0,0,0,0,0,0,0,0,0,0
44.1,0.957336961088,0.0426630389122,1,1,0.407714454327,0.0181695038811,0.549622506761,0.0244935350311,0.425883958208,0.574116041792,-1.13921649891e-12,0.352966937508,0.124585658974,0,0,0.05,0,0,0.25,1.11803398875,0,0,0,0,0,0,0,0,0,0
44.15,0.961825018858,0.0381749811418,1,1,0.409551851757,0.0162551752251,0.552273167102,0.0219198059167,0.425807026982,0.574192973018,-1.14506737425e-12,0.352855781181,0.124507202313,0,0,0.05,0,0,0.25,1.11803398875,0,0,0,0,0,0,0,0,0,0
44.2,0.966119923753,0.0338800762472,1,1,0.411307342203,0.0144238036834,0.55481258155,0.0194562725638,0.425731145886,0.574268854114,-1.15095155628e-12,0.352745066645,0.124429082042,0,0,0.05,0,0,0.25,1.11803398875,0,0,0,0,0,0,0,0,0,0
44.25,0.970208257688,0.0297917423114,1,1,0.412975268954,0.0126810431638,0.557232988734,0.0171106991475,0.425656312118,0.574343687882,-1.15687459612e-12,0.352634810885,0.124351309848,0,0,0.05,0,0,0.25,1.11803398875,0,0,0,0,0,0,0,0,0,0
44.3,0.974077247949,0.0259227520512,1,1,0.414550252094,0.0110322702028,0.559526995855,0.0148904818484,0.425582522296,0.574417477703,-1.16274767592e-12,0.352525031064,0.124273897527,0,0,0.05,0,0,0.25,1.11803398875,0,0,0,0,0,0,0,0,0,0
44.35,0.977714807087,0.0222851929129,1,1,0.416027205083,0.00948256736534,0.561687602004,0.0128026255476,0.425509772449,0.574490227551,-1.16849863119e-12,0.35241574434,0.124196856859,0,0,0.05,0,0,0.25,1.11803398875,0,0,0,0,0,0,0,0,0,0
44.4,0.981109570691,0.0188904293089,1,1,0.417401350437,0.0080367075599,0.563708220254,0.010853721749,0.425438057997,0.574561942003,-1.17418297307e-12,0.352306967695,0.124120199486,0,0,0.05,0,0,0.25,1.11803398875,0,0,0,0,0,0,0,0,0,0
44.45,0.984250932887,0.015749067113,1,1,0.418668234431,0.00669913931683,0.565582698456,0.00904992779617,0.425367373748,0.574632626252,-1.17970078151e-12,0.352198717754,0.124043936788,0,0,0.05,0,0,0.25,1.11803398875,0,0,0,0,0,0,0,0,0,0
44.5,0.987129079474,0.0128709205259,1,1,0.4198237408,0.00547397307515,0.567305338674,0.00739694745079,0.425297713875,0.574702286125,-1.1849465853e-12,0.352091010613,0.123968079755,0,0,0.05,0,0,0.25,1.11803398875,0,0,0,0,0,0,0,0,0,0
44.55,0.989735018586,0.0102649814138,1,1,0.420864103392,0.00436496851979,0.568870915194,0.00590001289402,0.425229071912,0.574770928088,-1.18996479337e-12,0.351983861663,0.123892638871,0,0,0.05,0,0,0.25,1.11803398875,0,0,0,0,0,0,0,0,0,0
44.6,0.992060608784,0.00793939121582,1,1,0.421785917727,0.00337552300788,0.570274691057,0.00456386820794,0.425161440735,0.574838559265,-1.1947109968e-12,0.351877285425,0.123817623998,0,0,0.05,0,0,0.25,1.11803398875,0,0,0,0,0,0,0,0,0,0
44.65,0.994098584491,0.00590141550897,1,1,0.422586151435,0.00250866111959,0.571512433056,0.00339275438938,0.425094812555,0.574905187445,-1.19902421325e-12,0.351771295387,0.123743044258,0,0,0.05,0,0,0.25,1.11803398875,0,0,0,0,0,0,0,0,0,0
44.7,0.995842578691,0.004157421309,1,1,0.423262153539,0.00176702536533,0.572580425152,0.00239039594368,0.425029178905,0.574970821095,-1.20299326056e-12,0.351665903856,0.123668907935,0,0,0.05,0,0,0.25,1.11803398875,0,0,0,0,0,0,0,0,0,0
44.75,0.997287142821,0.00271285717868,1,1,0.423811662553,0.00115286807761,0.573475480268,0.00155998910107,0.424964530631,0.575035469369,-1.20646825863e-12,0.351561121812,0.12359522237,0,0,0.05,0,0,0.25,1.11803398875,0,0,0,0,0,0,0,0,0,0
44.8,0.998427763794,0.00157223620544,1,1,0.42423281337,0.000668044512486,0.574194950425,0.000904191692956,0.424900857882,0.575099142118,-1.20953247418e-12,0.351456958781,0.123521993876,0,0,0.05,0,0,0.25,1.11803398875,0,0,0,0,0,0,0,0,0,0
44.85,0.999260878098,0.000739121901685,1,1,0.424524142923,0.000314007181413,0.574736735175,0.000425114720271,0.424838150104,0.575161849896,-1.21212484494e-12,0.351353422721,0.123449227658,0,0,0.05,0,0,0.25,1.11803398875,0,0,0,0,0,0,0,0,0,0
44.9,0.999783882928,0.00021611707169,1,1,0.4246845946,9.18014308332e-05,0.575099288328,0.000124315640857,0.424776396031,0.575223603969,-1.2142398198e-12,0.351250519918,0.123376927743,0,0,0.05,0,0,0.25,1.11803398875,0,0,0,0,0,0,0,0,0,0
44.95,0.99999514432,4.85567997266e-06,1,1,0.424713521396,2.06228295375e-06,0.575281622924,2.79339701892e-06,0.424715583679,0.575284416321,-1.21575527423e-12,0.351148254908,0.123305096925,0,0,0.05,0,0,0.25,1.11803398875,0,0,0,0,0,0,0,0,0,0
45,0.999894002253,0.000105997746475,1,1,0.424610687797,4.50125472642e-05,0.575283314457,6.09851992107e-05,0.424655700344,0.575344299656,-1.21673227049e-12,0.351046630408,0.123233736721,0,0,0.05,0,0,0.25,1.11803398875,0,0,0,0,0,0,0,0,0,0
45.05,0.999480772715,0.00051922728454,1,1,0.424376270389,0.000220462208491,0.575104502326,0.000298765076048,0.424596732598,0.575403267402,-1.21719301305e-12,0.350945647273,0.12316284734,0,0,0.05,0,0,0.25,1.11803398875,0,0,0,0,0,0,0,0,0,0
45.1,0.998756746712,0.00124325328811,1,1,0.424010857195,0.000527809092793,0.574745889517,0.00071544419532,0.424538666287,0.575461333713,-1.21710419521e-12,0.350845304464,0.123092427665,0,0,0.05,0,0,0.25,1.11803398875,0,0,0,0,0,0,0,0,0,0
45.15,0.997724186235,0.00227581376509,1,1,0.423515445722,0.000966040810074,0.574208740513,0.00130977295501,0.424481486532,0.575518513468,-1.21652132812e-12,0.350745599043,0.123022475248,0,0,0.05,0,0,0.25,1.11803398875,0,0,0,0,0,0,0,0,0,0
45.2,0.996386317196,0.00361368280418,1,1,0.422891439761,0.00153373796642,0.573494877435,0.00207994483776,0.424425177728,0.575574822272,-1.21529453168e-12,0.35064652618,0.122952986322,0,0,0.05,0,0,0.25,1.11803398875,0,0,0,0,0,0,0,0,0,0
45.25,0.994747319347,0.0052526806533,1,1,0.422140644911,0.00222907863672,0.572606674436,0.00302360201657,0.424369723547,0.575630276453,-1.21360699268e-12,0.350548079185,0.12288395582,0,0,0.05,0,0,0.25,1.11803398875,0,0,0,0,0,0,0,0,0,0
45.3,0.992812313222,0.00718768677784,1,1,0.421265262863,0.00304984408384,0.571547050359,0.004137842694,0.424315106947,0.575684893053,-1.21143095555e-12,0.350450249548,0.122815377408,0,0,0.05,0,0,0.25,1.11803398875,0,0,0,0,0,0,0,0,0,0
45.35,0.990587344142,0.00941265585821,1,1,0.420267884461,0.00399342570656,0.570319459681,0.00541923015165,0.424261310167,0.575738689833,-1.20877752252e-12,0.350353027009,0.122747243534,0,0,0.05,0,0,0.25,1.11803398875,0,0,0,0,0,0,0,0,0,0
45.4,0.988079363323,0.0119206366765,1,1,0.41915148155,0.00505683319524,0.568927881774,0.00686380348129,0.424208314745,0.575791685255,-1.2056133869e-12,0.35025639963,0.122679545482,0,0,0.05,0,0,0.25,1.11803398875,0,0,0,0,0,0,0,0,0,0
45.45,0.985296206166,0.0147037938335,1,1,0.417919397646,0.00623670386992,0.567376808521,0.00846708996362,0.424156101516,0.575843898484,-1.20204401988e-12,0.350160353889,0.122612273436,0,0,0.05,0,0,0.25,1.11803398875,0,0,0,0,0,0,0,0,0,0
45.5,0.982246567772,0.0177534322278,1,1,0.416575337452,0.00752931317237,0.56567123032,0.0102241190554,0.424104650625,0.575895349375,-1.1981249326e-12,0.350064874786,0.122545416559,0,0,0.05,0,0,0.25,1.11803398875,0,0,0,0,0,0,0,0,0,0
45.55,0.978939975779,0.0210600242209,1,1,0.415123355257,0.00893058627975,0.563816620522,0.0121294379412,0.424053941537,0.575946058463,-1.19377840946e-12,0.34996994596,0.122478963075,0,0,0.05,0,0,0.25,1.11803398875,0,0,0,0,0,0,0,0,0,0
45.6,0.975386760596,0.0246132394035,1,1,0.413567842242,0.0104361108044,0.561818918355,0.0141771285992,0.424003953046,0.575996046954,-1.18915988168e-12,0.349875549813,0.122412900357,0,0,0.05,0,0,0.25,1.11803398875,0,0,0,0,0,0,0,0,0,0
45.65,0.97159802313,0.0284019768695,1,1,0.411913512745,0.0120411505403,0.559684510385,0.0163608263291,0.423954663286,0.576045336714,-1.18431930929e-12,0.349781667654,0.122347215027,0,0,0.05,0,0,0.25,1.11803398875,0,0,0,0,0,0,0,0,0,0
45.7,0.967585600103,0.0324143998971,1,1,0.410165389526,0.0137406602151,0.557420210576,0.018673739682,0.423906049741,0.576093950258,-1.17916232334e-12,0.349688279837,0.122281893056,0,0,0.05,0,0,0.25,1.11803398875,0,0,0,0,0,0,0,0,0,0
45.75,0.96336202707,0.0366379729296,1,1,0.408328788063,0.0155293012004,0.555033239007,0.0211086717292,0.423858089263,0.576141910736,-1.1738610084e-12,0.349595365919,0.122216919872,0,0,0.05,0,0,0.25,1.11803398875,0,0,0,0,0,0,0,0,0,0
45.8,0.958940499262,0.0410595007378,1,1,0.406409299944,0.017401458134,0.552531199318,0.0236580426038,0.423810758078,0.576189241922,-1.16848752896e-12,0.349502904817,0.122152280476,0,0,0.05,0,0,0.25,1.11803398875,0,0,0,0,0,0,0,0,0,0
45.85,0.954334830355,0.0456651696453,1,1,0.4044127754,0.0193512564018,0.549922054955,0.0263139132435,0.423764031802,0.576235968198,-1.16300857833e-12,0.349410874972,0.122087959548,0,0,0.05,0,0,0.25,1.11803398875,0,0,0,0,0,0,0,0,0,0
45.9,0.949559409315,0.0504405906845,1,1,0.402345305026,0.0213725804258,0.547214104289,0.0290680102587,0.423717885452,0.576282114548,-1.15744080986e-12,0.34931925452,0.122023941578,0,0,0.05,0,0,0.25,1.11803398875,0,0,0,0,0,0,0,0,0,0
45.95,0.944629155449,0.0553708445505,1,1,0.400213200762,0.0234590927017,0.544415954688,0.0319117518488,0.423672293464,0.576327706536,-1.15200626816e-12,0.349228021465,0.121960210976,0,0,0.05,0,0,0.25,1.11803398875,0,0,0,0,0,0,0,0,0,0
46,0.939559471788,0.0604405282117,1,1,0.398022976169,0.0256042535278,0.541536495619,0.0348362746839,0.423627229697,0.576372770303,-1.14661613537e-12,0.349137153855,0.121896752202,0,0,0.05,0,0,0.25,1.11803398875,0,0,0,0,0,0,0,0,0,0
46.05,0.934366196968,0.065633803032,1,1,0.395781326092,0.0278013413636,0.538584870876,0.0378324616685,0.423582667455,0.576417332545,-1.14128706485e-12,0.34904662996,0.121833549887,0,0,0.05,0,0,0.25,1.11803398875,0,0,0,0,0,0,0,0,0,0
46.1,0.929065555746,0.0709344442535,1,1,0.393495105736,0.0300434737562,0.53557045001,0.0408909704973,0.423538579492,0.576461420507,-1.13623555009e-12,0.348956428449,0.121770588956,0,0,0.05,0,0,0.25,1.11803398875,0,0,0,0,0,0,0,0,0,0
46.15,0.923674108314,0.0763258916856,1,1,0.391171309259,0.0323236287693,0.532502799056,0.0440022629163,0.423494938028,0.576505061972,-1.13138387547e-12,0.348866528569,0.121707854756,0,0,0.05,0,0,0.25,1.11803398875,0,0,0,0,0,0,0,0,0,0
46.2,0.918208698558,0.0817913014421,1,1,0.388817047908,0.0346346668477,0.52939165065,0.0471566345943,0.423451714756,0.576548285244,-1.12682640996e-12,0.348776910319,0.121645333172,0,0,0.05,0,0,0.25,1.11803398875,0,0,0,0,0,0,0,0,0,0
46.25,0.912686401435,0.0873135985648,1,1,0.386439527804,0.0369693530518,0.526246873631,0.050344245513,0.423408880856,0.576591119144,-1.12262421581e-12,0.348687554622,0.121583010749,0,0,0.05,0,0,0.25,1.11803398875,0,0,0,0,0,0,0,0,0,0
46.3,0.907124469631,0.0928755303689,1,1,0.384046027412,0.0393203795907,0.523078442219,0.0535551507782,0.423366407002,0.576633592998,-1.11879949749e-12,0.34859844349,0.121520874804,0,0,0.05,0,0,0.25,1.11803398875,0,0,0,0,0,0,0,0,0,0
46.35,0.901540279657,0.0984597203433,1,1,0.381643874788,0.0416803885864,0.519896404869,0.0567793317569,0.423324263374,0.576675736625,-1.11540221504e-12,0.348509560181,0.121458913537,0,0,0.05,0,0,0.25,1.11803398875,0,0,0,0,0,0,0,0,0,0
46.4,0.895951277562,0.104048722438,1,1,0.379240424665,0.0440419949963,0.516710852897,0.060006727442,0.423282419661,0.576717580339,-1.11243791956e-12,0.348420889348,0.121397116134,0,0,0.05,0,0,0.25,1.11803398875,0,0,0,0,0,0,0,0,0,0
46.45,0.89037492443,0.10962507557,1,1,0.376843035444,0.0463978096251,0.513531888985,0.063227265945,0.423240845069,0.576759154931,-1.10996212221e-12,0.348332417177,0.121335472856,0,0,0.05,0,0,0.25,1.11803398875,0,0,0,0,0,0,0,0,0,0
46.5,0.884828641827,0.115171358173,1,1,0.374459046177,0.0487404621524,0.51036959565,0.0664308960205,0.423199508329,0.576800491671,-1.10805253861e-12,0.348244131508,0.12127397513,0,0,0.05,0,0,0.25,1.11803398875,0,0,0,0,0,0,0,0,0,0
46.55,0.879329757373,0.120670242627,1,1,0.372095753592,0.0510626241064,0.507234003781,0.0696076185203,0.423158377698,0.576841622301,-1.10667031095e-12,0.348156021946,0.121212615617,0,0,0.05,0,0,0.25,1.11803398875,0,0,0,0,0,0,0,0,0,0
46.6,0.873895450608,0.126104549392,1,1,0.369760389254,0.0533570317106,0.504135061354,0.0727475176813,0.423117420964,0.576882579035,-1.10587095037e-12,0.348068079954,0.121151388283,0,0,0.05,0,0,0.25,1.11803398875,0,0,0,0,0,0,0,0,0,0
46.65,0.868542699318,0.131457300682,1,1,0.367460096914,0.0556165085339,0.501082602404,0.0758407921481,0.423076605448,0.576923394552,-1.10570996803e-12,0.347980298928,0.121090288442,0,0,0.05,0,0,0.25,1.11803398875,0,0,0,0,0,0,0,0,0,0
46.7,0.863288226495,0.136711773505,1,1,0.36520191013,0.0578339878721,0.498086316365,0.0788777856328,0.423035898002,0.576964101998,-1.1061040972e-12,0.347892674254,0.121029312799,0,0,0.05,0,0,0.25,1.11803398875,0,0,0,0,0,0,0,0,0,0
46.75,0.858148448091,0.141851551908,1,1,0.362992730222,0.0600025347922,0.495155717869,0.0818490171163,0.422995265014,0.577004734986,-1.10710329793e-12,0.347805203346,0.120968459475,0,0,0.05,0,0,0.25,1.11803398875,0,0,0,0,0,0,0,0,0,0
46.8,0.853139421732,0.146860578268,1,1,0.360839304633,0.0621153677701,0.492300117099,0.0847452104975,0.422954672403,0.577045327597,-1.10872977466e-12,0.347717885671,0.120907728016,0,0,0.05,0,0,0.25,1.11803398875,0,0,0,0,0,0,0,0,0,0
46.85,0.848276796549,0.151723203451,1,1,0.358748205763,0.0641658798545,0.489528590786,0.0875573235966,0.422914085617,0.577085914382,-1.11097797628e-12,0.347630722743,0.120847119395,0,0,0.05,0,0,0.25,1.11803398875,0,0,0,0,0,0,0,0,0,0
46.9,0.843575764288,0.156424235712,1,1,0.356725810343,0.0661476592901,0.486849953945,0.0902765764217,0.422873469633,0.577126530367,-1.11380904499e-12,0.347543718112,0.120786635999,0,0,0.05,0,0,0.25,1.11803398875,0,0,0,0,0,0,0,0,0,0
46.95,0.839051011851,0.160948988149,1,1,0.35477827941,0.0680545095375,0.48427273244,0.0928944786118,0.422832788948,0.577167211052,-1.11723408303e-12,0.347456877328,0.120726281603,0,0,0.05,0,0,0.25,1.11803398875,0,0,0,0,0,0,0,0,0,0
47,0.834716675406,0.165283324594,1,1,0.352911538955,0.0698804686245,0.481805136451,0.0954028559695,0.422792007579,0.577207992421,-1.12119757922e-12,0.34737020789,0.120666061329,0,0,0.05,0,0,0.25,1.11803398875,0,0,0,0,0,0,0,0,0,0
47.05,0.830586296228,0.169413703772,1,1,0.351131261287,0.0716198277708,0.479455034941,0.0977938760008,0.422751089058,0.577248910942,-1.1257050847e-12,0.34728371918,0.120605981608,0,0,0.05,0,0,0.25,1.11803398875,0,0,0,0,0,0,0,0,0,0
47.1,0.826672778392,0.173327221608,1,1,0.349442847196,0.0732671492258,0.477229931196,0.100060072382,0.422709996422,0.577290003578,-1.13075104835e-12,0.347197422389,0.120546050114,0,0,0.05,0,0,0.25,1.11803398875,0,0,0,0,0,0,0,0,0,0
47.15,0.822988348455,0.177011651545,1,1,0.347851408948,0.0748172832647,0.475136939508,0.10219436828,0.422668692212,0.577331307788,-1.1362744079e-12,0.347111330417,0.120486275704,0,0,0.05,0,0,0.25,1.11803398875,0,0,0,0,0,0,0,0,0,0
47.2,0.819544517264,0.180455482736,1,1,0.346361754177,0.0762653842891,0.473182763087,0.104190098447,0.422627138466,0.577372861534,-1.1422196522e-12,0.347025457779,0.120426668346,0,0,0.05,0,0,0.25,1.11803398875,0,0,0,0,0,0,0,0,0,0
47.25,0.816352043988,0.183647956011,1,1,0.344978370729,0.0776069259814,0.471373673259,0.10604103003,0.422585296711,0.577414703289,-1.14861453682e-12,0.346939820483,0.120367239037,0,0,0.05,0,0,0.25,1.11803398875,0,0,0,0,0,0,0,0,0,0
47.3,0.81342090251,0.18657909749,1,1,0.343705412492,0.0788377154649,0.469715490018,0.107741382025,0.422543127957,0.577456872043,-1.15536469281e-12,0.34685443592,0.120307999717,0,0,0.05,0,0,0.25,1.11803398875,0,0,0,0,0,0,0,0,0,0
47.35,0.810760250259,0.18923974974,1,1,0.342546686268,0.0799539064268,0.468213563991,0.109285843314,0.422500592695,0.577499407305,-1.16244236459e-12,0.346769322724,0.120248963183,0,0,0.05,0,0,0.25,1.11803398875,0,0,0,0,0,0,0,0,0,0
47.4,0.808378399611,0.191621600389,1,1,0.341505639728,0.0809520111595,0.466872759883,0.110669589229,0.422457650888,0.577542349112,-1.16981979659e-12,0.346684500645,0.120190142987,0,0,0.05,0,0,0.25,1.11803398875,0,0,0,0,0,0,0,0,0,0
47.45,0.80628279191,0.19371720809,1,1,0.34058535048,0.081828911485,0.465697441431,0.111888296605,0.422414261965,0.577585738035,-1.17737486427e-12,0.346599990401,0.120131553346,0,0,0.05,0,0,0.25,1.11803398875,0,0,0,0,0,0,0,0,0,0
47.5,0.804479974225,0.195520025775,1,1,0.339788516293,0.0825818685263,0.464691457932,0.112938157248,0.422370384819,0.57762961518,-1.18513532321e-12,0.346515813536,0.12007320903,0,0,0.05,0,0,0.25,1.11803398875,0,0,0,0,0,0,0,0,0,0
47.55,0.802975578894,0.197024421105,1,1,0.339117446509,0.0832085312946,0.463858132385,0.113815889811,0.422325977804,0.577674022196,-1.19305676449e-12,0.346431992263,0.120015125263,0,0,0.05,0,0,0.25,1.11803398875,0,0,0,0,0,0,0,0,0,0
47.6,0.801774305929,0.198225694071,1,1,0.338574054661,0.0837069440653,0.463200251268,0.114518750005,0.422280998726,0.577719001274,-1.20102261469e-12,0.34634854931,0.119957317609,0,0,0.05,0,0,0.25,1.11803398875,0,0,0,0,0,0,0,0,0,0
47.65,0.80087990833,0.19912009167,1,1,0.338159852327,0.0840755525193,0.462720056003,0.115044539151,0.422235404846,0.577764595153,-1.20903842493e-12,0.346265507756,0.119899801861,0,0,0.05,0,0,0.25,1.11803398875,0,0,0,0,0,0,0,0,0,0
47.7,0.800295180361,0.199704819638,1,1,0.337875944249,0.0843132086288,0.462419236112,0.11539161101,0.422189152878,0.577810847122,-1.2169931729e-12,0.346182890866,0.119842593929,0,0,0.05,0,0,0.25,1.11803398875,0,0,0,0,0,0,0,0,0,0
47.75,0.800021948823,0.199978051177,1,1,0.337723024711,0.0844191742724,0.462298924112,0.115558876905,0.422142198984,0.577857801016,-1.22491461418e-12,0.346100721924,0.119785709716,0,0,0.05,0,0,0.25,1.11803398875,0,0,0,0,0,0,0,0,0,0
47.8,0.80006106734,0.19993893266,1,1,0.337701375211,0.0843931235673,0.462359692129,0.115545809092,0.422094498778,0.577905501221,-1.23269727759e-12,0.346019024056,0.119729165009,0,0,0.05,0,0,0.25,1.11803398875,0,0,0,0,0,0,0,0,0,0
47.85,0.8004124137,0.1995875863,1,1,0.33781086342,0.0842351439106,0.46260155028,0.115352442389,0.42204600733,0.577953992669,-1.24024679415e-12,0.34593782006,0.119672975348,0,0,0.05,0,0,0.25,1.11803398875,0,0,0,0,0,0,0,0,0,0
47.9,0.801074890231,0.198925109769,1,1,0.338050943439,0.0839457357249,0.463023946792,0.114979374044,0.421996679164,0.578003320836,-1.24755206166e-12,0.345857132228,0.119617155913,0,0,0.05,0,0,0.25,1.11803398875,0,0,0,0,0,0,0,0,0,0
47.95,0.802046427233,0.197953572767,1,1,0.338420657354,0.0835258109092,0.463625769879,0.114427761858,0.421946468263,0.578053531737,-1.25455201783e-12,0.345776982171,0.119561721399,0,0,0.05,0,0,0.25,1.11803398875,0,0,0,0,0,0,0,0,0,0
48,0.803323989443,0.196676010557,1,1,0.338918638079,0.082976689999,0.464405351364,0.113699320558,0.421895328078,0.578104671922,-1.2612244582e-12,0.345697390644,0.119506685898,0,0,0.05,0,0,0.25,1.11803398875,0,0,0,0,0,0,0,0,0,0
48.05,0.804903585519,0.195096414481,1,1,0.339543113489,0.082300098043,0.46536047203,0.112796316438,0.421843211532,0.578156788467,-1.26745280937e-12,0.34561837738,0.119452062783,0,0,0.05,0,0,0.25,1.11803398875,0,0,0,0,0,0,0,0,0,0
48.1,0.806780280509,0.193219719491,1,1,0.340291911822,0.0814981592084,0.466488368688,0.111721560282,0.42179007103,0.57820992897,-1.27324262245e-12,0.345539960915,0.119397864589,0,0,0.05,0,0,0.25,1.11803398875,0,0,0,0,0,0,0,0,0,0
48.15,0.808948211268,0.191051788732,1,1,0.341162468334,0.0805733901323,0.467785742934,0.110478398599,0.421735858466,0.578264141534,-1.27853838627e-12,0.34546215844,0.119344102914,0,0,0.05,0,0,0.25,1.11803398875,0,0,0,0,0,0,0,0,0,0
48.2,0.811400604776,0.188599395224,1,1,0.342151833201,0.0795286920375,0.469248771575,0.109070703186,0.421680525238,0.578319474762,-1.28330124305e-12,0.34538498564,0.119290788306,0,0,0.05,0,0,0.25,1.11803398875,0,0,0,0,0,0,0,0,0,0
48.25,0.8141297993,0.1858702007,1,1,0.343256680622,0.0783673416373,0.470873118678,0.107502859063,0.421624022259,0.578375977741,-1.28749788608e-12,0.345308456566,0.119237930176,0,0,0.05,0,0,0.25,1.11803398875,0,0,0,0,0,0,0,0,0,0
48.3,0.817127268326,0.182872731674,1,1,0.344473319113,0.0770929808571,0.472653949213,0.105779750816,0.42156629997,0.57843370003,-1.29108390645e-12,0.345232583499,0.119185536709,0,0,0.05,0,0,0.25,1.11803398875,0,0,0,0,0,0,0,0,0,0
48.35,0.820383647204,0.179616352795,1,1,0.345797702953,0.0757096054037,0.474585944251,0.103906747392,0.421507308357,0.578492691643,-1.29402044635e-12,0.345157376846,0.119133614791,0,0,0.05,0,0,0.25,1.11803398875,0,0,0,0,0,0,0,0,0,0
48.4,0.8238887624,0.1761112376,1,1,0.347225444748,0.0742215522186,0.476663317652,0.101889685382,0.421446996966,0.578553003033,-1.29634081247e-12,0.34508284504,0.119082169941,0,0,0.05,0,0,0.25,1.11803398875,0,0,0,0,0,0,0,0,0,0
48.45,0.82763166328,0.17236833672,1,1,0.348751829072,0.0726334858519,0.478879834207,0.0997348508685,0.421385314924,0.578614685076,-1.29795063586e-12,0.345008994465,0.119031206261,0,0,0.05,0,0,0.25,1.11803398875,0,0,0,0,0,0,0,0,0,0
48.5,0.831600656324,0.168399343676,1,1,0.350371827153,0.0709503838005,0.481228829172,0.0974489598752,0.421322210953,0.578677789047,-1.29886101874e-12,0.344935829393,0.118980726399,0,0,0.05,0,0,0.25,1.11803398875,0,0,0,0,0,0,0,0,0,0
48.55,0.83578334166,0.16421665834,1,1,0.352080112538,0.069177520856,0.483703229122,0.0950391374837,0.421257633394,0.578742366606,-1.29907196111e-12,0.344863351947,0.118930731516,0,0,0.05,0,0,0.25,1.11803398875,0,0,0,0,0,0,0,0,0,0
48.6,0.840166651799,0.159833348201,1,1,0.353871077715,0.0673204525096,0.486295574084,0.0925128956911,0.421191530225,0.578808469775,-1.29857791187e-12,0.344791562076,0.118881221279,0,0,0.05,0,0,0.25,1.11803398875,0,0,0,0,0,0,0,0,0,0
48.65,0.844736892464,0.155263107536,1,1,0.355738851618,0.0653849974662,0.488998040846,0.0898781100696,0.421123849084,0.578876150916,-1.29737331989e-12,0.344720457552,0.118832193855,0,0,0.05,0,0,0.25,1.11803398875,0,0,0,0,0,0,0,0,0,0
48.7,0.849479785371,0.150520214629,1,1,0.357677317967,0.0633772193233,0.491802467404,0.0871429953053,0.42105453729,0.57894546271,-1.29547483851e-12,0.344650033985,0.118783645926,0,0,0.05,0,0,0.25,1.11803398875,0,0,0,0,0,0,0,0,0,0
48.75,0.85438051284,0.14561948716,1,1,0.359680134397,0.0613034074694,0.494700378443,0.0843160796905,0.420983541867,0.579016458133,-1.29290467221e-12,0.344580284854,0.11873557271,0,0,0.05,0,0,0.25,1.11803398875,0,0,0,0,0,0,0,0,0,0
48.8,0.859423764085,0.140576235915,1,1,0.361740752298,0.0591700572642,0.497683011787,0.0814061786509,0.420910809562,0.579089190438,-1.28969057656e-12,0.344511201555,0.118687967997,0,0,0.05,0,0,0.25,1.11803398875,0,0,0,0,0,0,0,0,0,0
48.85,0.864593783049,0.135406216951,1,1,0.363852437313,0.0569838495612,0.500741345736,0.0784223673894,0.420836286874,0.579163713126,-1.28584365378e-12,0.344442773461,0.118640824189,0,0,0.05,0,0,0.25,1.11803398875,0,0,0,0,0,0,0,0,0,0
48.9,0.869874417631,0.130125582369,1,1,0.366008290436,0.0547516296369,0.503866127195,0.0753739527319,0.420759920073,0.579240079927,-1.28136390387e-12,0.344374987997,0.118594132358,0,0,0.05,0,0,0.25,1.11803398875,0,0,0,0,0,0,0,0,0,0
48.95,0.875249170144,0.124750829856,1,1,0.368201269628,0.0524803855941,0.507047900516,0.0722704442618,0.420681655222,0.579318344778,-1.27629018465e-12,0.344307830726,0.118547882299,0,0,0.05,0,0,0.25,1.11803398875,0,0,0,0,0,0,0,0,0,0
49,0.88070124886,0.11929875114,1,1,0.370424211897,0.0501772263052,0.510277036963,0.0691215248346,0.420601438203,0.579398561797,-1.2706558028e-12,0.344241285445,0.118502062605,0,0,0.05,0,0,0.25,1.11803398875,0,0,0,0,0,0,0,0,0,0
49.05,0.88621362047,0.11378637953,1,1,0.372669855767,0.0478493589675,0.513543764703,0.0659370205626,0.420519214734,0.579480785265,-1.26450516724e-12,0.344175334284,0.11845666073,0,0,0.05,0,0,0.25,1.11803398875,0,0,0,0,0,0,0,0,0,0
49.1,0.891769063297,0.108230936703,1,1,0.374930864059,0.0455040663395,0.516838199239,0.0627268703631,0.420434930398,0.579565069602,-1.25784938021e-12,0.344109957821,0.118411663072,0,0,0.05,0,0,0.25,1.11803398875,0,0,0,0,0,0,0,0,0,0
49.15,0.897350221104,0.102649778896,1,1,0.377199846925,0.0431486837309,0.52015037418,0.0595010951647,0.420348530656,0.579651469344,-1.25082166846e-12,0.344045135195,0.118367055051,0,0,0.05,0,0,0.25,1.11803398875,0,0,0,0,0,0,0,0,0,0
49.2,0.902939657314,0.0970603426857,1,1,0.379469385052,0.0407905758193,0.523470272262,0.0562697668664,0.420259960871,0.579740039128,-1.24334431639e-12,0.343980844225,0.118322821194,0,0,0.05,0,0,0.25,1.11803398875,0,0,0,0,0,0,0,0,0,0
49.25,0.908519909487,0.0914800905128,1,1,0.381732052965,0.0384371133667,0.526787856522,0.0530429771461,0.420169166332,0.579830833668,-1.23548393738e-12,0.343917061538,0.118278945217,0,0,0.05,0,0,0.25,1.11803398875,0,0,0,0,0,0,0,0,0,0
49.3,0.914073543876,0.0859264561243,1,1,0.383980442353,0.0360956499108,0.530093101523,0.0498308062136,0.420076092264,0.579923907736,-1.22736265595e-12,0.343853762693,0.118235410118,0,0,0.05,0,0,0.25,1.11803398875,0,0,0,0,0,0,0,0,0,0
49.35,0.919583209891,0.0804167901086,1,1,0.38620718535,0.0337734985031,0.533376024541,0.0466432916055,0.419980683853,0.580019316147,-1.218974921e-12,0.343790922316,0.118192198267,0,0,0.05,0,0,0.25,1.11803398875,0,0,0,0,0,0,0,0,0,0
49.4,0.925031694311,0.0749683056885,1,1,0.388404977692,0.0314779085707,0.53662671662,0.0434903971178,0.419882886262,0.580117113737,-1.21037069256e-12,0.343728514232,0.118149291496,0,0,0.05,0,0,0.25,1.11803398875,0,0,0,0,0,0,0,0,0,0
49.45,0.930401975055,0.0695980249445,1,1,0.390566601672,0.0292160429733,0.539835373383,0.0403819819712,0.419782644645,0.580217355354,-1.20161658401e-12,0.343666511606,0.118106671199,0,0,0.05,0,0,0.25,1.11803398875,0,0,0,0,0,0,0,0,0,0
49.5,0.935677274366,0.0643227256338,1,1,0.392684948835,0.0269949553296,0.542992325531,0.0373277703042,0.419679904164,0.580320095836,-1.19277920874e-12,0.343604887084,0.118064318428,0,0,0.05,0,0,0.25,1.11803398875,0,0,0,0,0,0,0,0,0,0
49.55,0.940841111225,0.0591588887744,1,1,0.394753042316,0.0248215676856,0.54608806891,0.0343373210888,0.419574610001,0.580425389999,-1.18389187342e-12,0.343543612943,0.118022213994,0,0,0.05,0,0,0.25,1.11803398875,0,0,0,0,0,0,0,0,0,0
49.6,0.945877352845,0.0541226471544,1,1,0.396764058778,0.0227026485962,0.549113294068,0.0314199985582,0.419466707374,0.580533292626,-1.17497678254e-12,0.343482661238,0.117980338571,0,0,0.05,0,0,0.25,1.11803398875,0,0,0,0,0,0,0,0,0,0
49.65,0.950770265069,0.0492297349309,1,1,0.398711349855,0.0206447916899,0.552058915214,0.028584943241,0.419356141545,0.580643858455,-1.16616161172e-12,0.343422003959,0.117938672803,0,0,0.05,0,0,0.25,1.11803398875,0,0,0,0,0,0,0,0,0,0
49.7,0.955504561527,0.044495438473,1,1,0.400588463048,0.018654394786,0.554916098479,0.025841043687,0.419242857834,0.580757142166,-1.15741305429e-12,0.343361613196,0.117897197416,0,0,0.05,0,0,0.25,1.11803398875,0,0,0,0,0,0,0,0,0,0
49.75,0.960065451395,0.0399345486049,1,1,0.402389161995,0.0167376396312,0.5576762894,0.0231969089738,0.419126801626,0.580873198374,-1.14888099034e-12,0.343301461294,0.117855893326,0,0,0.05,0,0,0.25,1.11803398875,0,0,0,0,0,0,0,0,0,0
49.8,0.964438685604,0.0355613143962,1,1,0.404107446059,0.01490047232,0.560331239545,0.0206608420762,0.419007918379,0.580992081621,-1.14063758438e-12,0.343241521028,0.117814741758,0,0,0.05,0,0,0.25,1.11803398875,0,0,0,0,0,0,0,0,0,0
49.85,0.968610601355,0.031389398645,1,1,0.405737569168,0.0131485844632,0.562873032186,0.0182408141818,0.418886153632,0.581113846368,-1.13261622303e-12,0.34318176577,0.117773724357,0,0,0.05,0,0,0.25,1.11803398875,0,0,0,0,0,0,0,0,0,0
49.9,0.972568164806,0.0274318351935,1,1,0.407274057843,0.0114873951643,0.565294106963,0.0159444400292,0.418761453008,0.581238546992,-1.12491682636e-12,0.343122169659,0.117732823311,0,0,0.05,0,0,0.25,1.11803398875,0,0,0,0,0,0,0,0,0,0
49.95,0.976299011793,0.023700988207,1,1,0.408711728359,0.00992203386144,0.567587283433,0.0137789543455,0.418633762221,0.581366237779,-1.11760045662e-12,0.343062707771,0.117692021463,0,0,0.05,0,0,0.25,1.11803398875,0,0,0,0,0,0,0,0,0,0
50,0.979791486453,0.0202085135465,1,1,0.410045702986,0.00845732409196,0.569745783467,0.0117511894545,0.418503027078,0.581496972922,-1.11075038056e-12,0.343003356291,0.117651302427,0,0,0.05,0,0,0.25,1.11803398875,0,0,0,0,0,0,0,0,0,0
