time,pop1,pop2,norm,block_norm_raw,R1,R2,T1,T2,R_total,T_total,x_mean,x_width,x2_mean,lambda,lambda_raw,block_dt,ess,event_weight_hi,coupling_abs_exp,gap_exp,poisson_mc_state_var,poisson_mc_pop1_var,poisson_mc_pop2_var,poisson_mc_R_var,poisson_mc_T_var,poisson_mc_x_mean_var,poisson_mc_width_var,paper_var_phi1_sq,paper_var_phi2_sq,paper_var_norm_sq
0.05,0.99984380695,0.000156193050097,1,1.00007810567,0.4601964236,7.18907118755e-05,0.539647383349,8.43023382216e-05,0.460268314312,0.539731685688,8.881784197e-17,0.502045501481,0.252049685558,0.4,1.5,0.05,1,0.000201340026756,0.25,1.11803398875,0,0,0,0,0,0,0,0,0,0
0.1,0.999375715725,0.000624284275009,1,1.00007810567,0.459980901464,0.000287338224324,0.539394814261,0.000336946050686,0.460268239689,0.539731760311,8.881784197e-17,0.502044561998,0.252048742232,0.4,1.5,0.05,1,0.000201340026756,0.25,1.11803398875,0,0,0,0,0,0,0,0,0,0
0.15,0.998597188577,0.00140281142281,1,1.00007810567,0.459622445946,0.00064566936972,0.538974742631,0.000757142053091,0.460268115316,0.539731884684,1.11022302463e-16,0.502042996194,0.252047170027,0.4,1.5,0.05,1,0.000201340026756,0.25,1.11803398875,0,0,0,0,0,0,0,0,0,0
0.2,0.997510657517,0.0024893424829,1,1.00007810567,0.459122176653,0.00114576453953,0.538388480864,0.00134357794337,0.460267941192,0.539732058808,1.55431223448e-16,0.50204080407,0.252044968952,0.4,1.5,0.05,1,0.000201340026756,0.25,1.11803398875,0,0,0,0,0,0,0,0,0,0
0.25,0.996119516717,0.00388048328326,1,1.00007810567,0.458481656135,0.00178606118288,0.537637860582,0.00209442210039,0.460267717318,0.539732282682,1.11022302463e-16,0.502037985631,0.252042139016,0.4,1.5,0.05,1,0.000201340026756,0.25,1.11803398875,0,0,0,0,0,0,0,0,0,0
0.3,0.994428111907,0.0055718880934,1,1.00007810567,0.457702885002,0.00256455868928,0.536725226905,0.00300732940412,0.460267443691,0.539732556309,1.55431223448e-16,0.502034540879,0.252038680235,0.4,1.5,0.05,1,0.000201340026756,0.25,1.11803398875,0,0,0,0,0,0,0,0,0,0
0.35,0.9924417268,0.00755827319976,1,1.00007810567,0.45678829567,0.00347882464017,0.53565343113,0.00407944855959,0.46026712031,0.53973287969,1.7763568394e-16,0.502030469818,0.252034592626,0.4,1.5,0.05,1,0.000201340026756,0.25,1.11803398875,0,0,0,0,0,0,0,0,0,0
0.4,0.990166566589,0.00983343341138,1,1.00007810567,0.455740744764,0.00452600240981,0.534425821824,0.00530743100157,0.460266747174,0.539733252826,1.11022302463e-16,0.502025772454,0.252029876208,0.4,1.5,0.05,1,0.000201340026756,0.25,1.11803398875,0,0,0,0,0,0,0,0,0,0
0.45,0.987609738556,0.012390261444,1,1.00007810567,0.454563504188,0.00570282009169,0.533046234368,0.00668744135229,0.46026632428,0.53973367572,1.55431223448e-16,0.502020448793,0.252024531006,0.4,1.5,0.05,1,0.000201340026756,0.25,1.11803398875,0,0,0,0,0,0,0,0,0,0
0.5,0.984779229878,0.0152207701222,1,1.00007810567,0.453260250904,0.00700560072269,0.531518978974,0.00821516939948,0.460265851626,0.539734148374,1.33226762955e-16,0.502014498841,0.252018557047,0.4,1.5,0.05,1,0.000201340026756,0.25,1.11803398875,0,0,0,0,0,0,0,0,0,0
0.55,0.98168388267,0.0183161173302,1,1.00007810567,0.451835055437,0.00843027377286,0.529848827232,0.00988584355738,0.46026532921,0.53973467079,1.33226762955e-16,0.502007922606,0.252011954359,0.4,1.5,0.05,1,0.000201340026756,0.25,1.11803398875,0,0,0,0,0,0,0,0,0,0
0.6,0.978333366366,0.0216666336338,1,1.00007810567,0.450292369164,0.00997238786507,0.528040997203,0.0116942457687,0.460264757029,0.539735242971,1.11022302463e-16,0.502000720096,0.252004722977,0.4,1.5,0.05,1,0.000201340026756,0.25,1.11803398875,0,0,0,0,0,0,0,0,0,0
0.65,0.974738147515,0.0252618524855,1,1.00007810567,0.448637010394,0.0116271246847,0.526101137121,0.0136347278008,0.460264135079,0.539735864921,1.11022302463e-16,0.50199289132,0.251996862936,0.4,1.5,0.05,1,0.000201340026756,0.25,1.11803398875,0,0,0,0,0,0,0,0,0,0
0.7,0.970909457079,0.0290905429214,1,1.00007810567,0.446874149321,0.0133893140359,0.524035307758,0.0157012288855,0.460263463357,0.539736536643,4.4408920985e-17,0.501984436288,0.251988374276,0.4,1.5,0.05,1,0.000201340026756,0.25,1.11803398875,0,0,0,0,0,0,0,0,0,0
0.75,0.966859255355,0.0331407446448,1,1.00007810567,0.445009291862,0.0152534499975,0.521849963493,0.0178872946473,0.46026274186,0.53973725814,1.33226762955e-16,0.501975355011,0.251979257038,0.4,1.5,0.05,1,0.000201340026756,0.25,1.11803398875,0,0,0,0,0,0,0,0,0,0
0.8,0.962600194612,0.0373998053884,1,1.00007810567,0.443048262455,0.0172137081275,0.519551932156,0.0201860972609,0.460261970583,0.539738029417,4.4408920985e-17,0.501965647499,0.25196951127,0.4,1.5,0.05,1,0.000201340026756,0.25,1.11803398875,0,0,0,0,0,0,0,0,0,0
0.85,0.958145579562,0.0418544204384,1,1.00007810567,0.440997185859,0.0192639636636,0.517148393703,0.0225904567748,0.460261149523,0.539738850477,0,0.501955313766,0.251959137018,0.4,1.5,0.05,1,0.000201340026756,0.25,1.11803398875,0,0,0,0,0,0,0,0,0,0
0.9,0.953509325803,0.0464906741966,1,1.00007810567,0.438862468013,0.0213978106615,0.514646857791,0.0250928635351,0.460260278674,0.539739721326,4.4408920985e-17,0.501944353824,0.251948134336,0.4,1.5,0.05,1,0.000201340026756,0.25,1.11803398875,0,0,0,0,0,0,0,0,0,0
0.95,0.948705916349,0.0512940836506,1,1.00007810567,0.436650776021,0.023608582012,0.512055140328,0.0276855016386,0.460259358033,0.539740641967,6.66133814775e-17,0.501932767687,0.251936503278,0.4,1.5,0.05,1,0.000201340026756,0.25,1.11803398875,0,0,0,0,0,0,0,0,0,0
1,0.943750356383,0.056249643617,1,1.00007810567,0.43436901732,0.0258893702739,0.509381339063,0.030360273343,0.460258387594,0.539741612406,2.22044604925e-17,0.501920555369,0.251924243902,0.4,1.5,0.05,1,0.000201340026756,0.25,1.11803398875,0,0,0,0,0,0,0,0,0,0
1.05,0.938658126385,0.0613418736151,1,1.00007810567,0.432024318093,0.0282330492586,0.506633808292,0.0331088243565,0.460257367352,0.539742632648,-4.4408920985e-17,0.501907716886,0.25191135627,0.4,1.5,0.05,1,0.000201340026756,0.25,1.11803398875,0,0,0,0,0,0,0,0,0,0
1.1,0.933445133774,0.0665548662263,1,1.00007810567,0.429624001004,0.0306322962968,0.50382113277,0.0359225699295,0.460256297301,0.539743702699,0,0.501894252254,0.251897840446,0.4,1.5,0.05,1,0.000201340026756,0.25,1.11803398875,0,0,0,0,0,0,0,0,0,0
1.15,0.928127663214,0.0718723367862,1,1.00007810567,0.427175562315,0.0330796151203,0.500952100899,0.0387927216659,0.460255177435,0.539744822565,2.22044604925e-17,0.50188016149,0.251883696498,0.4,1.5,0.05,1,0.000201340026756,0.25,1.11803398875,0,0,0,0,0,0,0,0,0,0
1.2,0.922722325744,0.0772776742558,1,1.00007810567,0.424686648463,0.0355673592859,0.498035677281,0.0417103149699,0.460254007749,0.539745992251,2.22044604925e-17,0.501865444612,0.251868924496,0.4,1.5,0.05,1,0.000201340026756,0.25,1.11803398875,0,0,0,0,0,0,0,0,0,0
1.25,0.917246006888,0.0827539931123,1,1.00007810567,0.422165032167,0.0380877560677,0.49508097472,0.0446662370446,0.460252788235,0.539747211765,4.4408920985e-17,0.501850101638,0.251853524514,0.4,1.5,0.05,1,0.000201340026756,0.25,1.11803398875,0,0,0,0,0,0,0,0,0,0
1.3,0.911715813903,0.0882841860966,1,1.00007810567,0.419618588143,0.0406329307449,0.492097225761,0.0476512553517,0.460251518887,0.539748481113,4.4408920985e-17,0.501834132587,0.25183749663,0.4,1.5,0.05,1,0.000201340026756,0.25,1.11803398875,0,0,0,0,0,0,0,0,0,0
1.35,0.906149022345,0.0938509776545,1,1.00007810567,0.417055268491,0.0431949312077,0.489093753854,0.0506560464469,0.460250199699,0.539749800301,2.22044604925e-17,0.50181753748,0.251820840922,0.4,1.5,0.05,1,0.000201340026756,0.25,1.11803398875,0,0,0,0,0,0,0,0,0,0
1.4,0.900563022097,0.099436977903,1,1.00007810567,0.414483077857,0.0457657528047,0.48607994424,0.0536712250983,0.460248830662,0.539751169338,0,0.501800316337,0.251803557476,0.4,1.5,0.05,1,0.000201340026756,0.25,1.11803398875,0,0,0,0,0,0,0,0,0,0
1.45,0.894975263046,0.105024736954,1,1.00007810567,0.411910048415,0.048337363355,0.483065214632,0.0566873735987,0.46024741177,0.53975258823,0,0.50178246918,0.251785646376,0.4,1.5,0.05,1,0.000201340026756,0.25,1.11803398875,0,0,0,0,0,0,0,0,0,0
1.5,0.889403200576,0.110596799424,1,1.00007810567,0.409344214768,0.0509017282455,0.480058985808,0.0596950711784,0.460245943014,0.539754056986,2.22044604925e-17,0.501763996032,0.251767107714,0.4,1.5,0.05,1,0.000201340026756,0.25,1.11803398875,0,0,0,0,0,0,0,0,0,0
1.55,0.883864241035,0.116135758965,1,1.00007810567,0.40679358885,0.0534508355359,0.477070652185,0.0626849234292,0.460244424386,0.539755575614,8.881784197e-17,0.501744896915,0.25174794158,0.4,1.5,0.05,1,0.000201340026756,0.25,1.11803398875,0,0,0,0,0,0,0,0,0,0
1.6,0.878375687363,0.121624312637,1,1.00007810567,0.404266134885,0.0559767209928,0.474109552478,0.0656475916445,0.460242855878,0.539757144122,8.881784197e-17,0.501725171854,0.251728148072,0.4,1.5,0.05,1,0.000201340026756,0.25,1.11803398875,0,0,0,0,0,0,0,0,0,0
1.65,0.872954685038,0.127045314962,1,1.00007810567,0.401769744506,0.0584714929748,0.471184940532,0.0685738219872,0.460241237481,0.539758762519,6.66133814775e-17,0.501704820873,0.251707727288,0.4,1.5,0.05,1,0.000201340026756,0.25,1.11803398875,0,0,0,0,0,0,0,0,0,0
1.7,0.867618168519,0.132381831481,1,1.00007810567,0.399312212097,0.0609273570896,0.468305956422,0.0714544743915,0.460239569186,0.539760430814,8.881784197e-17,0.501683843999,0.251686679329,0.4,1.5,0.05,1,0.000201340026756,0.25,1.11803398875,0,0,0,0,0,0,0,0,0,0
1.75,0.862382808341,0.137617191659,1,1.00007810567,0.396901210436,0.0633366405483,0.465481597905,0.0742805511106,0.460237850985,0.539762149015,6.66133814775e-17,0.501662241257,0.251665004303,0.4,1.5,0.05,1,0.000201340026756,0.25,1.11803398875,0,0,0,0,0,0,0,0,0,0
1.8,0.857264959042,0.142735040958,1,1.00007810567,0.394544266728,0.065691816139,0.462720692315,0.0770432248189,0.460236082867,0.539763917133,2.22044604925e-17,0.501640012675,0.251642702316,0.4,1.5,0.05,1,0.000201340026756,0.25,1.11803398875,0,0,0,0,0,0,0,0,0,0
1.85,0.852280608072,0.147719391928,1,1.00007810567,0.392248739077,0.0679855257448,0.460031868995,0.0797338661834,0.460234264822,0.539765735178,-2.22044604925e-17,0.50161715828,0.251619773481,0.4,1.5,0.05,1,0.000201340026756,0.25,1.11803398875,0,0,0,0,0,0,0,0,0,0
1.9,0.84744532585,0.15255467415,1,1.00007810567,0.390021793506,0.0702106033343,0.457423532344,0.0823440708159,0.460232396841,0.539767603159,-2.22044604925e-17,0.501593678101,0.251596217911,0.4,1.5,0.05,1,0.000201340026756,0.25,1.11803398875,0,0,0,0,0,0,0,0,0,0
1.95,0.842774217126,0.157225782874,1,1.00007810567,0.387870381562,0.0723600973505,0.454903835564,0.0848656855236,0.460230478912,0.539769521088,4.4408920985e-17,0.501569572169,0.251572035726,0.4,1.5,0.05,1,0.000201340026756,0.25,1.11803398875,0,0,0,0,0,0,0,0,0,0
2,0.838281873794,0.161718126206,1,1.00007810567,0.385801218595,0.0744272924307,0.452480655199,0.087290833775,0.460228511026,0.539771488974,0,0.501544840513,0.251547227045,0.4,1.5,0.05,1,0.000201340026756,0.25,1.11803398875,0,0,0,0,0,0,0,0,0,0
2.05,0.833982329311,0.166017670689,1,1.00007810567,0.383820762785,0.0764057303868,0.450161566527,0.089611940302,0.460226493171,0.539773506829,2.22044604925e-17,0.501519483164,0.251521791993,0.4,1.5,0.05,1,0.000201340026756,0.25,1.11803398875,0,0,0,0,0,0,0,0,0,0
2.1,0.829889014856,0.170110985144,1,1.00007810567,0.381935194954,0.0782892303826,0.447953819902,0.0918217547613,0.460224425337,0.539775574663,0,0.501493500154,0.251495730697,0.4,1.5,0.05,1,0.000201340026756,0.25,1.11803398875,0,0,0,0,0,0,0,0,0,0
2.15,0.826014717374,0.173985282626,1,1.00007810567,0.380150399266,0.0800719082442,0.445864318108,0.0939133743814,0.46022230751,0.53977769249,-8.881784197e-17,0.501466891516,0.251469043287,0.4,1.5,0.05,1,0.000201340026756,0.25,1.11803398875,0,0,0,0,0,0,0,0,0,0
2.2,0.822371539633,0.177628460367,1,1.00007810567,0.378471944837,0.081748194843,0.443899594795,0.0958802655243,0.46022013968,0.53977986032,-1.33226762955e-16,0.501439657283,0.251441729896,0.4,1.5,0.05,1,0.000201340026756,0.25,1.11803398875,0,0,0,0,0,0,0,0,0,0
2.25,0.818970862412,0.181029137588,1,1.00007810567,0.376905068341,0.0833128534939,0.442065794071,0.097716284094,0.460217921835,0.539782078165,-1.11022302463e-16,0.50141179749,0.251413790662,0.4,1.5,0.05,1,0.000201340026756,0.25,1.11803398875,0,0,0,0,0,0,0,0,0,0
2.3,0.815823308956,0.184176691044,1,1.00007810567,0.375454657646,0.0847609963151,0.44036865131,0.0994156947292,0.460215653961,0.539784346039,-1.11022302463e-16,0.501383312172,0.251385225724,0.4,1.5,0.05,1,0.000201340026756,0.25,1.11803398875,0,0,0,0,0,0,0,0,0,0
2.35,0.812938711783,0.187061288217,1,1.00007810567,0.374125236549,0.0860880994975,0.438813475234,0.10097318872,0.460213336047,0.539786663953,-8.881784197e-17,0.501354201364,0.251356035225,0.4,1.5,0.05,1,0.000201340026756,0.25,1.11803398875,0,0,0,0,0,0,0,0,0,0
2.4,0.810326081974,0.189673918026,1,1.00007810567,0.372920950642,0.0872900174359,0.437405131332,0.10238390059,0.460210968078,0.539789031922,-1.11022302463e-16,0.501324465103,0.251326219311,0.4,1.5,0.05,1,0.000201340026756,0.25,1.11803398875,0,0,0,0,0,0,0,0,0,0
2.45,0.807993581022,0.192006418978,1,1.00007810567,0.371845554364,0.0883629956789,0.436148026658,0.103643423299,0.460208550043,0.539791449957,-8.881784197e-17,0.501294103426,0.25129577813,0.4,1.5,0.05,1,0.000201340026756,0.25,1.11803398875,0,0,0,0,0,0,0,0,0,0
2.5,0.805948495335,0.194051504665,1,1.00007810567,0.37090239927,0.0893036826558,0.435046096065,0.104747822009,0.460206081926,0.539793918074,-1.7763568394e-16,0.501263116372,0.251264711835,0.4,1.5,0.05,1,0.000201340026756,0.25,1.11803398875,0,0,0,0,0,0,0,0,0,0
2.55,0.804197213477,0.195802786523,1,1.00007810567,0.370094423569,0.0901091401453,0.434102789908,0.105693646377,0.460203563714,0.539796436286,-1.33226762955e-16,0.50123150398,0.251233020582,0.4,1.5,0.05,1,0.000201340026756,0.25,1.11803398875,0,0,0,0,0,0,0,0,0,0
2.6,0.802745206209,0.197254793791,1,1.00007810567,0.369424142943,0.0907768524511,0.433321063267,0.106477941339,0.460200995394,0.539799004606,-1.99840144433e-16,0.501199266289,0.251200704529,0.4,1.5,0.05,1,0.000201340026756,0.25,1.11803398875,0,0,0,0,0,0,0,0,0,0
2.65,0.8015970094,0.1984029906,1,1.00007810567,0.368893642691,0.0913047342585,0.432703366709,0.107098256341,0.46019837695,0.53980162305,-1.7763568394e-16,0.501166403341,0.251167763837,0.4,1.5,0.05,1,0.000201340026756,0.25,1.11803398875,0,0,0,0,0,0,0,0,0,0
2.7,0.800756209857,0.199243790143,1,1.00007810567,0.368504571222,0.0916911371451,0.432251638635,0.107552652997,0.460195708367,0.539804291633,-2.22044604925e-16,0.501132915175,0.251134198672,0.4,1.5,0.05,1,0.000201340026756,0.25,1.11803398875,0,0,0,0,0,0,0,0,0,0
2.75,0.800225434122,0.199774565878,1,1.00007810567,0.368258134904,0.0919348547266,0.431967299217,0.107839711152,0.460192989631,0.539807010369,-3.10862446895e-16,0.501098801835,0.2511000092,0.4,1.5,0.05,1,0.000201340026756,0.25,1.11803398875,0,0,0,0,0,0,0,0,0,0
2.8,0.800006340262,0.199993659738,1,1.00007810567,0.368155094304,0.0920351264214,0.431851245958,0.107958533316,0.460190220726,0.539809779274,-2.6645352591e-16,0.501064063363,0.251065195594,0.4,1.5,0.05,1,0.000201340026756,0.25,1.11803398875,0,0,0,0,0,0,0,0,0,0
2.85,0.800099612698,0.199900387302,1,1.00007810567,0.368195761814,0.0919916398213,0.431903850884,0.10790874748,0.460187401636,0.539812598364,-3.5527136788e-16,0.501028699803,0.251029758026,0.4,1.5,0.05,1,0.000201340026756,0.25,1.11803398875,0,0,0,0,0,0,0,0,0,0
2.9,0.80050496006,0.19949503994,1,1.00007810567,0.368380000682,0.0918045316631,0.432124959378,0.107690508277,0.460184532345,0.539815467655,-3.77475828373e-16,0.500992711199,0.250993696675,0.4,1.5,0.05,1,0.000201340026756,0.25,1.11803398875,0,0,0,0,0,0,0,0,0,0
2.95,0.801221116098,0.198778883902,1,1.00007810567,0.368707225442,0.0914743873953,0.432513890656,0.107304496507,0.460181612837,0.539818387163,-4.21884749358e-16,0.500956097597,0.25095701172,0.4,1.5,0.05,1,0.000201340026756,0.25,1.11803398875,0,0,0,0,0,0,0,0,0,0
3,0.80224584364,0.19775415636,1,1.00007810567,0.369176403752,0.0910022393434,0.433069439888,0.106751917016,0.460178643095,0.539821356905,-4.4408920985e-16,0.500918859043,0.250919703345,0.4,1.5,0.05,1,0.000201340026756,0.25,1.11803398875,0,0,0,0,0,0,0,0,0,0
3.05,0.803575941581,0.196424058419,1,1.00007810567,0.369786059624,0.0903895634788,0.433789881957,0.10603449494,0.460175623103,0.539824376897,-3.77475828373e-16,0.500880995584,0.250881771737,0.4,1.5,0.05,1,0.000201340026756,0.25,1.11803398875,0,0,0,0,0,0,0,0,0,0
3.1,0.805207254879,0.194792745121,1,1.00007810567,0.370534278041,0.0896382748011,0.434672976837,0.10515447032,0.460172552843,0.539827447157,-4.21884749358e-16,0.500842507267,0.250843217085,0.4,1.5,0.05,1,0.000201340026756,0.25,1.11803398875,0,0,0,0,0,0,0,0,0,0
3.15,0.807134687538,0.192865312462,1,1.00007810567,0.371418710948,0.0887507213491,0.43571597659,0.104114591113,0.460169432297,0.539830567703,-4.21884749358e-16,0.50080339414,0.250804039582,0.4,1.5,0.05,1,0.000201340026756,0.25,1.11803398875,0,0,0,0,0,0,0,0,0,0
3.2,0.809352218526,0.190647781474,1,1.00007810567,0.37243658459,0.0877296768578,0.436915633936,0.102918104616,0.460166261448,0.539833738552,-4.66293670343e-16,0.500763656253,0.250764239424,0.4,1.5,0.05,1,0.000201340026756,0.25,1.11803398875,0,0,0,0,0,0,0,0,0,0
3.25,0.811852920585,0.188147079415,1,1.00007810567,0.37358470819,0.0865783320865,0.438268212394,0.101568747329,0.460163040277,0.539836959723,-5.10702591328e-16,0.500723293656,0.25072381681,0.4,1.5,0.05,1,0.000201340026756,0.25,1.11803398875,0,0,0,0,0,0,0,0,0,0
3.3,0.814628981869,0.185371018131,1,1.00007810567,0.374859483924,0.0853002848428,0.439769497945,0.100070733288,0.460159768766,0.539840231234,-5.10702591328e-16,0.5006823064,0.250682771942,0.4,1.5,0.05,1,0.000201340026756,0.25,1.11803398875,0,0,0,0,0,0,0,0,0,0
3.35,0.817671730349,0.182328269651,1,1.00007810567,0.376256918162,0.0838995287353,0.441414812187,0.098428740916,0.460156446897,0.539843553103,-5.3290705182e-16,0.500640694536,0.250641105025,0.4,1.5,0.05,1,0.000201340026756,0.25,1.11803398875,0,0,0,0,0,0,0,0,0,0
3.4,0.820971660901,0.179028339099,1,1.00007810567,0.37777263396,0.0823804406898,0.443199026941,0.0966478984097,0.46015307465,0.53984692535,-5.3290705182e-16,0.500598458116,0.250598816268,0.4,1.5,0.05,1,0.000201340026756,0.25,1.11803398875,0,0,0,0,0,0,0,0,0,0
3.45,0.824518465,0.175481535,1,1.00007810567,0.379401884738,0.0807477672673,0.445116580262,0.0947337677325,0.460149652005,0.539850347995,-5.3290705182e-16,0.500555597193,0.250555905882,0.4,1.5,0.05,1,0.000201340026756,0.25,1.11803398875,0,0,0,0,0,0,0,0,0,0
3.5,0.828301062925,0.171698937075,1,1.00007810567,0.381139569116,0.0790066098277,0.447161493808,0.0926923272476,0.460146178944,0.539853821056,-5.99520433298e-16,0.500512111823,0.250512374081,0.4,1.5,0.05,1,0.000201340026756,0.25,1.11803398875,0,0,0,0,0,0,0,0,0,0
3.55,0.832307638364,0.167692361636,1,1.00007810567,0.382980246861,0.0771624085851,0.449327391503,0.0905299530512,0.460142655446,0.539857344554,-5.77315972805e-16,0.500468002058,0.250468221084,0.4,1.5,0.05,1,0.000201340026756,0.25,1.11803398875,0,0,0,0,0,0,0,0,0,0
3.6,0.836525675333,0.163474324667,1,1.00007810567,0.384918155887,0.0752209256035,0.451607519445,0.0882533990639,0.460139081491,0.539860918509,-6.2172489379e-16,0.500423267955,0.250423447111,0.4,1.5,0.05,1,0.000201340026756,0.25,1.11803398875,0,0,0,0,0,0,0,0,0,0
3.65,0.84094199727,0.15905800273,1,1.00007810567,0.386947230269,0.0731882267884,0.453994767001,0.0858697759415,0.460135457057,0.539864542943,-5.99520433298e-16,0.50037790957,0.250378052386,0.4,1.5,0.05,1,0.000201340026756,0.25,1.11803398875,0,0,0,0,0,0,0,0,0,0
3.7,0.8455428082,0.1544571918,1,1.00007810567,0.389061119197,0.0710706629285,0.456481689003,0.0833865288712,0.460131782125,0.539868217875,-6.66133814775e-16,0.50033192696,0.250332037135,0.4,1.5,0.05,1,0.000201340026756,0.25,1.11803398875,0,0,0,0,0,0,0,0,0,0
3.75,0.850313735829,0.149686264171,1,1.00007810567,0.391253206826,0.0688748498472,0.459060529003,0.0808114143236,0.460128056673,0.539871943327,-6.88338275268e-16,0.500285320182,0.25028540159,0.4,1.5,0.05,1,0.000201340026756,0.25,1.11803398875,0,0,0,0,0,0,0,0,0,0
3.8,0.855239876442,0.144760123558,1,1.00007810567,0.393516632953,0.0666076477267,0.461723243489,0.0781524758311,0.46012428068,0.53987571932,-7.1054273576e-16,0.500238089296,0.250238145983,0.4,1.5,0.05,1,0.000201340026756,0.25,1.11803398875,0,0,0,0,0,0,0,0,0,0
3.85,0.860305841461,0.139694158539,1,1.00007810567,0.395844314454,0.0642761396689,0.464461527007,0.0754180188705,0.460120454123,0.539879545877,-6.88338275268e-16,0.500190234361,0.25019027055,0.4,1.5,0.05,1,0.000201340026756,0.25,1.11803398875,0,0,0,0,0,0,0,0,0,0
3.9,0.865495805514,0.134504194486,1,1.00007810567,0.39822896742,0.0618876095598,0.467266838093,0.0726165849263,0.46011657698,0.53988342302,-7.1054273576e-16,0.500141755437,0.250141775531,0.4,1.5,0.05,1,0.000201340026756,0.25,1.11803398875,0,0,0,0,0,0,0,0,0,0
3.95,0.870793555876,0.129206444124,1,1.00007810567,0.400663129923,0.0594495193069,0.470130425953,0.0697569248175,0.460112649229,0.539887350771,-7.1054273576e-16,0.500092652584,0.250092661169,0.4,1.5,0.05,1,0.000201340026756,0.25,1.11803398875,0,0,0,0,0,0,0,0,0,0
4,0.87618254311,0.12381745689,1,1.00007810567,0.403139185327,0.0569694855206,0.473043357783,0.0668479713694,0.460108670848,0.539891329152,-7.32747196253e-16,0.500042925866,0.250042927708,0.4,1.5,0.05,1,0.000201340026756,0.25,1.11803398875,0,0,0,0,0,0,0,0,0,0
4.05,0.88164593277,0.11835406723,1,1.00007810567,0.405649386099,0.0544552557129,0.475996546671,0.0638988115171,0.460104641812,0.539895358188,-8.21565038223e-16,0.499992575343,0.249992575398,0.4,1.5,0.05,1,0.000201340026756,0.25,1.11803398875,0,0,0,0,0,0,0,0,0,0
4.1,0.887166657986,0.112833342014,1,1.00007810567,0.408185878011,0.0519146840873,0.478980779974,0.0609186579271,0.460100562099,0.539899437901,-8.21565038223e-16,0.49994160108,0.249941604491,0.4,1.5,0.05,1,0.000201340026756,0.25,1.11803398875,0,0,0,0,0,0,0,0,0,0
4.15,0.892727472779,0.107272527221,1,1.00007810567,0.410740724689,0.0493557069952,0.48198674809,0.0579168202263,0.460096431684,0.539903568316,-8.21565038223e-16,0.499890003141,0.24989001524,0.4,1.5,0.05,1,0.000201340026756,0.25,1.11803398875,0,0,0,0,0,0,0,0,0,0
4.2,0.898311005936,0.101688994064,1,1.00007810567,0.413305932407,0.046786318137,0.485005073529,0.0549026759266,0.460092250544,0.539907749456,-8.881784197e-16,0.49983778159,0.249837807905,0.4,1.5,0.05,1,0.000201340026756,0.25,1.11803398875,0,0,0,0,0,0,0,0,0,0
4.25,0.903899815278,0.0961001847225,1,1.00007810567,0.41587347507,0.0442145435839,0.488026340207,0.0518856411386,0.460088018654,0.539911981346,-8.43769498715e-16,0.499784936493,0.249784982745,0.4,1.5,0.05,1,0.000201340026756,0.25,1.11803398875,0,0,0,0,0,0,0,0,0,0
4.3,0.909476442138,0.0905235578616,1,1.00007810567,0.418435319291,0.0416484166985,0.491041122847,0.048875141163,0.46008373599,0.53991626401,-8.881784197e-16,0.499731467917,0.249731540027,0.4,1.5,0.05,1,0.000201340026756,0.25,1.11803398875,0,0,0,0,0,0,0,0,0,0
4.35,0.915023465912,0.0849765340882,1,1.00007810567,0.420983449492,0.0390959530344,0.49404001642,0.0458805810538,0.460079402526,0.539920597474,-9.54791801178e-16,0.499677375929,0.249677480015,0.4,1.5,0.05,1,0.000201340026756,0.25,1.11803398875,0,0,0,0,0,0,0,0,0,0
4.4,0.920523558466,0.0794764415336,1,1.00007810567,0.423509892947,0.0365651252902,0.497013665519,0.0429113162434,0.460075018237,0.539924981763,-9.32587340685e-16,0.499622660597,0.249622802982,0.4,1.5,0.05,1,0.000201340026756,0.25,1.11803398875,0,0,0,0,0,0,0,0,0,0
4.45,0.925959538278,0.0740404617224,1,1.00007810567,0.426006744698,0.0340638383996,0.499952793579,0.0399766233229,0.460070583098,0.539929416902,-8.881784197e-16,0.499567321989,0.249567509199,0.4,1.5,0.05,1,0.000201340026756,0.25,1.11803398875,0,0,0,0,0,0,0,0,0,0
4.5,0.9313144241,0.0686855759001,1,1.00007810567,0.42846619225,0.0315999048322,0.50284823185,0.037085671068,0.460066097082,0.539933902918,-1.02140518266e-15,0.499511360176,0.249511598945,0.4,1.5,0.05,1,0.000201340026756,0.25,1.11803398875,0,0,0,0,0,0,0,0,0,0
4.55,0.936571488014,0.0634285119858,1,1.00007810567,0.430880539978,0.0291810201848,0.505690948036,0.034247491801,0.460061560163,0.539938439837,-9.99200722163e-16,0.499454775227,0.249455072497,0.4,1.5,0.05,1,0.000201340026756,0.25,1.11803398875,0,0,0,0,0,0,0,0,0,0
4.6,0.941714307684,0.0582856923163,1,1.00007810567,0.433242233177,0.026814739138,0.508472074507,0.0314709531783,0.460056972314,0.539943027686,-1.06581410364e-15,0.499397567214,0.249397930139,0.4,1.5,0.05,1,0.000201340026756,0.25,1.11803398875,0,0,0,0,0,0,0,0,0,0
4.65,0.946726817654,0.0532731823455,1,1.00007810567,0.435543881656,0.0245084518531,0.511182935998,0.0287647304924,0.460052333509,0.539947666491,-1.06581410364e-15,0.499339736209,0.249340172157,0.4,1.5,0.05,1,0.000201340026756,0.25,1.11803398875,0,0,0,0,0,0,0,0,0,0
4.7,0.951593359542,0.0484066404579,1,1.00007810567,0.437778282836,0.0222693608845,0.513815076706,0.0261372795734,0.46004764372,0.53995235628,-1.06581410364e-15,0.499281282284,0.249281798839,0.4,1.5,0.05,1,0.000201340026756,0.25,1.11803398875,0,0,0,0,0,0,0,0,0,0
4.75,0.956298730946,0.043701269054,1,1.00007810567,0.439938444242,0.0201044586782,0.516360286704,0.0235968103758,0.46004290292,0.53995709708,-1.06581410364e-15,0.499222205513,0.249222810478,0.4,1.5,0.05,1,0.000201340026756,0.25,1.11803398875,0,0,0,0,0,0,0,0,0,0
4.8,0.96082823294,0.0391717670601,1,1.00007810567,0.442017605353,0.0180205057271,0.518810627587,0.0211512613329,0.46003811108,0.53996188892,-1.13242748512e-15,0.499162505971,0.249163207367,0.4,1.5,0.05,1,0.000201340026756,0.25,1.11803398875,0,0,0,0,0,0,0,0,0,0
4.85,0.965167715989,0.0348322840107,1,1.00007810567,0.44400925872,0.0160240094524,0.521158457269,0.0188082745583,0.460033268173,0.539966731827,-1.15463194561e-15,0.499102183732,0.249102989806,0.4,1.5,0.05,1,0.000201340026756,0.25,1.11803398875,0,0,0,0,0,0,0,0,0,0
4.9,0.969303624152,0.0306963758478,1,1.00007810567,0.445907170293,0.0141212038751,0.523396453859,0.0165751719728,0.460028374169,0.539971625831,-1.1990408666e-15,0.499041238872,0.249042158095,0.4,1.5,0.05,1,0.000201340026756,0.25,1.11803398875,0,0,0,0,0,0,0,0,0,0
4.95,0.973223037426,0.0267769625737,1,1.00007810567,0.447705398896,0.0123180301432,0.52551763853,0.0144589324305,0.460023429039,0.539976570961,-1.1990408666e-15,0.498979671468,0.248980712538,0.4,1.5,0.05,1,0.000201340026756,0.25,1.11803398875,0,0,0,0,0,0,0,0,0,0
5,0.976913712109,0.0230862878907,1,1.00007810567,0.449398314781,0.0106201179743,0.527515397328,0.0124661699164,0.460018432755,0.539981567245,-1.22124532709e-15,0.498917481597,0.248918653443,0.4,1.5,0.05,1,0.000201340026756,0.25,1.11803398875,0,0,0,0,0,0,0,0,0,0
5.05,0.980364119046,0.0196358809535,1,1.00007810567,0.450980617216,0.00903276807113,0.52938350183,0.0106031128824,0.460013385287,0.539986614713,-1.1990408666e-15,0.498854669337,0.24885598112,0.4,1.5,0.05,1,0.000201340026756,0.25,1.11803398875,0,0,0,0,0,0,0,0,0,0
5.1,0.983563479646,0.0164365203538,1,1.00007810567,0.452447351039,0.00756093556622,0.531116128607,0.0088755847876,0.460008286605,0.539991713395,-1.28785870857e-15,0.498791234768,0.248792695881,0.4,1.5,0.05,1,0.000201340026756,0.25,1.11803398875,0,0,0,0,0,0,0,0,0,0
5.15,0.986501799551,0.0134982004495,1,1.00007810567,0.453793922132,0.0062092145467,0.532707877418,0.00728898590278,0.460003136679,0.539996863321,-1.31006316906e-15,0.498727177969,0.248728798045,0.4,1.5,0.05,1,0.000201340026756,0.25,1.11803398875,0,0,0,0,0,0,0,0,0,0
5.2,0.989169899857,0.0108301001435,1,1.00007810567,0.45501611177,0.00498182370735,0.534153788086,0.00584827643612,0.459997935477,0.540002064523,-1.31006316906e-15,0.498662499021,0.24866428793,0.4,1.5,0.05,1,0.000201340026756,0.25,1.11803398875,0,0,0,0,0,0,0,0,0,0
5.25,0.99155944579,0.00844055421032,1,1.00007810567,0.456110089793,0.00388259317722,0.535449355997,0.00455796103309,0.45999268297,0.54000731703,-1.33226762955e-15,0.498597198005,0.248599165858,0.4,1.5,0.05,1,0.000201340026756,0.25,1.11803398875,0,0,0,0,0,0,0,0,0,0
5.3,0.993662972741,0.00633702725939,1,1.00007810567,0.457072426565,0.0029149525607,0.536590546176,0.00342207469869,0.459987379126,0.540012620874,-1.35447209004e-15,0.498531275003,0.248533432156,0.4,1.5,0.05,1,0.000201340026756,0.25,1.11803398875,0,0,0,0,0,0,0,0,0,0
5.35,0.995473909583,0.00452609041651,1,1.00007810567,0.457900103682,0.00208192023034,0.537573805901,0.00244417018617,0.459982023912,0.540017976088,-1.35447209004e-15,0.498464730098,0.248467087151,0.4,1.5,0.05,1,0.000201340026756,0.25,1.11803398875,0,0,0,0,0,0,0,0,0,0
5.4,0.996986599203,0.00301340079667,1,1.00007810567,0.458590523393,0.00138609390512,0.53839607581,0.00162730689156,0.459976617298,0.540023382702,-1.39888101103e-15,0.498397563373,0.248400131176,0.4,1.5,0.05,1,0.000201340026756,0.25,1.11803398875,0,0,0,0,0,0,0,0,0,0
5.45,0.998196316168,0.001803683832,1,1.00007810567,0.459141516708,0.000829642543191,0.53905479946,0.000974041288812,0.459971159251,0.540028840749,-1.39888101103e-15,0.498329774914,0.248332564566,0.4,1.5,0.05,1,0.000201340026756,0.25,1.11803398875,0,0,0,0,0,0,0,0,0,0
5.5,0.99909928149,0.000900718510159,1,1.00007810567,0.459551350164,0.000414299574789,0.539547931326,0.000486418935369,0.459965649739,0.540034350261,-1.44328993201e-15,0.498261364806,0.248264387658,0.4,1.5,0.05,1,0.000201340026756,0.25,1.11803398875,0,0,0,0,0,0,0,0,0,0
5.55,0.999692674431,0.000307325569302,1,1.00007810567,0.459818731232,0.000141357496137,0.539873943199,0.000165968073165,0.459960088728,0.540039911272,-1.487698853e-15,0.498192333133,0.248195600793,0.4,1.5,0.05,1,0.000201340026756,0.25,1.11803398875,0,0,0,0,0,0,0,0,0,0
5.6,0.999974641313,2.53586865032e-05,1,1.00007810567,0.459942812344,1.16638413691e-05,0.54003182897,1.36948451342e-05,0.459954476185,0.540045523815,-1.55431223448e-15,0.498122679985,0.248126204315,0.4,1.5,0.05,1,0.000201340026756,0.25,1.11803398875,0,0,0,0,0,0,0,0,0,0
5.65,0.999944301313,5.56986871143e-05,1,1.00007810567,0.459923193532,2.56185449726e-05,0.540021107781,3.00801421416e-05,0.459948812077,0.540051187923,-1.59872115546e-15,0.498052405446,0.248056198571,0.4,1.5,0.05,1,0.000201340026756,0.25,1.11803398875,0,0,0,0,0,0,0,0,0,0
5.7,0.999601749207,0.00039825079319,1,1.00007810567,0.459759923666,0.000183172702959,0.539841825541,0.000215078090231,0.459943096369,0.540056903631,-1.66533453694e-15,0.497981509608,0.247985583911,0.4,1.5,0.05,1,0.000201340026756,0.25,1.11803398875,0,0,0,0,0,0,0,0,0,0
5.75,0.99894805508,0.00105194491956,1,1.00007810567,0.459453500291,0.000483828736612,0.539494554789,0.00056811618295,0.459937329028,0.540062670972,-1.66533453694e-15,0.497909992557,0.247914360688,0.4,1.5,0.05,1,0.000201340026756,0.25,1.11803398875,0,0,0,0,0,0,0,0,0,0
5.8,0.997985260983,0.00201473901664,1,1.00007810567,0.459004868059,0.000926641958265,0.538980392924,0.00108809705837,0.459931510018,0.540068489982,-1.73194791842e-15,0.497837854385,0.247842529259,0.4,1.5,0.05,1,0.000201340026756,0.25,1.11803398875,0,0,0,0,0,0,0,0,0,0
5.85,0.996716374551,0.00328362544948,1,1.00007810567,0.45841541577,0.00151022353417,0.53830095878,0.00177340191531,0.459925639304,0.540074360696,-1.73194791842e-15,0.497765095182,0.247770089981,0.4,1.5,0.05,1,0.000201340026756,0.25,1.11803398875,0,0,0,0,0,0,0,0,0,0
5.9,0.995145359607,0.00485464039323,1,1.00007810567,0.457686972017,0.00223274483521,0.537458387589,0.00262189555803,0.459919716853,0.540080283147,-1.84297022088e-15,0.497691715039,0.247697043218,0.4,1.5,0.05,1,0.000201340026756,0.25,1.11803398875,0,0,0,0,0,0,0,0,0,0
5.95,0.993277123784,0.00672287621557,1,1.00007810567,0.456821799464,0.0030919431617,0.53645532432,0.00363093305387,0.459913742626,0.540086257374,-1.82076576039e-15,0.497617714049,0.247623389335,0.4,1.5,0.05,1,0.000201340026756,0.25,1.11803398875,0,0,0,0,0,0,0,0,0,0
6,0.991117503193,0.00888249680745,1,1.00007810567,0.455822587765,0.00408512882457,0.535294915428,0.00479736798288,0.459907716589,0.540092283411,-1.88737914186e-15,0.497543092305,0.2475491287,0.4,1.5,0.05,1,0.000201340026756,0.25,1.11803398875,0,0,0,0,0,0,0,0,0,0
6.05,0.988673244186,0.0113267558143,1,1.00007810567,0.454692445145,0.00520919356054,0.533980799041,0.00611756225378,0.459901638706,0.540098361294,-1.90958360236e-15,0.497467849901,0.247474261685,0.4,1.5,0.05,1,0.000201340026756,0.25,1.11803398875,0,0,0,0,0,0,0,0,0,0
6.1,0.985951982289,0.0140480177108,1,1.00007810567,0.453434888683,0.00646062025506,0.532517093606,0.0075873974557,0.459895508939,0.540104491061,-2.02060590482e-15,0.497391986931,0.247398788663,0.4,1.5,0.05,1,0.000201340026756,0.25,1.11803398875,0,0,0,0,0,0,0,0,0,0
6.15,0.982962218347,0.0170377816529,1,1.00007810567,0.452053833308,0.00783549394266,0.530908385039,0.0092022877102,0.459889327251,0.540110672749,-2.04281036531e-15,0.49731550349,0.247322710012,0.4,1.5,0.05,1,0.000201340026756,0.25,1.11803398875,0,0,0,0,0,0,0,0,0,0
6.2,0.979713291966,0.0202867080336,1,1.00007810567,0.450553579555,0.00932951405013,0.529159712412,0.0109571939835,0.459883093605,0.540116906395,-2.04281036531e-15,0.497238399676,0.247246026112,0.4,1.5,0.05,1,0.000201340026756,0.25,1.11803398875,0,0,0,0,0,0,0,0,0,0
6.25,0.976215352341,0.0237846476586,1,1.00007810567,0.448938800119,0.0109380078444,0.527276552223,0.0128466398141,0.459876807963,0.540123192037,-2.15383266777e-15,0.497160675584,0.247168737347,0.4,1.5,0.05,1,0.000201340026756,0.25,1.11803398875,0,0,0,0,0,0,0,0,0,0
6.3,0.972479326549,0.0275206734505,1,1.00007810567,0.447214525244,0.0126559450431,0.525264801305,0.0148647284074,0.459870470288,0.540129529712,-2.13162820728e-15,0.497082331313,0.247090844103,0.4,1.5,0.05,1,0.000201340026756,0.25,1.11803398875,0,0,0,0,0,0,0,0,0,0
6.35,0.968516885416,0.0314831145842,1,1.00007810567,0.445386126998,0.0144779535417,0.523130758418,0.0170051610425,0.459864080539,0.540135919461,-2.19824158876e-15,0.497003366961,0.24701234677,0.4,1.5,0.05,1,0.000201340026756,0.25,1.11803398875,0,0,0,0,0,0,0,0,0,0
6.4,0.964340407056,0.0356595929442,1,1.00007810567,0.443459302472,0.0163983362086,0.520881104584,0.0192612567355,0.45985763868,0.54014236132,-2.24265050974e-15,0.496923782627,0.246933245741,0.4,1.5,0.05,1,0.000201340026756,0.25,1.11803398875,0,0,0,0,0,0,0,0,0,0
6.45,0.959962938207,0.0400370617926,1,1.00007810567,0.441440055975,0.0184110886958,0.518522882233,0.0216259730969,0.45985114467,0.54014885533,-2.28705943073e-15,0.496843578412,0.246853541409,0.4,1.5,0.05,1,0.000201340026756,0.25,1.11803398875,0,0,0,0,0,0,0,0,0,0
6.5,0.955398153475,0.0446018465253,1,1.00007810567,0.439334680263,0.0205099182078,0.516063473212,0.0240919283175,0.459844598471,0.540155401529,-2.28705943073e-15,0.496762754417,0.246773234175,0.4,1.5,0.05,1,0.000201340026756,0.25,1.11803398875,0,0,0,0,0,0,0,0,0,0
6.55,0.950660312611,0.0493396873891,1,1.00007810567,0.437149736868,0.0226882631731,0.513510575743,0.026651424216,0.459838000041,0.540161999959,-2.30926389122e-15,0.496681310742,0.24669232444,0.4,1.5,0.05,1,0.000201340026756,0.25,1.11803398875,0,0,0,0,0,0,0,0,0,0
6.6,0.945764215972,0.0542357840278,1,1.00007810567,0.434892035588,0.0249393137537,0.510872180384,0.0292964702741,0.459831349341,0.540168650659,-2.35367281221e-15,0.496599247491,0.246610812608,0.4,1.5,0.05,1,0.000201340026756,0.25,1.11803398875,0,0,0,0,0,0,0,0,0,0
6.65,0.940725158284,0.0592748417159,1,1.00007810567,0.432568613201,0.0272560331301,0.508156545083,0.0320188085858,0.459824646331,0.540175353669,-2.39808173319e-15,0.496516564766,0.246528699087,0.4,1.5,0.05,1,0.000201340026756,0.25,1.11803398875,0,0,0,0,0,0,0,0,0,0
6.7,0.935558880862,0.0644411191377,1,1.00007810567,0.430186711473,0.0296311794955,0.505372169389,0.0348099396422,0.459817890969,0.540182109031,-2.42028619368e-15,0.496433262672,0.246445984287,0.4,1.5,0.05,1,0.000201340026756,0.25,1.11803398875,0,0,0,0,0,0,0,0,0,0
6.75,0.93028152244,0.0697184775605,1,1.00007810567,0.427753754525,0.0320573286892,0.502527767915,0.0376611488713,0.459811083214,0.540188916786,-2.44249065418e-15,0.496349341313,0.246362668622,0.4,1.5,0.05,1,0.000201340026756,0.25,1.11803398875,0,0,0,0,0,0,0,0,0,0
6.8,0.92490956875,0.0750904312501,1,1.00007810567,0.425277325624,0.0345268973998,0.499632243126,0.0405635338503,0.459804223024,0.540195776976,-2.55351295664e-15,0.496264800796,0.246278752509,0.4,1.5,0.05,1,0.000201340026756,0.25,1.11803398875,0,0,0,0,0,0,0,0,0,0
6.85,0.91945980103,0.0805401989699,1,1.00007810567,0.422765143493,0.0370321668645,0.496694657537,0.0435080321054,0.459797310357,0.540202689643,-2.55351295664e-15,0.496179641225,0.246194236367,0.4,1.5,0.05,1,0.000201340026756,0.25,1.11803398875,0,0,0,0,0,0,0,0,0,0
6.9,0.913949243597,0.086050756403,1,1.00007810567,0.42022503818,0.0395653069915,0.493724205417,0.0464854494115,0.459790345172,0.540209654828,-2.64233079861e-15,0.49609386271,0.246109120618,0.4,1.5,0.05,1,0.000201340026756,0.25,1.11803398875,0,0,0,0,0,0,0,0,0,0
6.95,0.908395110666,0.0916048893339,1,1.00007810567,0.417664926595,0.0421184008291,0.490730184071,0.0494864885048,0.459783327424,0.540216672576,-2.68673971959e-15,0.496007465356,0.246023405689,0.4,1.5,0.05,1,0.000201340026756,0.25,1.11803398875,0,0,0,0,0,0,0,0,0,0
7,0.902814752577,0.0971852474233,1,1.00007810567,0.415092787766,0.0446834693059,0.487721964811,0.0525017781173,0.459776257072,0.540223742928,-2.70894418009e-15,0.495920449273,0.245937092007,0.4,1.5,0.05,1,0.000201340026756,0.25,1.11803398875,0,0,0,0,0,0,0,0,0,0
7.05,0.897225601592,0.102774398408,1,1.00007810567,0.412516637906,0.047252496164,0.484708963686,0.0555219022441,0.45976913407,0.54023086593,-2.77555756156e-15,0.495832814571,0.245850180005,0.4,1.5,0.05,1,0.000201340026756,0.25,1.11803398875,0,0,0,0,0,0,0,0,0,0
7.1,0.891645117442,0.108354882558,1,1.00007810567,0.409944505369,0.0498174530078,0.481700612073,0.0585374295497,0.459761958377,0.540238041623,-2.77555756156e-15,0.495744561359,0.245762670117,0.4,1.5,0.05,1,0.000201340026756,0.25,1.11803398875,0,0,0,0,0,0,0,0,0,0
7.15,0.886090732785,0.113909267215,1,1.00007810567,0.407384405556,0.0523703243905,0.478706327229,0.0615389428243,0.459754729947,0.540245270053,-2.88657986403e-15,0.495655689749,0.24567456278,0.4,1.5,0.05,1,0.000201340026756,0.25,1.11803398875,0,0,0,0,0,0,0,0,0,0
7.2,0.880579798746,0.119420201254,1,1.00007810567,0.404844315877,0.054903132858,0.475735482868,0.0645170683962,0.459747448735,0.540252551265,-2.88657986403e-15,0.495566199852,0.245585858436,0.4,1.5,0.05,1,0.000201340026756,0.25,1.11803398875,0,0,0,0,0,0,0,0,0,0
7.25,0.875129530716,0.124870469284,1,1.00007810567,0.402332150823,0.057407963875,0.472797379893,0.0674625054087,0.459740114698,0.540259885302,-2.90878432452e-15,0.495476091781,0.245496557527,0.4,1.5,0.05,1,0.000201340026756,0.25,1.11803398875,0,0,0,0,0,0,0,0,0,0
7.3,0.869756954576,0.130243045424,1,1.00007810567,0.399855737236,0.0598769905525,0.46990121734,0.0703660548711,0.459732727789,0.540267272211,-2.90878432452e-15,0.495385365649,0.2454066605,0.4,1.5,0.05,1,0.000201340026756,0.25,1.11803398875,0,0,0,0,0,0,0,0,0,0
7.35,0.864478853507,0.135521146493,1,1.00007810567,0.397422789862,0.0623024981011,0.467056063645,0.0732186483918,0.459725287963,0.540274712037,-3.01980662698e-15,0.495294021571,0.245316167804,0.4,1.5,0.05,1,0.000201340026756,0.25,1.11803398875,0,0,0,0,0,0,0,0,0,0
7.4,0.859311715563,0.140688284437,1,1.00007810567,0.39504088724,0.064676907933,0.464270828322,0.0760113765042,0.459717795173,0.540282204827,-3.06421554797e-15,0.495202059661,0.245225079893,0.4,1.5,0.05,1,0.000201340026756,0.25,1.11803398875,0,0,0,0,0,0,0,0,0,0
7.45,0.854271682164,0.145728317836,1,1.00007810567,0.392717448036,0.0669928013383,0.461554234128,0.0787355164977,0.459710249374,0.540289750626,-3.10862446895e-15,0.495109480035,0.245133397221,0.4,1.5,0.05,1,0.000201340026756,0.25,1.11803398875,0,0,0,0,0,0,0,0,0,0
7.5,0.849374497675,0.150625502325,1,1.00007810567,0.390459707859,0.0692429426599,0.458914789816,0.0813825596654,0.459702650518,0.540297349482,-3.10862446895e-15,0.49501628281,0.245041120247,0.4,1.5,0.05,1,0.000201340026756,0.25,1.11803398875,0,0,0,0,0,0,0,0,0,0
7.55,0.844635460218,0.155364539782,1,1.00007810567,0.388274696662,0.0714203018965,0.456360763556,0.083944237885,0.459694998559,0.540305001441,-3.10862446895e-15,0.494922468102,0.244948249432,0.4,1.5,0.05,1,0.000201340026756,0.25,1.11803398875,0,0,0,0,0,0,0,0,0,0
7.6,0.84006937389,0.15993062611,1,1.00007810567,0.386169216786,0.0735180766619,0.453900157103,0.0864125494485,0.459687293448,0.540312706552,-3.17523785043e-15,0.49482803603,0.244854785241,0.4,1.5,0.05,1,0.000201340026756,0.25,1.11803398875,0,0,0,0,0,0,0,0,0,0
7.65,0.835690502507,0.164309497493,1,1.00007810567,0.384149821706,0.0755297134322,0.451540680802,0.0887797840606,0.459679535138,0.540320464862,-3.17523785043e-15,0.494732986712,0.244760728141,0.4,1.5,0.05,1,0.000201340026756,0.25,1.11803398875,0,0,0,0,0,0,0,0,0,0
7.7,0.831512525057,0.168487474943,1,1.00007810567,0.382222795565,0.0774489280149,0.449289729492,0.0910385469281,0.45967172358,0.54032827642,-3.19744231092e-15,0.494637320268,0.244666078602,0.4,1.5,0.05,1,0.000201340026756,0.25,1.11803398875,0,0,0,0,0,0,0,0,0,0
7.75,0.82754849296,0.17245150704,1,1.00007810567,0.38039413355,0.0792697251757,0.44715435941,0.0931817818647,0.459663858726,0.540336141274,-3.24185123191e-15,0.494541036818,0.244570837098,0.4,1.5,0.05,1,0.000201340026756,0.25,1.11803398875,0,0,0,0,0,0,0,0,0,0
7.8,0.8238107893,0.1761892107,1,1.00007810567,0.378669523165,0.0809864173613,0.445141266136,0.0952027933383,0.459655940526,0.540344059474,-3.2640556924e-15,0.494444136484,0.244475004104,0.4,1.5,0.05,1,0.000201340026756,0.25,1.11803398875,0,0,0,0,0,0,0,0,0,0
7.85,0.820311090146,0.179688909854,1,1.00007810567,0.377054326471,0.0825936424608,0.443256763675,0.0970952673931,0.459647968932,0.540352031068,-3.35287353437e-15,0.494346619388,0.2443785801,0.4,1.5,0.05,1,0.000201340026756,0.25,1.11803398875,0,0,0,0,0,0,0,0,0,0
7.9,0.81706032807,0.18293967193,1,1.00007810567,0.375553563344,0.0840863805485,0.441506764726,0.098853291381,0.459639943893,0.540360056107,-3.35287353437e-15,0.494248485651,0.244281565568,0.4,1.5,0.05,1,0.000201340026756,0.25,1.11803398875,0,0,0,0,0,0,0,0,0,0
7.95,0.814068658002,0.185931341998,1,1.00007810567,0.374171895801,0.0854599695584,0.439896762202,0.100471372439,0.459631865359,0.540368134641,-3.37507799486e-15,0.494149735398,0.244183960994,0.4,1.5,0.05,1,0.000201340026756,0.25,1.11803398875,0,0,0,0,0,0,0,0,0,0
8,0.811345425503,0.188654574497,1,1.00007810567,0.372913613442,0.0867101198381,0.438431812061,0.101944454658,0.459623733281,0.540376266719,-3.41948691585e-15,0.494050368752,0.244085766864,0.4,1.5,0.05,1,0.000201340026756,0.25,1.11803398875,0,0,0,0,0,0,0,0,0,0
8.05,0.808899137573,0.191100862427,1,1.00007810567,0.371782620066,0.0878329275399,0.437116517507,0.103267934887,0.459615547606,0.540384452394,-3.41948691585e-15,0.493950385839,0.243986983671,0.4,1.5,0.05,1,0.000201340026756,0.25,1.11803398875,0,0,0,0,0,0,0,0,0,0
8.1,0.806737436076,0.193262563924,1,1.00007810567,0.370782421479,0.0888248868053,0.435955014597,0.104437677119,0.459607308284,0.540392691716,-3.46389583683e-15,0.493849786785,0.243887611908,0.4,1.5,0.05,1,0.000201340026756,0.25,1.11803398875,0,0,0,0,0,0,0,0,0,0
8.15,0.804867073865,0.195132926135,1,1.00007810567,0.369916114559,0.0896829007051,0.434950959307,0.10545002543,0.459599015264,0.540400984736,-3.50830475782e-15,0.493748571716,0.243787652071,0.4,1.5,0.05,1,0.000201340026756,0.25,1.11803398875,0,0,0,0,0,0,0,0,0,0
8.2,0.803293893694,0.196706106306,1,1.00007810567,0.36918637759,0.0904042909019,0.434107516104,0.106301815404,0.459590668492,0.540409331508,-3.5527136788e-15,0.493646740758,0.243687104661,0.4,1.5,0.05,1,0.000201340026756,0.25,1.11803398875,0,0,0,0,0,0,0,0,0,0
8.25,0.802022809958,0.197977190042,1,1.00007810567,0.368595461913,0.0909868060038,0.433427348045,0.106990384039,0.459582267916,0.540417732084,-3.61932706028e-15,0.493544294042,0.243585970181,0.4,1.5,0.05,1,0.000201340026756,0.25,1.11803398875,0,0,0,0,0,0,0,0,0,0
8.3,0.801057793346,0.198942206654,1,1.00007810567,0.368145184901,0.0914286285837,0.432912608445,0.107513578071,0.459573813484,0.540426186516,-3.57491813929e-15,0.493441231694,0.243484249136,0.4,1.5,0.05,1,0.000201340026756,0.25,1.11803398875,0,0,0,0,0,0,0,0,0,0
8.35,0.800401858435,0.199598141565,1,1.00007810567,0.367836924299,0.0917283808425,0.432564934137,0.107869760722,0.459565305141,0.540434694859,-3.64153152077e-15,0.493337553846,0.243381942035,0.4,1.5,0.05,1,0.000201340026756,0.25,1.11803398875,0,0,0,0,0,0,0,0,0,0
8.4,0.800057054277,0.199942945723,1,1.00007810567,0.367671613936,0.0918851288981,0.432385440341,0.108057816825,0.459556742834,0.540443257166,-3.61932706028e-15,0.493233260627,0.243279049389,0.4,1.5,0.05,1,0.000201340026756,0.25,1.11803398875,0,0,0,0,0,0,0,0,0,0
8.45,0.800024457989,0.199975542011,1,1.00007810567,0.36764974082,0.0918983856871,0.432374717169,0.108077156323,0.459548126507,0.540451873493,-3.66373598126e-15,0.493128352169,0.243175571713,0.4,1.5,0.05,1,0.000201340026756,0.25,1.11803398875,0,0,0,0,0,0,0,0,0,0
8.5,0.8003041714,0.1996958286,1,1.00007810567,0.367771343636,0.0917681124704,0.432532827764,0.107927716129,0.459539456106,0.540460543894,-3.73034936274e-15,0.493022828603,0.243071509524,0.4,1.5,0.05,1,0.000201340026756,0.25,1.11803398875,0,0,0,0,0,0,0,0,0,0
8.55,0.800895320723,0.199104679277,1,1.00007810567,0.368036012638,0.0914947189373,0.432859308085,0.107609960339,0.459530731576,0.540469268424,-3.75255382323e-15,0.492916690062,0.242966863342,0.4,1.5,0.05,1,0.000201340026756,0.25,1.11803398875,0,0,0,0,0,0,0,0,0,0
8.6,0.80179605929,0.19820394071,1,1.00007810567,0.368442890951,0.0910790619088,0.433353168339,0.107124878801,0.45952195286,0.54047804714,-3.75255382323e-15,0.492809936681,0.242861633691,0.4,1.5,0.05,1,0.000201340026756,0.25,1.11803398875,0,0,0,0,0,0,0,0,0,0
8.65,0.803003573318,0.196996426682,1,1.00007810567,0.368990677259,0.0905224426433,0.434012896059,0.106473984038,0.459513119903,0.540486880097,-3.75255382323e-15,0.492702568592,0.242755821097,0.4,1.5,0.05,1,0.000201340026756,0.25,1.11803398875,0,0,0,0,0,0,0,0,0,0
8.7,0.804514090703,0.195485909297,1,1.00007810567,0.369677629894,0.0898266027545,0.434836460809,0.105659306543,0.459504232648,0.540495767352,-3.75255382323e-15,0.492594585932,0.242649426089,0.4,1.5,0.05,1,0.000201340026756,0.25,1.11803398875,0,0,0,0,0,0,0,0,0,0
8.75,0.806322892796,0.193677107204,1,1.00007810567,0.370501572289,0.0889937187517,0.435821320508,0.104683388452,0.45949529104,0.54050470896,-3.8413716652e-15,0.492485988835,0.242542449199,0.4,1.5,0.05,1,0.000201340026756,0.25,1.11803398875,0,0,0,0,0,0,0,0,0,0
8.8,0.808424329153,0.191575670847,1,1.00007810567,0.3714598998,0.0880263952233,0.436964429353,0.103549275624,0.459486295023,0.540513704977,-3.81916720471e-15,0.49237677744,0.242434890962,0.4,1.5,0.05,1,0.000201340026756,0.25,1.11803398875,0,0,0,0,0,0,0,0,0,0
8.85,0.810811835178,0.189188164822,1,1.00007810567,0.372549587859,0.0869276566814,0.438262247319,0.102260508141,0.45947724454,0.54052275546,-3.88578058619e-15,0.492266951882,0.242326751915,0.4,1.5,0.05,1,0.000201340026756,0.25,1.11803398875,0,0,0,0,0,0,0,0,0,0
8.9,0.813477952633,0.186522047367,1,1.00007810567,0.37376720144,0.085700938095,0.439710751193,0.100821109272,0.459468139535,0.540531860465,-3.8635761257e-15,0.492156512301,0.2422180326,0.4,1.5,0.05,1,0.000201340026756,0.25,1.11803398875,0,0,0,0,0,0,0,0,0,0
8.95,0.81641435294,0.18358564706,1,1.00007810567,0.375108905811,0.0843500741413,0.441305447129,0.0992355729189,0.459458979952,0.540541020048,-3.93018950717e-15,0.492045458834,0.24210873356,0.4,1.5,0.05,1,0.000201340026756,0.25,1.11803398875,0,0,0,0,0,0,0,0,0,0
9,0.81961186319,0.18038813681,1,1.00007810567,0.376570478527,0.0828792872075,0.443041384664,0.0975088496022,0.459449765734,0.540550234266,-3.93018950717e-15,0.491933791623,0.241998855341,0.4,1.5,0.05,1,0.000201340026756,0.25,1.11803398875,0,0,0,0,0,0,0,0,0,0
9.05,0.823060494808,0.176939505192,1,1.00007810567,0.378147322642,0.0812931741825,0.444913172165,0.0956463310099,0.459440496825,0.540559503175,-3.99680288865e-15,0.491821510807,0.241888398493,0.4,1.5,0.05,1,0.000201340026756,0.25,1.11803398875,0,0,0,0,0,0,0,0,0,0
9.1,0.826749474746,0.173250525254,1,1.00007810567,0.379834481088,0.0795966920783,0.446914993657,0.0936538331762,0.459431173166,0.540568826834,-4.04121180964e-15,0.491708616528,0.241777363568,0.4,1.5,0.05,1,0.000201340026756,0.25,1.11803398875,0,0,0,0,0,0,0,0,0,0
9.15,0.830667279144,0.169332720856,1,1.00007810567,0.381626652175,0.0777951425262,0.449040626969,0.0915375783301,0.459421794701,0.540578205299,-4.06341627013e-15,0.491595108928,0.241665751122,0.4,1.5,0.05,1,0.000201340026756,0.25,1.11803398875,0,0,0,0,0,0,0,0,0,0
9.2,0.834801669326,0.165198330674,1,1.00007810567,0.383518206172,0.0758941551981,0.451283463154,0.0893041754762,0.45941236137,0.54058763863,-4.13002965161e-15,0.491480988149,0.241553561712,0.4,1.5,0.05,1,0.000201340026756,0.25,1.11803398875,0,0,0,0,0,0,0,0,0,0
9.25,0.839139730031,0.160860269969,1,1.00007810567,0.38550320291,0.0738996702018,0.453636527121,0.086960599767,0.459402873112,0.540597126888,-4.10782519111e-15,0.491366254335,0.241440795899,0.4,1.5,0.05,1,0.000201340026756,0.25,1.11803398875,0,0,0,0,0,0,0,0,0,0
9.3,0.843667909761,0.156332090239,1,1.00007810567,0.387575410359,0.0718179195081,0.456092499403,0.0845141707304,0.459393329867,0.540606670133,-4.17443857259e-15,0.491250907631,0.241327454248,0.4,1.5,0.05,1,0.000201340026756,0.25,1.11803398875,0,0,0,0,0,0,0,0,0,0
9.35,0.848372063112,0.151627936888,1,1.00007810567,0.389728324105,0.0696554074659,0.458643739008,0.0819725294216,0.459383731571,0.540616268429,-4.21884749358e-15,0.491134948181,0.241213537325,0.4,1.5,0.05,1,0.000201340026756,0.25,1.11803398875,0,0,0,0,0,0,0,0,0,0
9.4,0.853237494963,0.146762505037,1,1.00007810567,0.391955187691,0.0674188904676,0.461282307272,0.0793436145694,0.459374078159,0.540625921841,-4.21884749358e-15,0.491018376132,0.241099045699,0.4,1.5,0.05,1,0.000201340026756,0.25,1.11803398875,0,0,0,0,0,0,0,0,0,0
9.45,0.85824900638,0.14175099362,1,1.00007810567,0.394249013738,0.0651153558272,0.463999992642,0.0766356377927,0.459364369565,0.540635630435,-4.19664303308e-15,0.49090119163,0.240983979944,0.4,1.5,0.05,1,0.000201340026756,0.25,1.11803398875,0,0,0,0,0,0,0,0,0,0
9.5,0.863390942099,0.136609057901,1,1.00007810567,0.396602605784,0.0627519999378,0.466788336315,0.0738570579635,0.459354605722,0.540645394278,-4.21884749358e-15,0.490783394823,0.240868340634,0.4,1.5,0.05,1,0.000201340026756,0.25,1.11803398875,0,0,0,0,0,0,0,0,0,0
9.55,0.868647239426,0.131352760574,1,1.00007810567,0.399008580782,0.060336205777,0.469638658644,0.0710165547967,0.459344786559,0.540655213441,-4.21884749358e-15,0.490664985859,0.240752128348,0.4,1.5,0.05,1,0.000201340026756,0.25,1.11803398875,0,0,0,0,0,0,0,0,0,0
9.6,0.874001478421,0.125998521579,1,1.00007810567,0.401459392178,0.0578755198298,0.472542086243,0.0681230017495,0.459334912008,0.540665087992,-4.26325641456e-15,0.490545964886,0.240635343666,0.4,1.5,0.05,1,0.000201340026756,0.25,1.11803398875,0,0,0,0,0,0,0,0,0,0
9.65,0.879436933183,0.120563066817,1,1.00007810567,0.403947353495,0.0553776285018,0.475489579688,0.0651854383149,0.459324981997,0.540675018003,-4.26325641456e-15,0.490426332055,0.240517987173,0.4,1.5,0.05,1,0.000201340026756,0.25,1.11803398875,0,0,0,0,0,0,0,0,0,0
9.7,0.884936624109,0.115063375891,1,1.00007810567,0.406464662359,0.052850334096,0.47847196175,0.062213041795,0.459314996455,0.540685003545,-4.37427871702e-15,0.490306087517,0.240400059456,0.4,1.5,0.05,1,0.000201340026756,0.25,1.11803398875,0,0,0,0,0,0,0,0,0,0
9.75,0.890483370928,0.109516629072,1,1.00007810567,0.409003424884,0.0503015304282,0.481479946044,0.0592150986441,0.459304955312,0.540695044688,-4.35207425653e-15,0.490185231421,0.240281561104,0.4,1.5,0.05,1,0.000201340026756,0.25,1.11803398875,0,0,0,0,0,0,0,0,0,0
9.8,0.896059846373,0.103940153627,1,1.00007810567,0.41155568034,0.0477391781582,0.484504166033,0.0562009754684,0.459294858498,0.540705141502,-4.39648317752e-15,0.490063763922,0.240162492709,0.4,1.5,0.05,1,0.000201340026756,0.25,1.11803398875,0,0,0,0,0,0,0,0,0,0
9.85,0.901648630312,0.0983513696883,1,1.00007810567,0.414113426034,0.0451712799124,0.487535204278,0.0531800897759,0.459284705946,0.540715294054,-4.41868763801e-15,0.48994168517,0.240042854867,0.4,1.5,0.05,1,0.000201340026756,0.25,1.11803398875,0,0,0,0,0,0,0,0,0,0
9.9,0.907232264158,0.0927677358415,1,1.00007810567,0.416668642313,0.0426058552765,0.490563621846,0.050161880565,0.459274497589,0.540725502411,-4.4408920985e-15,0.489818995321,0.239922648177,0.4,1.5,0.05,1,0.000201340026756,0.25,1.11803398875,0,0,0,0,0,0,0,0,0,0
9.95,0.912793305418,0.0872066945824,1,1.00007810567,0.419213317628,0.0400509157367,0.49357998779,0.0471557788457,0.459264233364,0.540735766636,-4.48530101949e-15,0.489695694528,0.239801873239,0.4,1.5,0.05,1,0.000201340026756,0.25,1.11803398875,0,0,0,0,0,0,0,0,0,0
10,0.918314382169,0.0816856178308,1,1.00007810567,0.421739473564,0.0375144396466,0.496574908606,0.0441711781842,0.45925391321,0.54074608679,-4.46309655899e-15,0.489571782947,0.239680530658,0.4,1.5,0.05,1,0.000201340026756,0.25,1.11803398875,0,0,0,0,0,0,0,0,0,0
10.05,0.923778247337,0.0762217526633,1,1.00007810567,0.42423918977,0.0350043472992,0.499539057567,0.0412174053641,0.459243537069,0.540756462931,-4.55191440096e-15,0.489447260733,0.239558621039,0.4,1.5,0.05,1,0.000201340026756,0.25,1.11803398875,0,0,0,0,0,0,0,0,0,0
10.1,0.929167832565,0.0708321674351,1,1.00007810567,0.426704628705,0.0325284761813,0.50246320386,0.0383036912538,0.459233104887,0.540766895113,-4.59632332195e-15,0.489322128045,0.239436144994,0.4,1.5,0.05,1,0.000201340026756,0.25,1.11803398875,0,0,0,0,0,0,0,0,0,0
10.15,0.934466301539,0.0655336984614,1,1.00007810567,0.429128060122,0.0300945564875,0.505338241416,0.0354391419739,0.45922261661,0.54077738339,-4.59632332195e-15,0.489196385038,0.239313103134,0.4,1.5,0.05,1,0.000201340026756,0.25,1.11803398875,0,0,0,0,0,0,0,0,0,0
10.2,0.939657102577,0.0603428974229,1,1.00007810567,0.431501885217,0.027710186971,0.50815521736,0.0326327104519,0.459212072188,0.540787927812,-4.61852778244e-15,0.489070031873,0.239189496076,0.4,1.5,0.05,1,0.000201340026756,0.25,1.11803398875,0,0,0,0,0,0,0,0,0,0
10.25,0.94472402034,0.0552759796605,1,1.00007810567,0.433818660367,0.0253828112061,0.510905359973,0.0298931684544,0.459201471573,0.540798528427,-4.64073224293e-15,0.488943068707,0.239065324437,0.4,1.5,0.05,1,0.000201340026756,0.25,1.11803398875,0,0,0,0,0,0,0,0,0,0
10.3,0.949651226479,0.0503487735211,1,1.00007810567,0.43607112038,0.0231196943362,0.513580106099,0.0272290791849,0.459190814716,0.540809185284,-4.61852778244e-15,0.488815495702,0.238940588838,0.4,1.5,0.05,1,0.000201340026756,0.25,1.11803398875,0,0,0,0,0,0,0,0,0,0
10.35,0.954423329088,0.0455766709118,1,1.00007810567,0.438252201188,0.0209279003813,0.5161711279,0.0246487705305,0.459180101569,0.540819898431,-4.68514116392e-15,0.488687313018,0.238815289905,0.4,1.5,0.05,1,0.000201340026756,0.25,1.11803398875,0,0,0,0,0,0,0,0,0,0
10.4,0.959025420782,0.0409745792179,1,1.00007810567,0.440355061907,0.0188142701743,0.518670358875,0.0221603090436,0.459169332081,0.540830667919,-4.64073224293e-15,0.488558520817,0.238689428263,0.4,1.5,0.05,1,0.000201340026756,0.25,1.11803398875,0,0,0,0,0,0,0,0,0,0
10.45,0.963443125266,0.0365568747343,1,1.00007810567,0.442373106203,0.0167853999966,0.521070019063,0.0197714747377,0.459158506199,0.540841493801,-4.70734562441e-15,0.488429119261,0.238563004542,0.4,1.5,0.05,1,0.000201340026756,0.25,1.11803398875,0,0,0,0,0,0,0,0,0,0
10.5,0.967662642244,0.0323373577556,1,1.00007810567,0.444300002888,0.0148476209776,0.523362639357,0.017489736778,0.459147623865,0.540852376135,-4.70734562441e-15,0.488299108515,0.238436019377,0.4,1.5,0.05,1,0.000201340026756,0.25,1.11803398875,0,0,0,0,0,0,0,0,0,0
10.55,0.971670790533,0.0283292094665,1,1.00007810567,0.446129705691,0.0130069793254,0.525541084842,0.0153222301411,0.459136685017,0.540863314983,-4.7295500849e-15,0.488168488742,0.238308473401,0.4,1.5,0.05,1,0.000201340026756,0.25,1.11803398875,0,0,0,0,0,0,0,0,0,0
10.6,0.975455049235,0.0245449507652,1,1.00007810567,0.447856472136,0.0112692174474,0.527598577099,0.0132757333178,0.459125689584,0.540874310416,-4.79616346638e-15,0.488037260108,0.238180367254,0.4,1.5,0.05,1,0.000201340026756,0.25,1.11803398875,0,0,0,0,0,0,0,0,0,0
10.65,0.97900359685,0.0209964031498,1,1.00007810567,0.449474881467,0.00963975602204,0.529528715384,0.0113566471278,0.459114637489,0.540885362511,-4.77395900589e-15,0.487905422778,0.238051701577,0.4,1.5,0.05,1,0.000201340026756,0.25,1.11803398875,0,0,0,0,0,0,0,0,0,0
10.7,0.98230534821,0.01769465179,1,1.00007810567,0.45097985157,0.00812367707607,0.53132549664,0.00957097471388,0.459103528646,0.540896471354,-4.81836792687e-15,0.48777297692,0.237922477014,0.4,1.5,0.05,1,0.000201340026756,0.25,1.11803398875,0,0,0,0,0,0,0,0,0,0
10.75,0.985349989102,0.0146500108979,1,1.00007810567,0.452366654841,0.00672570812149,0.532983334261,0.00792430277641,0.459092362962,0.540907637038,-4.86277684786e-15,0.487639922701,0.237792694212,0.4,1.5,0.05,1,0.000201340026756,0.25,1.11803398875,0,0,0,0,0,0,0,0,0,0
10.8,0.988128008491,0.0118719915087,1,1.00007810567,0.453630932933,0.0054502074006,0.534497075558,0.00642178410805,0.459081140334,0.540918859666,-4.86277684786e-15,0.48750626029,0.237662353822,0.4,1.5,0.05,1,0.000201340026756,0.25,1.11803398875,0,0,0,0,0,0,0,0,0,0
10.85,0.990630728231,0.00936927176866,1,1.00007810567,0.454768710363,0.00430115028584,0.535862017868,0.00506812148282,0.459069860649,0.540930139351,-4.86277684786e-15,0.487371989856,0.237531456496,0.4,1.5,0.05,1,0.000201340026756,0.25,1.11803398875,0,0,0,0,0,0,0,0,0,0
10.9,0.992850330173,0.00714966982654,1,1.00007810567,0.455776406912,0.00328211687663,0.537073923261,0.00386755294991,0.459058523789,0.540941476211,-4.86277684786e-15,0.48723711157,0.237400002891,0.4,1.5,0.05,1,0.000201340026756,0.25,1.11803398875,0,0,0,0,0,0,0,0,0,0
10.95,0.99477988059,0.00522011941025,1,1.00007810567,0.456650848796,0.00239628083195,0.538129031794,0.0028238385783,0.459047129628,0.540952870372,-4.86277684786e-15,0.487101625602,0.237267993664,0.4,1.5,0.05,1,0.000201340026756,0.25,1.11803398875,0,0,0,0,0,0,0,0,0,0
11,0.996413351833,0.00358664816711,1,1.00007810567,0.457389278562,0.00164639947352,0.539024073271,0.0019402486936,0.459035678035,0.540964321965,-4.95159468983e-15,0.486965532126,0.237135429479,0.4,1.5,0.05,1,0.000201340026756,0.25,1.11803398875,0,0,0,0,0,0,0,0,0,0
11.05,0.997745641166,0.00225435883425,1,1.00007810567,0.457989363686,0.0010348051904,0.539756277479,0.00121955364385,0.459024168877,0.540975831123,-4.97379915032e-15,0.486828831315,0.237002310999,0.4,1.5,0.05,1,0.000201340026756,0.25,1.11803398875,0,0,0,0,0,0,0,0,0,0
11.1,0.998772586702,0.00122741329836,1,1.00007810567,0.458449203845,0.000563398171925,0.540323382856,0.000664015126437,0.459012602017,0.540987397983,-4.97379915032e-15,0.486691523342,0.236868638893,0.4,1.5,0.05,1,0.000201340026756,0.25,1.11803398875,0,0,0,0,0,0,0,0,0,0
11.15,0.999490980405,0.000509019594566,1,1.00007810567,0.458767336832,0.000233640491426,0.540723643574,0.000275379103141,0.459000977323,0.540999022677,-5.0404125318e-15,0.486553608383,0.236734413831,0.4,1.5,0.05,1,0.000201340026756,0.25,1.11803398875,0,0,0,0,0,0,0,0,0,0
11.2,0.999898578115,0.000101421884944,1,1.00007810567,0.458942743106,4.65515594458e-05,0.540955835009,5.48703254985e-05,0.458989294665,0.541010705335,-5.0404125318e-15,0.486415086615,0.236599636487,0.4,1.5,0.05,1,0.000201340026756,0.25,1.11803398875,0,0,0,0,0,0,0,0,0,0
11.25,0.999994106552,5.89344808831e-06,1,1.00007810567,0.458974848959,2.70496038674e-06,0.541019257592,3.18848770156e-06,0.45897755392,0.54102244608,-5.08482145278e-15,0.486275958214,0.236464307537,0.4,1.5,0.05,1,0.000201340026756,0.25,1.11803398875,0,0,0,0,0,0,0,0,0,0
11.3,0.999777267298,0.000222732701558,1,1.00007810567,0.458863528291,0.000102226682533,0.540913739007,0.000120506019025,0.458965754974,0.541034245026,-5.08482145278e-15,0.48613622336,0.236328427663,0.4,1.5,0.05,1,0.000201340026756,0.25,1.11803398875,0,0,0,0,0,0,0,0,0,0
11.35,0.99924873773,0.000751262269663,1,1.00007810567,0.458609102977,0.000344794746905,0.540639634753,0.000406467522758,0.458953897724,0.541046102276,-5.15143483426e-15,0.485995882232,0.236191997546,0.4,1.5,0.05,1,0.000201340026756,0.25,1.11803398875,0,0,0,0,0,0,0,0,0,0
11.4,0.998410168901,0.0015898310995,1,1.00007810567,0.458212341847,0.000729640236053,0.540197827053,0.000860190863443,0.458941982083,0.541058017917,-5.15143483426e-15,0.48585493501,0.236055017874,0.4,1.5,0.05,1,0.000201340026756,0.25,1.11803398875,0,0,0,0,0,0,0,0,0,0
11.45,0.997264180381,0.00273581961858,1,1.00007810567,0.457674458259,0.00125554971952,0.539589722123,0.00148026989907,0.458930007978,0.541069992022,-5.24025267623e-15,0.485713381878,0.235917489335,0.4,1.5,0.05,1,0.000201340026756,0.25,1.11803398875,0,0,0,0,0,0,0,0,0,0
11.5,0.995814352082,0.00418564791807,1,1.00007810567,0.456997106285,0.00192086906832,0.538817245797,0.00226477884976,0.458917975354,0.541082024646,-5.28466159722e-15,0.485571223018,0.235779412624,0.4,1.5,0.05,1,0.000201340026756,0.25,1.11803398875,0,0,0,0,0,0,0,0,0,0
11.55,0.994065213064,0.00593478693588,1,1.00007810567,0.456182375525,0.00272350864648,0.537882837539,0.00321127828939,0.458905884172,0.541094115828,-5.3290705182e-15,0.485428458616,0.235640788435,0.4,1.5,0.05,1,0.000201340026756,0.25,1.11803398875,0,0,0,0,0,0,0,0,0,0
11.6,0.992022227395,0.00797777260481,1,1.00007810567,0.45523278455,0.00366094986334,0.536789442845,0.00431682274147,0.458893734414,0.541106265586,-5.30686605771e-15,0.485285088858,0.235501617468,0.4,1.5,0.05,1,0.000201340026756,0.25,1.11803398875,0,0,0,0,0,0,0,0,0,0
11.65,0.989691777078,0.0103082229216,1,1.00007810567,0.454151273012,0.00473025306596,0.535540504067,0.00557796985565,0.458881526078,0.541118473922,-5.30686605771e-15,0.485141113932,0.235361900427,0.4,1.5,0.05,1,0.000201340026756,0.25,1.11803398875,0,0,0,0,0,0,0,0,0,0
11.7,0.987081142117,0.0129188578834,1,1.00007810567,0.452941192433,0.00592806674708,0.534139949684,0.00699079113631,0.45886925918,0.54113074082,-5.3290705182e-15,0.484996534027,0.235221638018,0.4,1.5,0.05,1,0.000201340026756,0.25,1.11803398875,0,0,0,0,0,0,0,0,0,0
11.75,0.984198477771,0.0158015222294,1,1.00007810567,0.451606295711,0.00725063803962,0.532592182059,0.00855088418978,0.458856933751,0.541143066249,-5.35127497869e-15,0.484851349333,0.235080830951,0.4,1.5,0.05,1,0.000201340026756,0.25,1.11803398875,0,0,0,0,0,0,0,0,0,0
11.8,0.981052789083,0.0189472109169,1,1.00007810567,0.45015072537,0.00869382446478,0.530902063713,0.0102533864521,0.458844549835,0.541155450165,-5.37347943919e-15,0.484705560045,0.234939479938,0.4,1.5,0.05,1,0.000201340026756,0.25,1.11803398875,0,0,0,0,0,0,0,0,0,0
11.85,0.977653902748,0.0223460972516,1,1.00007810567,0.448579000588,0.0102531068972,0.52907490216,0.0120929903544,0.458832107485,0.541167892515,-5.39568389968e-15,0.484559166355,0.234797585699,0.4,1.5,0.05,1,0.000201340026756,0.25,1.11803398875,0,0,0,0,0,0,0,0,0,0
11.9,0.974012436415,0.025987563585,1,1.00007810567,0.446896003056,0.0119236037062,0.527116433359,0.0140639598789,0.458819606762,0.541180393238,-5.44009282066e-15,0.484412168461,0.234655148953,0.4,1.5,0.05,1,0.000201340026756,0.25,1.11803398875,0,0,0,0,0,0,0,0,0,0
11.95,0.970139765517,0.0298602344825,1,1.00007810567,0.445106961699,0.013700086029,0.525032803818,0.0161601484535,0.458807047728,0.541192952272,-5.44009282066e-15,0.48426456656,0.234512170425,0.4,1.5,0.05,1,0.000201340026756,0.25,1.11803398875,0,0,0,0,0,0,0,0,0,0
12,0.966047987742,0.0339520122585,1,1.00007810567,0.443217436316,0.0155769941284,0.522830551426,0.0183750181301,0.458794430444,0.541205569556,-5.44009282066e-15,0.484116360852,0.234368650844,0.4,1.5,0.05,1,0.000201340026756,0.25,1.11803398875,0,0,0,0,0,0,0,0,0,0
12.05,0.961749885232,0.0382501147678,1,1.00007810567,0.44123330018,0.0175484547828,0.520516585052,0.020701659985,0.458781754963,0.541218245037,-5.48450174165e-15,0.483967551539,0.234224590942,0.4,1.5,0.05,1,0.000201340026756,0.25,1.11803398875,0,0,0,0,0,0,0,0,0,0
12.1,0.957258884664,0.0427411153357,1,1.00007810567,0.439160721673,0.0196082996553,0.518098162991,0.0231328156804,0.458769021328,0.541230978672,-5.50670620214e-15,0.483818138825,0.234079991456,0.4,1.5,0.05,1,0.000201340026756,0.25,1.11803398875,0,0,0,0,0,0,0,0,0,0
12.15,0.952589015299,0.0474109847006,1,1.00007810567,0.437006144981,0.0217500845838,0.515582870318,0.0256609001168,0.458756229565,0.541243770435,-5.55111512313e-15,0.483668122916,0.233934853125,0.4,1.5,0.05,1,0.000201340026756,0.25,1.11803398875,0,0,0,0,0,0,0,0,0,0
12.2,0.94775486516,0.0522451348396,1,1.00007810567,0.434776269948,0.0239671097309,0.512978595212,0.0282780251087,0.458743379679,0.541256620321,-5.50670620214e-15,0.483517504021,0.233789176695,0.4,1.5,0.05,1,0.000201340026756,0.25,1.11803398875,0,0,0,0,0,0,0,0,0,0
12.25,0.94277153546,0.0572284645397,1,1.00007810567,0.432478031117,0.0262524405332,0.510293504344,0.0309760240065,0.45873047165,0.54126952835,-5.50670620214e-15,0.483366282351,0.233642962914,0.4,1.5,0.05,1,0.000201340026756,0.25,1.11803398875,0,0,0,0,0,0,0,0,0,0
12.3,0.937654593428,0.0623454065716,1,1.00007810567,0.430118576047,0.0285989293808,0.507536017381,0.0337464771908,0.458717505428,0.541282494572,-5.6177285046e-15,0.483214458119,0.233496212535,0.4,1.5,0.05,1,0.000201340026756,0.25,1.11803398875,0,0,0,0,0,0,0,0,0,0
12.35,0.932420023681,0.0675799763194,1,1.00007810567,0.427705242969,0.0309992379627,0.504714780712,0.0365807383567,0.458704480932,0.541295519068,-5.66213742559e-15,0.48306203154,0.233348926316,0.4,1.5,0.05,1,0.000201340026756,0.25,1.11803398875,0,0,0,0,0,0,0,0,0,0
12.4,0.927084178285,0.0729158217149,1,1.00007810567,0.425245537838,0.0334458602059,0.501838640448,0.039469961509,0.458691398044,0.541308601956,-5.68434188608e-15,0.482909002833,0.233201105018,0.4,1.5,0.05,1,0.000201340026756,0.25,1.11803398875,0,0,0,0,0,0,0,0,0,0
12.45,0.921663725681,0.0783362743187,1,1.00007810567,0.422747110871,0.0359311457381,0.498916614811,0.0424051285806,0.458678256609,0.541321743391,-5.81756864904e-15,0.48275537222,0.233052749407,0.4,1.5,0.05,1,0.000201340026756,0.25,1.11803398875,0,0,0,0,0,0,0,0,0,0
12.5,0.91617559861,0.0838244013903,1,1.00007810567,0.420217732635,0.038447323799,0.495957865975,0.0453770775914,0.458665056434,0.541334943566,-5.86197757002e-15,0.482601139923,0.232903860255,0.4,1.5,0.05,1,0.000201340026756,0.25,1.11803398875,0,0,0,0,0,0,0,0,0,0
12.55,0.910636941216,0.0893630587836,1,1.00007810567,0.417665269761,0.0409865275273,0.492971671456,0.0483765312562,0.458651797288,0.541348202712,-5.81756864904e-15,0.48244630617,0.232754438338,0.4,1.5,0.05,1,0.000201340026756,0.25,1.11803398875,0,0,0,0,0,0,0,0,0,0
12.6,0.905065055497,0.0949349445025,1,1.00007810567,0.415097660355,0.0435408185467,0.489967395142,0.0513941259558,0.458638478902,0.541361521098,-5.95079541199e-15,0.482290871192,0.232604484435,0.4,1.5,0.05,1,0.000201340026756,0.25,1.11803398875,0,0,0,0,0,0,0,0,0,0
12.65,0.899477347249,0.100522652751,1,1.00007810567,0.412522889197,0.0461022117734,0.486954458053,0.0544204409773,0.45862510097,0.54137489903,-5.95079541199e-15,0.482134835221,0.232453999333,0.4,1.5,0.05,1,0.000201340026756,0.25,1.11803398875,0,0,0,0,0,0,0,0,0,0
12.7,0.893891271696,0.106108728304,1,1.00007810567,0.409948962786,0.0486627003691,0.48394230891,0.0574460279352,0.458611663155,0.541388336845,-6.01740879347e-15,0.481978198493,0.232302983823,0.4,1.5,0.05,1,0.000201340026756,0.25,1.11803398875,0,0,0,0,0,0,0,0,0,0
12.75,0.888324278961,0.111675721039,1,1.00007810567,0.407383884329,0.0512142807603,0.480940394632,0.0604614402791,0.458598165089,0.541401834911,-6.06181771445e-15,0.48182096125,0.2321514387,0.4,1.5,0.05,1,0.000201340026756,0.25,1.11803398875,0,0,0,0,0,0,0,0,0,0
12.8,0.882793759555,0.117206240445,1,1.00007810567,0.404835628734,0.0537489776468,0.477958130821,0.0634572627979,0.458584606381,0.541415393619,-6.15063555642e-15,0.481663123735,0.231999364767,0.4,1.5,0.05,1,0.000201340026756,0.25,1.11803398875,0,0,0,0,0,0,0,0,0,0
12.85,0.877316990054,0.122683009946,1,1.00007810567,0.402312117701,0.0562588689202,0.475004872353,0.0664241410261,0.458570986621,0.541429013379,-6.23945339839e-15,0.481504686196,0.231846762829,0.4,1.5,0.05,1,0.000201340026756,0.25,1.11803398875,0,0,0,0,0,0,0,0,0,0
12.9,0.871911079123,0.128088920877,1,1.00007810567,0.39982119497,0.0587361104152,0.472089884152,0.0693528104621,0.458557305386,0.541442694614,-6.30606677987e-15,0.481345648885,0.2316936337,0.4,1.5,0.05,1,0.000201340026756,0.25,1.11803398875,0,0,0,0,0,0,0,0,0,0
12.95,0.866592914076,0.133407085924,1,1.00007810567,0.39737060183,0.0611729604166,0.469222312247,0.0722341255069,0.458543562246,0.541456437754,-6.32827124036e-15,0.481186012057,0.231539978199,0.4,1.5,0.05,1,0.000201340026756,0.25,1.11803398875,0,0,0,0,0,0,0,0,0,0
13,0.861379108124,0.138620891876,1,1.00007810567,0.394967952931,0.063561803845,0.466411155193,0.0750590880315,0.458529756776,0.541470243224,-6.48370246381e-15,0.481025775973,0.23138579715,0.4,1.5,0.05,1,0.000201340026756,0.25,1.11803398875,0,0,0,0,0,0,0,0,0,0
13.05,0.856285948469,0.143714051531,1,1.00007810567,0.392620712512,0.0658951760452,0.463665235957,0.0778188754859,0.458515888557,0.541484111443,-6.5059069243e-15,0.480864940897,0.231231091384,0.4,1.5,0.05,1,0.000201340026756,0.25,1.11803398875,0,0,0,0,0,0,0,0,0,0
13.1,0.851329345436,0.148670654564,1,1.00007810567,0.390336171086,0.0681657861042,0.46099317435,0.0805048684602,0.45850195719,0.54149804281,-6.57252030578e-15,0.480703507101,0.231075861739,0.4,1.5,0.05,1,0.000201340026756,0.25,1.11803398875,0,0,0,0,0,0,0,0,0,0
13.15,0.846524782762,0.153475217238,1,1.00007810567,0.388121422674,0.0703665396248,0.458403360088,0.0831086776127,0.458487962299,0.541512037701,-6.63913368726e-15,0.480541474857,0.230920109058,0.4,1.5,0.05,1,0.000201340026756,0.25,1.11803398875,0,0,0,0,0,0,0,0,0,0
13.2,0.841887269236,0.158112730764,1,1.00007810567,0.385983342658,0.0724905608839,0.455903926577,0.0856221698805,0.458473903542,0.541526096458,-6.75015598972e-15,0.480378844448,0.230763834193,0.4,1.5,0.05,1,0.000201340026756,0.25,1.11803398875,0,0,0,0,0,0,0,0,0,0
13.25,0.837431291802,0.162568708198,1,1.00007810567,0.383928566311,0.0745312143065,0.453502725492,0.088037493891,0.458459780617,0.541540219383,-6.77236045021e-15,0.480215616157,0.230607038001,0.4,1.5,0.05,1,0.000201340026756,0.25,1.11803398875,0,0,0,0,0,0,0,0,0,0
13.3,0.833170770317,0.166829229683,1,1.00007810567,0.381963468081,0.0764821251878,0.451207302237,0.0903471044947,0.458445593269,0.541554406731,-6.79456491071e-15,0.480051790276,0.230449721347,0.4,1.5,0.05,1,0.000201340026756,0.25,1.11803398875,0,0,0,0,0,0,0,0,0,0
13.35,0.829119014057,0.170880985943,1,1.00007810567,0.380094141695,0.0783371995993,0.449024872362,0.0925437863433,0.458431341294,0.541568658706,-6.88338275268e-15,0.479887367102,0.230291885104,0.4,1.5,0.05,1,0.000201340026756,0.25,1.11803398875,0,0,0,0,0,0,0,0,0,0
13.4,0.825288680146,0.174711319854,1,1.00007810567,0.378326381136,0.0800906434153,0.44696229901,0.094620676439,0.458417024551,0.541582975449,-6.92779167366e-15,0.479722346939,0.230133530152,0.4,1.5,0.05,1,0.000201340026756,0.25,1.11803398875,0,0,0,0,0,0,0,0,0,0
13.45,0.821691734013,0.178308265987,1,1.00007810567,0.376665662555,0.0817369804022,0.445026071458,0.0965712855846,0.458402642957,0.541597357043,-7.03881397612e-15,0.479556730095,0.22997465738,0.4,1.5,0.05,1,0.000201340026756,0.25,1.11803398875,0,0,0,0,0,0,0,0,0,0
13.5,0.81833941202,0.18166058798,1,1.00007810567,0.375117127187,0.0832710693124,0.443222284833,0.0983895186681,0.458388196499,0.541611803501,-7.08322289711e-15,0.479390516888,0.229815267682,0.4,1.5,0.05,1,0.000201340026756,0.25,1.11803398875,0,0,0,0,0,0,0,0,0,0
13.55,0.815242186353,0.184757813647,1,1.00007810567,0.373685565299,0.0846881199297,0.441556621054,0.100069693717,0.458373685229,0.541626314771,-7.17204073908e-15,0.479223707641,0.229655361965,0.4,1.5,0.05,1,0.000201340026756,0.25,1.11803398875,0,0,0,0,0,0,0,0,0,0
13.6,0.812409732315,0.187590267685,1,1.00007810567,0.372375401253,0.0859837080174,0.440034331063,0.101606559667,0.45835910927,0.54164089073,-7.21644966006e-15,0.479056302684,0.229494941141,0.4,1.5,0.05,1,0.000201340026756,0.25,1.11803398875,0,0,0,0,0,0,0,0,0,0
13.65,0.8098508981,0.1901491019,1,1.00007810567,0.371190679694,0.0871537891197,0.438660218406,0.10299531278,0.458344468814,0.541655531186,-7.32747196253e-15,0.478888302354,0.229334006132,0.4,1.5,0.05,1,0.000201340026756,0.25,1.11803398875,0,0,0,0,0,0,0,0,0,0
13.7,0.80757367715,0.19242632285,1,1.00007810567,0.370135052942,0.0881947111766,0.437438624208,0.104231611674,0.458329764118,0.541670235882,-7.394085344e-15,0.478719706999,0.229172557869,0.4,1.5,0.05,1,0.000201340026756,0.25,1.11803398875,0,0,0,0,0,0,0,0,0,0
13.75,0.805585183185,0.194414816815,1,1.00007810567,0.369211769597,0.0891032259095,0.436373413588,0.105311590905,0.458314995506,0.541685004494,-7.48290318597e-15,0.47855051697,0.229010597293,0.4,1.5,0.05,1,0.000201340026756,0.25,1.11803398875,0,0,0,0,0,0,0,0,0,0
13.8,0.803891627986,0.196108372014,1,1.00007810567,0.368423664415,0.0898764989454,0.435467963571,0.106231873069,0.458300163361,0.541699836639,-7.59392548844e-15,0.478380732631,0.228848125353,0.4,1.5,0.05,1,0.000201340026756,0.25,1.11803398875,0,0,0,0,0,0,0,0,0,0
13.85,0.802498301983,0.197501698017,1,1.00007810567,0.367773149473,0.0905121186446,0.43472515251,0.106989579373,0.458285268117,0.541714731883,-7.68274333041e-15,0.478210354352,0.22868514301,0.4,1.5,0.05,1,0.000201340026756,0.25,1.11803398875,0,0,0,0,0,0,0,0,0,0
13.9,0.801409557732,0.198590442268,1,1.00007810567,0.367262206652,0.091008103608,0.43414735108,0.10758233866,0.45827031026,0.54172968974,-7.77156117238e-15,0.478039382512,0.228521651233,0.4,1.5,0.05,1,0.000201340026756,0.25,1.11803398875,0,0,0,0,0,0,0,0,0,0
13.95,0.800628796321,0.199371203679,1,1.00007810567,0.366892381476,0.0913629088376,0.433736414845,0.108008294842,0.458255290313,0.541744709687,-7.86037901435e-15,0.4778678175,0.228357651002,0.4,1.5,0.05,1,0.000201340026756,0.25,1.11803398875,0,0,0,0,0,0,0,0,0,0
14,0.800158456738,0.199841543262,1,1.00007810567,0.366664778298,0.0915754305331,0.43349367844,0.108266112729,0.458240208831,0.541759791169,-7.94919685632e-15,0.477695659713,0.228193143308,0.4,1.5,0.05,1,0.000201340026756,0.25,1.11803398875,0,0,0,0,0,0,0,0,0,0
14.05,0.800000008259,0.199999991741,1,1.00007810567,0.366580056879,0.0916450095086,0.43341995138,0.108354982232,0.458225066388,0.541774933612,-8.03801469829e-15,0.477522909559,0.228028129153,0.4,1.5,0.05,1,0.000201340026756,0.25,1.11803398875,0,0,0,0,0,0,0,0,0,0
14.1,0.800153945856,0.199846054144,1,1.00007810567,0.36663843035,0.0915714332201,0.433515515506,0.108274620924,0.45820986357,0.54179013643,-8.14903700075e-15,0.477349567455,0.22786260955,0.4,1.5,0.05,1,0.000201340026756,0.25,1.11803398875,0,0,0,0,0,0,0,0,0,0
14.15,0.800619788648,0.199380211352,1,1.00007810567,0.366839664568,0.0913549363962,0.43378012408,0.108025274956,0.458194600964,0.541805399036,-8.26005930321e-15,0.477175633831,0.227696585522,0.4,1.5,0.05,1,0.000201340026756,0.25,1.11803398875,0,0,0,0,0,0,0,0,0,0
14.2,0.801396081408,0.198603918592,1,1.00007810567,0.367183078873,0.0909962002714,0.434213002535,0.107607718321,0.458179279144,0.541820720856,-8.37108160567e-15,0.477001109123,0.227530058105,0.4,1.5,0.05,1,0.000201340026756,0.25,1.11803398875,0,0,0,0,0,0,0,0,0,0
14.25,0.802480399105,0.197519600895,1,1.00007810567,0.367667548237,0.0904963504238,0.434812850868,0.107023250472,0.458163898661,0.541836101339,-8.43769498715e-15,0.476825993782,0.227363028346,0.4,1.5,0.05,1,0.000201340026756,0.25,1.11803398875,0,0,0,0,0,0,0,0,0,0
14.3,0.80386935448,0.19613064552,1,1.00007810567,0.368291506805,0.0898569532253,0.435577847675,0.106273692294,0.458148460031,0.541851539969,-8.54871728961e-15,0.476650288267,0.227195497305,0.4,1.5,0.05,1,0.000201340026756,0.25,1.11803398875,0,0,0,0,0,0,0,0,0,0
14.35,0.805558608631,0.194441391369,1,1.00007810567,0.369052952811,0.0890800109139,0.436505655821,0.105361380455,0.458132963725,0.541867036275,-8.72635297355e-15,0.476473993052,0.227027466055,0.4,1.5,0.05,1,0.000201340026756,0.25,1.11803398875,0,0,0,0,0,0,0,0,0,0
14.4,0.807542884563,0.192457115437,1,1.00007810567,0.36994945485,0.0881679553054,0.437593429713,0.104289160132,0.458117410156,0.541882589844,-8.881784197e-15,0.476297108619,0.226858935679,0.4,1.5,0.05,1,0.000201340026756,0.25,1.11803398875,0,0,0,0,0,0,0,0,0,0
14.45,0.809815983673,0.190184016327,1,1.00007810567,0.370978159506,0.0871236401631,0.438837824166,0.103060376164,0.458101799669,0.541898200331,-8.99280649946e-15,0.476119635465,0.226689907275,0.4,1.5,0.05,1,0.000201340026756,0.25,1.11803398875,0,0,0,0,0,0,0,0,0,0
14.5,0.812370805115,0.187629194885,1,1.00007810567,0.372135800284,0.0859503322503,0.440235004831,0.101678862635,0.458086132534,0.541913867466,-9.10382880193e-15,0.475941574097,0.226520381954,0.4,1.5,0.05,1,0.000201340026756,0.25,1.11803398875,0,0,0,0,0,0,0,0,0,0
14.55,0.815199367982,0.184800632018,1,1.00007810567,0.373418707837,0.0846517010936,0.441780660145,0.100148930924,0.458070408931,0.541929591069,-9.21485110439e-15,0.475762925038,0.226350360841,0.4,1.5,0.05,1,0.000201340026756,0.25,1.11803398875,0,0,0,0,0,0,0,0,0,0
14.6,0.818292836238,0.181707163762,1,1.00007810567,0.374822821458,0.0832318074883,0.44347001478,0.0984753562736,0.458054628947,0.541945371053,-9.32587340685e-15,0.475583688821,0.226179845073,0.4,1.5,0.05,1,0.000201340026756,0.25,1.11803398875,0,0,0,0,0,0,0,0,0,0
14.65,0.821641546317,0.178358453683,1,1.00007810567,0.376343701784,0.0816950907831,0.445297844533,0.0966633628998,0.458038792567,0.541961207433,-9.45910016981e-15,0.475403865993,0.226008835801,0.4,1.5,0.05,1,0.000201340026756,0.25,1.11803398875,0,0,0,0,0,0,0,0,0,0
14.7,0.825235037314,0.174764962686,1,1.00007810567,0.377976544686,0.0800463549837,0.447258492628,0.0947186077018,0.45802289967,0.54197710033,-9.61453139325e-15,0.475223457116,0.225837334193,0.4,1.5,0.05,1,0.000201340026756,0.25,1.11803398875,0,0,0,0,0,0,0,0,0,0
14.75,0.829062083664,0.170937916336,1,1.00007810567,0.379716196304,0.0782907537176,0.449345887359,0.0926471626185,0.458006950022,0.541993049978,-9.72555369572e-15,0.475042462764,0.225665341429,0.4,1.5,0.05,1,0.000201340026756,0.25,1.11803398875,0,0,0,0,0,0,0,0,0,0
14.8,0.833110730204,0.166889269796,1,1.00007810567,0.381557169166,0.0764337741091,0.451553561038,0.0904554956864,0.457990943275,0.542009056725,-9.92539384015e-15,0.474860883527,0.225492858704,0.4,1.5,0.05,1,0.000201340026756,0.25,1.11803398875,0,0,0,0,0,0,0,0,0,0
14.85,0.837368329527,0.162631670473,1,1.00007810567,0.383493659352,0.0744812196133,0.453874670175,0.0881504508595,0.457974878966,0.542025121034,-1.00586206031e-14,0.474678720009,0.225319887229,0.4,1.5,0.05,1,0.000201340026756,0.25,1.11803398875,0,0,0,0,0,0,0,0,0,0
14.9,0.841821581483,0.158178418517,1,1.00007810567,0.385519564651,0.0724391918633,0.456302016832,0.0857392266533,0.457958756514,0.542041243486,-1.0236256287e-14,0.474495972828,0.22514642823,0.4,1.5,0.05,1,0.000201340026756,0.25,1.11803398875,0,0,0,0,0,0,0,0,0,0
14.95,0.846456574733,0.153543425267,1,1.00007810567,0.387628503639,0.0703140715875,0.458828071094,0.0832293536795,0.457942575227,0.542057424773,-1.0413891971e-14,0.474312642619,0.224972482948,0.4,1.5,0.05,1,0.000201340026756,0.25,1.11803398875,0,0,0,0,0,0,0,0,0,0
15,0.851258830201,0.148741169799,1,1.00007810567,0.389813835643,0.0681124986564,0.461444994559,0.0806286711423,0.457926334299,0.542073665701,-1.05693231944e-14,0.474128730032,0.224798052642,0.4,1.5,0.05,1,0.000201340026756,0.25,1.11803398875,0,0,0,0,0,0,0,0,0,0
15.05,0.85621334631,0.14378665369,1,1.00007810567,0.392068681499,0.065841351321,0.464144664811,0.0779453023693,0.45791003282,0.54208996718,-1.07691633389e-14,0.473944235732,0.224623138584,0.4,1.5,0.05,1,0.000201340026756,0.25,1.11803398875,0,0,0,0,0,0,0,0,0,0
15.1,0.861304645839,0.138695354161,1,1.00007810567,0.39438594507,0.0635077247083,0.466918700768,0.0751876294531,0.457893669779,0.542106330221,-1.09245945623e-14,0.473759160401,0.224447742064,0.4,1.5,0.05,1,0.000201340026756,0.25,1.11803398875,0,0,0,0,0,0,0,0,0,0
15.15,0.866516824276,0.133483175724,1,1.00007810567,0.396758335432,0.0611189086402,0.469758488844,0.0723642670841,0.457877244072,0.542122755928,-1.11244347067e-14,0.473573504738,0.22427186439,0.4,1.5,0.05,1,0.000201340026756,0.25,1.11803398875,0,0,0,0,0,0,0,0,0,0
15.2,0.8718335995,0.1281664005,1,1.00007810567,0.399178389668,0.0586823648451,0.472655209832,0.0694840356546,0.457860754513,0.542139245487,-1.13242748512e-14,0.473387269459,0.224095506886,0.4,1.5,0.05,1,0.000201340026756,0.25,1.11803398875,0,0,0,0,0,0,0,0,0,0
15.25,0.877238362645,0.122761637355,1,1.00007810567,0.401638496208,0.0562057036346,0.475599866437,0.0665559337201,0.457844199843,0.542155800157,-1.15019105351e-14,0.473200455295,0.223918670891,0.4,1.5,0.05,1,0.000201340026756,0.25,1.11803398875,0,0,0,0,0,0,0,0,0,0
15.3,0.882714229982,0.117285770018,1,1.00007810567,0.404130918623,0.0536966601159,0.478583311359,0.0635891099021,0.457827578739,0.542172421261,-1.16351372981e-14,0.473013062998,0.223741357767,0.4,1.5,0.05,1,0.000201340026756,0.25,1.11803398875,0,0,0,0,0,0,0,0,0,0
15.35,0.888244095662,0.111755904338,1,1.00007810567,0.406647819814,0.0511630700164,0.481596275848,0.0605928343218,0.457810889831,0.542189110169,-1.1857181903e-14,0.472825093335,0.223563568887,0.4,1.5,0.05,1,0.000201340026756,0.25,1.11803398875,0,0,0,0,0,0,0,0,0,0
15.4,0.893810685153,0.106189314847,1,1.00007810567,0.409181286516,0.0486128451943,0.484629398637,0.0575764696528,0.45779413171,0.54220586829,-1.20792265079e-14,0.472636547094,0.223385305649,0.4,1.5,0.05,1,0.000201340026756,0.25,1.11803398875,0,0,0,0,0,0,0,0,0,0
15.45,0.899396609204,0.100603390796,1,1.00007810567,0.411723354035,0.0460539489126,0.487673255169,0.0545494418837,0.457777302947,0.542222697053,-1.22790666524e-14,0.472447425079,0.223206569464,0.4,1.5,0.05,1,0.000201340026756,0.25,1.11803398875,0,0,0,0,0,0,0,0,0,0
15.5,0.904984418164,0.0950155818364,1,1.00007810567,0.414266031152,0.0434943709537,0.490718387012,0.0515212108827,0.457760402105,0.542239597895,-1.24122934153e-14,0.472257728115,0.223027361764,0.4,1.5,0.05,1,0.000201340026756,0.25,1.11803398875,0,0,0,0,0,0,0,0,0,0
15.55,0.910556656494,0.0894433435059,1,1.00007810567,0.416801325102,0.0409421026517,0.493755331392,0.0485012408542,0.457743427754,0.542256572246,-1.26343380202e-14,0.472067457044,0.222847684,0.4,1.5,0.05,1,0.000201340026756,0.25,1.11803398875,0,0,0,0,0,0,0,0,0,0
15.6,0.916095917297,0.0839040827028,1,1.00007810567,0.419321266563,0.0384051119207,0.496774650734,0.0454989707822,0.457726378483,0.542273621517,-1.29007915461e-14,0.471876612731,0.222667537643,0.4,1.5,0.05,1,0.000201340026756,0.25,1.11803398875,0,0,0,0,0,0,0,0,0,0
15.65,0.921584896692,0.078415103308,1,1.00007810567,0.421817934567,0.0358913183578,0.499766962125,0.0425237849502,0.457709252924,0.542290747076,-1.31228361511e-14,0.471685196058,0.22248692418,0.4,1.5,0.05,1,0.000201340026756,0.25,1.11803398875,0,0,0,0,0,0,0,0,0,0
15.7,0.92700644787,0.0729935521303,1,1.00007810567,0.42428348126,0.0334085684979,0.502722966609,0.0395849836323,0.457692049758,0.542307950242,-1.3344880756e-14,0.471493207928,0.222305845122,0.4,1.5,0.05,1,0.000201340026756,0.25,1.11803398875,0,0,0,0,0,0,0,0,0,0
15.75,0.932343634658,0.0676563653418,1,1.00007810567,0.426710156437,0.0309646112975,0.505633478222,0.0366917540443,0.457674767734,0.542325232266,-1.35447209004e-14,0.471300649265,0.222124301998,0.4,1.5,0.05,1,0.000201340026756,0.25,1.11803398875,0,0,0,0,0,0,0,0,0,0
15.8,0.937579784428,0.0624202155724,1,1.00007810567,0.429090331758,0.0285670739246,0.508489452669,0.0338531416478,0.457657405683,0.542342594317,-1.38111744263e-14,0.471107521015,0.221942296357,0.4,1.5,0.05,1,0.000201340026756,0.25,1.11803398875,0,0,0,0,0,0,0,0,0,0
15.85,0.942698540174,0.0573014598262,1,1.00007810567,0.431416524601,0.0262234379311,0.511282015573,0.0310780218951,0.457639962532,0.542360037468,-1.40776279522e-14,0.470913824142,0.221759829768,0.4,1.5,0.05,1,0.000201340026756,0.25,1.11803398875,0,0,0,0,0,0,0,0,0,0
15.9,0.947683911615,0.0523160883847,1,1.00007810567,0.433681421435,0.0239410158803,0.51400249018,0.0283750725043,0.457622437315,0.542377562685,-1.43218770177e-14,0.470719559635,0.221576903823,0.4,1.5,0.05,1,0.000201340026756,0.25,1.11803398875,0,0,0,0,0,0,0,0,0,0
15.95,0.952520325145,0.0474796748553,1,1.00007810567,0.435877900685,0.0217269285048,0.51664242446,0.0257527463505,0.45760482919,0.54239517081,-1.45439216226e-14,0.470524728503,0.221393520133,0.4,1.5,0.05,1,0.000201340026756,0.25,1.11803398875,0,0,0,0,0,0,0,0,0,0
16,0.957192672478,0.0428073275216,1,1.00007810567,0.437999054978,0.0195880824646,0.5191936175,0.023219245057,0.457587137442,0.542412862558,-1.48547840695e-14,0.470329331779,0.221209680331,0.4,1.5,0.05,1,0.000201340026756,0.25,1.11803398875,0,0,0,0,0,0,0,0,0,0
16.05,0.961686357853,0.0383136421474,1,1.00007810567,0.440038212727,0.0175311487765,0.521648145125,0.020782493371,0.457569361504,0.542430638496,-1.51212375954e-14,0.470133370515,0.221025386072,0.4,1.5,0.05,1,0.000201340026756,0.25,1.11803398875,0,0,0,0,0,0,0,0,0,0
16.1,0.965987343619,0.0340126563812,1,1.00007810567,0.441988958973,0.0155625419806,0.523998384645,0.0184501144006,0.457551500954,0.542448499046,-1.53876911213e-14,0.46993684579,0.220840639031,0.4,1.5,0.05,1,0.000201340026756,0.25,1.11803398875,0,0,0,0,0,0,0,0,0,0
16.15,0.970082194095,0.0299178059047,1,1.00007810567,0.44384515542,0.0136884001111,0.526237038675,0.0162294057937,0.457533555531,0.542466444469,-1.56541446472e-14,0.469739758703,0.220655440907,0.4,1.5,0.05,1,0.000201340026756,0.25,1.11803398875,0,0,0,0,0,0,0,0,0,0
16.2,0.973958117538,0.0260418824617,1,1.00007810567,0.445600959605,0.0119145655316,0.528357157933,0.0141273169301,0.457515525137,0.542484474863,-1.59650070941e-14,0.469542110379,0.220469793419,0.4,1.5,0.05,1,0.000201340026756,0.25,1.11803398875,0,0,0,0,0,0,0,0,0,0
16.25,0.977603006102,0.0223969938983,1,1.00007810567,0.447250843144,0.0102465666982,0.530352162957,0.0121504272001,0.457497409843,0.542502590157,-1.62092561595e-14,0.469343901963,0.22028369831,0.4,1.5,0.05,1,0.000201340026756,0.25,1.11803398875,0,0,0,0,0,0,0,0,0,0
16.3,0.98100547366,0.0189945263397,1,1.00007810567,0.448789608986,0.00868960090341,0.532215864675,0.0103049254363,0.457479209889,0.542520790111,-1.66089364484e-14,0.469145134628,0.220097157345,0.4,1.5,0.05,1,0.000201340026756,0.25,1.11803398875,0,0,0,0,0,0,0,0,0,0
16.35,0.984154891378,0.0158451086217,1,1.00007810567,0.450212407632,0.00724851805894,0.533942483747,0.00859659056277,0.457460925691,0.542539074309,-1.69420033558e-14,0.468945809568,0.219910172312,0.4,1.5,0.05,1,0.000201340026756,0.25,1.11803398875,0,0,0,0,0,0,0,0,0,0
16.4,0.987041420912,0.0129585790875,1,1.00007810567,0.451514752269,0.00592780556475,0.535526668644,0.00703077352279,0.457442557833,0.542557442167,-1.72972747237e-14,0.468745928004,0.219722745021,0.4,1.5,0.05,1,0.000201340026756,0.25,1.11803398875,0,0,0,0,0,0,0,0,0,0
16.45,0.989656045146,0.0103439548542,1,1.00007810567,0.45269253276,0.00473157431375,0.536963512386,0.00561238054049,0.457424107074,0.542575892926,-1.76081371706e-14,0.468545491181,0.219534877306,0.4,1.5,0.05,1,0.000201340026756,0.25,1.11803398875,0,0,0,0,0,0,0,0,0,0
16.5,0.991990596355,0.00800940364452,1,1.00007810567,0.45374202846,0.00366354587493,0.538248567896,0.00434585776959,0.457405574335,0.542594425665,-1.79856129989e-14,0.468344500367,0.219346571024,0.4,1.5,0.05,1,0.000201340026756,0.25,1.11803398875,0,0,0,0,0,0,0,0,0,0
16.55,0.994037781728,0.00596221827187,1,1.00007810567,0.454659919805,0.00272704089513,0.539377861923,0.00323517737675,0.457386960701,0.542613039299,-1.83630888273e-14,0.468142956858,0.219157828056,0.4,1.5,0.05,1,0.000201340026756,0.25,1.11803398875,0,0,0,0,0,0,0,0,0,0
16.6,0.995791206141,0.00420879385887,1,1.00007810567,0.455443298655,0.00192496875573,0.540347907486,0.00228382510314,0.457368267411,0.542631732589,-1.87627691162e-14,0.467940861974,0.218968650305,0.4,1.5,0.05,1,0.000201340026756,0.25,1.11803398875,0,0,0,0,0,0,0,0,0,0
16.65,0.99724539214,0.00275460785965,1,1.00007810567,0.456089677336,0.00125981851639,0.541155714804,0.00149478934327,0.457349495852,0.542650504148,-1.91402449445e-14,0.467738217061,0.218779039699,0.4,1.5,0.05,1,0.000201340026756,0.25,1.11803398875,0,0,0,0,0,0,0,0,0,0
16.7,0.998395797051,0.00160420294918,1,1.00007810567,0.456596996374,0.000733651173936,0.541798800677,0.000870551775242,0.457330647548,0.542669352452,-1.94955163124e-14,0.467535023491,0.218588998191,0.4,1.5,0.05,1,0.000201340026756,0.25,1.11803398875,0,0,0,0,0,0,0,0,0,0
16.75,0.999238827168,0.000761172832486,1,1.00007810567,0.456963630887,0.000348093260673,0.54227519628,0.000413079571813,0.457311724148,0.542688275852,-1.99174010618e-14,0.467331282662,0.218398527755,0.4,1.5,0.05,1,0.000201340026756,0.25,1.11803398875,0,0,0,0,0,0,0,0,0,0
16.8,0.999771848982,0.000228151018488,1,1.00007810567,0.457188395614,0.000104331801661,0.542583453367,0.000123819216827,0.457292727416,0.542707272584,-2.03170813506e-14,0.467126995999,0.218207630391,0.4,1.5,0.05,1,0.000201340026756,0.25,1.11803398875,0,0,0,0,0,0,0,0,0,0
16.85,0.999993197407,6.8025932462e-06,1,1.00007810567,0.45727054857,3.11064673309e-06,0.542722648836,3.69194651311e-06,0.457273659217,0.542726340783,-2.07611705605e-14,0.466922164952,0.218016308123,0.4,1.5,0.05,1,0.000201340026756,0.25,1.11803398875,0,0,0,0,0,0,0,0,0,0
16.9,0.999902180982,9.78190184751e-05,1,1.00007810567,0.457209793315,4.47281883808e-05,0.542692387667,5.30908300943e-05,0.457254521503,0.542745478497,-2.11830553098e-14,0.466716790999,0.217824563,0.4,1.5,0.05,1,0.000201340026756,0.25,1.11803398875,0,0,0,0,0,0,0,0,0,0
16.95,0.999499084028,0.000500915971513,1,1.00007810567,0.457006279825,0.000229036472427,0.542492804203,0.000271879499086,0.457235316298,0.542764683702,-2.15383266777e-14,0.466510875644,0.217632397094,0.4,1.5,0.05,1,0.000201340026756,0.25,1.11803398875,0,0,0,0,0,0,0,0,0,0
17,0.998785165766,0.00121483423351,1,1.00007810567,0.456660603975,0.000555441704007,0.542124561791,0.000659392529499,0.457216045679,0.542783954321,-2.20046203481e-14,0.46630442042,0.217439812503,0.4,1.5,0.05,1,0.000201340026756,0.25,1.11803398875,0,0,0,0,0,0,0,0,0,0
17.05,0.997762656377,0.00223734362303,1,1.00007810567,0.456173805618,0.00102290614699,0.541588850759,0.00121443747604,0.457196711765,0.542803288235,-2.24043006369e-14,0.466097426884,0.217246811348,0.4,1.5,0.05,1,0.000201340026756,0.25,1.11803398875,0,0,0,0,0,0,0,0,0,0
17.1,0.996434750037,0.00356524996287,1,1.00007810567,0.455547365284,0.00162995141067,0.540887384753,0.00193529855221,0.457177316694,0.542822683306,-2.29150032283e-14,0.465889896622,0.217053395775,0.4,1.5,0.05,1,0.000201340026756,0.25,1.11803398875,0,0,0,0,0,0,0,0,0,0
17.15,0.994805594942,0.0051944050582,1,1.00007810567,0.454783199497,0.00237466311307,0.540022395445,0.00281974194513,0.45715786261,0.54284213739,-2.33812968986e-14,0.46568183125,0.216859567956,0.4,1.5,0.05,1,0.000201340026756,0.25,1.11803398875,0,0,0,0,0,0,0,0,0,0
17.2,0.992880280345,0.00711971965493,1,1.00007810567,0.453883654736,0.00325469690617,0.538996625609,0.00386502274876,0.457138351642,0.542861648358,-2.38253861085e-14,0.465473232406,0.216665330087,0.4,1.5,0.05,1,0.000201340026756,0.25,1.11803398875,0,0,0,0,0,0,0,0,0,0
17.25,0.990664820662,0.00933517933786,1,1.00007810567,0.452851500043,0.00426728584375,0.537813320619,0.00506789349411,0.457118785887,0.542881214113,-2.43360886998e-14,0.465264101762,0.216470684388,0.4,1.5,0.05,1,0.000201340026756,0.25,1.11803398875,0,0,0,0,0,0,0,0,0,0
17.3,0.988166136681,0.0118338633189,1,1.00007810567,0.451689918323,0.00540924906872,0.536476218358,0.00642461425016,0.457099167392,0.542900832608,-2.48689957516e-14,0.465054441012,0.216275633105,0.4,1.5,0.05,1,0.000201340026756,0.25,1.11803398875,0,0,0,0,0,0,0,0,0,0
17.35,0.985392033943,0.0146079660565,1,1.00007810567,0.450402496347,0.0066770017924,0.534989537597,0.00793096426411,0.457079498139,0.542920501861,-2.54241072639e-14,0.464844251882,0.216080178508,0.4,1.5,0.05,1,0.000201340026756,0.25,1.11803398875,0,0,0,0,0,0,0,0,0,0
17.4,0.982351178361,0.0176488216394,1,1.00007810567,0.448993213488,0.00806656653447,0.533357964872,0.00958225510494,0.457059780023,0.542940219977,-2.59570143157e-14,0.464633536126,0.215884322893,0.4,1.5,0.05,1,0.000201340026756,0.25,1.11803398875,0,0,0,0,0,0,0,0,0,0
17.45,0.979053069143,0.0209469308574,1,1.00007810567,0.447466429249,0.00957358558798,0.531586639894,0.0113733452694,0.457040014837,0.542959985163,-2.64677169071e-14,0.464422295523,0.215688068579,0.4,1.5,0.05,1,0.000201340026756,0.25,1.11803398875,0,0,0,0,0,0,0,0,0,0
17.5,0.975508009124,0.0244919908756,1,1.00007810567,0.445826869586,0.0111933346706,0.529681139539,0.013298656205,0.457020204256,0.542979795744,-2.71116462613e-14,0.464210531883,0.215491417911,0.4,1.5,0.05,1,0.000201340026756,0.25,1.11803398875,0,0,0,0,0,0,0,0,0,0
17.55,0.971727072581,0.0282729274193,1,1.00007810567,0.444079612103,0.012920737719,0.527647460478,0.0153521897003,0.457000349822,0.542999650178,-2.75557354712e-14,0.463998247043,0.215294373259,0.4,1.5,0.05,1,0.000201340026756,0.25,1.11803398875,0,0,0,0,0,0,0,0,0,0
17.6,0.967722070632,0.0322779293683,1,1.00007810567,0.442230070146,0.01475038278,0.525492000486,0.0175275465883,0.456980452926,0.543019547074,-2.8088642523e-14,0.46378544287,0.215096937018,0.4,1.5,0.05,1,0.000201340026756,0.25,1.11803398875,0,0,0,0,0,0,0,0,0,0
17.65,0.963505514347,0.0364944856532,1,1.00007810567,0.440283975847,0.016676538949,0.5232215385,0.0198179467042,0.456960514796,0.543039485204,-2.87325718773e-14,0.463572121258,0.214899111607,0.4,1.5,0.05,1,0.000201340026756,0.25,1.11803398875,0,0,0,0,0,0,0,0,0,0
17.7,0.959090575662,0.0409094243381,1,1.00007810567,0.438247362184,0.018693174302,0.520843213478,0.0222162500361,0.456940536485,0.543059463515,-2.93098878501e-14,0.463358284128,0.21470089947,0.4,1.5,0.05,1,0.000201340026756,0.25,1.11803398875,0,0,0,0,0,0,0,0,0,0
17.75,0.954491046232,0.0455089537683,1,1.00007810567,0.436126544092,0.0207939747661,0.51836450214,0.0247149790022,0.456920518858,0.543079481142,-2.99094082834e-14,0.463143933434,0.214502303076,0.4,1.5,0.05,1,0.000201340026756,0.25,1.11803398875,0,0,0,0,0,0,0,0,0,0
17.8,0.949721294347,0.0502787056531,1,1.00007810567,0.43392809871,0.0229723638683,0.515793195637,0.0273063417848,0.456900462579,0.543099537421,-3.05533376377e-14,0.462929071153,0.214303324919,0.4,1.5,0.05,1,0.000201340026756,0.25,1.11803398875,0,0,0,0,0,0,0,0,0,0
17.85,0.944796220049,0.0552037799506,1,1.00007810567,0.431658844801,0.0252215233022,0.513137375248,0.0299822566485,0.456880368103,0.543119631897,-3.12194714525e-14,0.462713699295,0.214103967515,0.4,1.5,0.05,1,0.000201340026756,0.25,1.11803398875,0,0,0,0,0,0,0,0,0,0
17.9,0.939731208587,0.0602687914133,1,1.00007810567,0.429325821426,0.0275344142464,0.510405387161,0.0327343771669,0.456860235672,0.543139764328,-3.18856052672e-14,0.462497819896,0.213904233408,0.4,1.5,0.05,1,0.000201340026756,0.25,1.11803398875,0,0,0,0,0,0,0,0,0,0
17.95,0.934542082351,0.0654579176493,1,1.00007810567,0.426936265929,0.0299037993711,0.507605816422,0.0355541182781,0.4568400653,0.5431599347,-3.25739435425e-14,0.462281435022,0.213704125166,0.4,1.5,0.05,1,0.000201340026756,0.25,1.11803398875,0,0,0,0,0,0,0,0,0,0
18,0.929245051451,0.0707549485494,1,1.00007810567,0.424497591314,0.0323222654604,0.504747460136,0.038432683089,0.456819856775,0.543180143225,-3.32178728968e-14,0.462064546766,0.213503645378,0.4,1.5,0.05,1,0.000201340026756,0.25,1.11803398875,0,0,0,0,0,0,0,0,0,0
18.05,0.923856663074,0.0761433369255,1,1.00007810567,0.422017363066,0.0347822465831,0.501839300009,0.0413610903424,0.456799609649,0.543200390351,-3.39284156325e-14,0.461847157251,0.213302796661,0.4,1.5,0.05,1,0.000201340026756,0.25,1.11803398875,0,0,0,0,0,0,0,0,0,0
18.1,0.918393749799,0.0816062502012,1,1.00007810567,0.419503275503,0.0372760477376,0.498890474296,0.0443302024636,0.45677932324,0.54322067676,-3.46833672893e-14,0.461629268629,0.213101581655,0.4,1.5,0.05,1,0.000201340026756,0.25,1.11803398875,0,0,0,0,0,0,0,0,0,0
18.15,0.912873377005,0.0871266229947,1,1.00007810567,0.416963127732,0.0397958688976,0.495910249273,0.047330754097,0.45675899663,0.54324100337,-3.54161144855e-14,0.461410883078,0.212900003023,0.4,1.5,0.05,1,0.000201340026756,0.25,1.11803398875,0,0,0,0,0,0,0,0,0,0
18.2,0.907312789571,0.0926872104286,1,1.00007810567,0.414404799278,0.042333829385,0.492907990293,0.0503533810436,0.456738628663,0.543261371337,-3.61488616818e-14,0.461192002806,0.212698063453,0.4,1.5,0.05,1,0.000201340026756,0.25,1.11803398875,0,0,0,0,0,0,0,0,0,0
18.25,0.901729357999,0.0982706420008,1,1.00007810567,0.411836225459,0.0448819924911,0.48989313254,0.0533886495097,0.45671821795,0.54328178205,-3.6926017799e-14,0.460972630051,0.212495765656,0.4,1.5,0.05,1,0.000201340026756,0.25,1.11803398875,0,0,0,0,0,0,0,0,0,0
18.3,0.896140524153,0.103859475847,1,1.00007810567,0.409265372598,0.0474323902724,0.486875151555,0.0564270855746,0.45669776287,0.54330223713,-3.76809694558e-14,0.460752767077,0.212293112369,0.4,1.5,0.05,1,0.000201340026756,0.25,1.11803398875,0,0,0,0,0,0,0,0,0,0
18.35,0.890563746773,0.109436253227,1,1.00007810567,0.406700213135,0.0499770484418,0.483863533638,0.0594592047854,0.456677261577,0.543322738423,-3.84803300335e-14,0.460532416176,0.212090106349,0.4,1.5,0.05,1,0.000201340026756,0.25,1.11803398875,0,0,0,0,0,0,0,0,0,0
18.4,0.885016446936,0.114983553064,1,1.00007810567,0.404148700725,0.052508011278,0.480867746211,0.0624755417857,0.456656712003,0.543343287997,-3.91908727693e-14,0.460311579671,0.211886750379,0.4,1.5,0.05,1,0.000201340026756,0.25,1.11803398875,0,0,0,0,0,0,0,0,0,0
18.45,0.879515953637,0.120484046363,1,1.00007810567,0.401618745396,0.0550173664761,0.477897208241,0.0654666798872,0.456636111872,0.543363888128,-4.00568467285e-14,0.46009025991,0.211683047264,0.4,1.5,0.05,1,0.000201340026756,0.25,1.11803398875,0,0,0,0,0,0,0,0,0,0
18.5,0.874079449651,0.125920550349,1,1.00007810567,0.399118188839,0.0574972698603,0.474961260812,0.0684232804887,0.4566154587,0.5433845413,-4.09006162272e-14,0.459868459273,0.211478999834,0.4,1.5,0.05,1,0.000201340026756,0.25,1.11803398875,0,0,0,0,0,0,0,0,0,0
18.55,0.868723917862,0.131276082138,1,1.00007810567,0.396654779928,0.0599399698841,0.472069137933,0.0713361122541,0.456594749813,0.543405250187,-4.17443857259e-14,0.459646180163,0.211274610939,0.4,1.5,0.05,1,0.000201340026756,0.25,1.11803398875,0,0,0,0,0,0,0,0,0,0
18.6,0.863466088206,0.136533911794,1,1.00007810567,0.394236150515,0.0623378318388,0.469229937691,0.0741960799551,0.456573982354,0.543426017646,-4.26769730666e-14,0.459423425016,0.211069883453,0.4,1.5,0.05,1,0.000201340026756,0.25,1.11803398875,0,0,0,0,0,0,0,0,0,0
18.65,0.858322385413,0.141677614587,1,1.00007810567,0.3918697916,0.0646833616971,0.466452593813,0.0769942528901,0.456553153297,0.543446846703,-4.35651514863e-14,0.459200196292,0.210864820275,0.4,1.5,0.05,1,0.000201340026756,0.25,1.11803398875,0,0,0,0,0,0,0,0,0,0
18.7,0.853308877695,0.146691122305,1,1.00007810567,0.389563029946,0.0669692295158,0.463745847749,0.0797218927895,0.456532259462,0.543467740538,-4.44311254455e-14,0.458976496482,0.210659424323,0.4,1.5,0.05,1,0.000201340026756,0.25,1.11803398875,0,0,0,0,0,0,0,0,0,0
18.75,0.848441226553,0.151558773447,1,1.00007810567,0.3873230052,0.0691882923255,0.461118221353,0.0823704811215,0.456511297526,0.543488702474,-4.53415083257e-14,0.458752328101,0.210453698538,0.4,1.5,0.05,1,0.000201340026756,0.25,1.11803398875,0,0,0,0,0,0,0,0,0,0
18.8,0.843734637853,0.156265362147,1,1.00007810567,0.385156647605,0.0713336164357,0.458577990248,0.084931745711,0.456490264041,0.543509735959,-4.62963001269e-14,0.458527693694,0.210247645885,0.4,1.5,0.05,1,0.000201340026756,0.25,1.11803398875,0,0,0,0,0,0,0,0,0,0
18.85,0.839203814324,0.160796185676,1,1.00007810567,0.383070656364,0.073398499085,0.45613315796,0.0873976865906,0.456469155449,0.543530844551,-4.71622740861e-14,0.458302595834,0.210041269348,0.4,1.5,0.05,1,0.000201340026756,0.25,1.11803398875,0,0,0,0,0,0,0,0,0,0
18.9,0.834862909629,0.165137090371,1,1.00007810567,0.381071478733,0.0753764893694,0.453791430896,0.0897606010012,0.456447968103,0.543552031897,-4.81170658873e-14,0.458077037119,0.209834571936,0.4,1.5,0.05,1,0.000201340026756,0.25,1.11803398875,0,0,0,0,0,0,0,0,0,0
18.95,0.830725484151,0.169274515849,1,1.00007810567,0.379165289892,0.0772614083837,0.451560194259,0.092013107465,0.456426698276,0.543573301724,-4.90940621489e-14,0.457851020177,0.209627556677,0.4,1.5,0.05,1,0.000201340026756,0.25,1.11803398875,0,0,0,0,0,0,0,0,0,0
19,0.826804462632,0.173195537368,1,1.00007810567,0.377357973675,0.0790473685116,0.449446488957,0.0941481688564,0.456405342187,0.543594657813,-5.00710584106e-14,0.457624547659,0.20942022662,0.4,1.5,0.05,1,0.000201340026756,0.25,1.11803398875,0,0,0,0,0,0,0,0,0,0
19.05,0.823112093798,0.176887906202,1,1.00007810567,0.375655104211,0.0807287918059,0.447456989587,0.0961591143961,0.456383896017,0.543616103983,-5.10924635932e-14,0.457397622246,0.209212584836,0.4,1.5,0.05,1,0.000201340026756,0.25,1.11803398875,0,0,0,0,0,0,0,0,0,0
19.1,0.819659912096,0.180340087904,1,1.00007810567,0.374061928525,0.0823004274001,0.445597983571,0.0980396605038,0.456362355925,0.543637644075,-5.20472553944e-14,0.457170246646,0.209004634418,0.4,1.5,0.05,1,0.000201340026756,0.25,1.11803398875,0,0,0,0,0,0,0,0,0,0
19.15,0.816458701662,0.183541298338,1,1.00007810567,0.372583350175,0.0837573678971,0.443875351488,0.0997839304406,0.456340718072,0.543659281928,-5.31130694981e-14,0.456942423591,0.208796378477,0.4,1.5,0.05,1,0.000201340026756,0.25,1.11803398875,0,0,0,0,0,0,0,0,0,0
19.2,0.813518462633,0.186481537367,1,1.00007810567,0.371223913949,0.0850950646847,0.442294548684,0.101386472682,0.456318978634,0.543681021366,-5.41122702202e-14,0.456714155842,0.208587820146,0.4,1.5,0.05,1,0.000201340026756,0.25,1.11803398875,0,0,0,0,0,0,0,0,0,0
19.25,0.810848379906,0.189151620094,1,1.00007810567,0.369987791699,0.0863093421281,0.440860588207,0.102842277966,0.456297133827,0.543702866173,-5.51780843239e-14,0.456485446184,0.208378962578,0.4,1.5,0.05,1,0.000201340026756,0.25,1.11803398875,0,0,0,0,0,0,0,0,0,0
19.3,0.808456794449,0.191543205551,1,1.00007810567,0.368878769324,0.0873964105974,0.439578025125,0.104146794953,0.456275179922,0.543724820078,-5.62883073485e-14,0.45625629743,0.208169808945,0.4,1.5,0.05,1,0.000201340026756,0.25,1.11803398875,0,0,0,0,0,0,0,0,0,0
19.35,0.806351177243,0.193648822757,1,1.00007810567,0.367900234978,0.0883528782863,0.438450942265,0.105295944471,0.456253113264,0.543746886736,-5.74207348336e-14,0.456026712418,0.207960362439,0.4,1.5,0.05,1,0.000201340026756,0.25,1.11803398875,0,0,0,0,0,0,0,0,0,0
19.4,0.804538105942,0.195461894058,1,1.00007810567,0.367055168506,0.0891757617877,0.437482937436,0.10628613227,0.456230930294,0.543769069706,-5.85975712397e-14,0.455796694011,0.207750626272,0.4,1.5,0.05,1,0.000201340026756,0.25,1.11803398875,0,0,0,0,0,0,0,0,0,0
19.45,0.80302324433,0.19697675567,1,1.00007810567,0.36634613217,0.0898624953915,0.43667711216,0.107114260278,0.456208627561,0.543791372439,-5.97077942643e-14,0.455566245099,0.207540603674,0.4,1.5,0.05,1,0.000201340026756,0.25,1.11803398875,0,0,0,0,0,0,0,0,0,0
19.5,0.801811324624,0.198188675376,1,1.00007810567,0.36577526267,0.0904109390761,0.436036061954,0.1077777363,0.456186201746,0.543813798254,-6.086242621e-14,0.455335368596,0.207330297894,0.4,1.5,0.05,1,0.000201340026756,0.25,1.11803398875,0,0,0,0,0,0,0,0,0,0
19.55,0.800906132692,0.199093867308,1,1.00007810567,0.365344264507,0.0908193851674,0.435561868185,0.10827448214,0.456163649675,0.543836350325,-6.19948536951e-14,0.455104067441,0.207119712201,0.4,1.5,0.05,1,0.000201340026756,0.25,1.11803398875,0,0,0,0,0,0,0,0,0,0
19.6,0.800310496229,0.199689503771,1,1.00007810567,0.365054404689,0.0910865636461,0.43525609154,0.108602940125,0.456140968335,0.543859031665,-6.31716901012e-14,0.454872344599,0.206908849881,0.4,1.5,0.05,1,0.000201340026756,0.25,1.11803398875,0,0,0,0,0,0,0,0,0,0
19.65,0.800026275919,0.199973724081,1,1.00007810567,0.364906508808,0.0912116460857,0.435119767111,0.108762077995,0.456118154894,0.543881845106,-6.43485265073e-14,0.454640203058,0.206697714237,0.4,1.5,0.05,1,0.000201340026756,0.25,1.11803398875,0,0,0,0,0,0,0,0,0,0
19.7,0.800054359628,0.199945640372,1,1.00007810567,0.364900958503,0.0911942482081,0.435153401126,0.108751392164,0.456095206711,0.543904793289,-6.55253629134e-14,0.454407645834,0.206486308592,0.4,1.5,0.05,1,0.000201340026756,0.25,1.11803398875,0,0,0,0,0,0,0,0,0,0
19.75,0.800394659626,0.199605340374,1,1.00007810567,0.365037690302,0.0910344310505,0.435356969324,0.108570909323,0.456072121353,0.543927878647,-6.672440378e-14,0.454174675963,0.206274636286,0.4,1.5,0.05,1,0.000201340026756,0.25,1.11803398875,0,0,0,0,0,0,0,0,0,0
19.8,0.801046112863,0.198953887137,1,1.00007810567,0.365316195869,0.0907327007384,0.435729916994,0.108221186398,0.456048896607,0.543951103393,-6.79678535676e-14,0.453941296507,0.206062700674,0.4,1.5,0.05,1,0.000201340026756,0.25,1.11803398875,0,0,0,0,0,0,0,0,0,0
19.85,0.80200668429,0.19799331571,1,1.00007810567,0.365735523629,0.0902900068658,0.436271160661,0.107703308844,0.456025530495,0.543974469505,-6.92113033551e-14,0.453707510551,0.20585050513,0.4,1.5,0.05,1,0.000201340026756,0.25,1.11803398875,0,0,0,0,0,0,0,0,0,0
19.9,0.803273373215,0.196726626785,1,1.00007810567,0.366294281789,0.0897077394889,0.436979091426,0.107018887296,0.456002021278,0.543997978722,-7.04769576032e-14,0.453473321205,0.205638053045,0.4,1.5,0.05,1,0.000201340026756,0.25,1.11803398875,0,0,0,0,0,0,0,0,0,0
19.95,0.804842222678,0.195157777322,1,1.00007810567,0.366990642735,0.0889877247401,0.437851579943,0.106170052582,0.455978367476,0.544021632524,-7.17648163118e-14,0.453238731601,0.205425347824,0.4,1.5,0.05,1,0.000201340026756,0.25,1.11803398875,0,0,0,0,0,0,0,0,0,0
20,0.806708331811,0.193291668189,1,1.00007810567,0.367822348789,0.0881322190789,0.438885983022,0.10515944911,0.455954567868,0.544045432132,-7.30526750203e-14,0.453003744895,0.205212392889,0.4,1.5,0.05,1,0.000201340026756,0.25,1.11803398875,0,0,0,0,0,0,0,0,0,0
20.05,0.808865871149,0.191134128851,1,1.00007810567,0.36878671931,0.0871439021961,0.440079151839,0.103990226655,0.455930621506,0.544069378494,-7.44071471104e-14,0.452768364264,0.204999191678,0.4,1.5,0.05,1,0.000201340026756,0.25,1.11803398875,0,0,0,0,0,0,0,0,0,0
20.1,0.811308100839,0.188691899161,1,1.00007810567,0.369880659126,0.0860258685942,0.441427441713,0.102666030567,0.45590652772,0.54409347228,-7.57172102794e-14,0.45253259291,0.204785747646,0.4,1.5,0.05,1,0.000201340026756,0.25,1.11803398875,0,0,0,0,0,0,0,0,0,0
20.15,0.814027391694,0.185972608306,1,1.00007810567,0.371100668251,0.0847816178698,0.442926723443,0.101190990436,0.455882286121,0.544117713879,-7.7138295751e-14,0.452296434055,0.204572064259,0.4,1.5,0.05,1,0.000201340026756,0.25,1.11803398875,0,0,0,0,0,0,0,0,0,0
20.2,0.817015249028,0.182984750972,1,1.00007810567,0.37244285288,0.0834150437295,0.444572396148,0.0995697072423,0.45585789661,0.54414210339,-7.84705633805e-14,0.452059890945,0.204358145001,0.4,1.5,0.05,1,0.000201340026756,0.25,1.11803398875,0,0,0,0,0,0,0,0,0,0
20.25,0.82026233919,0.17973766081,1,1.00007810567,0.373902937603,0.0819304217735,0.446359401588,0.0978072390361,0.455833359376,0.544166640624,-7.9891648852e-14,0.451822966845,0.204143993369,0.4,1.5,0.05,1,0.000201340026756,0.25,1.11803398875,0,0,0,0,0,0,0,0,0,0
20.3,0.823758518722,0.176241481278,1,1.00007810567,0.375476278818,0.0803323960848,0.448282239904,0.0959090851931,0.455808674903,0.544191325097,-8.12905298631e-14,0.451585665046,0.203929612875,0.4,1.5,0.05,1,0.000201340026756,0.25,1.11803398875,0,0,0,0,0,0,0,0,0,0
20.35,0.827492866044,0.172507133956,1,1.00007810567,0.377157879299,0.0786259646666,0.450334986745,0.0938811692889,0.455783843966,0.544216156034,-8.27782287161e-14,0.451347988855,0.203715007043,0.4,1.5,0.05,1,0.000201340026756,0.25,1.11803398875,0,0,0,0,0,0,0,0,0,0
20.4,0.831453715576,0.168546284424,1,1.00007810567,0.37894240386,0.0768164637742,0.452511311716,0.0917298206503,0.455758867634,0.544241132366,-8.41993141876e-14,0.451109941603,0.203500179413,0.4,1.5,0.05,1,0.000201340026756,0.25,1.11803398875,0,0,0,0,0,0,0,0,0,0
20.45,0.835628694172,0.164371305828,1,1.00007810567,0.380824196076,0.0749095511891,0.454804498095,0.089461754639,0.455733747266,0.544266252734,-8.56203996591e-14,0.450871526642,0.203285133536,0.4,1.5,0.05,1,0.000201340026756,0.25,1.11803398875,0,0,0,0,0,0,0,0,0,0
20.5,0.840004759781,0.159995240219,1,1.00007810567,0.382797296018,0.0729111884902,0.457207463762,0.0870840517293,0.455708484509,0.544291515491,-8.70858940516e-14,0.450632747342,0.203069872977,0.4,1.5,0.05,1,0.000201340026756,0.25,1.11803398875,0,0,0,0,0,0,0,0,0,0
20.55,0.844568242181,0.155431757819,1,1.00007810567,0.384855458919,0.0708276223751,0.459712783262,0.084604135444,0.455683081294,0.544316918706,-8.85957973651e-14,0.450393607096,0.202854401313,0.4,1.5,0.05,1,0.000201340026756,0.25,1.11803398875,0,0,0,0,0,0,0,0,0,0
20.6,0.849304885688,0.150695114312,1,1.00007810567,0.386992174738,0.0686653650929,0.46231271095,0.0820297492189,0.455657539831,0.544342460169,-9.01279051391e-14,0.450154109314,0.202638722132,0.4,1.5,0.05,1,0.000201340026756,0.25,1.11803398875,0,0,0,0,0,0,0,0,0,0
20.65,0.854199893686,0.145800106314,1,1.00007810567,0.389200688554,0.0664311740479,0.464999205133,0.0793689322656,0.455631862602,0.544368137398,-9.16822173735e-14,0.449914257426,0.202422839035,0.4,1.5,0.05,1,0.000201340026756,0.25,1.11803398875,0,0,0,0,0,0,0,0,0,0
20.7,0.859237974851,0.140762025149,1,1.00007810567,0.391474021712,0.0641320306396,0.467763953139,0.0766299945093,0.455606052352,0.544393947648,-9.31477117661e-14,0.449674054884,0.202206755636,0.4,1.5,0.05,1,0.000201340026756,0.25,1.11803398875,0,0,0,0,0,0,0,0,0,0
20.75,0.864403390917,0.135596609083,1,1.00007810567,0.39380499368,0.0617751184044,0.470598397237,0.0738214906789,0.455580112084,0.544419887916,-9.47020240005e-14,0.449433505155,0.201990475556,0.4,1.5,0.05,1,0.000201340026756,0.25,1.11803398875,0,0,0,0,0,0,0,0,0,0
20.8,0.869680005842,0.130319994158,1,1.00007810567,0.396186244518,0.0593678005289,0.473493761324,0.0709521936296,0.455554045047,0.544445954953,-9.6300745156e-14,0.449192611727,0.20177400243,0.4,1.5,0.05,1,0.000201340026756,0.25,1.11803398875,0,0,0,0,0,0,0,0,0,0
20.85,0.875051336214,0.124948663786,1,1.00007810567,0.398610257921,0.0569175968042,0.476441078293,0.0680310669819,0.455527854725,0.544472145275,-9.79438752324e-14,0.448951378105,0.201557339903,0.4,1.5,0.05,1,0.000201340026756,0.25,1.11803398875,0,0,0,0,0,0,0,0,0,0
20.9,0.880500602744,0.119499397256,1,1.00007810567,0.401069384734,0.0544321600943,0.479431218011,0.0650672371613,0.455501544828,0.544498455172,-9.94981874669e-14,0.448709807814,0.201340491628,0.4,1.5,0.05,1,0.000201340026756,0.25,1.11803398875,0,0,0,0,0,0,0,0,0,0
20.95,0.886010782682,0.113989217318,1,1.00007810567,0.403555866886,0.0519192523921,0.482454915796,0.0620699649262,0.455475119278,0.544524880722,-1.01119113083e-13,0.448467904393,0.201123461271,0.4,1.5,0.05,1,0.000201340026756,0.25,1.11803398875,0,0,0,0,0,0,0,0,0,0
21,0.891564662989,0.108435337011,1,1.00007810567,0.406061861657,0.0493867205382,0.485502801332,0.0590486164724,0.455448582196,0.544551417804,-1.02762243159e-13,0.448225671402,0.200906252504,0.4,1.5,0.05,1,0.000201340026756,0.25,1.11803398875,0,0,0,0,0,0,0,0,0,0
21.05,0.897144894118,0.102855105882,1,1.00007810567,0.408579466209,0.0468424716785,0.488565427909,0.0560126342039,0.455421937887,0.544578062113,-1.04405373236e-13,0.447983112416,0.20068886901,0.4,1.5,0.05,1,0.000201340026756,0.25,1.11803398875,0,0,0,0,0,0,0,0,0,0
21.1,0.9027340442,0.0972659558004,1,1.00007810567,0.411100742292,0.044294448538,0.491633301908,0.0529715072624,0.45539519083,0.54460480917,-1.06115116694e-13,0.447740231027,0.20047131448,0.4,1.5,0.05,1,0.000201340026756,0.25,1.11803398875,0,0,0,0,0,0,0,0,0,0
21.15,0.908314653508,0.0916853464924,1,1.00007810567,0.413617741068,0.041750604587,0.494696912439,0.0499347419053,0.455368345655,0.544631654345,-1.07802655691e-13,0.447497030844,0.200253592614,0.4,1.5,0.05,1,0.000201340026756,0.25,1.11803398875,0,0,0,0,0,0,0,0,0,0
21.2,0.913869288994,0.0861307110063,1,1.00007810567,0.416122527956,0.0392188791801,0.497746761038,0.0469118318261,0.455341407136,0.544658592864,-1.0953460361e-13,0.44725351549,0.200035707118,0.4,1.5,0.05,1,0.000201340026756,0.25,1.11803398875,0,0,0,0,0,0,0,0,0,0
21.25,0.919380598749,0.0806194012513,1,1.00007810567,0.418607207426,0.0367071727419,0.500773391323,0.0439122285093,0.455314380167,0.544685619833,-1.11222142607e-13,0.447009688608,0.199817661709,0.4,1.5,0.05,1,0.000201340026756,0.25,1.11803398875,0,0,0,0,0,0,0,0,0,0
21.3,0.924831366207,0.0751686337931,1,1.00007810567,0.42106394767,0.0342233220811,0.503767418537,0.040945311712,0.455287269751,0.544712730249,-1.12976294986e-13,0.446765553851,0.199599460108,0.4,1.5,0.05,1,0.000201340026756,0.25,1.11803398875,0,0,0,0,0,0,0,0,0,0
21.35,0.930204563928,0.0697954360716,1,1.00007810567,0.423485005071,0.0317750759071,0.506719558857,0.0380203601645,0.455260080978,0.544739919022,-1.14686038444e-13,0.446521114891,0.199381106044,0.4,1.5,0.05,1,0.000201340026756,0.25,1.11803398875,0,0,0,0,0,0,0,0,0,0
21.4,0.93548340679,0.0645165932096,1,1.00007810567,0.425862748383,0.0293700706277,0.509620658407,0.0351465225819,0.455232819011,0.544767180989,-1.16440190823e-13,0.446276375414,0.199162603253,0.4,1.5,0.05,1,0.000201340026756,0.25,1.11803398875,0,0,0,0,0,0,0,0,0,0
21.45,0.940651404421,0.0593485955786,1,1.00007810567,0.428189682565,0.0270158065024,0.512461721857,0.0323327890763,0.455205489067,0.544794510933,-1.18260956583e-13,0.44603133912,0.198943955477,0.4,1.5,0.05,1,0.000201340026756,0.25,1.11803398875,0,0,0,0,0,0,0,0,0,0
21.5,0.945692412715,0.0543075872849,1,1.00007810567,0.430458472173,0.0247196242255,0.515233940542,0.0295879630595,0.455178096398,0.544821903602,-1.19992904501e-13,0.445786009722,0.198725166463,0.4,1.5,0.05,1,0.000201340026756,0.25,1.11803398875,0,0,0,0,0,0,0,0,0,0
21.55,0.950590684262,0.0494093157377,1,1.00007810567,0.432661964261,0.0224886820137,0.517928720001,0.026920633724,0.455150646275,0.544849353725,-1.21835874722e-13,0.445540390947,0.198506239966,0.4,1.5,0.05,1,0.000201340026756,0.25,1.11803398875,0,0,0,0,0,0,0,0,0,0
21.6,0.955330917543,0.0446690824565,1,1.00007810567,0.434793210699,0.0203299332679,0.520537706845,0.0243391491886,0.455123143967,0.544876856033,-1.23634436022e-13,0.445294486539,0.198287179742,0.4,1.5,0.05,1,0.000201340026756,0.25,1.11803398875,0,0,0,0,0,0,0,0,0,0
21.65,0.959898304729,0.0401016952713,1,1.00007810567,0.436845489845,0.0182501048796,0.523052814884,0.0218515903916,0.455095594724,0.544904405276,-1.25499610704e-13,0.445048300249,0.198067989555,0.4,1.5,0.05,1,0.000201340026756,0.25,1.11803398875,0,0,0,0,0,0,0,0,0,0
21.7,0.964278577935,0.0357214220647,1,1.00007810567,0.438812327512,0.0162556762497,0.525466250423,0.019465745815,0.455068003762,0.544931996238,-1.27386989845e-13,0.444801835846,0.197848673172,0.4,1.5,0.05,1,0.000201340026756,0.25,1.11803398875,0,0,0,0,0,0,0,0,0,0
21.75,0.968458053799,0.0315419462014,1,1.00007810567,0.440687517153,0.0143528590844,0.527770536646,0.017189087117,0.455040376237,0.544959623763,-1.29252164527e-13,0.444555097108,0.197629234365,0.4,1.5,0.05,1,0.000201340026756,0.25,1.11803398875,0,0,0,0,0,0,0,0,0,0
21.8,0.972423676217,0.0275763237833,1,1.00007810567,0.442465139204,0.0125475780322,0.529958537013,0.0150287457511,0.455012717236,0.544987282764,-1.3120615705e-13,0.444308087827,0.197409676908,0.4,1.5,0.05,1,0.000201340026756,0.25,1.11803398875,0,0,0,0,0,0,0,0,0,0
21.85,0.976163057137,0.0238369428634,1,1.00007810567,0.444139579533,0.0108454522203,0.532023477604,0.0129914906431,0.454985031753,0.545014968247,-1.33137945113e-13,0.444060811805,0.197190004581,0.4,1.5,0.05,1,0.000201340026756,0.25,1.11803398875,0,0,0,0,0,0,0,0,0,0
21.9,0.979664515252,0.020335484748,1,1.00007810567,0.445705546923,0.00925177775009,0.533958968329,0.011083706998,0.454957324673,0.545042675327,-1.35047528715e-13,0.443813272857,0.196970221164,0.4,1.5,0.05,1,0.000201340026756,0.25,1.11803398875,0,0,0,0,0,0,0,0,0,0
21.95,0.982917112494,0.0170828875057,1,1.00007810567,0.447158089554,0.00777151120451,0.535759022941,0.00931137630123,0.454929600758,0.545070399242,-1.3704593016e-13,0.443565474808,0.196750330442,0.4,1.5,0.05,1,0.000201340026756,0.25,1.11803398875,0,0,0,0,0,0,0,0,0,0
22,0.985910688202,0.0140893117982,1,1.00007810567,0.448492610407,0.00640925421858,0.537418077795,0.00768005757959,0.454901864625,0.545098135375,-1.38955513762e-13,0.443317421495,0.196530336201,0.4,1.5,0.05,1,0.000201340026756,0.25,1.11803398875,0,0,0,0,0,0,0,0,0,0
22.05,0.98863589086,0.0113641091398,1,1.00007810567,0.449704881572,0.0051692391618,0.538931009288,0.00619486997797,0.454874120734,0.545125879266,-1.40976119667e-13,0.443069116764,0.19631024223,0.4,1.5,0.05,1,0.000201340026756,0.25,1.11803398875,0,0,0,0,0,0,0,0,0,0
22.1,0.991084207315,0.00891579268486,1,1.00007810567,0.450791057393,0.00405531597601,0.540293149922,0.00486047670884,0.454846373369,0.545153626631,-1.4290790773e-13,0.442820564471,0.196090052318,0.4,1.5,0.05,1,0.000201340026756,0.25,1.11803398875,0,0,0,0,0,0,0,0,0,0
22.15,0.993247989366,0.00675201063375,1,1.00007810567,0.451747686417,0.00307094020973,0.54150030295,0.00368107042401,0.454818626626,0.545181373374,-1.44928513635e-13,0.442571768483,0.195869770258,0.4,1.5,0.05,1,0.000201340026756,0.25,1.11803398875,0,0,0,0,0,0,0,0,0,0
22.2,0.995120477659,0.00487952234082,1,1.00007810567,0.452571722109,0.00221916228593,0.54254875555,0.00266036005489,0.454790884395,0.545209115605,-1.46949119539e-13,0.442322732677,0.195649399842,0.4,1.5,0.05,1,0.000201340026756,0.25,1.11803398875,0,0,0,0,0,0,0,0,0,0
22.25,0.996695822801,0.00330417719925,1,1.00007810567,0.453260532312,0.00150261803644,0.543435290489,0.00180155916281,0.454763150348,0.545236849652,-1.48991929905e-13,0.442073460936,0.195428944864,0.4,1.5,0.05,1,0.000201340026756,0.25,1.11803398875,0,0,0,0,0,0,0,0,0,0
22.3,0.997969103632,0.00203089636829,1,1.00007810567,0.453811907392,0.000923520532061,0.544157196239,0.00110737583623,0.454735427924,0.545264572076,-1.5105694473e-13,0.441823957154,0.195208409115,0.4,1.5,0.05,1,0.000201340026756,0.25,1.11803398875,0,0,0,0,0,0,0,0,0,0
22.35,0.9989363426,0.0010636574003,1,1.00007810567,0.454224067084,0.000483653233691,0.544712275516,0.000580004166604,0.454707720318,0.545292279682,-1.53121959556e-13,0.441574225232,0.19498779639,0.4,1.5,0.05,1,0.000201340026756,0.25,1.11803398875,0,0,0,0,0,0,0,0,0,0
22.4,0.999594518185,0.000405481815352,1,1.00007810567,0.454495665981,0.000184364485308,0.545098852204,0.000221117330044,0.454680030466,0.545319969534,-1.55209178843e-13,0.441324269082,0.19476711048,0.4,1.5,0.05,1,0.000201340026756,0.25,1.11803398875,0,0,0,0,0,0,0,0,0,0
22.45,0.999941574337,5.84256625117e-05,1,1.00007810567,0.454625797671,2.65633658089e-05,0.545315776666,3.18622967028e-05,0.454652361037,0.545347638963,-1.5736301151e-13,0.441074092618,0.194546355179,0.4,1.5,0.05,1,0.000201340026756,0.25,1.11803398875,0,0,0,0,0,0,0,0,0,0
22.5,0.999976426903,2.35730969573e-05,1,1.00007810567,0.454613997508,1.07169122387e-05,0.545362429395,1.28561847186e-05,0.45462471442,0.54537528558,-1.59428026336e-13,0.440823699768,0.194325534277,0.4,1.5,0.05,1,0.000201340026756,0.25,1.11803398875,0,0,0,0,0,0,0,0,0,0
22.55,0.999698967007,0.00030103299326,1,1.00007810567,0.454460243994,0.000136848722796,0.545238723013,0.000164184270464,0.454597092717,0.545402907283,-1.61559654543e-13,0.44057309446,0.194104651562,0.4,1.5,0.05,1,0.000201340026756,0.25,1.11803398875,0,0,0,0,0,0,0,0,0,0
22.6,0.999110061395,0.000889938605267,1,1.00007810567,0.454164958784,0.000404538943658,0.54494510261,0.000485399661609,0.454569497728,0.545430502272,-1.6366907829e-13,0.440322280635,0.193883710823,0.4,1.5,0.05,1,0.000201340026756,0.25,1.11803398875,0,0,0,0,0,0,0,0,0,0
22.65,0.998211549726,0.0017884502737,1,1.00007810567,0.453729005312,0.000812925639405,0.544482544414,0.000975524634296,0.454541930951,0.545458069049,-1.65822910958e-13,0.440071262235,0.193662715845,0.4,1.5,0.05,1,0.000201340026756,0.25,1.11803398875,0,0,0,0,0,0,0,0,0,0
22.7,0.997006238827,0.00299376117299,1,1.00007810567,0.453153686027,0.00136070754249,0.5438525528,0.00163305363051,0.454514393569,0.545485606431,-1.67932334705e-13,0.439820043212,0.193441670411,0.4,1.5,0.05,1,0.000201340026756,0.25,1.11803398875,0,0,0,0,0,0,0,0,0,0
22.75,0.995497893921,0.00450210607942,1,1.00007810567,0.452440738272,0.00204614817294,0.543057155648,0.00245595790648,0.454486886445,0.545513113555,-1.70108371833e-13,0.439568627523,0.193220578302,0.4,1.5,0.05,1,0.000201340026756,0.25,1.11803398875,0,0,0,0,0,0,0,0,0,0
22.8,0.993691226867,0.00630877313315,1,1.00007810567,0.451592328802,0.00286708131526,0.542098898065,0.00344169181789,0.454459410117,0.545540589883,-1.7224000004e-13,0.439317019128,0.192999443296,0.4,1.5,0.05,1,0.000201340026756,0.25,1.11803398875,0,0,0,0,0,0,0,0,0,0
22.85,0.991591881443,0.00840811855741,1,1.00007810567,0.450611046958,0.00382091783515,0.540980834484,0.00458720072225,0.454431964794,0.545568035206,-1.7448265055e-13,0.439065221996,0.192778269166,0.4,1.5,0.05,1,0.000201340026756,0.25,1.11803398875,0,0,0,0,0,0,0,0,0,0
22.9,0.989206415711,0.0107935842889,1,1.00007810567,0.449499896534,0.00490465381477,0.539706519177,0.00588893047411,0.454404550349,0.545595449651,-1.76636483218e-13,0.438813240098,0.192557059686,0.4,1.5,0.05,1,0.000201340026756,0.25,1.11803398875,0,0,0,0,0,0,0,0,0,0
22.95,0.986542281536,0.0134577184642,1,1.00007810567,0.44826228634,0.00611487998082,0.538279995196,0.00734283848337,0.454377166321,0.545622833679,-1.78879133728e-13,0.438561077412,0.192335818621,0.4,1.5,0.05,1,0.000201340026756,0.25,1.11803398875,0,0,0,0,0,0,0,0,0,0
23,0.983607801302,0.0163921986985,1,1.00007810567,0.446902019513,0.00744779239608,0.536705781788,0.00894440630238,0.454349811909,0.545650188091,-1.81099579777e-13,0.438308737917,0.192114549735,0.4,1.5,0.05,1,0.000201340026756,0.25,1.11803398875,0,0,0,0,0,0,0,0,0,0
23.05,0.980412141917,0.0195878580833,1,1.00007810567,0.445423281594,0.00889920438086,0.534988860323,0.0106886537024,0.454322485975,0.545677514025,-1.83364434747e-13,0.4380562256,0.191893256787,0.4,1.5,0.05,1,0.000201340026756,0.25,1.11803398875,0,0,0,0,0,0,0,0,0,0
23.1,0.976965286177,0.023034713823,1,1.00007810567,0.443830627409,0.0104645596271,0.533134658768,0.0125701541958,0.454295187037,0.545704812963,-1.85651494178e-13,0.437803544447,0.191671943531,0.4,1.5,0.05,1,0.000201340026756,0.25,1.11803398875,0,0,0,0,0,0,0,0,0,0
23.15,0.973278001581,0.0267219984192,1,1.00007810567,0.442128966813,0.0121389464642,0.531149034768,0.014583051955,0.454267913277,0.545732086723,-1.87916349148e-13,0.437550698451,0.191450613715,0.4,1.5,0.05,1,0.000201340026756,0.25,1.11803398875,0,0,0,0,0,0,0,0,0,0
23.2,0.969361806693,0.0306381933074,1,1.00007810567,0.440323549308,0.0139171132321,0.529038257385,0.0167210800753,0.45424066254,0.54575933746,-1.902478175e-13,0.437297691605,0.191229271083,0.4,1.5,0.05,1,0.000201340026756,0.25,1.11803398875,0,0,0,0,0,0,0,0,0,0
23.25,0.965228935161,0.0347710648392,1,1.00007810567,0.438419947621,0.0157934847131,0.526808987539,0.0189775801261,0.454213432334,0.545786567666,-1.92579285851e-13,0.437044527906,0.191007919373,0.4,1.5,0.05,1,0.000201340026756,0.25,1.11803398875,0,0,0,0,0,0,0,0,0,0
23.3,0.960892297502,0.0391077024981,1,1.00007810567,0.436424040266,0.0177621795724,0.524468257236,0.0213455229257,0.454186219838,0.545813780162,-1.94821936361e-13,0.436791211351,0.190786562313,0.4,1.5,0.05,1,0.000201340026756,0.25,1.11803398875,0,0,0,0,0,0,0,0,0,0
23.35,0.956365440769,0.0436345592311,1,1.00007810567,0.43434199315,0.0198170287515,0.522023447619,0.0238175304796,0.454159021902,0.545840978098,-1.97108995792e-13,0.43653774594,0.19056520363,0.4,1.5,0.05,1,0.000201340026756,0.25,1.11803398875,0,0,0,0,0,0,0,0,0,0
23.4,0.951662506233,0.0483374937667,1,1.00007810567,0.432180240294,0.021951594758,0.519482265939,0.0263858990088,0.454131835052,0.545868164948,-1.99440464144e-13,0.436284135674,0.190343847041,0.4,1.5,0.05,1,0.000201340026756,0.25,1.11803398875,0,0,0,0,0,0,0,0,0,0
23.45,0.946798185209,0.0532018147913,1,1.00007810567,0.429945463709,0.0241591917917,0.5168527215,0.0290426229996,0.4541046555,0.5458953445,-2.01816341416e-13,0.436030384556,0.190122496256,0.4,1.5,0.05,1,0.000201340026756,0.25,1.11803398875,0,0,0,0,0,0,0,0,0,0
23.5,0.941787673158,0.058212326842,1,1.00007810567,0.427644572504,0.0264329066438,0.514143100654,0.0317794201982,0.454077479148,0.545922520852,-2.0423662761e-13,0.435776496589,0.18990115498,0.4,1.5,0.05,1,0.000201340026756,0.25,1.11803398875,0,0,0,0,0,0,0,0,0,0
23.55,0.936646622224,0.0633533777755,1,1.00007810567,0.425284681287,0.0287656203042,0.511361940937,0.0345877574714,0.454050301591,0.545949698409,-2.06590300422e-13,0.435522475777,0.189679826907,0.4,1.5,0.05,1,0.000201340026756,0.25,1.11803398875,0,0,0,0,0,0,0,0,0,0
23.6,0.931391092337,0.0686089076634,1,1.00007810567,0.422873087925,0.0311500302099,0.508518004412,0.0374588774535,0.454023118135,0.545976881865,-2.08966177695e-13,0.435268326125,0.189458515728,0.4,1.5,0.05,1,0.000201340026756,0.25,1.11803398875,0,0,0,0,0,0,0,0,0,0
23.65,0.926037501039,0.0739624989608,1,1.00007810567,0.42041725073,0.0335786730651,0.505620250309,0.0403838258956,0.453995923795,0.546004076205,-2.11386463889e-13,0.435014051639,0.189237225124,0.4,1.5,0.05,1,0.000201340026756,0.25,1.11803398875,0,0,0,0,0,0,0,0,0,0
23.7,0.920602572208,0.0793974277924,1,1.00007810567,0.417924765151,0.036043948161,0.502677807057,0.0433534796314,0.453968713312,0.546031286688,-2.13806750082e-13,0.434759656325,0.189015958768,0.4,1.5,0.05,1,0.000201340026756,0.25,1.11803398875,0,0,0,0,0,0,0,0,0,0
23.75,0.915103283804,0.0848967161961,1,1.00007810567,0.415403340034,0.0385381411241,0.49969994377,0.046358575072,0.453941481158,0.546058518842,-2.16227036276e-13,0.434505144188,0.188794720326,0.4,1.5,0.05,1,0.000201340026756,0.25,1.11803398875,0,0,0,0,0,0,0,0,0,0
23.8,0.909556814841,0.0904431851593,1,1.00007810567,0.412860773535,0.0410534480176,0.496696041306,0.0493897371417,0.453914221552,0.546085778448,-2.1864732247e-13,0.434250519235,0.188573513456,0.4,1.5,0.05,1,0.000201340026756,0.25,1.11803398875,0,0,0,0,0,0,0,0,0,0
23.85,0.903980491716,0.0960195082837,1,1.00007810567,0.410304928745,0.0435819997219,0.493675562972,0.0524375085618,0.453886928467,0.546113071533,-2.21112017584e-13,0.433995785471,0.188352341807,0.4,1.5,0.05,1,0.000201340026756,0.25,1.11803398875,0,0,0,0,0,0,0,0,0,0
23.9,0.898391734089,0.101608265911,1,1.00007810567,0.407743709123,0.0461158865171,0.490648024966,0.055492379394,0.45385959564,0.54614040436,-2.23510099318e-13,0.4337409469,0.188131209018,0.4,1.5,0.05,1,0.000201340026756,0.25,1.11803398875,0,0,0,0,0,0,0,0,0,0
23.95,0.892808000461,0.107191999539,1,1.00007810567,0.4051850338,0.0486471827919,0.487622966661,0.0585448167475,0.453832216592,0.546167783408,-2.26019203353e-13,0.433486007525,0.18791011872,0.4,1.5,0.05,1,0.000201340026756,0.25,1.11803398875,0,0,0,0,0,0,0,0,0,0
24,0.887246733639,0.112753266361,1,1.00007810567,0.402636812833,0.0511679718005,0.484609920806,0.0615852945602,0.453804784633,0.546195215367,-2.28483898468e-13,0.433230971346,0.187689074533,0.4,1.5,0.05,1,0.000201340026756,0.25,1.11803398875,0,0,0,0,0,0,0,0,0,0
24.05,0.881725306249,0.118274693751,1,1.00007810567,0.400106922488,0.0536703703925,0.481618383761,0.0646043233582,0.453777292881,0.546222707119,-2.30970798043e-13,0.432975842361,0.187468080068,0.4,1.5,0.05,1,0.000201340026756,0.25,1.11803398875,0,0,0,0,0,0,0,0,0,0
24.1,0.876260966463,0.123739033537,1,1.00007810567,0.397603180635,0.0561465536355,0.478657785828,0.067592479902,0.45374973427,0.54625026573,-2.33457697618e-13,0.432720624565,0.187247138924,0.4,1.5,0.05,1,0.000201340026756,0.25,1.11803398875,0,0,0,0,0,0,0,0,0,0
24.15,0.870870784117,0.129129215883,1,1.00007810567,0.395133322314,0.0585887792566,0.475737461803,0.0705404366264,0.45372210157,0.54627789843,-2.36011210575e-13,0.43246532195,0.187026254689,0.4,1.5,0.05,1,0.000201340026756,0.25,1.11803398875,0,0,0,0,0,0,0,0,0,0
24.2,0.865571597393,0.134428402607,1,1.00007810567,0.392704975573,0.0609894118246,0.47286662182,0.0734389907822,0.453694387398,0.546305612602,-2.38542519071e-13,0.432209938502,0.18680543094,0.4,1.5,0.05,1,0.000201340026756,0.25,1.11803398875,0,0,0,0,0,0,0,0,0,0
24.25,0.860379960214,0.139620039786,1,1.00007810567,0.390325637635,0.0633409465983,0.470054322579,0.076279093188,0.453666584233,0.546333415767,-2.41040520876e-13,0.431954478207,0.186584671243,0.4,1.5,0.05,1,0.000201340026756,0.25,1.11803398875,0,0,0,0,0,0,0,0,0,0
24.3,0.855312090532,0.144687909468,1,1.00007810567,0.388002651466,0.0656360329653,0.467309439065,0.079051876503,0.453638684432,0.546361315568,-2.43605136063e-13,0.431698945042,0.18636397915,0.4,1.5,0.05,1,0.000201340026756,0.25,1.11803398875,0,0,0,0,0,0,0,0,0,0
24.35,0.850383819668,0.149616180332,1,1.00007810567,0.385743182844,0.0678674973999,0.464640636824,0.0817486829325,0.453610680244,0.546389319756,-2.4615864902e-13,0.431443342983,0.186143358204,0.4,1.5,0.05,1,0.000201340026756,0.25,1.11803398875,0,0,0,0,0,0,0,0,0,0
24.4,0.845610542855,0.154389457145,1,1.00007810567,0.383554197962,0.0700283658668,0.462056344893,0.0843610912787,0.453582563829,0.546417436171,-2.48701059746e-13,0.431187676,0.185922811935,0.4,1.5,0.05,1,0.000201340026756,0.25,1.11803398875,0,0,0,0,0,0,0,0,0,0
24.45,0.841007171146,0.158992828854,1,1.00007810567,0.381442441667,0.0721118856007,0.459564729479,0.0868809432534,0.453554327268,0.546445672732,-2.51265674933e-13,0.430931948062,0.18570234386,0.4,1.5,0.05,1,0.000201340026756,0.25,1.11803398875,0,0,0,0,0,0,0,0,0,0
24.5,0.836588084835,0.163411915165,1,1.00007810567,0.379414416389,0.0741115461948,0.457173668447,0.08930036897,0.453525962583,0.546474037417,-2.5384139235e-13,0.43067616313,0.185481957489,0.4,1.5,0.05,1,0.000201340026756,0.25,1.11803398875,0,0,0,0,0,0,0,0,0,0
24.55,0.832367088534,0.167632911466,1,1.00007810567,0.377476361823,0.0760210999312,0.45489072671,0.0916118115352,0.453497461754,0.546502538246,-2.56483723149e-13,0.430420325165,0.185261656315,0.4,1.5,0.05,1,0.000201340026756,0.25,1.11803398875,0,0,0,0,0,0,0,0,0,0
24.6,0.828357368047,0.171642631953,1,1.00007810567,0.375634235441,0.0778345812894,0.452723132606,0.0938080506636,0.453468816731,0.546531183269,-2.59059440566e-13,0.430164438121,0.185041443824,0.4,1.5,0.05,1,0.000201340026756,0.25,1.11803398875,0,0,0,0,0,0,0,0,0,0
24.65,0.824571449185,0.175428550815,1,1.00007810567,0.373893693878,0.0795463255732,0.450677755307,0.0958822252418,0.453440019451,0.546559980549,-2.61701771365e-13,0.429908505951,0.184821323489,0.4,1.5,0.05,1,0.000201340026756,0.25,1.11803398875,0,0,0,0,0,0,0,0,0,0
24.7,0.821021158632,0.178978841368,1,1.00007810567,0.37226007526,0.0811509865962,0.448761083372,0.0978278547721,0.453411061856,0.546588938144,-2.64332999933e-13,0.429652532603,0.184601298773,0.4,1.5,0.05,1,0.000201340026756,0.25,1.11803398875,0,0,0,0,0,0,0,0,0,0
24.75,0.817717587001,0.182282412999,1,1.00007810567,0.370738382538,0.0826435533712,0.446979204463,0.0996388596273,0.453381935909,0.546618064091,-2.66986432962e-13,0.429396522021,0.184381373124,0.4,1.5,0.05,1,0.000201340026756,0.25,1.11803398875,0,0,0,0,0,0,0,0,0,0
24.8,0.814671054193,0.185328945807,1,1.00007810568,0.369333267857,0.0840193657511,0.445337786336,0.101309580056,0.453352633608,0.546647366392,-2.6961766153e-13,0.429140478144,0.184161549981,0.4,1.5,0.05,1,0.000201340026756,0.25,1.11803398875,0,0,0,0,0,0,0,0,0,0
24.85,0.811891077151,0.188108922849,1,1.00007810568,0.36804901803,0.0852741289726,0.443842059121,0.102834793876,0.453323147003,0.546676852997,-2.72271094559e-13,0.428884404904,0.18394183277,0.4,1.5,0.05,1,0.000201340026756,0.25,1.11803398875,0,0,0,0,0,0,0,0,0,0
24.9,0.809386340138,0.190613659862,1,1.00007810568,0.366889541154,0.0864039270562,0.442496798984,0.104209732806,0.45329346821,0.54670653179,-2.74935629818e-13,0.428628306231,0.183722224902,0.4,1.5,0.05,1,0.000201340026756,0.25,1.11803398875,0,0,0,0,0,0,0,0,0,0
24.95,0.807164667603,0.192835332397,1,1.00007810568,0.365858354409,0.0874052350216,0.441306313194,0.105430097375,0.453263589431,0.546736410569,-2.77589062847e-13,0.428372186043,0.183502729775,0.4,1.5,0.05,1,0.000201340026756,0.25,1.11803398875,0,0,0,0,0,0,0,0,0,0
25,0.805232999744,0.194767000256,1,1.00007810568,0.364958573085,0.0882749298795,0.440274426659,0.106492070377,0.453233502964,0.546766497036,-2.80253598106e-13,0.428116048254,0.183283350772,0.4,1.5,0.05,1,0.000201340026756,0.25,1.11803398875,0,0,0,0,0,0,0,0,0,0
25.05,0.803597370821,0.196402629179,1,1.00007810568,0.364192900858,0.0890103003649,0.439404469963,0.107392328814,0.453203201223,0.546796798777,-2.82973644516e-13,0.427859896766,0.183064091261,0.4,1.5,0.05,1,0.000201340026756,0.25,1.11803398875,0,0,0,0,0,0,0,0,0,0
25.1,0.802262890313,0.197737109687,1,1.00007810568,0.363563621366,0.0896090553825,0.438699268948,0.108128054304,0.453172676748,0.546827323252,-2.85649282006e-13,0.427603735474,0.182844954592,0.4,1.5,0.05,1,0.000201340026756,0.25,1.11803398875,0,0,0,0,0,0,0,0,0,0
25.15,0.801233726951,0.198766273049,1,1.00007810568,0.363072591088,0.0900693311368,0.438161135863,0.108696941912,0.453141922225,0.546858077775,-2.88369328416e-13,0.427347568264,0.182625944101,0.4,1.5,0.05,1,0.000201340026756,0.25,1.11803398875,0,0,0,0,0,0,0,0,0,0
25.2,0.800513095699,0.199486904301,1,1.00007810568,0.362721233572,0.0903896969241,0.437791862127,0.109097207377,0.453110930496,0.546889069504,-2.91133783747e-13,0.427091399007,0.182407063106,0.4,1.5,0.05,1,0.000201340026756,0.25,1.11803398875,0,0,0,0,0,0,0,0,0,0
25.25,0.800103247707,0.199896752293,1,1.00007810568,0.362510535005,0.09056915957,0.437592712702,0.109327592723,0.453079694575,0.546920305425,-2.93842727928e-13,0.42683523157,0.18218831491,0.4,1.5,0.05,1,0.000201340026756,0.25,1.11803398875,0,0,0,0,0,0,0,0,0,0
25.3,0.800005463285,0.199994536715,1,1.00007810568,0.362441041166,0.0906071664955,0.437564422119,0.109387370219,0.453048207662,0.546951792338,-2.96584978798e-13,0.426579069806,0.181969702797,0.4,1.5,0.05,1,0.000201340026756,0.25,1.11803398875,0,0,0,0,0,0,0,0,0,0
25.35,0.800220047898,0.199779952102,1,1.00007810568,0.36251285575,0.0905036074055,0.437707192147,0.109276344697,0.453016463156,0.546983536844,-2.99282820748e-13,0.42632291756,0.181751230037,0.4,1.5,0.05,1,0.000201340026756,0.25,1.11803398875,0,0,0,0,0,0,0,0,0,0
25.4,0.800746331212,0.199253668788,1,1.00007810568,0.362725640076,0.0902588145906,0.438020691136,0.108994854198,0.452984454666,0.547015545334,-3.0208058277e-13,0.426066778668,0.181532899884,0.4,1.5,0.05,1,0.000201340026756,0.25,1.11803398875,0,0,0,0,0,0,0,0,0,0
25.45,0.801582669192,0.198417330808,1,1.00007810568,0.363078614183,0.0898735618451,0.438504055009,0.108543768963,0.452952176028,0.547047823972,-3.04833935871e-13,0.425810656957,0.181314715578,0.4,1.5,0.05,1,0.000201340026756,0.25,1.11803398875,0,0,0,0,0,0,0,0,0,0
25.5,0.802726449234,0.197273550766,1,1.00007810568,0.363570559311,0.0893490620009,0.439155889923,0.107924488765,0.452919621311,0.547080378689,-3.07609493433e-13,0.425554556249,0.181096680344,0.4,1.5,0.05,1,0.000201340026756,0.25,1.11803398875,0,0,0,0,0,0,0,0,0,0
25.55,0.804174098328,0.195825901672,1,1.00007810568,0.364199821748,0.0886869630877,0.439974276581,0.107138938584,0.452886784835,0.547113215165,-3.10418357685e-13,0.425298480356,0.180878797394,0.4,1.5,0.05,1,0.000201340026756,0.25,1.11803398875,0,0,0,0,0,0,0,0,0,0
25.6,0.805921094221,0.194078905779,1,1.00007810568,0.364964318046,0.0878893431304,0.440956776174,0.106189562649,0.452853661177,0.547146338823,-3.13193915247e-13,0.425042433089,0.180661069926,0.4,1.5,0.05,1,0.000201340026756,0.25,1.11803398875,0,0,0,0,0,0,0,0,0,0
25.65,0.807961979538,0.192038020462,1,1.00007810568,0.365861541584,0.0869587035997,0.442100437955,0.105079316862,0.452820245183,0.547179754817,-3.15958370578e-13,0.424786418249,0.180443501129,0.4,1.5,0.05,1,0.000201340026756,0.25,1.11803398875,0,0,0,0,0,0,0,0,0,0
25.7,0.81029037884,0.18970962116,1,1.00007810568,0.366888570444,0.085897961537,0.443401808395,0.103811659623,0.452786531981,0.547213468019,-3.18711723679e-13,0.424530439632,0.180226094175,0.4,1.5,0.05,1,0.000201340026756,0.25,1.11803398875,0,0,0,0,0,0,0,0,0,0
25.75,0.812899018529,0.187100981471,1,1.00007810568,0.368042076608,0.0847104403786,0.44485694192,0.102390541093,0.452752516987,0.547247483013,-3.21520587931e-13,0.424274501032,0.180008852226,0.4,1.5,0.05,1,0.000201340026756,0.25,1.11803398875,0,0,0,0,0,0,0,0,0,0
25.8,0.815779749577,0.184220250423,1,1.00007810568,0.369318336408,0.0833998595074,0.44646141317,0.100820390915,0.452718195915,0.547281804085,-3.24273941033e-13,0.42401860623,0.179791778429,0.4,1.5,0.05,1,0.000201340026756,0.25,1.11803398875,0,0,0,0,0,0,0,0,0,0
25.85,0.818923572982,0.181076427018,1,1.00007810568,0.370713242223,0.0819703225644,0.44821033076,0.0991061044533,0.452683564787,0.547316435213,-3.27082805285e-13,0.423762759006,0.17957487592,0.4,1.5,0.05,1,0.000201340026756,0.25,1.11803398875,0,0,0,0,0,0,0,0,0,0
25.9,0.822320667877,0.177679332123,1,1.00007810568,0.372222315382,0.0804263045587,0.450098352495,0.0972530275648,0.45264861994,0.54735138006,-3.29924976228e-13,0.423506963125,0.179358147816,0.4,1.5,0.05,1,0.000201340026756,0.25,1.11803398875,0,0,0,0,0,0,0,0,0,0
25.95,0.825960422207,0.174039577793,1,1.00007810568,0.373840720219,0.0787726378144,0.452119701988,0.0952669399782,0.452613358034,0.547386641966,-3.32656124868e-13,0.423251222347,0.179141597218,0.4,1.5,0.05,1,0.000201340026756,0.25,1.11803398875,0,0,0,0,0,0,0,0,0,0
26,0.829831465888,0.170168534112,1,1.00007810568,0.375563279257,0.0770144967998,0.454268186631,0.0931540373118,0.452577776057,0.547422223943,-3.35509398042e-13,0.422995540415,0.178925227211,0.4,1.5,0.05,1,0.000201340026756,0.25,1.11803398875,0,0,0,0,0,0,0,0,0,0
26.05,0.833921706317,0.166078293683,1,1.00007810568,0.37738448945,0.0751573818857,0.456537216867,0.0909209117971,0.452541871335,0.547458128665,-3.38340466755e-13,0.422739921061,0.178709040858,0.4,1.5,0.05,1,0.000201340026756,0.25,1.11803398875,0,0,0,0,0,0,0,0,0,0
26.1,0.838218366151,0.161781633849,1,1.00007810568,0.37929853945,0.0732071020853,0.458919826701,0.0885745317637,0.452505641535,0.547494358465,-3.41193739928e-13,0.422484368,0.178493041204,0.4,1.5,0.05,1,0.000201340026756,0.25,1.11803398875,0,0,0,0,0,0,0,0,0,0
26.15,0.842708023222,0.157291976778,1,1.00007810568,0.381299327842,0.0711697568281,0.46140869538,0.0861222199501,0.45246908467,0.54753091533,-3.44024808641e-13,0.422228884932,0.178277231271,0.4,1.5,0.05,1,0.000201340026756,0.25,1.11803398875,0,0,0,0,0,0,0,0,0,0
26.2,0.847376652465,0.152623347535,1,1.00007810568,0.383380482279,0.0690517168268,0.463996170186,0.0835716307083,0.452432199106,0.547567800894,-3.46900286274e-13,0.421973475539,0.178061614058,0.4,1.5,0.05,1,0.000201340026756,0.25,1.11803398875,0,0,0,0,0,0,0,0,0,0
26.25,0.852209669732,0.147790330268,1,1.00007810568,0.385535379466,0.0668596040964,0.466674290266,0.0809307261721,0.452394983562,0.547605016438,-3.49753559448e-13,0.421718143483,0.177846192542,0.4,1.5,0.05,1,0.000201340026756,0.25,1.11803398875,0,0,0,0,0,0,0,0,0,0
26.3,0.857191977347,0.142808022653,1,1.00007810568,0.387757165931,0.0646002711884,0.469434811417,0.0782077514642,0.452357437119,0.547642562881,-3.5255132147e-13,0.42146289241,0.177630969679,0.4,1.5,0.05,1,0.000201340026756,0.25,1.11803398875,0,0,0,0,0,0,0,0,0,0
26.35,0.862308011276,0.137691988724,1,1.00007810568,0.390038779512,0.0622807797058,0.472269231764,0.0754112090182,0.452319559217,0.547680440783,-3.55426799103e-13,0.42120772595,0.1774159484,0.4,1.5,0.05,1,0.000201340026756,0.25,1.11803398875,0,0,0,0,0,0,0,0,0,0
26.4,0.867541789738,0.132458210262,1,1.00007810568,0.392372971495,0.0599083781664,0.475168818244,0.0725498320951,0.452281349661,0.547718650339,-3.58280072277e-13,0.420952647716,0.177201131619,0.4,1.5,0.05,1,0.000201340026756,0.25,1.11803398875,0,0,0,0,0,0,0,0,0,0
26.45,0.872876963138,0.127123036862,1,1.00007810568,0.394752329337,0.0574904792835,0.478124633801,0.0696325575782,0.452242808621,0.547757191379,-3.6113334545e-13,0.420697661306,0.176986522229,0.4,1.5,0.05,1,0.000201340026756,0.25,1.11803398875,0,0,0,0,0,0,0,0,0,0
26.5,0.878296865136,0.121703134864,1,1.00007810568,0.397169299896,0.055034636736,0.48112756524,0.0666684981285,0.452203936632,0.547796063368,-3.63997720854e-13,0.420442770308,0.176772123104,0.4,1.5,0.05,1,0.000201340026756,0.25,1.11803398875,0,0,0,0,0,0,0,0,0,0
26.55,0.883784564709,0.116215435291,1,1.00007810568,0.399616213095,0.0525485215012,0.484168351615,0.0636669137895,0.452164734596,0.547835265404,-3.66862096257e-13,0.420187978296,0.176557937105,0.4,1.5,0.05,1,0.000201340026756,0.25,1.11803398875,0,0,0,0,0,0,0,0,0,0
26.6,0.889322919049,0.110677080951,1,1.00007810568,0.402085305959,0.0500398978231,0.48723761309,0.0606371831278,0.452125203782,0.547874796218,-3.69726471661e-13,0.419933288841,0.176343967077,0.4,1.5,0.05,1,0.000201340026756,0.25,1.11803398875,0,0,0,0,0,0,0,0,0,0
26.65,0.894894627106,0.105105372894,1,1.00007810568,0.404568746929,0.0475165988942,0.490325880176,0.0575887740001,0.452085345824,0.547914654176,-3.72624153755e-13,0.419678705504,0.176130215854,0.4,1.5,0.05,1,0.000201340026756,0.25,1.11803398875,0,0,0,0,0,0,0,0,0,0
26.7,0.900482283638,0.0995177163623,1,1.00007810568,0.407058660394,0.044986502325,0.493423623244,0.0545312140374,0.452045162719,0.547954837281,-3.75488529158e-13,0.419424231844,0.175916686258,0.4,1.5,0.05,1,0.000201340026756,0.25,1.11803398875,0,0,0,0,0,0,0,0,0,0
26.75,0.906068433582,0.0939315664175,1,1.00007810568,0.409547151347,0.0424575054796,0.496521282235,0.051474060938,0.452004656827,0.547995343173,-3.78408415713e-13,0.419169871415,0.175703381102,0.4,1.5,0.05,1,0.000201340026756,0.25,1.11803398875,0,0,0,0,0,0,0,0,0,0
26.8,0.911635626584,0.0883643734159,1,1.00007810568,0.412026330113,0.0399375007543,0.499609296471,0.0484268726615,0.451963830867,0.548036169133,-3.81306097808e-13,0.418915627768,0.175490303188,0.4,1.5,0.05,1,0.000201340026756,0.25,1.11803398875,0,0,0,0,0,0,0,0,0,0
26.85,0.917166471506,0.0828335284945,1,1.00007810568,0.414488337039,0.0374343508773,0.502678134466,0.0453991776172,0.451922687917,0.548077312083,-3.84259291053e-13,0.418661504451,0.175277455309,0.4,1.5,0.05,1,0.000201340026756,0.25,1.11803398875,0,0,0,0,0,0,0,0,0,0
26.9,0.922643690756,0.0773563092441,1,1.00007810568,0.416925367098,0.0349558643059,0.505718323658,0.0424004449382,0.451881231404,0.548118768596,-3.87156973147e-13,0.418407505007,0.175064840246,0.4,1.5,0.05,1,0.000201340026756,0.25,1.11803398875,0,0,0,0,0,0,0,0,0,0
26.95,0.928050174264,0.0719498257365,1,1.00007810568,0.419329694306,0.0325097708007,0.508720479957,0.0394400549358,0.451839465107,0.548160534893,-3.90121268623e-13,0.418153632972,0.174852460768,0.4,1.5,0.05,1,0.000201340026756,0.25,1.11803398875,0,0,0,0,0,0,0,0,0,0
27,0.933369032925,0.0666309670745,1,1.00007810568,0.421693695899,0.0301036972502,0.511675337027,0.0365272698243,0.451797393149,0.548202606851,-3.92952337336e-13,0.417899891873,0.174640319628,0.4,1.5,0.05,1,0.000201340026756,0.25,1.11803398875,0,0,0,0,0,0,0,0,0,0
27.05,0.938583651366,0.0614163486335,1,1.00007810568,0.424009876167,0.0277451438254,0.514573775199,0.0336712048081,0.451755019993,0.548244980007,-3.95916632812e-13,0.417646285226,0.174428419563,0.4,1.5,0.05,1,0.000201340026756,0.25,1.11803398875,0,0,0,0,0,0,0,0,0,0
27.1,0.943677739843,0.0563222601566,1,1.00007810568,0.426270889898,0.0254414605354,0.517406849945,0.0308807996212,0.451712350434,0.548287649566,-3.98880928287e-13,0.41739281653,0.174216763291,0.4,1.5,0.05,1,0.000201340026756,0.25,1.11803398875,0,0,0,0,0,0,0,0,0,0
27.15,0.948635385132,0.0513646148682,1,1.00007810568,0.428469565336,0.0231998242606,0.520165819796,0.0281647906076,0.451669389597,0.548330610403,-4.0170089477e-13,0.417139489264,0.174005353504,0.4,1.5,0.05,1,0.000201340026756,0.25,1.11803398875,0,0,0,0,0,0,0,0,0,0
27.2,0.953441100237,0.0465588997632,1,1.00007810568,0.430598926594,0.0210272163331,0.522842173643,0.0255316834301,0.451626142927,0.548373857073,-4.04698496936e-13,0.416886306887,0.17379419287,0.4,1.5,0.05,1,0.000201340026756,0.25,1.11803398875,0,0,0,0,0,0,0,0,0,0
27.25,0.958079872773,0.0419201272275,1,1.00007810568,0.432652215447,0.0189304007364,0.525427657325,0.0229897264911,0.451582616184,0.548417383816,-4.075850768e-13,0.416633272829,0.173583284028,0.4,1.5,0.05,1,0.000201340026756,0.25,1.11803398875,0,0,0,0,0,0,0,0,0,0
27.3,0.962537211858,0.0374627881417,1,1.00007810568,0.434622912443,0.0169159029908,0.527914299415,0.0205468851509,0.451538815434,0.548461184566,-4.10516065585e-13,0.416380390496,0.173372629589,0.4,1.5,0.05,1,0.000201340026756,0.25,1.11803398875,0,0,0,0,0,0,0,0,0,0
27.35,0.966799193386,0.0332008066138,1,1.00007810568,0.43650475725,0.0149899897925,0.530294436136,0.0182108168213,0.451494747043,0.548505252957,-4.13458156601e-13,0.416127663261,0.173162232131,0.4,1.5,0.05,1,0.000201340026756,0.25,1.11803398875,0,0,0,0,0,0,0,0,0,0
27.4,0.970852503518,0.0291474964816,1,1.00007810568,0.438291768198,0.0131586494677,0.532560735321,0.0159888470138,0.451450417665,0.548549582335,-4.16378043155e-13,0.415875094469,0.1729520942,0.4,1.5,0.05,1,0.000201340026756,0.25,1.11803398875,0,0,0,0,0,0,0,0,0,0
27.45,0.974684480278,0.0253155197225,1,1.00007810568,0.439978260933,0.0114275733053,0.534706219344,0.0138879464172,0.451405834238,0.548594165762,-4.1930903194e-13,0.415622687437,0.172742218312,0.4,1.5,0.05,1,0.000201340026756,0.25,1.11803398875,0,0,0,0,0,0,0,0,0,0
27.5,0.978283153101,0.0217168468993,1,1.00007810568,0.441558866147,0.00980213782406,0.536724286954,0.0119147090753,0.451361003971,0.548638996029,-4.22251122956e-13,0.41537044545,0.172532606954,0.4,1.5,0.05,1,0.000201340026756,0.25,1.11803398875,0,0,0,0,0,0,0,0,0,0
27.55,0.981637280234,0.0183627197658,1,1.00007810568,0.443028546303,0.00828738803139,0.538608733931,0.0100753317345,0.451315934334,0.548684065666,-4.2514880505e-13,0.415118371773,0.172323262583,0.4,1.5,0.05,1,0.000201340026756,0.25,1.11803398875,0,0,0,0,0,0,0,0,0,0
27.6,0.984736383851,0.015263616149,1,1.00007810567,0.444382611328,0.00688802172458,0.540353772523,0.00837559442443,0.451270633053,0.548729366947,-4.28057589374e-13,0.414866469645,0.172114187635,0.4,1.5,0.05,1,0.000201340026756,0.25,1.11803398875,0,0,0,0,0,0,0,0,0,0
27.65,0.987570782782,0.0124292172177,1,1.00007810567,0.445616733209,0.00560837488406,0.541954049574,0.00682084233369,0.451225108093,0.548774891907,-4.3102188485e-13,0.41461474229,0.171905384524,0.4,1.5,0.05,1,0.000201340026756,0.25,1.11803398875,0,0,0,0,0,0,0,0,0,0
27.7,0.99013162276,0.00986837724038,1,1.00007810567,0.446726959448,0.00445240820381,0.543404663312,0.00541596903658,0.451179367652,0.548820632348,-4.33986180326e-13,0.41436319292,0.171696855646,0.4,1.5,0.05,1,0.000201340026756,0.25,1.11803398875,0,0,0,0,0,0,0,0,0,0
27.75,0.992410904075,0.00758909592506,1,1.00007810567,0.447709725348,0.00342369480066,0.544701178727,0.0041654011244,0.451133420149,0.548866579851,-4.36928271341e-13,0.414111824737,0.171488603387,0.4,1.5,0.05,1,0.000201340026756,0.25,1.11803398875,0,0,0,0,0,0,0,0,0,0
27.8,0.99440150657,0.00559849342982,1,1.00007810567,0.448561865071,0.00252540914066,0.545839641499,0.00307308428916,0.451087274211,0.548912725789,-4.39859260126e-13,0.413860640943,0.171280630122,0.4,1.5,0.05,1,0.000201340026756,0.25,1.11803398875,0,0,0,0,0,0,0,0,0,0
27.85,0.99609721188,0.00390278812016,1,1.00007810567,0.449280621451,0.00176031721655,0.546816590429,0.00214247090361,0.451040938667,0.548959061333,-4.42779146681e-13,0.41360964474,0.171072938222,0.4,1.5,0.05,1,0.000201340026756,0.25,1.11803398875,0,0,0,0,0,0,0,0,0,0
27.9,0.997492722856,0.0025072771438,1,1.00007810567,0.449863654523,0.00113076800684,0.547629068334,0.00137650913696,0.450994422529,0.549005577471,-4.45721237696e-13,0.413358839332,0.170865530054,0.4,1.5,0.05,1,0.000201340026756,0.25,1.11803398875,0,0,0,0,0,0,0,0,0,0
27.95,0.998583680117,0.00141631988306,1,1.00007810567,0.450309048744,0.000638686242515,0.548274631373,0.000777633640542,0.450947734986,0.549052265014,-4.48707737633e-13,0.413108227935,0.170658407987,0.4,1.5,0.05,1,0.000201340026756,0.25,1.11803398875,0,0,0,0,0,0,0,0,0,0
28,0.999366675663,0.00063332433678,1,1.00007810567,0.450615318886,0.000285566503546,0.548751356777,0.000347757833234,0.45090088539,0.54909911461,-4.51694237569e-13,0.412857813767,0.170451574389,0.4,1.5,0.05,1,0.000201340026756,0.25,1.11803398875,0,0,0,0,0,0,0,0,0,0
28.05,0.999839263526,0.000160736474229,1,1.00007810567,0.450781414579,7.24686631919e-05,0.549057848947,8.82678110369e-05,0.450853883242,0.549146116758,-4.54625226354e-13,0.412607600058,0.170245031625,0.4,1.5,0.05,1,0.000201340026756,0.25,1.11803398875,0,0,0,0,0,0,0,0,0,0
28.1,0.999999967406,3.25941990999e-08,1,1.00007810567,0.45080672349,1.46936780509e-08,0.549193243916,1.79005210491e-08,0.450806738184,0.549193261816,-4.57645032981e-13,0.412357590038,0.170038782062,0.4,1.5,0.05,1,0.000201340026756,0.25,1.11803398875,0,0,0,0,0,0,0,0,0,0
28.15,0.999848285287,0.000151714713276,1,1.00007810567,0.45069107314,6.83868427361e-05,0.549157212146,8.33278705399e-05,0.450759459983,0.549240540017,-4.60620430687e-13,0.412107786944,0.16983282806,0.4,1.5,0.05,1,0.000201340026756,0.25,1.11803398875,0,0,0,0,0,0,0,0,0,0
28.2,0.999384691002,0.000615308997602,1,1.00007810567,0.450434731334,0.000277327186083,0.548949959668,0.000337981811519,0.450712058521,0.549287941479,-4.63573623932e-13,0.411858194006,0.16962717197,0.4,1.5,0.05,1,0.000201340026756,0.25,1.11803398875,0,0,0,0,0,0,0,0,0,0
28.25,0.998610632757,0.00138936724307,1,1.00007810567,0.450038405221,0.000626138556644,0.548572227536,0.000763228686424,0.450664543777,0.549335456223,-4.66515714947e-13,0.411608814445,0.169421816129,0.4,1.5,0.05,1,0.000201340026756,0.25,1.11803398875,0,0,0,0,0,0,0,0,0,0
28.3,0.997528528601,0.0024714713993,1,1.00007810567,0.449503238976,0.00111368684699,0.548025289625,0.00135778455231,0.450616925823,0.549383074177,-4.69468908193e-13,0.411359651467,0.169216762855,0.4,1.5,0.05,1,0.000201340026756,0.25,1.11803398875,0,0,0,0,0,0,0,0,0,0
28.35,0.996141758877,0.00385824112332,1,1.00007810567,0.448830810123,0.00173840467721,0.547310948753,0.00211983644611,0.450569214801,0.549430785199,-4.72422101438e-13,0.411110708254,0.169012014441,0.4,1.5,0.05,1,0.000201340026756,0.25,1.11803398875,0,0,0,0,0,0,0,0,0,0
28.4,0.994454655661,0.00554534433926,1,1.00007810567,0.4480231245,0.00249829641605,0.546431531161,0.00304704792322,0.450521420916,0.549478579084,-4.75441908065e-13,0.410861987958,0.168807573149,0.4,1.5,0.05,1,0.000201340026756,0.25,1.11803398875,0,0,0,0,0,0,0,0,0,0
28.45,0.992472489229,0.00752751077117,1,1.00007810567,0.447082609882,0.00339094453907,0.545389879347,0.00413656623209,0.450473554421,0.549526445579,-4.7835069239e-13,0.410613493696,0.168603441205,0.4,1.5,0.05,1,0.000201340026756,0.25,1.11803398875,0,0,0,0,0,0,0,0,0,0
28.5,0.990201451593,0.0097985484066,1,1.00007810567,0.446012108301,0.00441351730338,0.544189343292,0.00538503110322,0.450425625604,0.549574374396,-4.81337192326e-13,0.410365228539,0.168399620794,0.4,1.5,0.05,1,0.000201340026756,0.25,1.11803398875,0,0,0,0,0,0,0,0,0,0
28.55,0.98764863716,0.0123513628396,1,1.00007810567,0.44481486706,0.00556277771415,0.542833770101,0.0067885851255,0.450377644774,0.549622355226,-4.84279283341e-13,0.410117195513,0.168196114055,0.4,1.5,0.05,1,0.000201340026756,0.25,1.11803398875,0,0,0,0,0,0,0,0,0,0
28.6,0.984822020567,0.0151779794328,1,1.00007810567,0.443494528491,0.00683509375457,0.541327492076,0.00834288567827,0.450329622246,0.549670377754,-4.87276885508e-13,0.409869397593,0.167992923083,0.4,1.5,0.05,1,0.000201340026756,0.25,1.11803398875,0,0,0,0,0,0,0,0,0,0
28.65,0.981730431771,0.0182695682288,1,1.00007810568,0.442055118484,0.00822644984642,0.539675313287,0.0100431183824,0.45028156833,0.54971843167,-4.90174567602e-13,0.409621837703,0.167790049923,0.4,1.5,0.05,1,0.000201340026756,0.25,1.11803398875,0,0,0,0,0,0,0,0,0,0
28.7,0.978383528466,0.0216164715339,1,1.00007810568,0.440501033812,0.00973245950508,0.537882494654,0.0118840120288,0.450233493317,0.549766506683,-4.93116658618e-13,0.409374518718,0.167587496576,0.4,1.5,0.05,1,0.000201340026756,0.25,1.11803398875,0,0,0,0,0,0,0,0,0,0
28.75,0.974791765913,0.0252082340872,1,1.00007810568,0.438837028315,0.0113483791488,0.535954737598,0.0138598549384,0.450185407464,0.549814592536,-4.96147567475e-13,0.409127443465,0.167385264996,0.4,1.5,0.05,1,0.000201340026756,0.25,1.11803398875,0,0,0,0,0,0,0,0,0,0
28.8,0.970966364278,0.029033635722,1,1.00007810568,0.437068197963,0.0130691230188,0.533898166315,0.0159645127032,0.450137320981,0.549862679019,-4.99023045109e-13,0.408880614728,0.1671833571,0.4,1.5,0.05,1,0.000201340026756,0.25,1.11803398875,0,0,0,0,0,0,0,0,0,0
28.85,0.966919273585,0.0330807264151,1,1.00007810568,0.435199964859,0.0148892791621,0.531719308726,0.018191447253,0.450089244021,0.549910755979,-5.01909624973e-13,0.408634035257,0.16698177477,0.4,1.5,0.05,1,0.000201340026756,0.25,1.11803398875,0,0,0,0,0,0,0,0,0,0
28.9,0.962663136382,0.0373368636177,1,1.00007810568,0.433238060234,0.0168031264287,0.529425076148,0.0205337371889,0.450041186663,0.549958813337,-5.04907227139e-13,0.408387707774,0.166780519861,0.4,1.5,0.05,1,0.000201340026756,0.25,1.11803398875,0,0,0,0,0,0,0,0,0,0
28.95,0.958211248251,0.0417887517487,1,1.00007810568,0.431188506471,0.0188046524276,0.52702274178,0.0229840993211,0.449993158899,0.550006841101,-5.07827113694e-13,0.408141634985,0.166579594208,0.4,1.5,0.05,1,0.000201340026756,0.25,1.11803398875,0,0,0,0,0,0,0,0,0,0
29,0.953577516272,0.0464224837285,1,1.00007810568,0.429057598239,0.0208875723856,0.524519918032,0.0255349113429,0.449945170625,0.550054829375,-5.10758102479e-13,0.407895819586,0.166378999635,0.4,1.5,0.05,1,0.000201340026756,0.25,1.11803398875,0,0,0,0,0,0,0,0,0,0
29.05,0.948776415578,0.0512235844223,1,1.00007810568,0.426851882774,0.0230453488509,0.521924532803,0.0281782355714,0.449897231625,0.550102768375,-5.13700193494e-13,0.407650264275,0.166178737964,0.4,1.5,0.05,1,0.000201340026756,0.25,1.11803398875,0,0,0,0,0,0,0,0,0,0
29.1,0.943822944141,0.0561770558589,1,1.00007810568,0.424578139384,0.0252712121779,0.519244804757,0.0309058436809,0.449849351562,0.550150648438,-5.16631182279e-13,0.407404971764,0.165978811018,0.4,1.5,0.05,1,0.000201340026756,0.25,1.11803398875,0,0,0,0,0,0,0,0,0,0
29.15,0.938732575918,0.061267424082,1,1.00007810568,0.422243358231,0.0275581817305,0.516489217687,0.0337092423515,0.449801539962,0.550198460038,-5.19551068834e-13,0.407159944782,0.165779220635,0.4,1.5,0.05,1,0.000201340026756,0.25,1.11803398875,0,0,0,0,0,0,0,0,0,0
29.2,0.933521212511,0.0664787874888,1,1.00007810568,0.419854718468,0.0298990877356,0.513666494043,0.0365796997532,0.449753806204,0.550246193796,-5.2253756877e-13,0.406915186086,0.165579968668,0.4,1.5,0.05,1,0.000201340026756,0.25,1.11803398875,0,0,0,0,0,0,0,0,0,0
29.25,0.928205133496,0.0717948665043,1,1.00007810568,0.417419565788,0.0322865937206,0.510785567708,0.0395082727837,0.449706159509,0.550293840491,-5.25479659785e-13,0.406670698465,0.16538105699,0.4,1.5,0.05,1,0.000201340026756,0.25,1.11803398875,0,0,0,0,0,0,0,0,0,0
29.3,0.922800945563,0.0771990544366,1,1.00007810568,0.414945389465,0.0347132194627,0.507855556098,0.0424858349739,0.449658608928,0.550341391072,-5.28432853031e-13,0.406426484739,0.165182487497,0.4,1.5,0.05,1,0.000201340026756,0.25,1.11803398875,0,0,0,0,0,0,0,0,0,0
29.35,0.917325530646,0.0826744693537,1,1.00007810568,0.41243979895,0.0371713643797,0.504885731697,0.045503104974,0.449611163329,0.550388836671,-5.31374944046e-13,0.406182547764,0.164984262108,0.4,1.5,0.05,1,0.000201340026756,0.25,1.11803398875,0,0,0,0,0,0,0,0,0,0
29.4,0.91179599318,0.0882040068204,1,1.00007810568,0.409910500102,0.0396533312877,0.501885493077,0.0485506755327,0.44956383139,0.55043616861,-5.34305932831e-13,0.405938890425,0.164786382759,0.4,1.5,0.05,1,0.000201340026756,0.25,1.11803398875,0,0,0,0,0,0,0,0,0,0
29.45,0.90622960667,0.0937703933303,1,1.00007810568,0.407365271128,0.0421513504534,0.498864335542,0.0516190428769,0.449516621581,0.550483378419,-5.37292432767e-13,0.405695515632,0.164588851404,0.4,1.5,0.05,1,0.000201340026756,0.25,1.11803398875,0,0,0,0,0,0,0,0,0,0
29.5,0.900643759734,0.0993562402655,1,1.00007810568,0.404811938297,0.0446576038637,0.495831821437,0.0546986364018,0.449469542161,0.550530457839,-5.40267830473e-13,0.405452426313,0.164391670003,0.4,1.5,0.05,1,0.000201340026756,0.25,1.11803398875,0,0,0,0,0,0,0,0,0,0
29.55,0.895055901783,0.104944098217,1,1.00007810568,0.40225835152,0.0471642496391,0.492797550263,0.0577798485775,0.44942260116,0.55057739884,-5.4325433041e-13,0.405209625399,0.164194840516,0.4,1.5,0.05,1,0.000201340026756,0.25,1.11803398875,0,0,0,0,0,0,0,0,0,0
29.6,0.889483488508,0.110516511492,1,1.00007810568,0.39971235986,0.049663446513,0.489771128648,0.0608530649791,0.449375806373,0.550624193627,-5.46229728116e-13,0.404967115817,0.163998364893,0.4,1.5,0.05,1,0.000201340026756,0.25,1.11803398875,0,0,0,0,0,0,0,0,0,0
29.65,0.883943927353,0.116056072647,1,1.00007810568,0.397181787048,0.0521473783015,0.486762140304,0.0639086943459,0.44932916535,0.55067083465,-5.4913851244e-13,0.404724900473,0.163802245063,0.4,1.5,0.05,1,0.000201340026756,0.25,1.11803398875,0,0,0,0,0,0,0,0,0,0
29.7,0.878454523137,0.121545476863,1,1.00007810568,0.394674407094,0.0546082782875,0.483780116043,0.0669371985758,0.449282685382,0.550717314618,-5.52102807916e-13,0.404482982243,0.163606482924,0.4,1.5,0.05,1,0.000201340026756,0.25,1.11803398875,0,0,0,0,0,0,0,0,0,0
29.75,0.873032423996,0.126967576004,1,1.00007810568,0.39219792005,0.0570384534428,0.480834503946,0.0699291225612,0.449236373493,0.550763626507,-5.55078205622e-13,0.404241363951,0.163411080329,0.4,1.5,0.05,1,0.000201340026756,0.25,1.11803398875,0,0,0,0,0,0,0,0,0,0
29.8,0.867694567814,0.132305432186,1,1.00007810568,0.38975992802,0.0594303084135,0.477934639795,0.0728751237721,0.449190236433,0.550809763567,-5.57998092177e-13,0.404000048365,0.163216039079,0.4,1.5,0.05,1,0.000201340026756,0.25,1.11803398875,0,0,0,0,0,0,0,0,0,0
29.85,0.862457629313,0.137542370687,1,1.00007810568,0.387367911471,0.0617763691927,0.475089717842,0.0757660014944,0.449144280664,0.550855719336,-5.60917978731e-13,0.403759038179,0.163021360911,0.4,1.5,0.05,1,0.000201340026756,0.25,1.11803398875,0,0,0,0,0,0,0,0,0,0
29.9,0.857337967959,0.142662032041,1,1.00007810568,0.385029205943,0.0640693064092,0.472308762016,0.0785927256314,0.449098512352,0.550901487648,-5.63826763056e-13,0.403518336007,0.162827047494,0.4,1.5,0.05,1,0.000201340026756,0.25,1.11803398875,0,0,0,0,0,0,0,0,0,0
29.95,0.852351576864,0.147648423136,1,1.00007810568,0.382750979205,0.0663019581575,0.469600597659,0.0813464649781,0.449052937363,0.550947062637,-5.6671334292e-13,0.403277944378,0.162633100421,0.4,1.5,0.05,1,0.000201340026756,0.25,1.11803398875,0,0,0,0,0,0,0,0,0,0
30,0.847514032821,0.152485967179,1,1.00007810568,0.380540208948,0.0684673522999,0.466973823873,0.0840186148794,0.449007561247,0.550992438753,-5.69577718323e-13,0.403037865727,0.16243952121,0.4,1.5,0.05,1,0.000201340026756,0.25,1.11803398875,0,0,0,0,0,0,0,0,0,0
30.05,0.842840447643,0.157159552357,1,1.00007810568,0.378403661067,0.0705587281705,0.464436786576,0.0866008241861,0.448962389238,0.551037610762,-5.72464298187e-13,0.402798102401,0.162246311297,0.4,1.5,0.05,1,0.000201340026756,0.25,1.11803398875,0,0,0,0,0,0,0,0,0,0
30.1,0.838345420963,0.161654579037,1,1.00007810568,0.376347868625,0.0725695576144,0.461997552339,0.0890850214225,0.448917426239,0.551082573761,-5.75350878051e-13,0.402558656659,0.162053472051,0.4,1.5,0.05,1,0.000201340026756,0.25,1.11803398875,0,0,0,0,0,0,0,0,0,0
30.15,0.834042994618,0.165957005382,1,1.00007810568,0.374379111525,0.0744935652968,0.459663883094,0.0914634400849,0.448872676821,0.551127323179,-5.78193048995e-13,0.402319530682,0.161861004768,0.4,1.5,0.05,1,0.000201340026756,0.25,1.11803398875,0,0,0,0,0,0,0,0,0,0
30.2,0.829946608791,0.170053391209,1,1.00007810568,0.372503396997,0.0763247482181,0.457443211794,0.093728642991,0.448828145215,0.551171854785,-5.81035219938e-13,0.40208072658,0.161668910687,0.4,1.5,0.05,1,0.000201340026756,0.25,1.11803398875,0,0,0,0,0,0,0,0,0,0
30.25,0.826069060021,0.173930939979,1,1.00007810568,0.370726440926,0.078057394376,0.455342619095,0.0958735456031,0.448783835302,0.551216164698,-5.83821879729e-13,0.40184224641,0.161477191,0.4,1.5,0.05,1,0.000201340026756,0.25,1.11803398875,0,0,0,0,0,0,0,0,0,0
30.3,0.822422461232,0.177577538768,1,1.00007810568,0.369053650098,0.0796861005161,0.453368811134,0.0978914382521,0.448739750614,0.551260249386,-5.86675152903e-13,0.401604092187,0.161285846862,0.4,1.5,0.05,1,0.000201340026756,0.25,1.11803398875,0,0,0,0,0,0,0,0,0,0
30.35,0.819018203891,0.180981796109,1,1.00007810568,0.367490105408,0.0812057889159,0.451528098483,0.0997760071928,0.448695894324,0.551304105676,-5.89450710464e-13,0.401366265907,0.161094879408,0.4,1.5,0.05,1,0.000201340026756,0.25,1.11803398875,0,0,0,0,0,0,0,0,0,0
30.4,0.815866922426,0.184133077574,1,1.00007810568,0.366040546091,0.0826117231505,0.449826376335,0.101521354423,0.448652269242,0.551347730758,-5.92326188098e-13,0.401128769561,0.160904289769,0.4,1.5,0.05,1,0.000201340026756,0.25,1.11803398875,0,0,0,0,0,0,0,0,0,0
30.45,0.812978461002,0.187021538998,1,1.00007810568,0.364709355021,0.0838995227911,0.448269105981,0.103122016207,0.448608877812,0.551391122188,-5.9513505235e-13,0.400891605155,0.160714079084,0.4,1.5,0.05,1,0.000201340026756,0.25,1.11803398875,0,0,0,0,0,0,0,0,0,0
30.5,0.81036184277,0.18963815723,1,1.00007810568,0.363500545117,0.0850651769912,0.446861297653,0.104572980239,0.448565722108,0.551434277892,-5.97943916603e-13,0.400654774732,0.160524248516,0.4,1.5,0.05,1,0.000201340026756,0.25,1.11803398875,0,0,0,0,0,0,0,0,0,0
30.55,0.808025241682,0.191974758318,1,1.00007810568,0.362417746911,0.0861050569187,0.445607494772,0.105869701399,0.44852280383,0.55147719617,-6.00852700927e-13,0.400418280384,0.160334799266,0.4,1.5,0.05,1,0.000201340026756,0.25,1.11803398875,0,0,0,0,0,0,0,0,0,0
30.6,0.805975956956,0.194024043044,1,1.00007810568,0.361464197303,0.087015926994,0.444511759653,0.10700811605,0.448480124297,0.551519875703,-6.03750383021e-13,0.400182124267,0.160145732583,0.4,1.5,0.05,1,0.000201340026756,0.25,1.11803398875,0,0,0,0,0,0,0,0,0,0
30.65,0.804220390272,0.195779609728,1,1.00007810568,0.360642729551,0.0877949549018,0.443577660722,0.107984654826,0.448437684452,0.551562315548,-6.06548145043e-13,0.399946308615,0.159957049775,0.4,1.5,0.05,1,0.000201340026756,0.25,1.11803398875,0,0,0,0,0,0,0,0,0,0
30.7,0.802764025776,0.197235974224,1,1.00007810568,0.359955764508,0.0884397203439,0.442808261269,0.10879625388,0.448395484852,0.551604515148,-6.09456929368e-13,0.399710835743,0.159768752211,0.4,1.5,0.05,1,0.000201340026756,0.25,1.11803398875,0,0,0,0,0,0,0,0,0,0
30.75,0.801611412949,0.198388587051,1,1.00007810568,0.35940530316,0.0889482225071,0.44220610979,0.109440364544,0.448353525667,0.551646474333,-6.12376815923e-13,0.399475708056,0.159580841327,0.4,1.5,0.05,1,0.000201340026756,0.25,1.11803398875,0,0,0,0,0,0,0,0,0,0
30.8,0.800766152393,0.199233847607,1,1.00007810568,0.358992920457,0.0893188862224,0.441773231936,0.109914961385,0.44831180668,0.55168819332,-6.15318906938e-13,0.399240928039,0.159393318622,0.4,1.5,0.05,1,0.000201340026756,0.25,1.11803398875,0,0,0,0,0,0,0,0,0,0
30.85,0.800230884584,0.199769115416,1,1.00007810568,0.358719760485,0.0895505667974,0.441511124099,0.110218548619,0.448270327282,0.551729672718,-6.18249895723e-13,0.399006498262,0.159206185655,0.4,1.5,0.05,1,0.000201340026756,0.25,1.11803398875,0,0,0,0,0,0,0,0,0,0
30.9,0.800007281625,0.199992718375,1,1.00007810568,0.358586532968,0.0896425535067,0.441420748657,0.110350164869,0.448229086474,0.551770913526,-6.21191986738e-13,0.39877242136,0.159019444037,0.4,1.5,0.05,1,0.000201340026756,0.25,1.11803398875,0,0,0,0,0,0,0,0,0,0
30.95,0.800096042019,0.199903957981,1,1.00007810568,0.35859351113,0.0895945717301,0.441502530889,0.11030938625,0.44818808286,0.55181191714,-6.24167384444e-13,0.398538700022,0.158833095415,0.4,1.5,0.05,1,0.000201340026756,0.25,1.11803398875,0,0,0,0,0,0,0,0,0,0
31,0.800496888493,0.199503111507,1,1.00007810568,0.358740530919,0.0894067837314,0.441756357574,0.110096327775,0.44814731465,0.55185268535,-6.2712057769e-13,0.398305336976,0.158647141463,0.4,1.5,0.05,1,0.000201340026756,0.25,1.11803398875,0,0,0,0,0,0,0,0,0,0
31.05,0.801208568857,0.198791431143,1,1.00007810568,0.35902699158,0.0890797880764,0.442181577278,0.109711643066,0.448106779656,0.551893220344,-6.30007157554e-13,0.39807233496,0.15846158386,0.4,1.5,0.05,1,0.000201340026756,0.25,1.11803398875,0,0,0,0,0,0,0,0,0,0
31.1,0.802228859921,0.197771140079,1,1.00007810568,0.359451857601,0.0886146176923,0.44277700232,0.109156522386,0.448066475294,0.551933524706,-6.32904839648e-13,0.397839696705,0.158276424274,0.4,1.5,0.05,1,0.000201340026756,0.25,1.11803398875,0,0,0,0,0,0,0,0,0,0
31.15,0.803554574438,0.196445425562,1,1.00007810568,0.360013662007,0.0880127365731,0.443540912431,0.108432688989,0.44802639858,0.55197360142,-6.35869135124e-13,0.397607424908,0.158091664342,0.4,1.5,0.05,1,0.000201340026756,0.25,1.11803398875,0,0,0,0,0,0,0,0,0,0
31.2,0.805181571058,0.194818428942,1,1.00007810568,0.36071051099,0.0872760351442,0.444471060068,0.107542393798,0.447986546134,0.552013453866,-6.38789021679e-13,0.397375522204,0.157907305647,0.4,1.5,0.05,1,0.000201340026756,0.25,1.11803398875,0,0,0,0,0,0,0,0,0,0
31.25,0.807104767272,0.192895232728,1,1.00007810568,0.361540089881,0.0864068242978,0.445564677392,0.10648840843,0.447946914178,0.552053085822,-6.41653397082e-13,0.397143991146,0.157723349704,0.4,1.5,0.05,1,0.000201340026756,0.25,1.11803398875,0,0,0,0,0,0,0,0,0,0
31.3,0.809318155281,0.190681844719,1,1.00007810568,0.362499670418,0.0854078281205,0.446818484864,0.105274016598,0.447907498538,0.552092501462,-6.44573283637e-13,0.396912834179,0.157539797936,0.4,1.5,0.05,1,0.000201340026756,0.25,1.11803398875,0,0,0,0,0,0,0,0,0,0
31.35,0.811814820769,0.188185179231,1,1.00007810568,0.36358611931,0.0842821753332,0.44822870146,0.103903003897,0.447868294643,0.552131705357,-6.47393250119e-13,0.396682053621,0.157356651665,0.4,1.5,0.05,1,0.000201340026756,0.25,1.11803398875,0,0,0,0,0,0,0,0,0,0
31.4,0.814586964501,0.185413035499,1,1.00007810568,0.364795908057,0.0830333894729,0.449791056443,0.102379646026,0.44782929753,0.55217070247,-6.50179909911e-13,0.396451651646,0.157173912093,0.4,1.5,0.05,1,0.000201340026756,0.25,1.11803398875,0,0,0,0,0,0,0,0,0,0
31.45,0.817625926683,0.182374073317,1,1.00007810568,0.366125124001,0.0816653778446,0.451500802682,0.100708695472,0.447790501845,0.552209498155,-6.53010978624e-13,0.396221630275,0.156991580298,0.4,1.5,0.05,1,0.000201340026756,0.25,1.11803398875,0,0,0,0,0,0,0,0,0,0
31.5,0.820922214021,0.179077785979,1,1.00007810568,0.367569482567,0.0801824192789,0.453352731454,0.0988953666998,0.447751901846,0.552248098154,-6.55764331725e-13,0.395991991365,0.156809657225,0.4,1.5,0.05,1,0.000201340026756,0.25,1.11803398875,0,0,0,0,0,0,0,0,0,0
31.55,0.824465529372,0.175534470628,1,1.00007810568,0.369124340673,0.0785891507338,0.455341188699,0.0969453198944,0.447713491406,0.552286508594,-6.58495480366e-13,0.395762736612,0.156628143691,0.4,1.5,0.05,1,0.000201340026756,0.25,1.11803398875,0,0,0,0,0,0,0,0,0,0
31.6,0.82824480391,0.17175519609,1,1.00007810568,0.370784711238,0.0768905527809,0.457460092672,0.0948646433092,0.447675264019,0.552324735981,-6.61148913395e-13,0.395533867555,0.156447040383,0.4,1.5,0.05,1,0.000201340026756,0.25,1.11803398875,0,0,0,0,0,0,0,0,0,0
31.65,0.832248231707,0.167751768293,1,1.00007810568,0.372545278776,0.0750919340235,0.459702952931,0.0926598342692,0.4476372128,0.5523627872,-6.63769039733e-13,0.395305385584,0.156266347872,0.4,1.5,0.05,1,0.000201340026756,0.25,1.11803398875,0,0,0,0,0,0,0,0,0,0
31.7,0.836463306612,0.163536693388,1,1.00007810568,0.374400416002,0.0731989144927,0.46206289061,0.0903377788954,0.447599330495,0.552400669505,-6.66389166071e-13,0.395077291959,0.156086066622,0.4,1.5,0.05,1,0.000201340026756,0.25,1.11803398875,0,0,0,0,0,0,0,0,0,0
31.75,0.840876861316,0.159123138684,1,1.00007810568,0.37634420141,0.0712174080746,0.464532659906,0.0879057306097,0.447561609484,0.552438390516,-6.6906480356e-13,0.394849587831,0.15590619701,0.4,1.5,0.05,1,0.000201340026756,0.25,1.11803398875,0,0,0,0,0,0,0,0,0,0
31.8,0.845475108487,0.154524891513,1,1.00007810568,0.378370437762,0.0691536040233,0.467104670725,0.0853712874896,0.447524041786,0.552475958214,-6.71673827668e-13,0.394622274265,0.155726739346,0.4,1.5,0.05,1,0.000201340026756,0.25,1.11803398875,0,0,0,0,0,0,0,0,0,0
31.85,0.850243683841,0.149756316159,1,1.00007810568,0.380472671448,0.0670139476165,0.469771012393,0.0827423685423,0.447486619065,0.552513380935,-6.74327260697e-13,0.394395352271,0.155547693893,0.4,1.5,0.05,1,0.000201340026756,0.25,1.11803398875,0,0,0,0,0,0,0,0,0,0
31.9,0.855167691011,0.144832308989,1,1.00007810568,0.382644212622,0.0648051200144,0.472523478389,0.0800271889744,0.447449332637,0.552550667363,-6.76947387035e-13,0.394168822836,0.155369060896,0.4,1.5,0.05,1,0.000201340026756,0.25,1.11803398875,0,0,0,0,0,0,0,0,0,0
31.95,0.860231748083,0.139768251917,1,1.00007810568,0.384878156092,0.0625340173842,0.475353591992,0.0772342345325,0.447412173476,0.552587826524,-6.79523104452e-13,0.393942686958,0.155190840608,0.4,1.5,0.05,1,0.000201340026756,0.25,1.11803398875,0,0,0,0,0,0,0,0,0,0
32,0.865420035647,0.134579964353,1,1.00007810568,0.387167402864,0.0602077293561,0.478252632783,0.074372234997,0.44737513222,0.55262486778,-6.82165435251e-13,0.393716945675,0.155013033312,0.4,1.5,0.05,1,0.000201340026756,0.25,1.11803398875,0,0,0,0,0,0,0,0,0,0
32.05,0.870716346213,0.129283653787,1,1.00007810568,0.389504682303,0.0578335168762,0.48121166391,0.071450136911,0.447338199179,0.552661800821,-6.8485217497e-13,0.393491600104,0.154835639352,0.4,1.5,0.05,1,0.000201340026756,0.25,1.11803398875,0,0,0,0,0,0,0,0,0,0
32.1,0.876104134843,0.123895865157,1,1.00007810568,0.391882574813,0.0554187895267,0.48422156003,0.0684770756303,0.44730136434,0.55269863566,-6.87461199078e-13,0.393266651462,0.154658659152,0.4,1.5,0.05,1,0.000201340026756,0.25,1.11803398875,0,0,0,0,0,0,0,0,0,0
32.15,0.881566570835,0.118433429165,1,1.00007810568,0.394293534989,0.052971082384,0.487273035846,0.0654623467813,0.447264617373,0.552735382627,-6.90214552179e-13,0.393042101103,0.154482093239,0.4,1.5,0.05,1,0.000201340026756,0.25,1.11803398875,0,0,0,0,0,0,0,0,0,0
32.2,0.887086590297,0.112913409703,1,1.00007810568,0.396729915154,0.0504980324852,0.490356675143,0.0624153772179,0.447227947639,0.552772052361,-6.9295680305e-13,0.392817950529,0.154305942258,0.4,1.5,0.05,1,0.000201340026756,0.25,1.11803398875,0,0,0,0,0,0,0,0,0,0
32.25,0.892646949456,0.107353050544,1,1.00007810568,0.399183989222,0.0480073549777,0.493462960234,0.059345695566,0.4471913442,0.5528086558,-6.95765667302e-13,0.392594201416,0.154130206985,0.4,1.5,0.05,1,0.000201340026756,0.25,1.11803398875,0,0,0,0,0,0,0,0,0,0
32.3,0.898230278524,0.101769721476,1,1.00007810568,0.40164797679,0.0455068190269,0.496582301733,0.0562629024496,0.447154795817,0.552845204183,-6.98585633785e-13,0.392370855616,0.153954888337,0.4,1.5,0.05,1,0.000201340026756,0.25,1.11803398875,0,0,0,0,0,0,0,0,0,0
32.35,0.903819135955,0.0961808640453,1,1.00007810568,0.404114067413,0.043004223554,0.499705068542,0.0531766404913,0.447118290967,0.552881709033,-7.01405600267e-13,0.392147915166,0.153779987369,0.4,1.5,0.05,1,0.000201340026756,0.25,1.11803398875,0,0,0,0,0,0,0,0,0,0
32.4,0.909396062936,0.090603937064,1,1.00007810568,0.406574444959,0.0405073728832,0.502821617977,0.0500965641808,0.447081817842,0.552918182158,-7.04258873441e-13,0.391925382282,0.153605505277,0.4,1.5,0.05,1,0.000201340026756,0.25,1.11803398875,0,0,0,0,0,0,0,0,0,0
32.45,0.914943637923,0.0850563620773,1,1.00007810568,0.409021311988,0.0380240523718,0.505922325935,0.0470323097055,0.44704536436,0.55295463564,-7.07178759995e-13,0.391703259346,0.153431443382,0.4,1.5,0.05,1,0.000201340026756,0.25,1.11803398875,0,0,0,0,0,0,0,0,0,0
32.5,0.920444531062,0.0795554689385,1,1.00007810568,0.411446914072,0.0355620040996,0.50899761699,0.0439934648389,0.447008918171,0.552991081829,-7.1008754432e-13,0.391481548891,0.153257803122,0.4,1.5,0.05,1,0.000201340026756,0.25,1.11803398875,0,0,0,0,0,0,0,0,0,0
32.55,0.925881558327,0.074118441673,1,1.00007810568,0.413843563972,0.0331289026938,0.512037994355,0.0409895389792,0.446972466666,0.553027533334,-7.12996328645e-13,0.391260253575,0.153084586028,0.4,1.5,0.05,1,0.000201340026756,0.25,1.11803398875,0,0,0,0,0,0,0,0,0,0
32.6,0.931237735202,0.0687622647985,1,1.00007810568,0.416203665615,0.0307323313652,0.515034069586,0.0380299334333,0.44693599698,0.55306400302,-7.1592731743e-13,0.391039376153,0.152911793702,0.4,1.5,0.05,1,0.000201340026756,0.25,1.11803398875,0,0,0,0,0,0,0,0,0,0
32.65,0.936496329733,0.0635036702669,1,1.00007810568,0.418519737777,0.0283797582289,0.517976591956,0.035123912038,0.446899496006,0.553100503994,-7.18880510675e-13,0.390818919435,0.152739427788,0.4,1.5,0.05,1,0.000201340026756,0.25,1.11803398875,0,0,0,0,0,0,0,0,0,0
32.7,0.941640914803,0.0583590851967,1,1.00007810568,0.420784437414,0.026078512985,0.520856477389,0.0322805722117,0.446862950399,0.553137049601,-7.21755988309e-13,0.390598886254,0.152567489943,0.4,1.5,0.05,1,0.000201340026756,0.25,1.11803398875,0,0,0,0,0,0,0,0,0,0
32.75,0.946655419443,0.0533445805566,1,1.00007810568,0.422990582554,0.023835764031,0.52366483689,0.0295088165256,0.446826346585,0.553173653415,-7.24653670403e-13,0.390379279424,0.152395981803,0.4,1.5,0.05,1,0.000201340026756,0.25,1.11803398875,0,0,0,0,0,0,0,0,0,0
32.8,0.951524179038,0.0484758209621,1,1.00007810568,0.425131174693,0.0216584960784,0.526393004345,0.0268173248837,0.446789670771,0.553210329229,-7.27518045807e-13,0.39016010169,0.15222490495,0.4,1.5,0.05,1,0.000201340026756,0.25,1.11803398875,0,0,0,0,0,0,0,0,0,0
32.85,0.956231984258,0.0437680157415,1,1.00007810568,0.427199420614,0.0195534883417,0.529032563645,0.0242145273998,0.446752908956,0.553247091044,-7.30338012289e-13,0.389941355693,0.15205426088,0.4,1.5,0.05,1,0.000201340026756,0.25,1.11803398875,0,0,0,0,0,0,0,0,0,0
32.9,0.960764128576,0.0392358714239,1,1.00007810568,0.429188753565,0.0175272933704,0.531575375011,0.0217085780536,0.446716046936,0.553283953064,-7.33191285462e-13,0.389723043927,0.151884050968,0.4,1.5,0.05,1,0.000201340026756,0.25,1.11803398875,0,0,0,0,0,0,0,0,0,0
32.95,0.965106454202,0.0348935457983,1,1.00007810568,0.431092853732,0.015586216587,0.53401360047,0.0193073292113,0.446679070319,0.553320929681,-7.35944638564e-13,0.389505168699,0.151714276443,0.4,1.5,0.05,1,0.000201340026756,0.25,1.11803398875,0,0,0,0,0,0,0,0,0,0
33,0.969245396314,0.0307546036864,1,1.00007810568,0.432905667934,0.0137362965985,0.536339728379,0.0170183070878,0.446641964533,0.553358035467,-7.38609173823e-13,0.389287732096,0.151544938361,0.4,1.5,0.05,1,0.000201340026756,0.25,1.11803398875,0,0,0,0,0,0,0,0,0,0
33.05,0.973168025432,0.0268319745679,1,1.00007810568,0.434621428498,0.0119832863402,0.538546596934,0.0148486882277,0.446604714838,0.553395285162,-7.4118489124e-13,0.389070735962,0.151376037582,0.4,1.5,0.05,1,0.000201340026756,0.25,1.11803398875,0,0,0,0,0,0,0,0,0,0
33.1,0.976862087809,0.0231379121912,1,1.00007810568,0.436234671227,0.0103326351115,0.540627416582,0.0128052770798,0.446567306338,0.553432693662,-7.43849426499e-13,0.388854181871,0.151207574759,0.4,1.5,0.05,1,0.000201340026756,0.25,1.11803398875,0,0,0,0,0,0,0,0,0,0
33.15,0.980316043706,0.0196839562936,1,1.00007810568,0.437740252429,0.00878947156106,0.542575791278,0.0108944847326,0.44652972399,0.55347027601,-7.46358530535e-13,0.388638071118,0.151039550322,0.4,1.5,0.05,1,0.000201340026756,0.25,1.11803398875,0,0,0,0,0,0,0,0,0,0
33.2,0.983519103447,0.0164808965533,1,1.00007810568,0.439133364944,0.00735858767362,0.544385738503,0.00912230887966,0.446491952618,0.553508047382,-7.48834327879e-13,0.388422404712,0.150871964482,0.4,1.5,0.05,1,0.000201340026756,0.25,1.11803398875,0,0,0,0,0,0,0,0,0,0
33.25,0.986461261116,0.0135387388837,1,1.00007810568,0.440409553116,0.00604442380832,0.546051708,0.00749431507534,0.446453976925,0.553546023075,-7.51232409613e-13,0.38820718338,0.150704817227,0.4,1.5,0.05,1,0.000201340026756,0.25,1.11803398875,0,0,0,0,0,0,0,0,0,0
33.3,0.989133325824,0.0108666741764,1,1.00007810568,0.441564726667,0.00485105483655,0.547568599156,0.0060156193398,0.446415781504,0.553584218496,-7.53597184655e-13,0.38799240758,0.15053810834,0.4,1.5,0.05,1,0.000201340026756,0.25,1.11803398875,0,0,0,0,0,0,0,0,0,0
33.35,0.99152695041,0.00847304959013,1,1.00007810567,0.442595173429,0.00378217742214,0.548931776981,0.00469087216798,0.446377350851,0.553622649149,-7.55906448546e-13,0.387778077523,0.150371837407,0.4,1.5,0.05,1,0.000201340026756,0.25,1.11803398875,0,0,0,0,0,0,0,0,0,0
33.4,0.993634657525,0.00636534247549,1,1.00007810567,0.443497570894,0.0028410984839,0.550137086631,0.00352424399159,0.446338669378,0.553661330622,-7.58160201286e-13,0.387564193199,0.15020600385,0.4,1.5,0.05,1,0.000201340026756,0.25,1.11803398875,0,0,0,0,0,0,0,0,0,0
33.45,0.995449862983,0.00455013701653,1,1.00007810567,0.444268996544,0.00203072487703,0.551180866439,0.0025194121395,0.446299721421,0.553700278579,-7.60425056257e-13,0.387350754415,0.150040606946,0.4,1.5,0.05,1,0.000201340026756,0.25,1.11803398875,0,0,0,0,0,0,0,0,0,0
33.5,0.996966896337,0.00303310366279,1,1.00007810567,0.444906936931,0.00135355432565,0.552059959406,0.00167954933714,0.446260491257,0.553739508743,-7.62701013457e-13,0.387137760839,0.149875645868,0.4,1.5,0.05,1,0.000201340026756,0.25,1.11803398875,0,0,0,0,0,0,0,0,0,0
33.55,0.998181018584,0.00181898141562,1,1.00007810567,0.445409295476,0.000811667635236,0.552771723109,0.00100731378038,0.446220963111,0.553779036889,-7.64954766197e-13,0.386925212045,0.149711119716,0.4,1.5,0.05,1,0.000201340026756,0.25,1.11803398875,0,0,0,0,0,0,0,0,0,0
33.6,0.999088436976,0.000911563024159,1,1.00007810567,0.445774398962,0.000406722209295,0.553314038014,0.000504840814864,0.446181121171,0.553818878829,-7.67197416707e-13,0.386713107567,0.149547027564,0.4,1.5,0.05,1,0.000201340026756,0.25,1.11803398875,0,0,0,0,0,0,0,0,0,0
33.65,0.999686316863,0.000313683137349,1,1.00007810567,0.446001002705,0.000139946891066,0.553685314158,0.000173736246283,0.446140949596,0.553859050404,-7.69428964986e-13,0.386501446949,0.149383368494,0.4,1.5,0.05,1,0.000201340026756,0.25,1.11803398875,0,0,0,0,0,0,0,0,0,0
33.7,0.999972790551,2.72094488522e-05,1,1.00007810567,0.446088294382,1.21381463905e-05,0.553884496169,1.50713024618e-05,0.446100432528,0.553899567472,-7.71771535568e-13,0.386290229806,0.149220141643,0.4,1.5,0.05,1,0.000201340026756,0.25,1.11803398875,0,0,0,0,0,0,0,0,0,0
33.75,0.999946963137,5.30368626555e-05,1,1.00007810567,0.446035896503,2.36576000337e-05,0.553911066634,2.93792626218e-05,0.446059554103,0.553940445897,-7.74080799459e-13,0.38607945587,0.149057346245,0.4,1.5,0.05,1,0.000201340026756,0.25,1.11803398875,0,0,0,0,0,0,0,0,0,0
33.8,0.999608915302,0.000391084697508,1,1.00007810567,0.445843867526,0.00017443093334,0.553765047776,0.000216653764168,0.44601829846,0.55398170154,-7.76412267811e-13,0.385869125048,0.148894981666,0.4,1.5,0.05,1,0.000201340026756,0.25,1.11803398875,0,0,0,0,0,0,0,0,0,0
33.85,0.998959703061,0.00104029693896,1,1.00007810567,0.445512701602,0.000463948146895,0.553447001459,0.000576348792063,0.445976649749,0.554023350251,-7.78843656235e-13,0.385659237464,0.148733047441,0.4,1.5,0.05,1,0.000201340026756,0.25,1.11803398875,0,0,0,0,0,0,0,0,0,0
33.9,0.998001354462,0.0019986455382,1,1.00007810567,0.445043326958,0.000891265187569,0.552958027504,0.00110738035063,0.445934592145,0.554065407855,-7.8130835135e-13,0.385449793498,0.148571543308,0.4,1.5,0.05,1,0.000201340026756,0.25,1.11803398875,0,0,0,0,0,0,0,0,0,0
33.95,0.996736863253,0.00326313674741,1,1.00007810567,0.444437102919,0.00145500693505,0.552299760334,0.00180812981236,0.445892109854,0.554107890146,-7.83795250925e-13,0.385240793828,0.148410469229,0.4,1.5,0.05,1,0.000201340026756,0.25,1.11803398875,0,0,0,0,0,0,0,0,0,0
34,0.995170179528,0.0048298204718,1,1.00007810567,0.443695815583,0.00215337153867,0.551474363945,0.00267644893313,0.445849187122,0.554150812878,-7.86415377263e-13,0.385032239446,0.148249825413,0.4,1.5,0.05,1,0.000201340026756,0.25,1.11803398875,0,0,0,0,0,0,0,0,0,0
34.05,0.993306197391,0.00669380260917,1,1.00007810567,0.442821672153,0.00298413609115,0.550484525238,0.00370966651802,0.445805808244,0.554194191756,-7.89046605831e-13,0.384824131682,0.148089612324,0.4,1.5,0.05,1,0.000201340026756,0.25,1.11803398875,0,0,0,0,0,0,0,0,0,0
34.1,0.991150739662,0.0088492603384,1,1.00007810567,0.441817293956,0.00394466362167,0.549333445706,0.00490459671673,0.445761957577,0.554238042423,-7.91766652242e-13,0.384616472204,0.14792983069,0.4,1.5,0.05,1,0.000201340026756,0.25,1.11803398875,0,0,0,0,0,0,0,0,0,0
34.15,0.988710539691,0.0112894603091,1,1.00007810567,0.440685708157,0.0050319113864,0.548024831534,0.00625754892274,0.445717619543,0.554282380457,-7.94553312033e-13,0.38440926302,0.147770481496,0.4,1.5,0.05,1,0.000201340026756,0.25,1.11803398875,0,0,0,0,0,0,0,0,0,0
34.2,0.985993220324,0.0140067796758,1,1.00007810568,0.439430338212,0.00624244043079,0.546562882112,0.00776433924505,0.445672778643,0.554327221357,-7.97306665135e-13,0.384202506461,0.147611565971,0.4,1.5,0.05,1,0.000201340026756,0.25,1.11803398875,0,0,0,0,0,0,0,0,0,0
34.25,0.98300727009,0.0169927299105,1,1.00007810568,0.438054993067,0.00757242639375,0.544952277022,0.00942030351672,0.445627419461,0.554372580539,-8.00204347229e-13,0.383996205156,0.147453085574,0.4,1.5,0.05,1,0.000201340026756,0.25,1.11803398875,0,0,0,0,0,0,0,0,0,0
34.3,0.97976201668,0.0202379833195,1,1.00007810568,0.436563855161,0.0090176715199,0.54319816152,0.0112203117996,0.445581526681,0.554418473319,-8.03124233784e-13,0.383790362002,0.147295041965,0.4,1.5,0.05,1,0.000201340026756,0.25,1.11803398875,0,0,0,0,0,0,0,0,0,0
34.35,0.976267597818,0.0237324021824,1,1.00007810568,0.434961467247,0.0105736178424,0.541306130571,0.01315878434,0.445535085089,0.554464914911,-8.06021915878e-13,0.383584980115,0.14713743697,0.4,1.5,0.05,1,0.000201340026756,0.25,1.11803398875,0,0,0,0,0,0,0,0,0,0
34.4,0.97253492958,0.0274650704203,1,1.00007810568,0.433252718094,0.0122353614953,0.539282211485,0.0152297089251,0.44548807959,0.55451192041,-8.08964006893e-13,0.383380062785,0.146980272541,0.4,1.5,0.05,1,0.000201340026756,0.25,1.11803398875,0,0,0,0,0,0,0,0,0,0
34.45,0.968575672304,0.0314243276965,1,1.00007810568,0.431442827102,0.0139976681099,0.537132845202,0.0174266595866,0.445440495211,0.554559504789,-8.11917200139e-13,0.383175613418,0.146823550718,0.4,1.5,0.05,1,0.000201340026756,0.25,1.11803398875,0,0,0,0,0,0,0,0,0,0
34.5,0.964402194159,0.0355978058414,1,1.00007810568,0.429537327872,0.0158549892483,0.534864866287,0.0197428165931,0.44539231712,0.55460768288,-8.14881495614e-13,0.382971635471,0.146667273575,0.4,1.5,0.05,1,0.000201340026756,0.25,1.11803398875,0,0,0,0,0,0,0,0,0,0
34.55,0.960027532511,0.0399724674894,1,1.00007810568,0.427542050808,0.017801479821,0.532485481703,0.0221709876685,0.445343530629,0.554656469371,-8.17768075478e-13,0.382768132388,0.146511443171,0.4,1.5,0.05,1,0.000201340026756,0.25,1.11803398875,0,0,0,0,0,0,0,0,0,0
34.6,0.955465353194,0.0445346468057,1,1.00007810568,0.425463104775,0.019831016435,0.53000224842,0.0247036303707,0.44529412121,0.55470587879,-8.20676859803e-13,0.382565107532,0.146356061501,0.4,1.5,0.05,1,0.000201340026756,0.25,1.11803398875,0,0,0,0,0,0,0,0,0,0
34.65,0.950729907824,0.0492700921761,1,1.00007810568,0.42330685789,0.0219372166149,0.527423049934,0.0273328755611,0.445244074505,0.554755925495,-8.23541235206e-13,0.382362564119,0.14620113044,0.4,1.5,0.05,1,0.000201340026756,0.25,1.11803398875,0,0,0,0,0,0,0,0,0,0
34.7,0.945835989273,0.0541640107274,1,1.00007810568,0.421079917503,0.0241134588358,0.52475607177,0.0300505518915,0.445193376339,0.554806623661,-8.26283486077e-13,0.382160505151,0.146046651698,0.4,1.5,0.05,1,0.000201340026756,0.25,1.11803398875,0,0,0,0,0,0,0,0,0,0
34.75,0.940798885462,0.0592011145383,1,1.00007810568,0.418789109422,0.0263529033062,0.522009776039,0.0328482112321,0.445142012729,0.554857987271,-8.28970225797e-13,0.381958933357,0.145892626771,0.4,1.5,0.05,1,0.000201340026756,0.25,1.11803398875,0,0,0,0,0,0,0,0,0,0
34.8,0.935634331603,0.0643656683966,1,1.00007810568,0.416441456463,0.0286485134346,0.519192875141,0.035717154962,0.445089969897,0.554910030103,-8.31612556595e-13,0.381757851132,0.145739056901,0.4,1.5,0.05,1,0.000201340026756,0.25,1.11803398875,0,0,0,0,0,0,0,0,0,0
34.85,0.930358461046,0.0696415389539,1,1.00007810568,0.414044156372,0.0309930779135,0.516314304674,0.0386484610403,0.445037234285,0.554962765715,-8.34099456171e-13,0.381557260493,0.145585943035,0.4,1.5,0.05,1,0.000201340026756,0.25,1.11803398875,0,0,0,0,0,0,0,0,0,0
34.9,0.924987754876,0.0750122451238,1,1.00007810568,0.41160455921,0.0333792333503,0.513383195666,0.0416330117735,0.444983792561,0.555016207439,-8.36475333443e-13,0.381357163035,0.145433285798,0.4,1.5,0.05,1,0.000201340026756,0.25,1.11803398875,0,0,0,0,0,0,0,0,0,0
34.95,0.919538990433,0.0804610095668,1,1.00007810568,0.409130144258,0.0357994873744,0.510408846175,0.0446615221924,0.444929631632,0.555070368368,-8.38806801795e-13,0.381157559906,0.145281085473,0.4,1.5,0.05,1,0.000201340026756,0.25,1.11803398875,0,0,0,0,0,0,0,0,0,0
35,0.9140291889,0.0859708111,1,1.00007810568,0.406628496512,0.0382462421479,0.507400692388,0.0477245689521,0.44487473866,0.55512526134,-8.40993941154e-13,0.380958451778,0.145129341981,0.4,1.5,0.05,1,0.000201340026756,0.25,1.11803398875,0,0,0,0,0,0,0,0,0,0
35.05,0.908475562131,0.0915244378692,1,1.00007810568,0.404107282861,0.0407118182063,0.50436827927,0.050812619663,0.444819101067,0.555180898933,-8.43125569361e-13,0.380759838849,0.144978054881,0.4,1.5,0.05,1,0.000201340026756,0.25,1.11803398875,0,0,0,0,0,0,0,0,0,0
35.1,0.902895458884,0.0971045411164,1,1.00007810568,0.401574227993,0.0431884785526,0.50132123089,0.0539160625639,0.444762706546,0.555237293454,-8.45157277496e-13,0.380561720839,0.144827223368,0.4,1.5,0.05,1,0.000201340026756,0.25,1.11803398875,0,0,0,0,0,0,0,0,0,0
35.15,0.897306310625,0.102693689375,1,1.00007810568,0.399037090142,0.0456684529313,0.498269220483,0.0570252364433,0.444705543074,0.555294456926,-8.47122372249e-13,0.380364097009,0.144676846294,0.4,1.5,0.05,1,0.000201340026756,0.25,1.11803398875,0,0,0,0,0,0,0,0,0,0
35.2,0.891725577079,0.108274422921,1,1.00007810568,0.396503636714,0.0481439622038,0.495221940365,0.0601304607176,0.444647598917,0.555352401083,-8.48976444701e-13,0.380166966189,0.144526922182,0.4,1.5,0.05,1,0.000201340026756,0.25,1.11803398875,0,0,0,0,0,0,0,0,0,0
35.25,0.886170691679,0.113829308321,1,1.00007810568,0.393981619895,0.0506072427494,0.492189071784,0.0632220655715,0.444588862644,0.555411137356,-8.50797210461e-13,0.379970326815,0.14437744926,0.4,1.5,0.05,1,0.000201340026756,0.25,1.11803398875,0,0,0,0,0,0,0,0,0,0
35.3,0.880659007117,0.119340992883,1,1.00007810568,0.391478752315,0.0530505708151,0.489180254802,0.066290422068,0.44452932313,0.55547067687,-8.52484749458e-13,0.37977417698,0.144228425501,0.4,1.5,0.05,1,0.000201340026756,0.25,1.11803398875,0,0,0,0,0,0,0,0,0,0
35.35,0.875207741128,0.124792258872,1,1.00007810568,0.389002682827,0.055466286737,0.486205058301,0.0693259721348,0.444468969564,0.555531030436,-8.54161186226e-13,0.379578514492,0.144079848664,0.4,1.5,0.05,1,0.000201340026756,0.25,1.11803398875,0,0,0,0,0,0,0,0,0,0
35.4,0.869833922711,0.130166077289,1,1.00007810568,0.3865609725,0.057846818957,0.48327295021,0.0723192583323,0.444407791457,0.555592208543,-8.55793214072e-13,0.379383336942,0.143931716349,0.4,1.5,0.05,1,0.000201340026756,0.25,1.11803398875,0,0,0,0,0,0,0,0,0,0
35.45,0.864554338926,0.135445661074,1,1.00007810568,0.38416107089,0.0601847077603,0.480393268036,0.0752609533138,0.444345778651,0.555654221349,-8.57414139688e-13,0.379188641775,0.143784026051,0.4,1.5,0.05,1,0.000201340026756,0.25,1.11803398875,0,0,0,0,0,0,0,0,0,0
35.5,0.85938548246,0.14061451754,1,1.00007810568,0.381810292659,0.0624726286568,0.477575189801,0.0781418888832,0.444282921315,0.555717078685,-8.59001758613e-13,0.378994426373,0.143636775222,0.4,1.5,0.05,1,0.000201340026756,0.25,1.11803398875,0,0,0,0,0,0,0,0,0,0
35.55,0.854343500102,0.145656499898,1,1.00007810568,0.379515794628,0.0647034153346,0.474827705474,0.0809530845636,0.444219209963,0.555780790037,-8.6067819538e-13,0.378800688131,0.143489961329,0.4,1.5,0.05,1,0.000201340026756,0.25,1.11803398875,0,0,0,0,0,0,0,0,0,0
35.6,0.849444142304,0.150555857696,1,1.00007810568,0.377284553333,0.0668700821121,0.472159588971,0.0836857755841,0.444154635445,0.555845364555,-8.62443449989e-13,0.378607424545,0.143343581921,0.4,1.5,0.05,1,0.000201340026756,0.25,1.11803398875,0,0,0,0,0,0,0,0,0,0
35.65,0.844702713979,0.155297286021,1,1.00007810568,0.375123343142,0.0689658458191,0.469579370836,0.0863314402023,0.444089188961,0.555910811039,-8.64119886756e-13,0.378414633289,0.143197634687,0.4,1.5,0.05,1,0.000201340026756,0.25,1.11803398875,0,0,0,0,0,0,0,0,0,0
35.7,0.840134026689,0.159865973311,1,1.00007810568,0.373038715025,0.0709841470364,0.467095311665,0.0888818262743,0.444022862061,0.555977137939,-8.65996163668e-13,0.378222312295,0.143052117518,0.4,1.5,0.05,1,0.000201340026756,0.25,1.11803398875,0,0,0,0,0,0,0,0,0,0
35.75,0.83575235238,0.16424764762,1,1.00007810568,0.371036976018,0.072918670629,0.464715376362,0.091328976991,0.443955646647,0.556044353353,-8.67961258422e-13,0.378030459829,0.142907028559,0.4,1.5,0.05,1,0.000201340026756,0.25,1.11803398875,0,0,0,0,0,0,0,0,0,0
35.8,0.831571378792,0.168428621208,1,1.00007810568,0.369124169472,0.0747633655059,0.46244720932,0.0936652557019,0.443887534978,0.556112465022,-8.69959659866e-13,0.377839074555,0.142762366261,0.4,1.5,0.05,1,0.000201340026756,0.25,1.11803398875,0,0,0,0,0,0,0,0,0,0
35.85,0.827604166706,0.172395833294,1,1.00007810568,0.367306056125,0.076512463547,0.460298110581,0.0958833697467,0.443818519672,0.556181480328,-8.72035776922e-13,0.377648155594,0.142618129424,0.4,1.5,0.05,1,0.000201340026756,0.25,1.11803398875,0,0,0,0,0,0,0,0,0,0
35.9,0.823863109141,0.176136890859,1,1.00007810568,0.365588096078,0.078160497635,0.458275013063,0.0979763932236,0.443748593713,0.556251406287,-8.74300631892e-13,0.377457702573,0.142474317232,0.4,1.5,0.05,1,0.000201340026756,0.25,1.11803398875,0,0,0,0,0,0,0,0,0,0
35.95,0.820359892641,0.179640107359,1,1.00007810568,0.36397543171,0.0797023187369,0.456384460931,0.0999377886216,0.443677750447,0.556322249553,-8.76643202474e-13,0.377267715662,0.142330929281,0.4,1.5,0.05,1,0.000201340026756,0.25,1.11803398875,0,0,0,0,0,0,0,0,0,0
36,0.817105460768,0.182894539232,1,1.00007810568,0.362472871611,0.0811331119823,0.454632589157,0.10176142725,0.443605983593,0.556394016407,-8.79085693128e-13,0.3770781956,0.142187965597,0.4,1.5,0.05,1,0.000201340026756,0.25,1.11803398875,0,0,0,0,0,0,0,0,0,0
36.05,0.814109979913,0.185890020087,1,1.00007810568,0.361084875556,0.0824484116852,0.453025104357,0.103441608402,0.443533287241,0.556466712759,-8.81628103855e-13,0.376889143702,0.142045426641,0.4,1.5,0.05,1,0.000201340026756,0.25,1.11803398875,0,0,0,0,0,0,0,0,0,0
36.1,0.811382807544,0.188617192456,1,1.00007810568,0.359815540595,0.0836441152651,0.451567266949,0.104973077191,0.44345965586,0.55654034414,-8.84348150265e-13,0.376700561865,0.141903313309,0.4,1.5,0.05,1,0.000201340026756,0.25,1.11803398875,0,0,0,0,0,0,0,0,0,0
36.15,0.808932462967,0.191067537033,1,1.00007810568,0.358668588277,0.0847164960218,0.45026387469,0.106351041012,0.443385084298,0.556614915702,-8.87101503366e-13,0.376512452544,0.14176162692,0.4,1.5,0.05,1,0.000201340026756,0.25,1.11803398875,0,0,0,0,0,0,0,0,0,0
36.2,0.806766600718,0.193233399282,1,1.00007810568,0.357647353068,0.0856622147247,0.44911924765,0.107571184558,0.443309567793,0.556690432207,-8.90010287691e-13,0.376324818727,0.14162036919,0.4,1.5,0.05,1,0.000201340026756,0.25,1.11803398875,0,0,0,0,0,0,0,0,0,0
36.25,0.80489198665,0.19510801335,1,1.00007810568,0.356754771988,0.0864783299802,0.448137214662,0.10862968337,0.443233101969,0.556766898031,-8.92985685397e-13,0.376137663896,0.141479542201,0.4,1.5,0.05,1,0.000201340026756,0.25,1.11803398875,0,0,0,0,0,0,0,0,0,0
36.3,0.803314476797,0.196685523203,1,1.00007810568,0.355993375504,0.0871623073439,0.447321101292,0.109523215859,0.443155682848,0.556844317152,-8.96016594254e-13,0.375950991964,0.141339148358,0.4,1.5,0.05,1,0.000201340026756,0.25,1.11803398875,0,0,0,0,0,0,0,0,0,0
36.35,0.80203899908,0.19796100092,1,1.00007810568,0.355365279705,0.0877120271508,0.446673719375,0.110248973769,0.443077306855,0.556922693145,-8.99114116493e-13,0.375764807217,0.141199190343,0.4,1.5,0.05,1,0.000201340026756,0.25,1.11803398875,0,0,0,0,0,0,0,0,0,0
36.4,0.801069537914,0.198930462086,1,1.00007810568,0.354872179783,0.0881257910373,0.446197358131,0.110804671049,0.44299797082,0.55700202918,-9.02211638731e-13,0.375579114236,0.14105967105,0.4,1.5,0.05,1,0.000201340026756,0.25,1.11803398875,0,0,0,0,0,0,0,0,0,0
36.45,0.800409121762,0.199590878238,1,1.00007810568,0.35451534485,0.0884023271363,0.445893776911,0.111188551102,0.442917671987,0.557082328013,-9.05353569891e-13,0.37539391781,0.140920593529,0.4,1.5,0.05,1,0.000201340026756,0.25,1.11803398875,0,0,0,0,0,0,0,0,0,0
36.5,0.800059813671,0.199940186329,1,1.00007810568,0.354295614089,0.0885407939276,0.445764199582,0.111399392401,0.442836408016,0.557163591984,-9.0847329659e-13,0.375209222852,0.140781960913,0.4,1.5,0.05,1,0.000201340026756,0.25,1.11803398875,0,0,0,0,0,0,0,0,0,0
36.55,0.800022704832,0.199977295168,1,1.00007810568,0.354213394262,0.088540782734,0.44580931057,0.111436512434,0.442754176996,0.557245823004,-9.11581921059e-13,0.375025034297,0.140643776349,0.4,1.5,0.05,1,0.000201340026756,0.25,1.11803398875,0,0,0,0,0,0,0,0,0,0
36.6,0.800297911166,0.199702088834,1,1.00007810568,0.354268658588,0.0884023188534,0.446029252578,0.11129976998,0.442670977442,0.557329022558,-9.14635034377e-13,0.374841357008,0.140506042923,0.4,1.5,0.05,1,0.000201340026756,0.25,1.11803398875,0,0,0,0,0,0,0,0,0,0
36.65,0.800884572969,0.199115427031,1,1.00007810568,0.354460946983,0.088125861325,0.446423625987,0.110989565706,0.442586808308,0.557413191692,-9.17610432083e-13,0.374658195678,0.140368763589,0.4,1.5,0.05,1,0.000201340026756,0.25,1.11803398875,0,0,0,0,0,0,0,0,0,0
36.7,0.80178085759,0.19821914241,1,1.00007810568,0.354789367657,0.0877123013308,0.446991489933,0.110506841079,0.442501668988,0.557498331012,-9.20541420868e-13,0.374475554732,0.140231941092,0.4,1.5,0.05,1,0.000201340026756,0.25,1.11803398875,0,0,0,0,0,0,0,0,0,0
36.75,0.802983965161,0.197016034839,1,1.00007810568,0.355252600086,0.0871629592367,0.447731365075,0.109853075603,0.442415559322,0.557584440678,-9.2332808066e-13,0.374293438234,0.140095577905,0.4,1.5,0.05,1,0.000201340026756,0.25,1.11803398875,0,0,0,0,0,0,0,0,0,0
36.8,0.804490137339,0.195509862661,1,1.00007810568,0.355848899318,0.0864795802843,0.448641238021,0.109030282376,0.442328479603,0.557671520397,-9.26003718149e-13,0.374111849801,0.139959676162,0.4,1.5,0.05,1,0.000201340026756,0.25,1.11803398875,0,0,0,0,0,0,0,0,0,0
36.85,0.806294669054,0.193705330946,1,1.00007810568,0.356576101628,0.0856643289469,0.449718567427,0.108041001999,0.442240430574,0.557759569426,-9.28535026645e-13,0.373930792522,0.139824237596,0.4,1.5,0.05,1,0.000201340026756,0.25,1.11803398875,0,0,0,0,0,0,0,0,0,0
36.9,0.808391923199,0.191608076801,1,1.00007810568,0.357431631474,0.084719781968,0.450960291726,0.106888294833,0.442151413442,0.557848586558,-9.30888699457e-13,0.373750268888,0.139689263494,0.4,1.5,0.05,1,0.000201340026756,0.25,1.11803398875,0,0,0,0,0,0,0,0,0,0
36.95,0.810775348243,0.189224651757,1,1.00007810568,0.358412509763,0.0836489201043,0.45236283848,0.105575731652,0.442061429868,0.557938570132,-9.33109145507e-13,0.373570280737,0.13955475465,0.4,1.5,0.05,1,0.000201340026756,0.25,1.11803398875,0,0,0,0,0,0,0,0,0,0
37,0.813437498698,0.186562501302,1,1.00007810568,0.359515363378,0.0824551186009,0.453922135321,0.104107382701,0.441970481979,0.558029518021,-9.35151955872e-13,0.373390829201,0.139420711331,0.4,1.5,0.05,1,0.000201340026756,0.25,1.11803398875,0,0,0,0,0,0,0,0,0,0
37.05,0.816370058376,0.183629941624,1,1.00007810568,0.360736435935,0.0811421364284,0.455633622441,0.102487805195,0.441878572363,0.558121427637,-9.37028232784e-13,0.373211914679,0.139287133259,0.4,1.5,0.05,1,0.000201340026756,0.25,1.11803398875,0,0,0,0,0,0,0,0,0,0
37.1,0.819563866368,0.180436133632,1,1.00007810568,0.362071599757,0.0797141043166,0.457492266611,0.100722029316,0.441785704073,0.558214295927,-9.38749078472e-13,0.373033536818,0.139154019591,0.4,1.5,0.05,1,0.000201340026756,0.25,1.11803398875,0,0,0,0,0,0,0,0,0,0
37.15,0.823008945661,0.176991054339,1,1.00007810568,0.363516368999,0.0781755116229,0.459492576662,0.0988155427158,0.441691880622,0.558308119378,-9.40314492937e-13,0.372855694507,0.139021368926,0.4,1.5,0.05,1,0.000201340026756,0.25,1.11803398875,0,0,0,0,0,0,0,0,0,0
37.2,0.826694534307,0.173305465693,1,1.00007810568,0.365065913904,0.076531192079,0.461628620404,0.0967742736136,0.441597105983,0.558402894017,-9.41680067257e-13,0.372678385893,0.138889179312,0.4,1.5,0.05,1,0.000201340026756,0.25,1.11803398875,0,0,0,0,0,0,0,0,0,0
37.25,0.83060911904,0.16939088096,1,1.00007810568,0.36671507613,0.074786308458,0.46389404291,0.0946045725022,0.441501384588,0.558498615412,-9.42923517044e-13,0.372501608405,0.138757448264,0.4,1.5,0.05,1,0.000201340026756,0.25,1.11803398875,0,0,0,0,0,0,0,0,0,0
37.3,0.83474047124,0.16525952876,1,1.00007810568,0.368458385108,0.0729463362155,0.466282086132,0.0923131925448,0.441404721324,0.558595278676,-9.44033740069e-13,0.372325358799,0.138626172805,0.4,1.5,0.05,1,0.000201340026756,0.25,1.11803398875,0,0,0,0,0,0,0,0,0,0
37.35,0.839075685137,0.160924314863,1,1.00007810568,0.370290075374,0.0710170461522,0.468785609764,0.0899072687107,0.441307121526,0.558692878474,-9.45010736331e-13,0.372149633214,0.138495349501,0.4,1.5,0.05,1,0.000201340026756,0.25,1.11803398875,0,0,0,0,0,0,0,0,0,0
37.4,0.843601218126,0.156398781874,1,1.00007810568,0.372204104819,0.0690044861572,0.471397113307,0.0873942957165,0.441208590976,0.558791409024,-9.4587671029e-13,0.371974427239,0.13836497452,0.4,1.5,0.05,1,0.000201340026756,0.25,1.11803398875,0,0,0,0,0,0,0,0,0,0
37.45,0.848302933071,0.151697066929,1,1.00007810568,0.37419417381,0.0669149620871,0.474108759261,0.0847821048415,0.441109135898,0.558890864102,-9.46720479789e-13,0.371799735997,0.138235043688,0.4,1.5,0.05,1,0.000201340026756,0.25,1.11803398875,0,0,0,0,0,0,0,0,0,0
37.5,0.853166142468,0.146833857532,1,1.00007810568,0.376253745102,0.0647550178447,0.476912397366,0.0820788396871,0.441008762946,0.558991237054,-9.47486533676e-13,0.371625554236,0.138105552561,0.4,1.5,0.05,1,0.000201340026756,0.25,1.11803398875,0,0,0,0,0,0,0,0,0,0
37.55,0.858175654327,0.141824345673,1,1.00007810568,0.378376064491,0.0625314147171,0.479799589836,0.0792929309564,0.440907479208,0.559092520792,-9.48174871951e-13,0.371451876428,0.137976496502,0.4,1.5,0.05,1,0.000201340026756,0.25,1.11803398875,0,0,0,0,0,0,0,0,0,0
37.6,0.863315819628,0.136684180372,1,1.00007810568,0.380554182146,0.0602511100425,0.482761637482,0.0764330703297,0.440805292189,0.559194707811,-9.48885414687e-13,0.371278696877,0.137847870755,0.4,1.5,0.05,1,0.000201340026756,0.25,1.11803398875,0,0,0,0,0,0,0,0,0,0
37.65,0.86857058121,0.13142941879,1,1.00007810568,0.38278097454,0.0579212352712,0.48578960667,0.0735081835189,0.440702209811,0.559297790189,-9.49595957422e-13,0.371106009832,0.137719670533,0.4,1.5,0.05,1,0.000201340026756,0.25,1.11803398875,0,0,0,0,0,0,0,0,0,0
37.7,0.873923523928,0.126076476072,1,1.00007810568,0.385049166917,0.0555490734905,0.488874357011,0.0705274025816,0.440598240407,0.559401759593,-9.5040642023e-13,0.370933809599,0.137591891104,0.4,1.5,0.05,1,0.000201340026756,0.25,1.11803398875,0,0,0,0,0,0,0,0,0,0
37.75,0.879357925933,0.120642074067,1,1.00007810568,0.387351356222,0.0531420364858,0.492006569711,0.0675000375811,0.440493392708,0.559506607292,-9.51205780808e-13,0.37076209066,0.13746452787,0.4,1.5,0.05,1,0.000201340026756,0.25,1.11803398875,0,0,0,0,0,0,0,0,0,0
37.8,0.884856810909,0.115143189091,1,1.00007810568,0.389680034433,0.0507076414103,0.495176776475,0.0644355476811,0.440387675843,0.559612324157,-9.52127265919e-13,0.370590847781,0.137337576459,0.4,1.5,0.05,1,0.000201340026756,0.25,1.11803398875,0,0,0,0,0,0,0,0,0,0
37.85,0.890403001102,0.109596998898,1,1.00007810568,0.392027612195,0.0482534871357,0.498375388907,0.0613435117621,0.440281099331,0.559718900669,-9.53137568871e-13,0.370420076125,0.137211032797,0.4,1.5,0.05,1,0.000201340026756,0.25,1.11803398875,0,0,0,0,0,0,0,0,0,0
37.9,0.895979170987,0.104020829013,1,1.00007810568,0.394386442711,0.045787230361,0.501592728276,0.0582335986523,0.440173673072,0.559826326928,-9.54358814198e-13,0.370249771357,0.13708489319,0.4,1.5,0.05,1,0.000201340026756,0.25,1.11803398875,0,0,0,0,0,0,0,0,0,0
37.95,0.901567901382,0.0984320986178,1,1.00007810568,0.396748845793,0.043316561553,0.504819055589,0.0551155370648,0.440065407347,0.559934592653,-9.55668877367e-13,0.370079929735,0.136959154392,0.4,1.5,0.05,1,0.000201340026756,0.25,1.11803398875,0,0,0,0,0,0,0,0,0,0
38,0.907151733872,0.0928482661281,1,1.00007810568,0.399107132011,0.0408491807957,0.508044601861,0.0519990853323,0.439956312807,0.560043687193,-9.57178780681e-13,0.369910548197,0.136833813667,0.4,1.5,0.05,1,0.000201340026756,0.25,1.11803398875,0,0,0,0,0,0,0,0,0,0
38.05,0.912713225339,0.0872867746608,1,1.00007810568,0.401453626851,0.0383927736239,0.511259598488,0.048894001037,0.439846400475,0.560153599525,-9.58910728599e-13,0.369741624435,0.13670886884,0.4,1.5,0.05,1,0.000201340026756,0.25,1.11803398875,0,0,0,0,0,0,0,0,0,0
38.1,0.918235002458,0.0817649975424,1,1.00007810568,0.403780694819,0.0359549869175,0.514454307639,0.0458100106249,0.439735681736,0.560264318264,-9.60698187669e-13,0.369573156957,0.136584318343,0.4,1.5,0.05,1,0.000201340026756,0.25,1.11803398875,0,0,0,0,0,0,0,0,0,0
38.15,0.923699815963,0.076300184037,1,1.00007810568,0.406080763405,0.0335434049332,0.517619052558,0.0427567791038,0.439624168338,0.560375831662,-9.62796509185e-13,0.36940514513,0.136460161248,0.4,1.5,0.05,1,0.000201340026756,0.25,1.11803398875,0,0,0,0,0,0,0,0,0,0
38.2,0.929090594538,0.0709094054625,1,1.00007810568,0.408346346839,0.0311655255474,0.520744247698,0.0397438799151,0.439511872386,0.560488127614,-9.65083568616e-13,0.369237589211,0.136336397286,0.4,1.5,0.05,1,0.000201340026756,0.25,1.11803398875,0,0,0,0,0,0,0,0,0,0
38.25,0.934390498138,0.0656095018618,1,1.00007810568,0.410570069556,0.0288287367865,0.523820428583,0.0367807650753,0.439398806342,0.560601193658,-9.675371615e-13,0.369070490362,0.136213026856,0.4,1.5,0.05,1,0.000201340026756,0.25,1.11803398875,0,0,0,0,0,0,0,0,0,0
38.3,0.939582970603,0.0604170293972,1,1.00007810568,0.412744689302,0.0265402937175,0.5268382813,0.0338767356797,0.43928498302,0.56071501698,-9.70190594529e-13,0.368903850648,0.136090051023,0.4,1.5,0.05,1,0.000201340026756,0.25,1.11803398875,0,0,0,0,0,0,0,0,0,0
38.35,0.944651791369,0.055348208631,1,1.00007810568,0.414863119815,0.0243072957721,0.529788671554,0.0310409128589,0.439170415587,0.560829584413,-9.73032765472e-13,0.368737673017,0.135967471502,0.4,1.5,0.05,1,0.000201340026756,0.25,1.11803398875,0,0,0,0,0,0,0,0,0,0
38.4,0.949581126145,0.0504188738547,1,1.00007810568,0.416918452987,0.0221366645742,0.532662673158,0.0282822092805,0.439055117561,0.560944882439,-9.7607477656e-13,0.368571961265,0.135845290631,0.4,1.5,0.05,1,0.000201340026756,0.25,1.11803398875,0,0,0,0,0,0,0,0,0,0
38.45,0.954355576375,0.045644423625,1,1.00007810568,0.418903980468,0.0200351223418,0.535451595907,0.0256093012832,0.438939102809,0.561060897191,-9.79216707719e-13,0.368406719985,0.13572351133,0.4,1.5,0.05,1,0.000201340026756,0.25,1.11803398875,0,0,0,0,0,0,0,0,0,0
38.5,0.958960227339,0.0410397726608,1,1.00007810568,0.420813214617,0.0180091709299,0.538147012723,0.0230306017309,0.438822385547,0.561177614453,-9.82525172333e-13,0.368241954498,0.135602137053,0.4,1.5,0.05,1,0.000201340026756,0.25,1.11803398875,0,0,0,0,0,0,0,0,0,0
38.55,0.963380694748,0.0366193052517,1,1.00007810568,0.422639908755,0.0160650715799,0.540740785993,0.0205542336718,0.438704980335,0.561295019665,-9.85933557018e-13,0.368077670777,0.135481171725,0.4,1.5,0.05,1,0.000201340026756,0.25,1.11803398875,0,0,0,0,0,0,0,0,0,0
38.6,0.967603169676,0.0323968303235,1,1.00007810568,0.424378076644,0.0142088254395,0.543225093032,0.018188004884,0.438586902083,0.561413097917,-9.89441861776e-13,0.367913875351,0.135360619676,0.4,1.5,0.05,1,0.000201340026756,0.25,1.11803398875,0,0,0,0,0,0,0,0,0,0
38.65,0.971614461699,0.0283855383011,1,1.00007810568,0.426022011131,0.0124461549126,0.545592450567,0.0159393833885,0.438468166044,0.561531833956,-9.93027882146e-13,0.367750575199,0.135240485559,0.4,1.5,0.05,1,0.000201340026756,0.25,1.11803398875,0,0,0,0,0,0,0,0,0,0
38.7,0.975402040097,0.024597959903,1,1.00007810568,0.427566301913,0.0107824858986,0.547835738184,0.0138154740044,0.438348787812,0.561651212188,-9.96658311436e-13,0.36758777764,0.13512077427,0.4,1.5,0.05,1,0.000201340026756,0.25,1.11803398875,0,0,0,0,0,0,0,0,0,0
38.75,0.978954073002,0.0210459269978,1,1.00007810568,0.429005852347,0.00922293097557,0.549948220655,0.0118229960223,0.438228783322,0.561771216678,-1.00023322958e-12,0.367425490211,0.135001490857,0.4,1.5,0.05,1,0.000201340026756,0.25,1.11803398875,0,0,0,0,0,0,0,0,0,0
38.8,0.982259464357,0.0177405356427,1,1.00007810568,0.430335895269,0.00777227357909,0.551923569088,0.0099682620636,0.438108168848,0.561891831152,-1.00383035218e-12,0.367263720536,0.134882640422,0.4,1.5,0.05,1,0.000201340026756,0.25,1.11803398875,0,0,0,0,0,0,0,0,0,0
38.85,0.985307888579,0.0146921114207,1,1.00007810568,0.431552007768,0.00643495322688,0.553755880811,0.00825715819383,0.437986960995,0.562013039005,-1.00737196362e-12,0.367102476202,0.134764228034,0.4,1.5,0.05,1,0.000201340026756,0.25,1.11803398875,0,0,0,0,0,0,0,0,0,0
38.9,0.988089822815,0.0119101771854,1,1.00007810568,0.432650124865,0.00521505183373,0.55543969795,0.00669512535172,0.437865176698,0.562134823302,-1.01080255277e-12,0.366941764622,0.134646258624,0.4,1.5,0.05,1,0.000201340026756,0.25,1.11803398875,0,0,0,0,0,0,0,0,0,0
38.95,0.990596576687,0.0094034233128,1,1.00007810568,0.433626552059,0.00411628115955,0.556970024628,0.00528714215325,0.437742833218,0.562257166782,-1.01413322184e-12,0.366781592907,0.134528736895,0.4,1.5,0.05,1,0.000201340026756,0.25,1.11803398875,0,0,0,0,0,0,0,0,0,0
39,0.992820319447,0.00717968055346,1,1.00007810567,0.434477976705,0.00314197142875,0.558342342742,0.00403770912471,0.437619948133,0.562380051867,-1.01730845969e-12,0.366621967738,0.134411667228,0.4,1.5,0.05,1,0.000201340026756,0.25,1.11803398875,0,0,0,0,0,0,0,0,0,0
39.05,0.994754104429,0.00524589557071,1,1.00007810567,0.435201478177,0.00229506115582,0.559552626252,0.00295083441488,0.437496539333,0.562503460667,-1.02031716409e-12,0.366462895245,0.134295053591,0.4,1.5,0.05,1,0.000201340026756,0.25,1.11803398875,0,0,0,0,0,0,0,0,0,0
39.1,0.99639189076,0.00360810924005,1,1.00007810567,0.435794536801,0.00157808820812,0.560597353959,0.00203002103193,0.437372625009,0.562627374991,-1.02313713057e-12,0.366304380889,0.134178899458,0.4,1.5,0.05,1,0.000201340026756,0.25,1.11803398875,0,0,0,0,0,0,0,0,0,0
39.15,0.997728562222,0.00227143777836,1,1.00007810567,0.436255041518,0.00099318213267,0.561473520704,0.00127825564569,0.437248223651,0.562751776349,-1.0256795413e-12,0.366146429361,0.134063207734,0.4,1.5,0.05,1,0.000201340026756,0.25,1.11803398875,0,0,0,0,0,0,0,0,0,0
39.2,0.998759943239,0.00124005676149,1,1.00007810567,0.43658129626,0.000542057770109,0.562178646979,0.000697998991379,0.43712335403,0.56287664597,-1.02804431634e-12,0.365989044485,0.133947980683,0.4,1.5,0.05,1,0.000201340026756,0.25,1.11803398875,0,0,0,0,0,0,0,0,0,0
39.25,0.99948281192,0.000517188080379,1,1.00007810567,0.436772025019,0.000226010174601,0.5627107869,0.000291177905777,0.436998035194,0.563001964806,-1.03015374009e-12,0.365832229142,0.133833219879,0.4,1.5,0.05,1,0.000201340026756,0.25,1.11803398875,0,0,0,0,0,0,0,0,0,0
39.3,0.999894910124,0.00010508987632,1,1.00007810567,0.436826375598,4.59108544283e-05,0.563068534526,5.91790218918e-05,0.436872286452,0.563127713548,-1.03205222146e-12,0.365675985195,0.133718926148,0.4,1.5,0.05,1,0.000201340026756,0.25,1.11803398875,0,0,0,0,0,0,0,0,0,0
39.35,0.999994950513,5.04948682414e-06,1,1.00007810567,0.436743922022,2.20534383474e-06,0.563251028491,2.84414298941e-06,0.436746127366,0.563253872634,-1.03358432924e-12,0.365520313449,0.133605099544,0.4,1.5,0.05,1,0.000201340026756,0.25,1.11803398875,0,0,0,0,0,0,0,0,0,0
39.4,0.999782620576,0.000217379424163,1,1.00007810567,0.43652466562,9.49121124594e-05,0.563257954956,0.000122467311703,0.436619577733,0.563380422267,-1.03490549463e-12,0.36536521361,0.133491739316,0.4,1.5,0.05,1,0.000201340026756,0.25,1.11803398875,0,0,0,0,0,0,0,0,0,0
39.45,0.999258583601,0.000741416399124,1,1.00007810567,0.43616903476,0.000323622814463,0.563089548841,0.000417793584661,0.436492657574,0.563507342426,-1.03600461543e-12,0.365210684271,0.133378843906,0.4,1.5,0.05,1,0.000201340026756,0.25,1.11803398875,0,0,0,0,0,0,0,0,0,0
39.5,0.998424476607,0.00157552339303,1,1.00007810567,0.435677883247,0.000687503875239,0.56274659336,0.000888019517795,0.436365387122,0.563634612878,-1.03680397601e-12,0.365056722915,0.133266410945,0.4,1.5,0.05,1,0.000201340026756,0.25,1.11803398875,0,0,0,0,0,0,0,0,0,0
39.55,0.997282905228,0.00271709477158,1,1.00007810567,0.435052487395,0.0011852994094,0.562230417833,0.00153179536218,0.436237786805,0.563762213195,-1.03733688306e-12,0.364903325929,0.133154437274,0.4,1.5,0.05,1,0.000201340026756,0.25,1.11803398875,0,0,0,0,0,0,0,0,0,0
39.6,0.995837435576,0.00416256442443,1,1.00007810567,0.434294541769,0.0018153354595,0.561542893806,0.00234722896493,0.436109877229,0.563890122771,-1.03764774551e-12,0.364750488648,0.133042918969,0.4,1.5,0.05,1,0.000201340026756,0.25,1.11803398875,0,0,0,0,0,0,0,0,0,0
39.65,0.994092583095,0.00590741690531,1,1.00007810567,0.433406153627,0.00257552554094,0.560686429468,0.00333189136437,0.435981679168,0.564018320832,-1.03775876781e-12,0.364598205401,0.132931851382,0.4,1.5,0.05,1,0.000201340026756,0.25,1.11803398875,0,0,0,0,0,0,0,0,0,0
39.7,0.992053798462,0.00794620153758,1,1.00007810567,0.432389836072,0.00346337747418,0.559663962391,0.0044828240634,0.435853213546,0.564146786454,-1.03765884774e-12,0.364446469588,0.132821229195,0.4,1.5,0.05,1,0.000201340026756,0.25,1.11803398875,0,0,0,0,0,0,0,0,0,0
39.75,0.989727450559,0.0102725494414,1,1.00007810567,0.431248499941,0.00447600148169,0.558478950617,0.00579654795972,0.435724501423,0.564275498577,-1.03735908752e-12,0.364295273758,0.132711046483,0.4,1.5,0.05,1,0.000201340026756,0.25,1.11803398875,0,0,0,0,0,0,0,0,0,0
39.8,0.987120806571,0.0128791934293,1,1.00007810568,0.429985444458,0.00561011952281,0.557135362113,0.0072690739065,0.435595563981,0.564404436019,-1.03692610054e-12,0.364144609714,0.132601296784,0.4,1.5,0.05,1,0.000201340026756,0.25,1.11803398875,0,0,0,0,0,0,0,0,0,0
39.85,0.984242009292,0.0157579907077,1,1.00007810568,0.428604346671,0.00686207583603,0.555637662621,0.00889591487171,0.435466422507,0.564533577493,-1.03633768234e-12,0.363994468619,0.132491973185,0.4,1.5,0.05,1,0.000201340026756,0.25,1.11803398875,0,0,0,0,0,0,0,0,0,0
39.9,0.981100051686,0.0188999483141,1,1.00007810568,0.427109249729,0.00822784865451,0.553990801957,0.0106720996596,0.435337098383,0.564662901617,-1.0357381619e-12,0.363844841122,0.132383068411,0.4,1.5,0.05,1,0.000201340026756,0.25,1.11803398875,0,0,0,0,0,0,0,0,0,0
39.95,0.97770474879,0.0222952512096,1,1.00007810568,0.425504550014,0.00970306305674,0.552200198776,0.0125921881529,0.435207613071,0.564792386929,-1.03499431248e-12,0.363695717487,0.132274574918,0.4,1.5,0.05,1,0.000201340026756,0.25,1.11803398875,0,0,0,0,0,0,0,0,0,0
40,0.97406670706,0.0259332929399,1,1.00007810568,0.423794983189,0.0112830049111,0.550271723871,0.0146502880287,0.4350779881,0.5649220119,-1.03428376974e-12,0.363547087732,0.132166484998,0.4,1.5,0.05,1,0.000201340026756,0.25,1.11803398875,0,0,0,0,0,0,0,0,0,0
40.05,0.970197291232,0.0298027087681,1,1.00007810568,0.421985609185,0.0129626358696,0.548211682047,0.0168400728985,0.434948245054,0.565051754946,-1.03361763593e-12,0.363398941772,0.132058790881,0.4,1.5,0.05,1,0.000201340026756,0.25,1.11803398875,0,0,0,0,0,0,0,0,0,0
40.1,0.966108588823,0.0338914111773,1,1.00007810568,0.420081796201,0.0147366093624,0.546026792622,0.0191548018148,0.434818405564,0.565181594436,-1.03295150211e-12,0.363251269564,0.13195148484,0.4,1.5,0.05,1,0.000201340026756,0.25,1.11803398875,0,0,0,0,0,0,0,0,0,0
40.15,0.961813372371,0.0381866276291,1,1.00007810568,0.418089203749,0.0165992875425,0.543724168622,0.0215873400866,0.434688491291,0.565311508709,-1.0323963906e-12,0.363104061258,0.131844559302,0.4,1.5,0.05,1,0.000201340026756,0.25,1.11803398875,0,0,0,0,0,0,0,0,0,0
40.2,0.957325059535,0.0426749404646,1,1.00007810568,0.416013764799,0.0185447591267,0.541311294736,0.0241301813378,0.434558523926,0.565441476074,-1.03198560808e-12,0.36295730734,0.131738006951,0.4,1.5,0.05,1,0.000201340026756,0.25,1.11803398875,0,0,0,0,0,0,0,0,0,0
40.25,0.952657671182,0.0473423288181,1,1.00007810568,0.413861667098,0.0205668580753,0.538796004084,0.0267754707428,0.434428525173,0.565571474827,-1.03168584786e-12,0.362810998773,0.131631820831,0.4,1.5,0.05,1,0.000201340026756,0.25,1.11803398875,0,0,0,0,0,0,0,0,0,0
40.3,0.947825787583,0.0521742124172,1,1.00007810568,0.411639333693,0.0226591830526,0.53618645389,0.0295150293647,0.434298516745,0.565701483255,-1.03164143894e-12,0.362665127139,0.131525994443,0.4,1.5,0.05,1,0.000201340026756,0.25,1.11803398875,0,0,0,0,0,0,0,0,0,0
40.35,0.942844502871,0.0571554971292,1,1.00007810568,0.409353402753,0.0248151176051,0.533491100118,0.0323403795241,0.434168520358,0.565831479642,-1.03177466571e-12,0.362519684766,0.131420521843,0.4,1.5,0.05,1,0.000201340026756,0.25,1.11803398875,0,0,0,0,0,0,0,0,0,0
40.4,0.937729377887,0.0622706221129,1,1.00007810568,0.407010706728,0.0270278509953,0.530718671159,0.0352427711176,0.434038557723,0.565961442277,-1.03215214153e-12,0.362374664845,0.131315397721,0.4,1.5,0.05,1,0.000201340026756,0.25,1.11803398875,0,0,0,0,0,0,0,0,0,0
40.45,0.932496391571,0.0675036084289,1,1.00007810568,0.404618250917,0.0292903996237,0.527878140654,0.0382132088052,0.433908650541,0.566091349459,-1.03279607089e-12,0.362230061542,0.131210617485,0.4,1.5,0.05,1,0.000201340026756,0.25,1.11803398875,0,0,0,0,0,0,0,0,0,0
40.5,0.927161891045,0.0728381089551,1,1.00007810568,0.402183191525,0.0315956289722,0.52497869952,0.0412424799829,0.433778820498,0.566221179502,-1.03366204485e-12,0.362085870094,0.131106177321,0.4,1.5,0.05,1,0.000201340026756,0.25,1.11803398875,0,0,0,0,0,0,0,0,0,0
40.55,0.921742540547,0.0782574594535,1,1.00007810568,0.399712813259,0.0339362760009,0.522029727287,0.0443211834526,0.43364908926,0.56635091074,-1.03491659686e-12,0.361942086882,0.131002074256,0.4,1.5,0.05,1,0.000201340026756,0.25,1.11803398875,0,0,0,0,0,0,0,0,0,0
40.6,0.916255269374,0.0837447306263,1,1.00007810568,0.397214506548,0.0363049719259,0.519040762826,0.0474397587004,0.433519478474,0.566480521526,-1.03641539795e-12,0.361798709502,0.130898306198,0.4,1.5,0.05,1,0.000201340026756,0.25,1.11803398875,0,0,0,0,0,0,0,0,0,0
40.65,0.910717218999,0.089282781001,1,1.00007810568,0.394695744447,0.0386942653075,0.516021474552,0.0505885156935,0.433390009755,0.566609990245,-1.03821395925e-12,0.361655736812,0.130794871969,0.4,1.5,0.05,1,0.000201340026756,0.25,1.11803398875,0,0,0,0,0,0,0,0,0,0
40.7,0.905145689522,0.0948543104781,1,1.00007810568,0.392164059314,0.0410966453781,0.512981630208,0.0537576650999,0.433260704692,0.566739295308,-1.04034558746e-12,0.361513168953,0.130691771326,0.4,1.5,0.05,1,0.000201340026756,0.25,1.11803398875,0,0,0,0,0,0,0,0,0,0
40.75,0.899558085626,0.100441914374,1,1.00007810568,0.389627019306,0.0435045655331,0.509931066321,0.0569373488407,0.433131584839,0.566868415161,-1.0428213848e-12,0.361371007368,0.130589004966,0.4,1.5,0.05,1,0.000201340026756,0.25,1.11803398875,0,0,0,0,0,0,0,0,0,0
40.8,0.89397186221,0.10602813779,1,1.00007810568,0.387092204798,0.0459104669148,0.506879657412,0.0601176708753,0.433002671713,0.566997328287,-1.04554143121e-12,0.361229254791,0.130486574517,0.4,1.5,0.05,1,0.000201340026756,0.25,1.11803398875,0,0,0,0,0,0,0,0,0,0
40.85,0.888404469858,0.111595530142,1,1.00007810568,0.384567184778,0.0483068020144,0.503837285081,0.0632887281272,0.432873986792,0.567126013208,-1.04856123784e-12,0.36108791522,0.130384482518,0.4,1.5,0.05,1,0.000201340026756,0.25,1.11803398875,0,0,0,0,0,0,0,0,0,0
40.9,0.882873300332,0.117126699668,1,1.00007810568,0.382059493291,0.050686058217,0.50081380704,0.0664406414513,0.432745551508,0.567254448492,-1.0519252136e-12,0.360946993871,0.130282732385,0.4,1.5,0.05,1,0.000201340026756,0.25,1.11803398875,0,0,0,0,0,0,0,0,0,0
40.95,0.877395632234,0.122604367766,1,1.00007810568,0.379576606026,0.0530407812193,0.497819026208,0.0695635865463,0.432617387246,0.567382612754,-1.05547792728e-12,0.360806497121,0.130181328365,0.4,1.5,0.05,1,0.000201340026756,0.25,1.11803398875,0,0,0,0,0,0,0,0,0,0
41,0.871988577041,0.128011422959,1,1.00007810568,0.377125917091,0.0553635982436,0.49486265995,0.0726478247158,0.432489515334,0.567510484666,-1.05928599226e-12,0.360666432424,0.130080275478,0.4,1.5,0.05,1,0.000201340026756,0.25,1.11803398875,0,0,0,0,0,0,0,0,0,0
41.05,0.866669025639,0.133330974361,1,1.00007810568,0.374714716066,0.0576472409792,0.491954309573,0.075683733382,0.432361957045,0.567638042955,-1.06324948845e-12,0.360526808223,0.129979579447,0.4,1.5,0.05,1,0.000201340026756,0.25,1.11803398875,0,0,0,0,0,0,0,0,0,0
41.1,0.861453595569,0.138546404431,1,1.00007810568,0.372350165406,0.0598845681771,0.489103430163,0.0786618362543,0.432234733583,0.567765266417,-1.06743502926e-12,0.360387633836,0.129879246622,0.4,1.5,0.05,1,0.000201340026756,0.25,1.11803398875,0,0,0,0,0,0,0,0,0,0
41.15,0.856358579108,0.143641420892,1,1.00007810568,0.37003927825,0.0620685878302,0.486319300858,0.0815728330613,0.43210786608,0.56789213392,-1.07177600128e-12,0.360248919341,0.129779283886,0.4,1.5,0.05,1,0.000201340026756,0.25,1.11803398875,0,0,0,0,0,0,0,0,0,0
41.2,0.851399892382,0.148600107618,1,1.00007810568,0.36778889672,0.064192478869,0.483610995661,0.0844076287494,0.431981375589,0.568018624411,-1.07612807554e-12,0.360110675441,0.129679698567,0.4,1.5,0.05,1,0.000201340026756,0.25,1.11803398875,0,0,0,0,0,0,0,0,0,0
41.25,0.846593025636,0.153406974364,1,1.00007810568,0.365605670765,0.0662496123056,0.480987354871,0.0871573620582,0.431855283071,0.568144716929,-1.08058006987e-12,0.359972913326,0.129580498329,0.4,1.5,0.05,1,0.000201340026756,0.25,1.11803398875,0,0,0,0,0,0,0,0,0,0
41.3,0.841952994856,0.158047005144,1,1.00007810568,0.363496037626,0.0682335717619,0.47845695723,0.0898134333822,0.431729609388,0.568270390612,-1.08504316643e-12,0.359835644521,0.129481691068,0.4,1.5,0.05,1,0.000201340026756,0.25,1.11803398875,0,0,0,0,0,0,0,0,0,0
41.35,0.837494294852,0.162505705148,1,1.00007810568,0.361466201975,0.0701381733175,0.476028092877,0.0923675318306,0.431604375293,0.568395624707,-1.08950626299e-12,0.359698880733,0.129383284801,0.4,1.5,0.05,1,0.000201340026756,0.25,1.11803398875,0,0,0,0,0,0,0,0,0,0
41.4,0.833230853983,0.166769146017,1,1.00007810568,0.359522116797,0.0719574846166,0.473708737186,0.0948116614002,0.431479601414,0.568520398586,-1.09392495062e-12,0.359562633693,0.129285287549,0.4,1.5,0.05,1,0.000201340026756,0.25,1.11803398875,0,0,0,0,0,0,0,0,0,0
41.45,0.829175990647,0.170824009353,1,1.00007810568,0.357669465071,0.0736858431754,0.471506525575,0.0971381661779,0.431355308247,0.568644691753,-1.09826592265e-12,0.359426914996,0.129187707223,0.4,1.5,0.05,1,0.000201340026756,0.25,1.11803398875,0,0,0,0,0,0,0,0,0,0
41.5,0.825342371672,0.174657628328,1,1.00007810568,0.355913642304,0.0753178738337,0.469428729368,0.0993397544947,0.431231516138,0.568768483862,-1.10242925899e-12,0.359291735936,0.129090551512,0.4,1.5,0.05,1,0.000201340026756,0.25,1.11803398875,0,0,0,0,0,0,0,0,0,0
41.55,0.821741972751,0.178258027249,1,1.00007810568,0.354259739973,0.0768485052973,0.467482232778,0.101409521952,0.431108245271,0.568891754729,-1.10640385742e-12,0.359157107357,0.128993827765,0.4,1.5,0.05,1,0.000201340026756,0.25,1.11803398875,0,0,0,0,0,0,0,0,0,0
41.6,0.818386041031,0.181613958969,1,1.00007810568,0.352712529931,0.0782729857204,0.4656735111,0.103340973249,0.430985515651,0.569014484349,-1.11022302463e-12,0.359023039487,0.128897542883,0.4,1.5,0.05,1,0.000201340026756,0.25,1.11803398875,0,0,0,0,0,0,0,0,0,0
41.65,0.815285059975,0.184714940025,1,1.00007810568,0.351276449809,0.0795868972816,0.464008610165,0.105128042744,0.430863347091,0.569136652909,-1.11378684053e-12,0.358889541801,0.128801703214,0.4,1.5,0.05,1,0.000201340026756,0.25,1.11803398875,0,0,0,0,0,0,0,0,0,0
41.7,0.812448716617,0.187551283383,1,1.00007810568,0.349955589484,0.0807861697079,0.462493127133,0.106765113675,0.430741759192,0.569258240808,-1.11703424288e-12,0.358756622872,0.128706314455,0.4,1.5,0.05,1,0.000201340026756,0.25,1.11803398875,0,0,0,0,0,0,0,0,0,0
41.75,0.8098858713,0.1901141287,1,1.00007810568,0.348753678623,0.0818670927065,0.461132192677,0.108247035994,0.430620771329,0.569379228671,-1.1199763339e-12,0.35862429025,0.128611381558,0.4,1.5,0.05,1,0.000201340026756,0.25,1.11803398875,0,0,0,0,0,0,0,0,0,0
41.8,0.807604529996,0.192395470004,1,1.00007810568,0.347674075367,0.082826327267,0.459930454629,0.109569142737,0.430500402634,0.569499597366,-1.12257980689e-12,0.358492550338,0.128516908648,0.4,1.5,0.05,1,0.000201340026756,0.25,1.11803398875,0,0,0,0,0,0,0,0,0,0
41.85,0.805611819299,0.194388180701,1,1.00007810568,0.346719756175,0.0836609158,0.458892063124,0.110727264901,0.430380671975,0.569619328025,-1.12483911074e-12,0.358361408289,0.128422898951,0.4,1.5,0.05,1,0.000201340026756,0.25,1.11803398875,0,0,0,0,0,0,0,0,0,0
41.9,0.803913964159,0.196086035841,1,1.00007810568,0.345893306861,0.0843682910816,0.458020657298,0.111717744759,0.430261597943,0.569738402057,-1.12670983654e-12,0.358230867921,0.128329354731,0.4,1.5,0.05,1,0.000201340026756,0.25,1.11803398875,0,0,0,0,0,0,0,0,0,0
41.95,0.802516268441,0.197483731559,1,1.00007810568,0.345196914855,0.0849462839775,0.457319353585,0.112537447582,0.430143198833,0.569856801167,-1.12824749543e-12,0.358100931642,0.128236277243,0.4,1.5,0.05,1,0.000201340026756,0.25,1.11803398875,0,0,0,0,0,0,0,0,0,0
42,0.80142309835,0.19857690165,1,1.00007810568,0.344632362702,0.0853931299239,0.456790735648,0.113183771726,0.430025492626,0.569974507374,-1.12932996288e-12,0.357971600397,0.128143666691,0.4,1.5,0.05,1,0.000201340026756,0.25,1.11803398875,0,0,0,0,0,0,0,0,0,0
42.05,0.8006378688,0.1993621312,1,1.00007810568,0.344201022827,0.0857074741464,0.456436845973,0.113654657054,0.429908496974,0.570091503026,-1.1300349545e-12,0.35784287363,0.128051522208,0.4,1.5,0.05,1,0.000201340026756,0.25,1.11803398875,0,0,0,0,0,0,0,0,0,0
42.1,0.800163032737,0.199836967263,1,1.00007810568,0.343903853579,0.0858883756024,0.456259179158,0.11394859166,0.429792229181,0.570207770819,-1.13035136806e-12,0.357714749269,0.127959841845,0.4,1.5,0.05,1,0.000201340026756,0.25,1.11803398875,0,0,0,0,0,0,0,0,0,0
42.15,0.800000073484,0.199999926516,1,1.00007810568,0.343741396557,0.0859353096348,0.456258676927,0.114064616881,0.429676706192,0.570323293808,-1.13029585691e-12,0.357587223726,0.127868622572,0.4,1.5,0.05,1,0.000201340026756,0.25,1.11803398875,0,0,0,0,0,0,0,0,0,0
42.2,0.800149500102,0.199850499898,1,1.00007810568,0.343713775241,0.0858481693317,0.456435724861,0.114002330566,0.429561944572,0.570438055428,-1.1298517677e-12,0.357460291918,0.127777860298,0.4,1.5,0.05,1,0.000201340026756,0.25,1.11803398875,0,0,0,0,0,0,0,0,0,0
42.25,0.800610845804,0.199389154196,1,1.00007810568,0.343820694911,0.0856272655879,0.456790150893,0.113761888608,0.429447960499,0.570552039501,-1.12902465155e-12,0.357333947307,0.127687549898,0.4,1.5,0.05,1,0.000201340026756,0.25,1.11803398875,0,0,0,0,0,0,0,0,0,0
42.3,0.80138266941,0.19861733059,1,1.00007810568,0.344061443873,0.08527332587,0.457321225537,0.11334400472,0.429334769743,0.570665230257,-1.12789777518e-12,0.357208181954,0.127597685255,0.4,1.5,0.05,1,0.000201340026756,0.25,1.11803398875,0,0,0,0,0,0,0,0,0,0
42.35,0.80246255985,0.19753744015,1,1.00007810568,0.344434895971,0.0847874916891,0.458027663879,0.112749948461,0.42922238766,0.57077761234,-1.12638787186e-12,0.357082986598,0.127508259318,0.4,1.5,0.05,1,0.000201340026756,0.25,1.11803398875,0,0,0,0,0,0,0,0,0,0
42.4,0.803847143696,0.196152856304,1,1.00007810568,0.344939514389,0.0841713147915,0.458907629307,0.111981541512,0.42911082918,0.57088917082,-1.12463371948e-12,0.356958350741,0.127419264164,0.4,1.5,0.05,1,0.000201340026756,0.25,1.11803398875,0,0,0,0,0,0,0,0,0,0
42.45,0.805532095702,0.194467904298,1,1.00007810568,0.345573356716,0.0834267520794,0.459958738986,0.111041152219,0.429000108795,0.570999891205,-1.12262421581e-12,0.356834262754,0.127330691075,0.4,1.5,0.05,1,0.000201340026756,0.25,1.11803398875,0,0,0,0,0,0,0,0,0,0
42.5,0.80751215231,0.19248784769,1,1.00007810568,0.346334081272,0.0825561592784,0.461178071039,0.109931688411,0.42889024055,0.57110975945,-1.12036491196e-12,0.356710709996,0.127242530626,0.4,1.5,0.05,1,0.000201340026756,0.25,1.11803398875,0,0,0,0,0,0,0,0,0,0
42.55,0.8097811281,0.1902188719,1,1.00007810568,0.347218954665,0.0815622833727,0.462562173435,0.108656588527,0.428781238038,0.571218761962,-1.11795572799e-12,0.356587678944,0.127154772775,0.4,1.5,0.05,1,0.000201340026756,0.25,1.11803398875,0,0,0,0,0,0,0,0,0,0
42.6,0.812331935107,0.187668064893,1,1.00007810568,0.34822486056,0.0804482538327,0.464107074547,0.10721981106,0.428673114393,0.571326885607,-1.11536335723e-12,0.356465155334,0.127067406968,0.4,1.5,0.05,1,0.000201340026756,0.25,1.11803398875,0,0,0,0,0,0,0,0,0,0
42.65,0.815156604963,0.184843395037,1,1.00007810568,0.349348309619,0.0792175726622,0.465808295344,0.105625822374,0.428565882281,0.571434117719,-1.11270437309e-12,0.356343124311,0.126980422244,0.4,1.5,0.05,1,0.000201340026756,0.25,1.11803398875,0,0,0,0,0,0,0,0,0,0
42.7,0.818246313794,0.181753686206,1,1.00007810568,0.350585450604,0.0778741032982,0.46766086319,0.103879582908,0.428459553902,0.571540446098,-1.11001208225e-12,0.356221570584,0.12689380735,0.4,1.5,0.05,1,0.000201340026756,0.25,1.11803398875,0,0,0,0,0,0,0,0,0,0
42.75,0.821591409777,0.178408590223,1,1.00007810568,0.351932082586,0.0764220583966,0.469659327191,0.101986531826,0.428354140982,0.571645859018,-1.10722542246e-12,0.356100478596,0.126807550856,0.4,1.5,0.05,1,0.000201340026756,0.25,1.11803398875,0,0,0,0,0,0,0,0,0,0
42.8,0.825181443298,0.174818556702,1,1.00007810568,0.353383668228,0.0748659865447,0.47179777507,0.0999525701569,0.428249654773,0.571750345227,-1.10451092716e-12,0.355979832682,0.126721641276,0.4,1.5,0.05,1,0.000201340026756,0.25,1.11803398875,0,0,0,0,0,0,0,0,0,0
42.85,0.829005199592,0.170994800408,1,1.00007810568,0.35493534811,0.0732107579404,0.474069851483,0.0977840424675,0.42814610605,0.57185389395,-1.10189635194e-12,0.35585961725,0.126636067189,0.4,1.5,0.05,1,0.000201340026756,0.25,1.11803398875,0,0,0,0,0,0,0,0,0,0
42.9,0.833050733775,0.166949266225,1,1.00007810568,0.35658195603,0.0714615490837,0.476468777745,0.0954877171414,0.428043505113,0.571956494887,-1.09935394121e-12,0.355739816944,0.126550817359,0.4,1.5,0.05,1,0.000201340026756,0.25,1.11803398875,0,0,0,0,0,0,0,0,0,0
42.95,0.83730540816,0.16269459184,1,1.00007810568,0.358318035258,0.0696238265288,0.478987372902,0.0930707653109,0.427941861787,0.572058138213,-1.09699471729e-12,0.355620416817,0.126465880857,0.4,1.5,0.05,1,0.000201340026756,0.25,1.11803398875,0,0,0,0,0,0,0,0,0,0
43,0.841755931737,0.158244068263,1,1.00007810568,0.360137855673,0.0677033297473,0.481618076064,0.0905407385157,0.427841185421,0.572158814579,-1.09485198685e-12,0.355501402501,0.12638124718,0.4,1.5,0.05,1,0.000201340026756,0.25,1.11803398875,0,0,0,0,0,0,0,0,0,0
43.05,0.846388401688,0.153611598312,1,1.00007810568,0.362035431734,0.0657060531558,0.484352969954,0.0879055451564,0.42774148489,0.57225851511,-1.09295905659e-12,0.355382760363,0.126296906363,0.4,1.5,0.05,1,0.000201340026756,0.25,1.11803398875,0,0,0,0,0,0,0,0,0,0
43.1,0.85118834682,0.14881165318,1,1.00007810568,0.364004541235,0.0636382273646,0.487183805585,0.085173425815,0.4276427686,0.5723572314,-1.09129372206e-12,0.355264477666,0.126212849091,0.4,1.5,0.05,1,0.000201340026756,0.25,1.11803398875,0,0,0,0,0,0,0,0,0,0
43.15,0.856140772773,0.143859227227,1,1.00007810568,0.366038744781,0.0615062997047,0.490102027993,0.082352927522,0.427545044485,0.572454955515,-1.09001141446e-12,0.355146542712,0.1261290668,0.4,1.5,0.05,1,0.000201340026756,0.25,1.11803398875,0,0,0,0,0,0,0,0,0,0
43.2,0.861230208856,0.138769791144,1,1.00007810568,0.368131405919,0.059316914095,0.493098802937,0.0794528770486,0.427448320014,0.572551679986,-1.0890344182e-12,0.35502894498,0.126045551774,0.4,1.5,0.05,1,0.000201340026756,0.25,1.11803398875,0,0,0,0,0,0,0,0,0,0
43.25,0.866440756379,0.133559243621,1,1.00007810568,0.370275711878,0.0570768903113,0.496165044501,0.07648235331,0.427352602189,0.572647397811,-1.08845155111e-12,0.354911675251,0.12596229723,0.4,1.5,0.05,1,0.000201340026756,0.25,1.11803398875,0,0,0,0,0,0,0,0,0,0
43.3,0.871756138314,0.128243861686,1,1.00007810568,0.372464694827,0.0547932027224,0.499291443487,0.0734506589639,0.427257897549,0.572742102451,-1.08827946654e-12,0.354794725715,0.125879297395,0.4,1.5,0.05,1,0.000201340026756,0.25,1.11803398875,0,0,0,0,0,0,0,0,0,0
43.35,0.877159750147,0.122840249853,1,1.00007810568,0.374691253616,0.0524729585576,0.502468496532,0.0703672912952,0.427164212173,0.572835787827,-1.08850706226e-12,0.354678090064,0.125796547572,0.4,1.5,0.05,1,0.000201340026756,0.25,1.11803398875,0,0,0,0,0,0,0,0,0,0
43.4,0.882634711747,0.117365288253,1,1.00007810568,0.376948175903,0.0501233757747,0.505686535844,0.0672419124784,0.427071551678,0.572928448322,-1.08925091169e-12,0.354561763576,0.12571404419,0.4,1.5,0.05,1,0.000201340026756,0.25,1.11803398875,0,0,0,0,0,0,0,0,0,0
43.45,0.888163920094,0.111836079906,1,1.00007810568,0.379228160625,0.0477517605965,0.508935759469,0.0640843193097,0.426979921221,0.573020078779,-1.09035003248e-12,0.354445743166,0.125631784848,0.4,1.5,0.05,1,0.000201340026756,0.25,1.11803398875,0,0,0,0,0,0,0,0,0,0
43.5,0.893730102709,0.106269897291,1,1.00007810568,0.381523840716,0.045365484785,0.512206261994,0.0609044125056,0.426889325501,0.573110674499,-1.09198761145e-12,0.354330027433,0.125549768341,0.4,1.5,0.05,1,0.000201340026756,0.25,1.11803398875,0,0,0,0,0,0,0,0,0,0
43.55,0.899315871613,0.100684128387,1,1.00007810568,0.383827806031,0.0429719627235,0.515488065582,0.0577121656637,0.426799768754,0.573200231246,-1.09403042181e-12,0.35421461668,0.12546799467,0.4,1.5,0.05,1,0.000201340026756,0.25,1.11803398875,0,0,0,0,0,0,0,0,0,0
43.6,0.904903777638,0.0950962223616,1,1.00007810568,0.386132626378,0.0405786283781,0.51877115126,0.0545175939835,0.426711254756,0.573288745244,-1.09652842362e-12,0.354099512916,0.125386465047,0.4,1.5,0.05,1,0.000201340026756,0.25,1.11803398875,0,0,0,0,0,0,0,0,0,0
43.65,0.910476364945,0.0895236350555,1,1.00007810568,0.388430874608,0.0381929122095,0.522045490337,0.051330722846,0.426623786817,0.573376213183,-1.09944831017e-12,0.353984719842,0.125305181882,0.4,1.5,0.05,1,0.000201340026756,0.25,1.11803398875,0,0,0,0,0,0,0,0,0,0
43.7,0.916016225543,0.0839837744572,1,1.00007810568,0.390715149673,0.0358222181064,0.52530107587,0.0481615563508,0.42653736778,0.57346263222,-1.10275677478e-12,0.353870242816,0.125224148751,0.4,1.5,0.05,1,0.000201340026756,0.25,1.11803398875,0,0,0,0,0,0,0,0,0,0
43.75,0.921506053679,0.0784939463212,1,1.00007810568,0.392978099601,0.0334739004115,0.528527954077,0.0450200459097,0.426452000013,0.573547999987,-1.10655928864e-12,0.353756088801,0.125143370364,0.4,1.5,0.05,1,0.000201340026756,0.25,1.11803398875,0,0,0,0,0,0,0,0,0,0
43.8,0.926928699892,0.0730713001075,1,1.00007810568,0.395212444298,0.0311552411112,0.531716255595,0.0419160589964,0.426367685409,0.573632314591,-1.11069486941e-12,0.353642266294,0.12506285251,0.4,1.5,0.05,1,0.000201340026756,0.25,1.11803398875,0,0,0,0,0,0,0,0,0,0
43.85,0.932267224591,0.0677327754093,1,1.00007810568,0.397410998115,0.0288734272594,0.534856226476,0.03885934815,0.426284425374,0.573715574626,-1.11514686374e-12,0.353528785244,0.124982601996,0.4,1.5,0.05,1,0.000201340026756,0.25,1.11803398875,0,0,0,0,0,0,0,0,0,0
43.9,0.937504950964,0.0624950490357,1,1.00007810568,0.39956669212,0.026635528705,0.537938258844,0.0358595203307,0.426202220825,0.573797779175,-1.11993192498e-12,0.35341565695,0.124902626577,0.4,1.5,0.05,1,0.000201340026756,0.25,1.11803398875,0,0,0,0,0,0,0,0,0,0
43.95,0.942625517084,0.0573744829158,1,1.00007810568,0.401672595986,0.0244484761913,0.540952921098,0.0329260067245,0.426121072177,0.573878927823,-1.12502229754e-12,0.353302893949,0.124822934872,0.4,1.5,0.05,1,0.000201340026756,0.25,1.11803398875,0,0,0,0,0,0,0,0,0,0
44,0.947612927013,0.0523870729866,1,1.00007810568,0.403721939441,0.0223190398956,0.543890987572,0.030068033091,0.426040979337,0.573959020663,-1.13037357252e-12,0.353190509889,0.124743536276,0.4,1.5,0.05,1,0.000201340026756,0.25,1.11803398875,0,0,0,0,0,0,0,0,0,0
44.05,0.952451600777,0.0475483992233,1,1.00007810568,0.405708133217,0.0202538084733,0.546743467559,0.0272945907501,0.42596194169,0.57403805831,-1.13591358541e-12,0.353078519395,0.124664440858,0.4,1.5,0.05,1,0.000201340026756,0.25,1.11803398875,0,0,0,0,0,0,0,0,0,0
44.1,0.95712642303,0.0428735769705,1,1.00007810568,0.407624789422,0.0182591686737,0.549501633607,0.0246144082968,0.425883958096,0.574116041904,-1.14158127396e-12,0.352966937922,0.124585659266,0.4,1.5,0.05,1,0.000201340026756,0.25,1.11803398875,0,0,0,0,0,0,0,0,0,0
44.15,0.961622790277,0.0383772097228,1,1.00007810568,0.409465741282,0.0163412855872,0.552157048995,0.0220359241356,0.425807026869,0.574192973131,-1.14738774037e-12,0.352855781596,0.124507202606,0.4,1.5,0.05,1,0.000201340026756,0.25,1.11803398875,0,0,0,0,0,0,0,0,0,0
44.2,0.965926656493,0.0340733435068,1,1.00007810568,0.411225062186,0.0145060835868,0.554701594307,0.01956725992,0.425731145773,0.574268854227,-1.15332743356e-12,0.352745067061,0.124429082336,0.4,1.5,0.05,1,0.000201340026756,0.25,1.11803398875,0,0,0,0,0,0,0,0,0,0
44.25,0.970024576998,0.0299754230023,1,1.00007810568,0.412897083984,0.0127592280209,0.557127493014,0.0172161949814,0.425656312005,0.574343687995,-1.15924492228e-12,0.352634811303,0.124351310142,0.4,1.5,0.05,1,0.000201340026756,0.25,1.11803398875,0,0,0,0,0,0,0,0,0,0
44.3,0.973903750457,0.0260962495433,1,1.00007810568,0.414476414468,0.0111061077146,0.559427335989,0.0149901418287,0.425582522182,0.574417477818,-1.16514575765e-12,0.352525031483,0.124273897822,0.4,1.5,0.05,1,0.000201340026756,0.25,1.11803398875,0,0,0,0,0,0,0,0,0,0
44.35,0.977552058871,0.0224479411285,1,1.00007810568,0.415957954001,0.00955181833279,0.56159410487,0.0128961227957,0.425509772334,0.574490227666,-1.17091891738e-12,0.352415744761,0.124196857155,0.4,1.5,0.05,1,0.000201340026756,0.25,1.11803398875,0,0,0,0,0,0,0,0,0,0
44.4,0.980958105434,0.0190418945664,1,1.00007810568,0.417336911226,0.00810114665586,0.563621194208,0.0109407479105,0.425438057882,0.574561942118,-1.17664766819e-12,0.352306968118,0.124120199784,0.4,1.5,0.05,1,0.000201340026756,0.25,1.11803398875,0,0,0,0,0,0,0,0,0,0
44.45,0.984111250127,0.015888749873,1,1.00007810568,0.418608817816,0.0067585558161,0.565502432311,0.00913019405689,0.425367373632,0.574632626368,-1.18216547662e-12,0.352198718179,0.124043937087,0.4,1.5,0.05,1,0.000201340026756,0.25,1.11803398875,0,0,0,0,0,0,0,0,0,0
44.5,0.987001642966,0.012998357034,1,1.00007810568,0.419769542218,0.00552817154064,0.567232100748,0.00747018549339,0.425297713759,0.574702286241,-1.18745013822e-12,0.35209101104,0.123968080055,0.4,1.5,0.05,1,0.000201340026756,0.25,1.11803398875,0,0,0,0,0,0,0,0,0,0
44.55,0.989620254765,0.010379745235,1,1.00007810567,0.420815302353,0.00441376944222,0.568804952412,0.00596597579279,0.425229071795,0.574770928205,-1.19245724406e-12,0.351983862092,0.123892639173,0.4,1.5,0.05,1,0.000201340026756,0.25,1.11803398875,0,0,0,0,0,0,0,0,0,0
44.6,0.991958905345,0.00804109465522,1,1.00007810567,0.42174267722,0.00341876339716,0.570216228125,0.00462233125806,0.425161440617,0.574838559383,-1.1971701408e-12,0.351877285855,0.123817624301,0.4,1.5,0.05,1,0.000201340026756,0.25,1.11803398875,0,0,0,0,0,0,0,0,0,0
44.65,0.994010289086,0.00598971091402,1,1.00007810567,0.422548617391,0.00254619504582,0.571461671695,0.0034435158682,0.425094812436,0.574905187564,-1.20150001059e-12,0.35177129582,0.123743044563,0.4,1.5,0.05,1,0.000201340026756,0.25,1.11803398875,0,0,0,0,0,0,0,0,0,0
44.7,0.995767997751,0.0042320022491,1,1.00007810567,0.423230454338,0.00179872444763,0.572537543413,0.00243327780147,0.425029178786,0.574970821214,-1.20548571125e-12,0.351665904291,0.123668908241,0.4,1.5,0.05,1,0.000201340026756,0.25,1.11803398875,0,0,0,0,0,0,0,0,0,0
44.75,0.997226540502,0.00277345949801,1,1.00007810567,0.423785908592,0.00117862191927,0.57344063191,0.00159483757873,0.424964530511,0.575035469489,-1.20901066936e-12,0.351561122249,0.123595222677,0.4,1.5,0.05,1,0.000201340026756,0.25,1.11803398875,0,0,0,0,0,0,0,0,0,0
44.8,0.998381361054,0.00161863894558,1,1.00007810567,0.424213096681,0.000687761080879,0.574168264373,0.0009308778647,0.424900857762,0.575099142238,-1.21203047598e-12,0.351456959221,0.123521994185,0.4,1.5,0.05,1,0.000201340026756,0.25,1.11803398875,0,0,0,0,0,0,0,0,0,0
44.85,0.999228851909,0.00077114809071,1,1.00007810567,0.424510536852,0.000327613131357,0.574718315057,0.000443534959354,0.424838149984,0.575161850016,-1.21461729563e-12,0.351353423162,0.123449227968,0.4,1.5,0.05,1,0.000201340026756,0.25,1.11803398875,0,0,0,0,0,0,0,0,0,0
44.9,0.999766365623,0.000233634377036,1,1.00007810567,0.424677153539,9.9242370379e-05,0.575089212084,0.000134392006657,0.42477639591,0.57522360409,-1.21666565711e-12,0.351250520361,0.123376928054,0.4,1.5,0.05,1,0.000201340026756,0.25,1.11803398875,0,0,0,0,0,0,0,0,0,0
44.95,0.999992223077,7.77692268872e-06,1,1.00007810567,0.424712280576,3.30298057778e-06,0.575279942501,4.47394211095e-06,0.424715583557,0.575284416443,-1.21819776489e-12,0.351148255353,0.123305097238,0.4,1.5,0.05,1,0.000201340026756,0.25,1.11803398875,0,0,0,0,0,0,0,0,0,0
45,0.999905718725,9.42812749632e-05,1,1.00007810567,0.424615663142,4.00370797187e-05,0.575290055583,5.42441952445e-05,0.424655700222,0.575344299778,-1.21918586338e-12,0.351046630856,0.123233737035,0.4,1.5,0.05,1,0.000201340026756,0.25,1.11803398875,0,0,0,0,0,0,0,0,0,0
45.05,0.999507122794,0.000492877206286,1,1.00007810567,0.424387458426,0.000209274048736,0.575119664367,0.00028360315755,0.424596732475,0.575403267525,-1.21965215705e-12,0.350945647723,0.123162847655,0.4,1.5,0.05,1,0.000201340026756,0.25,1.11803398875,0,0,0,0,0,0,0,0,0,0
45.1,0.998797680442,0.00120231955837,1,1.00007810567,0.424028235026,0.000510431137604,0.574769445415,0.000691888420766,0.424538666164,0.575461333836,-1.21951337917e-12,0.350845304916,0.123092427981,0.4,1.5,0.05,1,0.000201340026756,0.25,1.11803398875,0,0,0,0,0,0,0,0,0,0
45.15,0.997779607868,0.00222039213191,1,1.00007810567,0.423538971061,0.00094251534712,0.574240636807,0.00127787678479,0.424481486408,0.575518513592,-1.21889720539e-12,0.350745599496,0.123022475566,0.4,1.5,0.05,1,0.000201340026756,0.25,1.11803398875,0,0,0,0,0,0,0,0,0,0
45.2,0.99645608539,0.00354391460969,1,1.00007810567,0.422921051022,0.00150412658077,0.573535034368,0.00203978802892,0.424425177603,0.575574822397,-1.21769816452e-12,0.350646526636,0.122952986642,0.4,1.5,0.05,1,0.000201340026756,0.25,1.11803398875,0,0,0,0,0,0,0,0,0,0
45.25,0.994831247509,0.00516875249145,1,1.00007810567,0.422176261365,0.002193462057,0.572654986143,0.00297529043445,0.424369723422,0.575630276578,-1.21597176772e-12,0.350548079642,0.12288395614,0.4,1.5,0.05,1,0.000201340026756,0.25,1.11803398875,0,0,0,0,0,0,0,0,0,0
45.3,0.992910169991,0.00708983000948,1,1.00007810567,0.421306784852,0.00300832196823,0.571603385138,0.00408150804125,0.424315106821,0.575684893179,-1.21375132167e-12,0.350450250007,0.12281537773,0.4,1.5,0.05,1,0.000201340026756,0.25,1.11803398875,0,0,0,0,0,0,0,0,0,0
45.35,0.990698854015,0.00930114598462,1,1.00007810567,0.420315193671,0.00394611636944,0.570383660344,0.00535502961518,0.424261310041,0.575738689959,-1.21105903084e-12,0.35035302747,0.122747243857,0.4,1.5,0.05,1,0.000201340026756,0.25,1.11803398875,0,0,0,0,0,0,0,0,0,0
45.4,0.988204207427,0.0117957925731,1,1.00007810567,0.419204441343,0.00500387327491,0.568999766084,0.00679191929821,0.424208314618,0.575791685382,-1.20788379299e-12,0.350256400092,0.122679545806,0.4,1.5,0.05,1,0.000201340026756,0.25,1.11803398875,0,0,0,0,0,0,0,0,0,0
45.45,0.985434023154,0.0145659768458,1,1.00007810568,0.417977853449,0.00617824793851,0.567456169705,0.00838772890724,0.424156101388,0.575843898612,-1.20437548823e-12,0.350160354353,0.122612273761,0.4,1.5,0.05,1,0.000201340026756,0.25,1.11803398875,0,0,0,0,0,0,0,0,0,0
45.5,0.982396954868,0.0176030451319,1,1.00007810568,0.416639117208,0.00746553328894,0.56575783766,0.0101375118429,0.424104650497,0.575895349503,-1.20042864538e-12,0.350064875252,0.122545416885,0.4,1.5,0.05,1,0.000201340026756,0.25,1.11803398875,0,0,0,0,0,0,0,0,0,0
45.55,0.979102489948,0.0208975100523,1,1.00007810568,0.41519226992,0.00886167148789,0.563910220027,0.0120358385644,0.424053941408,0.575946058592,-1.19611542893e-12,0.349969946427,0.122478963402,0.4,1.5,0.05,1,0.000201340026756,0.25,1.11803398875,0,0,0,0,0,0,0,0,0,0
45.6,0.975560919843,0.0244390801565,1,1.00007810568,0.413641686341,0.0103622665757,0.561919233502,0.0140768135809,0.424003952917,0.575996047083,-1.19145804334e-12,0.349875550282,0.122412900685,0.4,1.5,0.05,1,0.000201340026756,0.25,1.11803398875,0,0,0,0,0,0,0,0,0,0
45.65,0.971783307928,0.0282166920718,1,1.00007810568,0.41199206499,0.0119625981654,0.559791242938,0.0162540939063,0.423954663156,0.576045336844,-1.18655640868e-12,0.349781668124,0.122347215356,0.4,1.5,0.05,1,0.000201340026756,0.25,1.11803398875,0,0,0,0,0,0,0,0,0,0
45.7,0.967781454937,0.0322185450634,1,1.00007810568,0.410248413467,0.0136576361441,0.55753304147,0.0185609089193,0.423906049611,0.576093950389,-1.18140497385e-12,0.349688280309,0.122281893385,0.4,1.5,0.05,1,0.000201340026756,0.25,1.11803398875,0,0,0,0,0,0,0,0,0,0
45.75,0.963567862101,0.036432137899,1,1.00007810568,0.408416032798,0.0154420563343,0.555151829303,0.0209900815647,0.423858089132,0.576141910868,-1.17608145445e-12,0.349595366392,0.122216920203,0.4,1.5,0.05,1,0.000201340026756,0.25,1.11803398875,0,0,0,0,0,0,0,0,0,0
45.8,0.9591556921,0.0408443079,1,1.00007810568,0.406500500876,0.0173102570698,0.552655191224,0.0235340508303,0.423810757946,0.576189242054,-1.17070797501e-12,0.34950290529,0.122152280806,0.4,1.5,0.05,1,0.000201340026756,0.25,1.11803398875,0,0,0,0,0,0,0,0,0,0
45.85,0.954558727939,0.0454412720608,1,1.00007810568,0.404507655036,0.0192563766331,0.550051072903,0.0261848954277,0.423764031669,0.576235968331,-1.1652012688e-12,0.349410875445,0.122087959879,0.4,1.5,0.05,1,0.000201340026756,0.25,1.11803398875,0,0,0,0,0,0,0,0,0,0
45.9,0.949791329896,0.0502086701042,1,1.00007810568,0.402443573818,0.0212743115013,0.547347756078,0.0289343586028,0.423717885319,0.576282114681,-1.1596945626e-12,0.349319254993,0.122023941909,0.4,1.5,0.05,1,0.000201340026756,0.25,1.11803398875,0,0,0,0,0,0,0,0,0,0
45.95,0.944868390659,0.0551316093412,1,1.00007810568,0.400314557985,0.0233577353445,0.544553832674,0.0317738739968,0.42367229333,0.57632770667,-1.15422671421e-12,0.349228021938,0.121960211307,0.4,1.5,0.05,1,0.000201340026756,0.25,1.11803398875,0,0,0,0,0,0,0,0,0,0
46,0.939805288806,0.060194711194,1,1.00007810568,0.398127110845,0.0255001187173,0.541678177961,0.0346945924767,0.423627229563,0.576372770437,-1.14879772362e-12,0.349137154327,0.121896752532,0.4,1.5,0.05,1,0.000201340026756,0.25,1.11803398875,0,0,0,0,0,0,0,0,0,0
46.05,0.934617840764,0.0653821592361,1,1.00007810568,0.395887917936,0.0276947493842,0.538729922828,0.0376874098519,0.42358266732,0.57641733268,-1.14351306202e-12,0.349046630431,0.121833550215,0.4,1.5,0.05,1,0.000201340026756,0.25,1.11803398875,0,0,0,0,0,0,0,0,0,0
46.1,0.929322251399,0.0706777486009,1,1.00007810568,0.393603826142,0.0299347532145,0.535718425257,0.0407429953863,0.423538579357,0.576461420643,-1.13841713834e-12,0.348956428918,0.121770589283,0.4,1.5,0.05,1,0.000201340026756,0.25,1.11803398875,0,0,0,0,0,0,0,0,0,0
46.15,0.923935063397,0.0760649366031,1,1.00007810568,0.391281822309,0.0322131155827,0.532653241088,0.0438518210204,0.423494937891,0.576505062109,-1.13360432152e-12,0.348866529036,0.121707855082,0.4,1.5,0.05,1,0.000201340026756,0.25,1.11803398875,0,0,0,0,0,0,0,0,0,0
46.2,0.918473105584,0.0815268944162,1,1.00007810568,0.38892901141,0.0345227032087,0.529544094174,0.0470041912075,0.423451714618,0.576548285382,-1.12901910043e-12,0.348776910783,0.121645333495,0.4,1.5,0.05,1,0.000201340026756,0.25,1.11803398875,0,0,0,0,0,0,0,0,0,0
46.25,0.912953440357,0.0870465596432,1,1.00007810567,0.386552594348,0.03685628637,0.526400846009,0.0501902732732,0.423408880718,0.576591119282,-1.12482800851e-12,0.348687555082,0.121583011069,0.4,1.5,0.05,1,0.000201340026756,0.25,1.11803398875,0,0,0,0,0,0,0,0,0,0
46.3,0.907393310383,0.092606689617,1,1.00007810567,0.384159845447,0.0392065614165,0.523233464936,0.0534001282005,0.423366406864,0.576633593136,-1.12100884131e-12,0.348598443946,0.121520875122,0.4,1.5,0.05,1,0.000201340026756,0.25,1.11803398875,0,0,0,0,0,0,0,0,0,0
46.35,0.901810084735,0.0981899152645,1,1.00007810567,0.381758089716,0.041566173519,0.520051995019,0.0566237417456,0.423324263235,0.576675736765,-1.1176282122e-12,0.348509560632,0.121458913852,0.4,1.5,0.05,1,0.000201340026756,0.25,1.11803398875,0,0,0,0,0,0,0,0,0,0
46.4,0.896221204635,0.103778795365,1,1.00007810567,0.379354679941,0.0439277395803,0.516866524694,0.0598510557845,0.423282419521,0.576717580479,-1.11472497899e-12,0.348420889794,0.121397116445,0.4,1.5,0.05,1,0.000201340026756,0.25,1.11803398875,0,0,0,0,0,0,0,0,0,0
46.45,0.890644128967,0.109355871033,1,1.00007810567,0.37695697369,0.0462838712383,0.513687155276,0.0630719997949,0.423240844929,0.576759155071,-1.11224363053e-12,0.348332417616,0.121335473162,0.4,1.5,0.05,1,0.000201340026756,0.25,1.11803398875,0,0,0,0,0,0,0,0,0,0
46.5,0.88509627974,0.11490372026,1,1.00007810567,0.374572310299,0.0486271978885,0.51052396944,0.0662765223719,0.423199508188,0.576800491812,-1.11031739358e-12,0.34824413194,0.121273975431,0.4,1.5,0.05,1,0.000201340026756,0.25,1.11803398875,0,0,0,0,0,0,0,0,0,0
46.55,0.879594987663,0.120405012337,1,1.00007810567,0.3722079879,0.0509503896566,0.507386999763,0.0694546226802,0.423158377556,0.576841622444,-1.10896292149e-12,0.348156022371,0.121212615913,0.4,1.5,0.05,1,0.000201340026756,0.25,1.11803398875,0,0,0,0,0,0,0,0,0,0
46.6,0.87415743801,0.12584256199,1,1.00007810567,0.369871240575,0.0532461802466,0.504286197435,0.0725963817436,0.423117420822,0.576882579178,-1.1081580098e-12,0.348068080371,0.121151388573,0.4,1.5,0.05,1,0.000201340026756,0.25,1.11803398875,0,0,0,0,0,0,0,0,0,0
46.65,0.868800616928,0.131199383072,1,1.00007810567,0.367569215707,0.055507389597,0.501231401221,0.0756919934746,0.423076605304,0.576923394696,-1.10798592523e-12,0.347980299336,0.121090288726,0.4,1.5,0.05,1,0.000201340026756,0.25,1.11803398875,0,0,0,0,0,0,0,0,0,0
46.7,0.863541258384,0.136458741616,1,1.00007810567,0.365308951587,0.0577269462707,0.498232306796,0.0787317953457,0.423035897858,0.576964102142,-1.10836340106e-12,0.347892674653,0.121029313077,0.4,1.5,0.05,1,0.000201340026756,0.25,1.11803398875,0,0,0,0,0,0,0,0,0,0
46.75,0.858395791881,0.141604208119,1,1.00007810567,0.363097355357,0.059897909512,0.495298436523,0.0817062986073,0.422995264869,0.577004735131,-1.10937370401e-12,0.347805203736,0.120968459746,0.4,1.5,0.05,1,0.000201340026756,0.25,1.11803398875,0,0,0,0,0,0,0,0,0,0
46.8,0.853380291142,0.146619708858,1,1.00007810567,0.360941181357,0.0620134909002,0.492439109784,0.0846062179582,0.422954672257,0.577045327743,-1.11100573186e-12,0.347717886051,0.120907728279,0.4,1.5,0.05,1,0.000201340026756,0.25,1.11803398875,0,0,0,0,0,0,0,0,0,0
46.85,0.848510423894,0.151489576106,1,1.00007810567,0.358847009938,0.0640670755326,0.489663413955,0.0874225005738,0.422914085471,0.577085914529,-1.11324283125e-12,0.347630723112,0.120847119652,0.4,1.5,0.05,1,0.000201340026756,0.25,1.11803398875,0,0,0,0,0,0,0,0,0,0
46.9,0.843801402925,0.156198597075,1,1.00007810567,0.356821226815,0.0660522426707,0.48698017611,0.0901463544041,0.422873469486,0.577126530514,-1.11609610443e-12,0.347543718471,0.120786636249,0.4,1.5,0.05,1,0.000201340026756,0.25,1.11803398875,0,0,0,0,0,0,0,0,0,0
46.95,0.839267938563,0.160732061437,1,1.00007810567,0.354870003014,0.0679627857855,0.484397935549,0.0927692756513,0.4228327888,0.5771672112,-1.11952669357e-12,0.347456877676,0.120726281844,0.4,1.5,0.05,1,0.000201340026756,0.25,1.11803398875,0,0,0,0,0,0,0,0,0,0
47,0.83492419272,0.16507580728,1,1.00007810567,0.352999275492,0.0697927319385,0.481924917228,0.0952830753413,0.422792007431,0.577207992569,-1.12349018977e-12,0.347370208227,0.120666061564,0.4,1.5,0.05,1,0.000201340026756,0.25,1.11803398875,0,0,0,0,0,0,0,0,0,0
47.05,0.830783734655,0.169216265345,1,1.00007810567,0.35121472847,0.0715363604381,0.479569006184,0.0976799049073,0.422751088908,0.577248911092,-1.1280532064e-12,0.347283719507,0.120605981835,0.4,1.5,0.05,1,0.000201340026756,0.25,1.11803398875,0,0,0,0,0,0,0,0,0,0
47.1,0.826859498582,0.173140501418,1,1.00007810567,0.349521775558,0.0731882207133,0.477337723023,0.0999522807051,0.422709996271,0.577290003729,-1.13309361893e-12,0.347197422705,0.120546050333,0.4,1.5,0.05,1,0.000201340026756,0.25,1.11803398875,0,0,0,0,0,0,0,0,0,0
47.15,0.82316374327,0.17683625673,1,1.00007810567,0.347925542714,0.0747431493474,0.475238200556,0.102093107383,0.422668692061,0.577331307939,-1.13862808071e-12,0.347111330723,0.120486275916,0.4,1.5,0.05,1,0.000201340026756,0.25,1.11803398875,0,0,0,0,0,0,0,0,0,0
47.2,0.819708013744,0.180291986256,1,1.00007810567,0.346430852094,0.0761962862204,0.473277161651,0.104095700035,0.422627138314,0.577372861686,-1.14465104062e-12,0.347025458074,0.120426668551,0.4,1.5,0.05,1,0.000201340026756,0.25,1.11803398875,0,0,0,0,0,0,0,0,0,0
47.25,0.816503105225,0.183496894775,1,1.00007810568,0.345042206851,0.0775430897063,0.471460898373,0.105953805069,0.422585296558,0.577414703442,-1.15101816967e-12,0.346939820769,0.120367239235,0.4,1.5,0.05,1,0.000201340026756,0.25,1.11803398875,0,0,0,0,0,0,0,0,0,0
47.3,0.813559029399,0.186440970601,1,1.00007810568,0.343763776922,0.0787793508806,0.469795252477,0.10766161972,0.422543127803,0.577456872197,-1.157784979e-12,0.346854436196,0.120307999909,0.4,1.5,0.05,1,0.000201340026756,0.25,1.11803398875,0,0,0,0,0,0,0,0,0,0
47.35,0.810884983152,0.189115016848,1,1.00007810568,0.342599385849,0.0799012066911,0.468285597302,0.109213810157,0.42250059254,0.57749940746,-1.1648682019e-12,0.346769322991,0.120248963368,0.4,1.5,0.05,1,0.000201340026756,0.25,1.11803398875,0,0,0,0,0,0,0,0,0,0
47.4,0.808489319831,0.191510680169,1,1.00007810568,0.341552498681,0.0809051520508,0.46693682115,0.110605528118,0.422457650732,0.577542349268,-1.17220122497e-12,0.346684500903,0.120190143167,0.4,1.5,0.05,1,0.000201340026756,0.25,1.11803398875,0,0,0,0,0,0,0,0,0,0
47.45,0.806379523156,0.193620476844,1,1.00007810568,0.340626210993,0.0817880508156,0.465753312163,0.111832426029,0.422414261808,0.577585738192,-1.17978959935e-12,0.346599990652,0.12013155352,0.4,1.5,0.05,1,0.000201340026756,0.25,1.11803398875,0,0,0,0,0,0,0,0,0,0
47.5,0.804562183838,0.195437816162,1,1.00007810568,0.339823239052,0.0825471456102,0.464738944787,0.112890670551,0.422370384662,0.577629615338,-1.18757781387e-12,0.34651581378,0.1200732092,0.4,1.5,0.05,1,0.000201340026756,0.25,1.11803398875,0,0,0,0,0,0,0,0,0,0
47.55,0.803042978994,0.196957021006,1,1.00007810568,0.339145911173,0.0831800664731,0.463897067821,0.113776954533,0.422325977646,0.577674022354,-1.19549925515e-12,0.346431992501,0.120015125428,0.4,1.5,0.05,1,0.000201340026756,0.25,1.11803398875,0,0,0,0,0,0,0,0,0,0
47.6,0.801826654407,0.198173345593,1,1.00007810568,0.338596160276,0.0836848382908,0.463230494131,0.114488507302,0.422280998567,0.577719001433,-1.20349841204e-12,0.346348549542,0.11995731777,0.4,1.5,0.05,1,0.000201340026756,0.25,1.11803398875,0,0,0,0,0,0,0,0,0,0
47.65,0.800917009707,0.199082990293,1,1.00007810568,0.338175517687,0.084059886999,0.46274149202,0.115023103294,0.422235404686,0.577764595314,-1.21151422228e-12,0.346265507983,0.119899802019,0.4,1.5,0.05,1,0.000201340026756,0.25,1.11803398875,0,0,0,0,0,0,0,0,0,0
47.7,0.800316886498,0.199683113502,1,1.00007810568,0.337885108187,0.08430404453,0.462431778311,0.115379068972,0.422189152717,0.577810847283,-1.21951893028e-12,0.34618289109,0.119842594084,0.4,1.5,0.05,1,0.000201340026756,0.25,1.11803398875,0,0,0,0,0,0,0,0,0,0
47.75,0.80002815948,0.19997184052,1,1.00007810568,0.337725646332,0.0844165524901,0.462302513148,0.11555528803,0.422142198822,0.577857801178,-1.22734600261e-12,0.346100722145,0.119785709869,0.4,1.5,0.05,1,0.000201340026756,0.25,1.11803398875,0,0,0,0,0,0,0,0,0,0
47.8,0.800051730596,0.199948269404,1,1.00007810568,0.337697434061,0.0843970645552,0.462354296536,0.115551204848,0.422094498616,0.577905501384,-1.23514531936e-12,0.346019024275,0.11972916516,0.4,1.5,0.05,1,0.000201340026756,0.25,1.11803398875,0,0,0,0,0,0,0,0,0,0
47.85,0.800387526215,0.199612473785,1,1.00007810568,0.337800359592,0.0842456475756,0.462587166624,0.115366826209,0.422046007167,0.577953992833,-1.24273369373e-12,0.345937820278,0.119672975498,0.4,1.5,0.05,1,0.000201340026756,0.25,1.11803398875,0,0,0,0,0,0,0,0,0,0
47.9,0.801034497357,0.198965502643,1,1.00007810568,0.338033897613,0.0839627813865,0.463000599744,0.115002721256,0.421996679,0.578003321,-1.250027859e-12,0.345857132445,0.119617156063,0.4,1.5,0.05,1,0.000201340026756,0.25,1.11803398875,0,0,0,0,0,0,0,0,0,0
47.95,0.801990622974,0.198009377026,1,1.00007810568,0.338397110775,0.0835493573237,0.4635935122,0.114460019702,0.421946468098,0.578053531902,-1.25703336629e-12,0.345776982388,0.119561721549,0.4,1.5,0.05,1,0.000201340026756,0.25,1.11803398875,0,0,0,0,0,0,0,0,0,0
48,0.803252916263,0.196747083737,1,1.00007810568,0.338888652465,0.083006675448,0.464364263798,0.113740408289,0.421895327913,0.578104672087,-1.26369470443e-12,0.345697390863,0.11950668605,0.4,1.5,0.05,1,0.000201340026756,0.25,1.11803398875,0,0,0,0,0,0,0,0,0,0
48.05,0.804817433995,0.195182566005,1,1.00007810568,0.33950677088,0.0823364404868,0.465310663115,0.112846125518,0.421843211367,0.578156788633,-1.26993415783e-12,0.3456183776,0.119452062935,0.4,1.5,0.05,1,0.000201340026756,0.25,1.11803398875,0,0,0,0,0,0,0,0,0,0
48.1,0.806679288834,0.193320711166,1,1.00007810568,0.34024931436,0.0815407565041,0.466429974474,0.111779954662,0.421790070864,0.578209929136,-1.27572952202e-12,0.345539961139,0.119397864744,0.4,1.5,0.05,1,0.000201340026756,0.25,1.11803398875,0,0,0,0,0,0,0,0,0,0
48.15,0.808832664603,0.191167335397,1,1.00007810568,0.341113737984,0.0806221203154,0.467718926619,0.110545215081,0.421735858299,0.578264141701,-1.28105304142e-12,0.345462158666,0.11934410307,0.4,1.5,0.05,1,0.000201340026756,0.25,1.11803398875,0,0,0,0,0,0,0,0,0,0
48.2,0.811270834458,0.188729165542,1,1.00007810568,0.342097111405,0.0795834136663,0.469173723053,0.109145751876,0.421680525071,0.578319474929,-1.28580479597e-12,0.34538498587,0.119290788465,0.4,1.5,0.05,1,0.000201340026756,0.25,1.11803398875,0,0,0,0,0,0,0,0,0,0
48.25,0.813986181893,0.186013818107,1,1.00007810568,0.343196127891,0.0784278942002,0.470790054002,0.107585923907,0.421624022092,0.578375977908,-1.28998478566e-12,0.3453084568,0.119237930338,0.4,1.5,0.05,1,0.000201340026756,0.25,1.11803398875,0,0,0,0,0,0,0,0,0,0
48.3,0.816970224541,0.183029775459,1,1.00007810568,0.344407114562,0.0771591852401,0.472563109979,0.105870590219,0.421566299802,0.578433700198,-1.29357080603e-12,0.345232583738,0.119185536874,0.4,1.5,0.05,1,0.000201340026756,0.25,1.11803398875,0,0,0,0,0,0,0,0,0,0
48.35,0.820213640668,0.179786359332,1,1.00007810568,0.34572604377,0.0757812644183,0.474487596898,0.104005094914,0.421507308189,0.578492691811,-1.29656285708e-12,0.34515737709,0.119133614959,0.4,1.5,0.05,1,0.000201340026756,0.25,1.11803398875,0,0,0,0,0,0,0,0,0,0
48.4,0.823706298292,0.176293701708,1,1.00007810568,0.347148545611,0.0742984511873,0.476557752681,0.101995250521,0.421446996798,0.578553003202,-1.29881660982e-12,0.345082845289,0.119082170113,0.4,1.5,0.05,1,0.000201340026756,0.25,1.11803398875,0,0,0,0,0,0,0,0,0,0
48.45,0.827437286836,0.172562713164,1,1.00007810568,0.348669921505,0.0727153932503,0.478767365331,0.0998473199138,0.421385314755,0.578614685245,-1.30045973989e-12,0.345008994719,0.119031206437,0.4,1.5,0.05,1,0.000201340026756,0.25,1.11803398875,0,0,0,0,0,0,0,0,0,0
48.5,0.831394951211,0.168605048789,1,1.00007810568,0.35028515883,0.0710370519544,0.481109792381,0.0975679968348,0.421322210784,0.578677789216,-1.30137012277e-12,0.344935829653,0.118980726578,0.4,1.5,0.05,1,0.000201340026756,0.25,1.11803398875,0,0,0,0,0,0,0,0,0,0
48.55,0.835566928223,0.164433071777,1,1.00007810568,0.351988946535,0.0692686866902,0.483577981688,0.0951643850869,0.421257633225,0.578742366775,-1.30160326961e-12,0.344863352212,0.118930731699,0.4,1.5,0.05,1,0.000201340026756,0.25,1.11803398875,0,0,0,0,0,0,0,0,0,0
48.6,0.839940185196,0.160059814804,1,1.00007810568,0.353775691708,0.0674158383476,0.486164493488,0.0926439764566,0.421191530056,0.578808469944,-1.30115362929e-12,0.344791562346,0.118881221465,0.4,1.5,0.05,1,0.000201340026756,0.25,1.11803398875,0,0,0,0,0,0,0,0,0,0
48.65,0.844501060683,0.155498939317,1,1.00007810568,0.355639537037,0.0654843118774,0.488861523645,0.0900146274398,0.421123848915,0.578876151085,-1.29997124176e-12,0.344720457828,0.118832194045,0.4,1.5,0.05,1,0.000201340026756,0.25,1.11803398875,0,0,0,0,0,0,0,0,0,0
48.7,0.849235307143,0.150764692857,1,1.00007810568,0.357574379106,0.0634801580152,0.491660928037,0.087284534842,0.421054537121,0.578945462879,-1.29812272043e-12,0.344650034266,0.118783646119,0.4,1.5,0.05,1,0.000201340026756,0.25,1.11803398875,0,0,0,0,0,0,0,0,0,0
48.75,0.854128135448,0.145871864552,1,1.00007810568,0.359573887475,0.0614096542232,0.494554247973,0.0844622103291,0.420983541698,0.579016458302,-1.29555810524e-12,0.34458028514,0.118735572907,0.4,1.5,0.05,1,0.000201340026756,0.25,1.11803398875,0,0,0,0,0,0,0,0,0,0
48.8,0.859164261082,0.140835738918,1,1.00007810568,0.361631524484,0.0592792849092,0.497532736598,0.0815564540088,0.420910809393,0.579089190607,-1.29232735624e-12,0.344511201845,0.118687968197,0.4,1.5,0.05,1,0.000201340026756,0.25,1.11803398875,0,0,0,0,0,0,0,0,0,0
48.85,0.864327951889,0.135672048111,1,1.00007810568,0.363740565719,0.0570957209861,0.50058738617,0.0785763271247,0.420836286705,0.579163713295,-1.28848598457e-12,0.344442773755,0.118640824392,0.4,1.5,0.05,1,0.000201340026756,0.25,1.11803398875,0,0,0,0,0,0,0,0,0,0
48.9,0.869603077217,0.130396922783,1,1.00007810568,0.365894121069,0.0548657988349,0.503708956148,0.0755311239481,0.420759919904,0.579240080096,-1.28397292798e-12,0.344374988294,0.118594132563,0.4,1.5,0.05,1,0.000201340026756,0.25,1.11803398875,0,0,0,0,0,0,0,0,0,0
48.95,0.874973158307,0.125026841693,1,1.00007810568,0.368085156315,0.0525964987379,0.506888001992,0.072430342955,0.420681655053,0.579318344947,-1.27889920876e-12,0.344307831027,0.118547882506,0.4,1.5,0.05,1,0.000201340026756,0.25,1.11803398875,0,0,0,0,0,0,0,0,0,0
49,0.880421419772,0.119578580228,1,1.00007810568,0.370306515185,0.0502949228496,0.510114904588,0.0692836573779,0.420601438034,0.579398561966,-1.27330368471e-12,0.344241285748,0.118502062814,0.4,1.5,0.05,1,0.000201340026756,0.25,1.11803398875,0,0,0,0,0,0,0,0,0,0
49.05,0.885930842002,0.114069157998,1,1.00007810568,0.372550941791,0.0479682727748,0.51337990021,0.0661008852236,0.420519214566,0.579480785434,-1.26714194693e-12,0.34417533459,0.11845666094,0.4,1.5,0.05,1,0.000201340026756,0.25,1.11803398875,0,0,0,0,0,0,0,0,0,0
49.1,0.891484214325,0.108515785675,1,1.00007810568,0.374811103405,0.0456238268252,0.516673110921,0.0628919588495,0.42043493023,0.57956506977,-1.26054167104e-12,0.34410995813,0.118411663284,0.4,1.5,0.05,1,0.000201340026756,0.25,1.11803398875,0,0,0,0,0,0,0,0,0,0
49.15,0.89706418878,0.10293581122,1,1.00007810568,0.377079613461,0.0432689170261,0.519984575319,0.0596668941938,0.420348530488,0.579651469512,-1.25349730595e-12,0.344045135505,0.118367055265,0.4,1.5,0.05,1,0.000201340026756,0.25,1.11803398875,0,0,0,0,0,0,0,0,0,0
49.2,0.902653334302,0.0973466656985,1,1.00007810568,0.379349054758,0.0409109059453,0.523304279543,0.0564357597532,0.420259960704,0.579740039296,-1.24601995388e-12,0.343980844537,0.118322821408,0.4,1.5,0.05,1,0.000201340026756,0.25,1.11803398875,0,0,0,0,0,0,0,0,0,0
49.25,0.908234191176,0.0917658088243,1,1.00007810568,0.381612002745,0.0385571634192,0.526622188431,0.0532086454051,0.420169166164,0.579830833836,-1.23817622821e-12,0.343917061851,0.118278945432,0.4,1.5,0.05,1,0.000201340026756,0.25,1.11803398875,0,0,0,0,0,0,0,0,0,0
49.3,0.913789325582,0.0862106744184,1,1.00007810568,0.383861048848,0.0362150432485,0.529928276734,0.0499956311699,0.420076092096,0.579923907904,-1.23001608898e-12,0.343853763007,0.118235410334,0.4,1.5,0.05,1,0.000201340026756,0.25,1.11803398875,0,0,0,0,0,0,0,0,0,0
49.35,0.919301384051,0.0806986159487,1,1.00007810568,0.386088823747,0.0338918599392,0.533212560305,0.0468067560095,0.419980683686,0.580019316314,-1.22166166072e-12,0.343790922631,0.118192198483,0.4,1.5,0.05,1,0.000201340026756,0.25,1.11803398875,0,0,0,0,0,0,0,0,0,0
49.4,0.92475314768,0.0752468523197,1,1.00007810568,0.388288020534,0.0315948655608,0.536465127146,0.0436519867589,0.419882886095,0.580117113905,-1.21304633005e-12,0.343728514547,0.118149291713,0.4,1.5,0.05,1,0.000201340026756,0.25,1.11803398875,0,0,0,0,0,0,0,0,0,0
49.45,0.930127585917,0.0698724140831,1,1.00007810568,0.39045141768,0.0293312267977,0.539676168236,0.0405411872855,0.419782644478,0.580217355522,-1.20435328377e-12,0.343666511921,0.118106671416,0.4,1.5,0.05,1,0.000201340026756,0.25,1.11803398875,0,0,0,0,0,0,0,0,0,0
49.5,0.935407909763,0.0645920902372,1,1.00007810568,0.392571901731,0.027108002266,0.542836008032,0.0374840879712,0.419679903997,0.580320096003,-1.19547705069e-12,0.3436048874,0.118064318645,0.4,1.5,0.05,1,0.000201340026756,0.25,1.11803398875,0,0,0,0,0,0,0,0,0,0
49.55,0.94057762422,0.0594223757796,1,1.00007810568,0.394642489666,0.0249321201678,0.545935134554,0.0344902556118,0.419574609834,0.580425390166,-1.18658416426e-12,0.343543613259,0.118022214211,0.4,1.5,0.05,1,0.000201340026756,0.25,1.11803398875,0,0,0,0,0,0,0,0,0,0
49.6,0.94562057982,0.0543794201798,1,1.00007810567,0.396656350851,0.0228103563557,0.548964228969,0.0315690638241,0.419466707207,0.580533292793,-1.1776801756e-12,0.343482661553,0.117980338788,0.4,1.5,0.05,1,0.000201340026756,0.25,1.11803398875,0,0,0,0,0,0,0,0,0,0
49.65,0.95052102307,0.0494789769302,1,1.00007810567,0.398606828502,0.0207493128761,0.551914194568,0.028729664054,0.419356141378,0.580643858622,-1.16880949363e-12,0.343422004275,0.11793867302,0.4,1.5,0.05,1,0.000201340026756,0.25,1.11803398875,0,0,0,0,0,0,0,0,0,0
49.7,0.955263645666,0.0447363543343,1,1.00007810567,0.400487460605,0.0187553970624,0.554776185061,0.0259809572719,0.419242857667,0.580757142333,-1.16012199847e-12,0.343361613511,0.117897197633,0.4,1.5,0.05,1,0.000201340026756,0.25,1.11803398875,0,0,0,0,0,0,0,0,0,0
49.75,0.959833632314,0.040166367686,1,1.00007810567,0.402292000217,0.0168348012424,0.557541632097,0.0233315664436,0.419126801459,0.580873198541,-1.15157883229e-12,0.343301461609,0.117855893543,0.4,1.5,0.05,1,0.000201340026756,0.25,1.11803398875,0,0,0,0,0,0,0,0,0,0
49.8,0.964216707012,0.0357832929884,1,1.00007810567,0.404014435084,0.014993483128,0.560202271928,0.0207898098604,0.419007918212,0.580992081788,-1.14325215961e-12,0.343241521344,0.117814741974,0.4,1.5,0.05,1,0.000201340026756,0.25,1.11803398875,0,0,0,0,0,0,0,0,0,0
49.85,0.968399177642,0.0316008223576,1,1.00007810567,0.405649006516,0.013237146948,0.562750171126,0.0183636754096,0.418886153464,0.581113846536,-1.13519194045e-12,0.343181766086,0.117773724574,0.4,1.5,0.05,1,0.000201340026756,0.25,1.11803398875,0,0,0,0,0,0,0,0,0,0
49.9,0.972367978749,0.0276320212507,1,1.00007810567,0.407190227454,0.0115712253863,0.565177751296,0.0160607958643,0.41876145284,0.58123854716,-1.12753695269e-12,0.343122169975,0.117732823528,0.4,1.5,0.05,1,0.000201340026756,0.25,1.11803398875,0,0,0,0,0,0,0,0,0,0
49.95,0.976110712349,0.0238892876505,1,1.00007810567,0.408632899671,0.0100008623826,0.567477812679,0.0138884252679,0.418633762053,0.581366237947,-1.12023723631e-12,0.343062708087,0.11769202168,0.4,1.5,0.05,1,0.000201340026756,0.25,1.11803398875,0,0,0,0,0,0,0,0,0,0
50,0.979615686663,0.0203843133368,1,1.00007810567,0.409972130059,0.00853089685176,0.569643556605,0.011853416485,0.41850302691,0.58149697309,-1.11336495578e-12,0.343003356608,0.117651302644,0.4,1.5,0.05,1,0.000201340026756,0.25,1.11803398875,0,0,0,0,0,0,0,0,0,0
