x,V11,V22,V12
-12.0,74.1,73.9,-24.0
-11.99,73.98004999999999,73.78005,-23.98
-11.98,73.8602,73.66020000000002,-23.96
-11.97,73.74045,73.54045,-23.94
-11.96,73.6208,73.42080000000001,-23.92
-11.95,73.50124999999998,73.30125,-23.9
-11.94,73.38179999999998,73.1818,-23.88
-11.93,73.26244999999999,73.06245,-23.86
-11.92,73.1432,72.9432,-23.84
-11.91,73.02405,72.82405000000001,-23.82
-11.9,72.905,72.70500000000001,-23.8
-11.89,72.78605,72.58605000000001,-23.78
-11.88,72.66720000000001,72.46720000000002,-23.76
-11.87,72.54844999999999,72.34845,-23.74
-11.86,72.42979999999999,72.2298,-23.72
-11.85,72.31124999999999,72.11125,-23.7
-11.84,72.19279999999999,71.9928,-23.68
-11.83,72.07445,71.87445000000001,-23.66
-11.82,71.9562,71.7562,-23.64
-11.81,71.83805,71.63805,-23.62
-11.8,71.72,71.52000000000001,-23.6
-11.79,71.60204999999999,71.40205,-23.58
-11.78,71.48419999999999,71.2842,-23.56
-11.77,71.36644999999999,71.16645,-23.54
-11.76,71.24879999999999,71.0488,-23.52
-11.75,71.13125,70.93125,-23.5
-11.74,71.0138,70.81380000000001,-23.48
-11.73,70.89645,70.69645000000001,-23.46
-11.72,70.7792,70.57920000000001,-23.44
-11.71,70.66205000000001,70.46205000000002,-23.42
-11.7,70.54499999999999,70.345,-23.4
-11.69,70.42804999999998,70.22805,-23.38
-11.68,70.31119999999999,70.1112,-23.36
-11.67,70.19444999999999,69.99445,-23.34
-11.66,70.0778,69.87780000000001,-23.32
-11.65,69.96124999999999,69.76125,-23.3
-11.64,69.8448,69.64480000000002,-23.28
-11.63,69.72845000000001,69.52845000000002,-23.26
-11.62,69.61219999999999,69.4122,-23.24
-11.61,69.49604999999998,69.29605,-23.22
-11.6,69.38,69.18,-23.2
-11.59,69.26405,69.06405000000001,-23.18
-11.58,69.14819999999999,68.9482,-23.16
-11.57,69.03245,68.83245000000001,-23.14
-11.56,68.9168,68.7168,-23.12
-11.55,68.80125,68.60125000000001,-23.1
-11.54,68.68579999999999,68.4858,-23.08
-11.53,68.57045,68.37045,-23.06
-11.52,68.45519999999999,68.2552,-23.04
-11.51,68.34004999999999,68.14005,-23.02
-11.5,68.225,68.025,-23.0
-11.49,68.11005,67.91005000000001,-22.98
-11.48,67.9952,67.79520000000001,-22.96
-11.47,67.88045,67.68045000000001,-22.94
-11.46,67.7658,67.56580000000001,-22.92
-11.45,67.65124999999999,67.45125,-22.9
-11.44,67.53679999999999,67.3368,-22.88
-11.43,67.42245,67.22245000000001,-22.86
-11.42,67.3082,67.10820000000001,-22.84
-11.41,67.19404999999999,66.99405,-22.82
-11.4,67.08,66.88000000000001,-22.8
-11.39,66.96605,66.76605,-22.78
-11.38,66.8522,66.65220000000001,-22.76
-11.37,66.73844999999999,66.53845,-22.74
-11.36,66.6248,66.4248,-22.72
-11.35,66.51124999999999,66.31125,-22.7
-11.34,66.39779999999999,66.1978,-22.68
-11.33,66.28444999999999,66.08445,-22.66
-11.32,66.1712,65.97120000000001,-22.64
-11.31,66.05805000000001,65.85805000000002,-22.62
-11.3,65.945,65.745,-22.6
-11.29,65.83204999999998,65.63204999999999,-22.58
-11.28,65.71919999999999,65.5192,-22.56
-11.27,65.60645,65.40645,-22.54
-11.26,65.4938,65.2938,-22.52
-11.25,65.38125,65.18125,-22.5
-11.24,65.2688,65.06880000000001,-22.48
-11.23,65.15645,64.95645000000002,-22.46
-11.22,65.0442,64.84420000000001,-22.44
-11.21,64.93205,64.73205000000002,-22.42
-11.2,64.82,64.62,-22.4
-11.19,64.70804999999999,64.50805,-22.38
-11.18,64.59619999999998,64.3962,-22.36
-11.17,64.48445,64.28445,-22.34
-11.16,64.3728,64.17280000000001,-22.32
-11.15,64.26124999999999,64.06125,-22.3
-11.14,64.1498,63.9498,-22.28
-11.13,64.03845000000001,63.83845000000001,-22.26
-11.12,63.92719999999999,63.72719999999999,-22.24
-11.11,63.81605,63.616049999999994,-22.22
-11.1,63.705,63.504999999999995,-22.2
-11.09,63.59405,63.39405,-22.18
-11.08,63.483200000000004,63.2832,-22.16
-11.07,63.37245000000001,63.172450000000005,-22.14
-11.06,63.26180000000001,63.061800000000005,-22.12
-11.05,63.15125000000001,62.95125000000001,-22.1
-11.04,63.04079999999999,62.84079999999999,-22.08
-11.03,62.93044999999999,62.73044999999999,-22.06
-11.02,62.8202,62.6202,-22.04
-11.01,62.71005,62.51005,-22.02
-11.0,62.6,62.4,-22.0
-10.99,62.490050000000004,62.29005,-21.98
-10.98,62.38020000000001,62.180200000000006,-21.96
-10.97,62.27045000000001,62.07045000000001,-21.94
-10.96,62.16080000000001,61.960800000000006,-21.92
-10.95,62.051249999999996,61.85124999999999,-21.9
-10.94,61.94179999999999,61.74179999999999,-21.88
-10.93,61.83245,61.63245,-21.86
-10.92,61.7232,61.523199999999996,-21.84
-10.91,61.614050000000006,61.41405,-21.82
-10.9,61.505,61.305,-21.8
-10.89,61.39605000000001,61.19605000000001,-21.78
-10.879999999999999,61.28719999999999,61.08719999999999,-21.759999999999998
-10.87,61.17844999999999,60.97844999999999,-21.74
-10.86,61.069799999999994,60.86979999999999,-21.72
-10.85,60.96125,60.76125,-21.7
-10.84,60.8528,60.6528,-21.68
-10.83,60.74445,60.54445,-21.66
-10.82,60.6362,60.4362,-21.64
-10.81,60.52805000000001,60.328050000000005,-21.62
-10.8,60.42000000000001,60.220000000000006,-21.6
-10.79,60.31204999999999,60.11204999999999,-21.58
-10.78,60.20419999999999,60.00419999999999,-21.56
-10.77,60.09645,59.896449999999994,-21.54
-10.76,59.9888,59.788799999999995,-21.52
-10.75,59.88125,59.68125,-21.5
-10.74,59.7738,59.5738,-21.48
-10.73,59.666450000000005,59.46645,-21.46
-10.72,59.55920000000001,59.35920000000001,-21.44
-10.71,59.452050000000014,59.25205000000001,-21.42
-10.7,59.34499999999999,59.14499999999999,-21.4
-10.69,59.238049999999994,59.03804999999999,-21.38
-10.68,59.1312,58.9312,-21.36
-10.67,59.02445,58.82445,-21.34
-10.66,58.9178,58.7178,-21.32
-10.65,58.81125000000001,58.611250000000005,-21.3
-10.64,58.704800000000006,58.5048,-21.28
-10.629999999999999,58.59844999999999,58.39844999999999,-21.259999999999998
-10.62,58.49219999999999,58.29219999999999,-21.24
-10.61,58.38605,58.186049999999994,-21.22
-10.6,58.28,58.08,-21.2
-10.59,58.17405,57.97405,-21.18
-10.58,58.068200000000004,57.8682,-21.16
-10.57,57.962450000000004,57.76245,-21.14
-10.56,57.85680000000001,57.656800000000004,-21.12
-10.55,57.751250000000006,57.55125,-21.1
-10.54,57.645799999999994,57.44579999999999,-21.08
-10.53,57.54044999999999,57.34044999999999,-21.06
-10.52,57.435199999999995,57.23519999999999,-21.04
-10.51,57.33005,57.13005,-21.02
-10.5,57.225,57.025,-21.0
-10.49,57.120050000000006,56.92005,-20.98
-10.48,57.01520000000001,56.815200000000004,-20.96
-10.47,56.91045000000001,56.71045000000001,-20.94
-10.46,56.80580000000001,56.60580000000001,-20.92
-10.45,56.701249999999995,56.50124999999999,-20.9
-10.44,56.596799999999995,56.39679999999999,-20.88
-10.43,56.49245,56.292449999999995,-20.86
-10.42,56.3882,56.188199999999995,-20.84
-10.41,56.28405,56.08405,-20.82
-10.4,56.18000000000001,55.980000000000004,-20.8
-10.39,56.07605000000001,55.876050000000006,-20.78
-10.379999999999999,55.972199999999994,55.77219999999999,-20.759999999999998
-10.37,55.868449999999996,55.66844999999999,-20.74
-10.36,55.764799999999994,55.56479999999999,-20.72
-10.35,55.661249999999995,55.46124999999999,-20.7
-10.34,55.5578,55.3578,-20.68
-10.33,55.45445,55.25445,-20.66
-10.32,55.351200000000006,55.1512,-20.64
-10.31,55.248050000000006,55.04805,-20.62
-10.3,55.14500000000001,54.94500000000001,-20.6
-10.29,55.042049999999996,54.84204999999999,-20.58
-10.28,54.93919999999999,54.73919999999999,-20.56
-10.27,54.83645,54.636449999999996,-20.54
-10.26,54.7338,54.5338,-20.52
-10.25,54.63125,54.43125,-20.5
-10.24,54.528800000000004,54.3288,-20.48
-10.23,54.42645,54.22645,-20.46
-10.22,54.324200000000005,54.1242,-20.44
-10.21,54.22205000000001,54.02205000000001,-20.42
-10.2,54.12,53.919999999999995,-20.4
-10.19,54.018049999999995,53.81804999999999,-20.38
-10.18,53.916199999999996,53.71619999999999,-20.36
-10.17,53.81445,53.61445,-20.34
-10.16,53.7128,53.5128,-20.32
-10.15,53.611250000000005,53.41125,-20.3
-10.14,53.509800000000006,53.3098,-20.28
-10.129999999999999,53.408449999999995,53.20844999999999,-20.259999999999998
-10.12,53.307199999999995,53.10719999999999,-20.24
-10.11,53.20605,53.006049999999995,-20.22
-10.1,53.105,52.904999999999994,-20.2
-10.09,53.00405,52.80405,-20.18
-10.08,52.903200000000005,52.7032,-20.16
-10.07,52.80245000000001,52.602450000000005,-20.14
-10.06,52.701800000000006,52.5018,-20.12
-10.05,52.60125000000001,52.401250000000005,-20.1
-10.04,52.50079999999999,52.30079999999999,-20.08
-10.03,52.40044999999999,52.20044999999999,-20.06
-10.02,52.3002,52.100199999999994,-20.04
-10.01,52.20005,52.000049999999995,-20.02
-10.0,52.1,51.9,-20.0
-9.99,52.00005,51.80005,-19.98
-9.98,51.900200000000005,51.7002,-19.96
-9.969999999999999,51.80044999999999,51.60044999999999,-19.939999999999998
-9.96,51.70080000000001,51.500800000000005,-19.92
-9.95,51.60124999999999,51.40124999999999,-19.9
-9.94,51.501799999999996,51.30179999999999,-19.88
-9.93,51.40245,51.20245,-19.86
-9.92,51.303200000000004,51.1032,-19.84
-9.91,51.20405,51.00405,-19.82
-9.9,51.105000000000004,50.905,-19.8
-9.89,51.00605000000001,50.806050000000006,-19.78
-9.879999999999999,50.90719999999999,50.707199999999986,-19.759999999999998
-9.870000000000001,50.808450000000015,50.60845000000001,-19.740000000000002
-9.86,50.709799999999994,50.50979999999999,-19.72
-9.85,50.61125,50.411249999999995,-19.7
-9.84,50.5128,50.312799999999996,-19.68
-9.83,50.41445,50.21445,-19.66
-9.82,50.3162,50.1162,-19.64
-9.81,50.218050000000005,50.01805,-19.62
-9.8,50.12000000000001,49.92000000000001,-19.6
-9.79,50.02204999999999,49.82204999999999,-19.58
-9.78,49.92419999999999,49.72419999999999,-19.56
-9.77,49.826449999999994,49.62644999999999,-19.54
-9.76,49.7288,49.5288,-19.52
-9.75,49.63125,49.43125,-19.5
-9.74,49.53380000000001,49.333800000000004,-19.48
-9.73,49.43645000000001,49.236450000000005,-19.46
-9.719999999999999,49.33919999999999,49.13919999999999,-19.439999999999998
-9.71,49.24205000000001,49.04205000000001,-19.42
-9.7,49.144999999999996,48.94499999999999,-19.4
-9.69,49.048049999999996,48.84804999999999,-19.38
-9.68,48.9512,48.7512,-19.36
-9.67,48.85445,48.65445,-19.34
-9.66,48.7578,48.5578,-19.32
-9.65,48.66125,48.46125,-19.3
-9.64,48.564800000000005,48.3648,-19.28
-9.629999999999999,48.46844999999999,48.26844999999999,-19.259999999999998
-9.620000000000001,48.372200000000014,48.17220000000001,-19.240000000000002
-9.61,48.27605,48.076049999999995,-19.22
-9.6,48.18,47.98,-19.2
-9.59,48.08405,47.884049999999995,-19.18
-9.58,47.9882,47.788199999999996,-19.16
-9.57,47.892450000000004,47.69245,-19.14
-9.56,47.796800000000005,47.5968,-19.12
-9.55,47.70125000000001,47.501250000000006,-19.1
-9.54,47.605799999999995,47.40579999999999,-19.08
-9.53,47.51045,47.310449999999996,-19.06
-9.52,47.4152,47.215199999999996,-19.04
-9.51,47.32005,47.12005,-19.02
-9.5,47.225,47.025,-19.0
-9.49,47.130050000000004,46.93005,-18.98
-9.48,47.0352,46.8352,-18.96
-9.469999999999999,46.94044999999999,46.74044999999999,-18.939999999999998
-9.46,46.84580000000001,46.64580000000001,-18.92
-9.45,46.75124999999999,46.55124999999999,-18.9
-9.44,46.6568,46.456799999999994,-18.88
-9.43,46.56245,46.362449999999995,-18.86
-9.42,46.4682,46.2682,-18.84
-9.41,46.374050000000004,46.17405,-18.82
-9.4,46.28000000000001,46.080000000000005,-18.8
-9.39,46.18605000000001,45.986050000000006,-18.78
-9.379999999999999,46.09219999999999,45.89219999999999,-18.759999999999998
-9.370000000000001,45.99845000000001,45.79845000000001,-18.740000000000002
-9.36,45.904799999999994,45.70479999999999,-18.72
-9.35,45.81125,45.61125,-18.7
-9.34,45.7178,45.517799999999994,-18.68
-9.33,45.62445,45.42445,-18.66
-9.32,45.531200000000005,45.3312,-18.64
-9.31,45.438050000000004,45.23805,-18.62
-9.3,45.345000000000006,45.145,-18.6
-9.29,45.25205,45.052049999999994,-18.58
-9.28,45.1592,44.959199999999996,-18.56
-9.27,45.066449999999996,44.86644999999999,-18.54
-9.26,44.9738,44.773799999999994,-18.52
-9.25,44.88125,44.68125,-18.5
-9.24,44.7888,44.5888,-18.48
-9.23,44.696450000000006,44.49645,-18.46
-9.219999999999999,44.60419999999999,44.40419999999999,-18.439999999999998
-9.21,44.51205000000001,44.312050000000006,-18.42
-9.2,44.419999999999995,44.21999999999999,-18.4
-9.19,44.32805,44.128049999999995,-18.38
-9.18,44.2362,44.036199999999994,-18.36
-9.17,44.14445,43.944449999999996,-18.34
-9.16,44.052800000000005,43.8528,-18.32
-9.15,43.96125000000001,43.761250000000004,-18.3
-9.14,43.869800000000005,43.6698,-18.28
-9.129999999999999,43.77844999999999,43.57844999999999,-18.259999999999998
-9.120000000000001,43.68720000000001,43.48720000000001,-18.240000000000002
-9.11,43.59605,43.396049999999995,-18.22
-9.1,43.504999999999995,43.30499999999999,-18.2
-9.09,43.41405,43.21405,-18.18
-9.08,43.3232,43.1232,-18.16
-9.07,43.23245000000001,43.032450000000004,-18.14
-9.06,43.1418,42.9418,-18.12
-9.05,43.05125000000001,42.85125000000001,-18.1
-9.04,42.96079999999999,42.76079999999999,-18.08
-9.03,42.87045,42.670449999999995,-18.06
-9.02,42.7802,42.5802,-18.04
-9.01,42.69005,42.49005,-18.02
-9.0,42.6,42.4,-18.0
-8.99,42.51005000000001,42.310050000000004,-17.98
-8.98,42.42020000000001,42.220200000000006,-17.96
-8.969999999999999,42.33044999999999,42.13044999999999,-17.939999999999998
-8.96,42.24080000000001,42.040800000000004,-17.92
-8.95,42.15125,41.951249999999995,-17.9
-8.94,42.0618,41.861799999999995,-17.88
-8.93,41.97245,41.77245,-17.86
-8.92,41.8832,41.6832,-17.84
-8.91,41.794050000000006,41.59405,-17.82
-8.9,41.705000000000005,41.505,-17.8
-8.89,41.61605000000001,41.416050000000006,-17.78
-8.879999999999999,41.52719999999999,41.32719999999999,-17.759999999999998
-8.870000000000001,41.43845000000001,41.23845000000001,-17.740000000000002
-8.86,41.349799999999995,41.14979999999999,-17.72
-8.85,41.26125,41.061249999999994,-17.7
-8.84,41.1728,40.9728,-17.68
-8.83,41.084450000000004,40.88445,-17.66
-8.82,40.9962,40.7962,-17.64
-8.81,40.90805,40.70805,-17.62
-8.8,40.82000000000001,40.620000000000005,-17.6
-8.79,40.732049999999994,40.53204999999999,-17.58
-8.78,40.6442,40.444199999999995,-17.56
-8.77,40.55645,40.356449999999995,-17.54
-8.76,40.4688,40.2688,-17.52
-8.75,40.38125,40.18125,-17.5
-8.74,40.293800000000005,40.0938,-17.48
-8.73,40.206450000000004,40.00645,-17.46
-8.719999999999999,40.11919999999999,39.91919999999999,-17.439999999999998
-8.71,40.03205000000001,39.83205000000001,-17.42
-8.7,39.94499999999999,39.74499999999999,-17.4
-8.69,39.85805,39.658049999999996,-17.38
-8.68,39.7712,39.5712,-17.36
-8.67,39.68445,39.484449999999995,-17.34
-8.66,39.5978,39.3978,-17.32
-8.65,39.511250000000004,39.31125,-17.3
-8.64,39.424800000000005,39.2248,-17.28
-8.629999999999999,39.338449999999995,39.13844999999999,-17.259999999999998
-8.620000000000001,39.25220000000001,39.052200000000006,-17.240000000000002
-8.61,39.16605,38.966049999999996,-17.22
-8.6,39.08,38.879999999999995,-17.2
-8.59,38.99405,38.79405,-17.18
-8.58,38.9082,38.7082,-17.16
-8.57,38.82245,38.62245,-17.14
-8.56,38.7368,38.5368,-17.12
-8.55,38.651250000000005,38.45125,-17.1
-8.54,38.565799999999996,38.36579999999999,-17.08
-8.53,38.48045,38.280449999999995,-17.06
-8.52,38.395199999999996,38.19519999999999,-17.04
-8.51,38.31005,38.110049999999994,-17.02
-8.5,38.225,38.025,-17.0
-8.49,38.14005,37.94005,-16.98
-8.48,38.055200000000006,37.8552,-16.96
-8.469999999999999,37.97044999999999,37.77044999999999,-16.939999999999998
-8.46,37.88580000000001,37.68580000000001,-16.92
-8.45,37.801249999999996,37.60124999999999,-16.9
-8.44,37.7168,37.516799999999996,-16.88
-8.43,37.63245,37.432449999999996,-16.86
-8.42,37.5482,37.3482,-16.84
-8.41,37.46405,37.26405,-16.82
-8.4,37.38,37.18,-16.8
-8.39,37.29605000000001,37.096050000000005,-16.78
-8.379999999999999,37.212199999999996,37.01219999999999,-16.759999999999998
-8.370000000000001,37.12845000000001,36.928450000000005,-16.740000000000002
-8.36,37.044799999999995,36.84479999999999,-16.72
-8.35,36.96125,36.76125,-16.7
-8.34,36.8778,36.6778,-16.68
-8.33,36.794450000000005,36.59445,-16.66
-8.32,36.711200000000005,36.5112,-16.64
-8.31,36.62805000000001,36.428050000000006,-16.62
-8.3,36.54500000000001,36.345000000000006,-16.6
-8.29,36.46205,36.262049999999995,-16.58
-8.28,36.3792,36.179199999999994,-16.56
-8.27,36.29645,36.09645,-16.54
-8.26,36.2138,36.013799999999996,-16.52
-8.25,36.13125,35.93125,-16.5
-8.24,36.0488,35.8488,-16.48
-8.23,35.96645,35.76645,-16.46
-8.219999999999999,35.88419999999999,35.68419999999999,-16.439999999999998
-8.21,35.80205000000001,35.602050000000006,-16.42
-8.2,35.72,35.519999999999996,-16.4
-8.19,35.63805,35.43805,-16.38
-8.18,35.5562,35.356199999999994,-16.36
-8.17,35.47445,35.274449999999995,-16.34
-8.16,35.3928,35.1928,-16.32
-8.15,35.31125,35.11125,-16.3
-8.14,35.229800000000004,35.0298,-16.28
-8.129999999999999,35.14845,34.948449999999994,-16.259999999999998
-8.120000000000001,35.06720000000001,34.867200000000004,-16.240000000000002
-8.11,34.98605,34.786049999999996,-16.22
-8.1,34.905,34.705,-16.2
-8.09,34.82405,34.62405,-16.18
-8.08,34.7432,34.5432,-16.16
-8.07,34.66245000000001,34.462450000000004,-16.14
-8.06,34.58180000000001,34.381800000000005,-16.12
-8.05,34.501250000000006,34.30125,-16.1
-8.04,34.42079999999999,34.22079999999999,-16.08
-8.03,34.34045,34.140449999999994,-16.06
-8.02,34.2602,34.060199999999995,-16.04
-8.01,34.18005,33.98005,-16.02
-8.0,34.1,33.9,-16.0
-7.99,34.020050000000005,33.82005,-15.98
-7.9799999999999995,33.9402,33.740199999999994,-15.959999999999999
-7.97,33.86045,33.66045,-15.94
-7.96,33.780800000000006,33.5808,-15.92
-7.95,33.70125,33.50125,-15.9
-7.9399999999999995,33.6218,33.4218,-15.879999999999999
-7.93,33.542449999999995,33.34244999999999,-15.86
-7.92,33.4632,33.2632,-15.84
-7.91,33.38405,33.18405,-15.82
-7.9,33.305,33.105,-15.8
-7.89,33.226049999999994,33.02604999999999,-15.78
-7.88,33.147200000000005,32.9472,-15.76
-7.87,33.068450000000006,32.86845,-15.74
-7.86,32.9898,32.7898,-15.72
-7.85,32.91125,32.71125,-15.7
-7.84,32.8328,32.632799999999996,-15.68
-7.83,32.75445,32.554449999999996,-15.66
-7.82,32.6762,32.4762,-15.64
-7.81,32.59804999999999,32.39804999999999,-15.62
-7.8,32.52,32.32,-15.6
-7.79,32.44205,32.24205,-15.58
-7.78,32.364200000000004,32.1642,-15.56
-7.77,32.286449999999995,32.08644999999999,-15.54
-7.76,32.208800000000004,32.0088,-15.52
-7.75,32.13125,31.93125,-15.5
-7.74,32.0538,31.8538,-15.48
-7.7299999999999995,31.976449999999996,31.776449999999993,-15.459999999999999
-7.72,31.8992,31.699199999999998,-15.44
-7.71,31.82205,31.622049999999998,-15.42
-7.7,31.745000000000005,31.545,-15.4
-7.6899999999999995,31.668049999999997,31.468049999999995,-15.379999999999999
-7.68,31.5912,31.391199999999998,-15.36
-7.67,31.51445,31.314449999999997,-15.34
-7.66,31.437800000000003,31.2378,-15.32
-7.6499999999999995,31.36125,31.161249999999995,-15.299999999999999
-7.64,31.2848,31.084799999999998,-15.28
-7.63,31.20845,31.008449999999996,-15.26
-7.62,31.1322,30.932199999999998,-15.24
-7.61,31.056050000000003,30.85605,-15.22
-7.6,30.98,30.779999999999998,-15.2
-7.59,30.90405,30.70405,-15.18
-7.58,30.828200000000002,30.6282,-15.16
-7.57,30.752450000000003,30.55245,-15.14
-7.56,30.6768,30.476799999999997,-15.12
-7.55,30.60125,30.401249999999997,-15.1
-7.54,30.5258,30.325799999999997,-15.08
-7.53,30.450450000000004,30.25045,-15.06
-7.52,30.3752,30.175199999999997,-15.04
-7.51,30.30005,30.100049999999996,-15.02
-7.5,30.225,30.025,-15.0
-7.49,30.150050000000004,29.95005,-14.98
-7.4799999999999995,30.0752,29.875199999999996,-14.959999999999999
-7.47,30.00045,29.800449999999998,-14.94
-7.46,29.925800000000002,29.7258,-14.92
-7.45,29.851250000000004,29.65125,-14.9
-7.4399999999999995,29.776799999999998,29.576799999999995,-14.879999999999999
-7.43,29.70245,29.502449999999996,-14.86
-7.42,29.6282,29.428199999999997,-14.84
-7.41,29.554050000000004,29.35405,-14.82
-7.3999999999999995,29.479999999999997,29.279999999999994,-14.799999999999999
-7.39,29.40605,29.206049999999998,-14.78
-7.38,29.3322,29.132199999999997,-14.76
-7.37,29.258450000000003,29.05845,-14.74
-7.36,29.184800000000003,28.9848,-14.72
-7.35,29.11125,28.911249999999995,-14.7
-7.34,29.0378,28.837799999999998,-14.68
-7.33,28.964450000000003,28.76445,-14.66
-7.32,28.891200000000005,28.691200000000002,-14.64
-7.31,28.81805,28.618049999999997,-14.62
-7.3,28.745,28.544999999999998,-14.6
-7.29,28.672050000000002,28.47205,-14.58
-7.28,28.599200000000003,28.3992,-14.56
-7.27,28.526449999999997,28.326449999999994,-14.54
-7.26,28.4538,28.2538,-14.52
-7.25,28.38125,28.18125,-14.5
-7.24,28.3088,28.1088,-14.48
-7.2299999999999995,28.236449999999998,28.036449999999995,-14.459999999999999
-7.22,28.1642,27.964199999999998,-14.44
-7.21,28.09205,27.892049999999998,-14.42
-7.2,28.020000000000003,27.82,-14.4
-7.1899999999999995,27.94805,27.748049999999996,-14.379999999999999
-7.18,27.8762,27.676199999999998,-14.36
-7.17,27.80445,27.604449999999996,-14.34
-7.16,27.7328,27.532799999999998,-14.32
-7.1499999999999995,27.66125,27.461249999999996,-14.299999999999999
-7.14,27.5898,27.389799999999997,-14.28
-7.13,27.51845,27.31845,-14.26
-7.12,27.447200000000002,27.2472,-14.24
-7.11,27.376050000000003,27.17605,-14.22
-7.1,27.305,27.104999999999997,-14.2
-7.09,27.23405,27.034049999999997,-14.18
-7.08,27.163200000000003,26.9632,-14.16
-7.07,27.092450000000003,26.89245,-14.14
-7.06,27.0218,26.821799999999996,-14.12
-7.05,26.95125,26.75125,-14.1
-7.04,26.8808,26.680799999999998,-14.08
-7.03,26.810450000000003,26.61045,-14.06
-7.02,26.740199999999998,26.540199999999995,-14.04
-7.01,26.67005,26.470049999999997,-14.02
-7.0,26.6,26.4,-14.0
-6.99,26.530050000000003,26.33005,-13.98
-6.9799999999999995,26.460199999999997,26.260199999999994,-13.959999999999999
-6.97,26.39045,26.19045,-13.94
-6.96,26.320800000000002,26.1208,-13.92
-6.95,26.251250000000002,26.05125,-13.9
-6.9399999999999995,26.1818,25.981799999999996,-13.879999999999999
-6.93,26.11245,25.912449999999996,-13.86
-6.92,26.043200000000002,25.8432,-13.84
-6.91,25.974050000000002,25.77405,-13.82
-6.8999999999999995,25.904999999999998,25.704999999999995,-13.799999999999999
-6.89,25.83605,25.636049999999997,-13.78
-6.88,25.7672,25.567199999999996,-13.76
-6.87,25.69845,25.49845,-13.74
-6.86,25.629800000000003,25.4298,-13.72
-6.85,25.561249999999998,25.361249999999995,-13.7
-6.84,25.4928,25.292799999999996,-13.68
-6.83,25.42445,25.224449999999997,-13.66
-6.82,25.356200000000005,25.156200000000002,-13.64
-6.81,25.28805,25.088049999999996,-13.62
-6.8,25.22,25.019999999999996,-13.6
-6.79,25.152050000000003,24.95205,-13.58
-6.78,25.084200000000003,24.8842,-13.56
-6.77,25.01645,24.816449999999996,-13.54
-6.76,24.9488,24.748799999999996,-13.52
-6.75,24.88125,24.68125,-13.5
-6.74,24.813800000000004,24.6138,-13.48
-6.7299999999999995,24.74645,24.546449999999997,-13.459999999999999
-6.72,24.679199999999998,24.479199999999995,-13.44
-6.71,24.61205,24.412049999999997,-13.42
-6.7,24.545,24.345,-13.4
-6.6899999999999995,24.47805,24.278049999999997,-13.379999999999999
-6.68,24.4112,24.211199999999998,-13.36
-6.67,24.344450000000002,24.14445,-13.34
-6.66,24.277800000000003,24.0778,-13.32
-6.6499999999999995,24.211249999999996,24.011249999999993,-13.299999999999999
-6.64,24.1448,23.944799999999997,-13.28
-6.63,24.07845,23.878449999999997,-13.26
-6.62,24.012200000000004,23.8122,-13.24
-6.61,23.946050000000003,23.74605,-13.22
-6.6,23.88,23.679999999999996,-13.2
-6.59,23.81405,23.61405,-13.18
-6.58,23.7482,23.548199999999998,-13.16
-6.57,23.682450000000003,23.48245,-13.14
-6.56,23.616799999999998,23.416799999999995,-13.12
-6.55,23.55125,23.351249999999997,-13.1
-6.54,23.4858,23.2858,-13.08
-6.53,23.420450000000002,23.22045,-13.06
-6.52,23.3552,23.155199999999997,-13.04
-6.51,23.29005,23.090049999999998,-13.02
-6.5,23.225,23.025,-13.0
-6.49,23.160050000000002,22.96005,-12.98
-6.4799999999999995,23.0952,22.895199999999996,-12.959999999999999
-6.47,23.03045,22.830449999999995,-12.94
-6.46,22.9658,22.7658,-12.92
-6.45,22.90125,22.701249999999998,-12.9
-6.4399999999999995,22.836799999999997,22.636799999999994,-12.879999999999999
-6.43,22.77245,22.572449999999996,-12.86
-6.42,22.7082,22.5082,-12.84
-6.41,22.644050000000004,22.44405,-12.82
-6.3999999999999995,22.58,22.379999999999995,-12.799999999999999
-6.39,22.51605,22.316049999999997,-12.78
-6.38,22.4522,22.2522,-12.76
-6.37,22.388450000000002,22.18845,-12.74
-6.36,22.324800000000003,22.1248,-12.72
-6.35,22.26125,22.061249999999998,-12.7
-6.34,22.1978,21.997799999999998,-12.68
-6.33,22.13445,21.93445,-12.66
-6.32,22.071200000000005,21.8712,-12.64
-6.31,22.008049999999997,21.808049999999994,-12.62
-6.3,21.945,21.744999999999997,-12.6
-6.29,21.882050000000003,21.68205,-12.58
-6.28,21.819200000000002,21.6192,-12.56
-6.27,21.756449999999997,21.556449999999995,-12.54
-6.26,21.6938,21.493799999999997,-12.52
-6.25,21.63125,21.43125,-12.5
-6.24,21.568800000000003,21.3688,-12.48
-6.2299999999999995,21.506449999999997,21.306449999999995,-12.459999999999999
-6.22,21.4442,21.244199999999996,-12.44
-6.21,21.38205,21.182049999999997,-12.42
-6.2,21.320000000000004,21.12,-12.4
-6.1899999999999995,21.258049999999997,21.058049999999994,-12.379999999999999
-6.18,21.1962,20.996199999999998,-12.36
-6.17,21.13445,20.93445,-12.34
-6.16,21.0728,20.872799999999998,-12.32
-6.1499999999999995,21.011249999999997,20.811249999999994,-12.299999999999999
-6.14,20.9498,20.749799999999997,-12.28
-6.13,20.888450000000002,20.68845,-12.26
-6.12,20.8272,20.6272,-12.24
-6.11,20.766050000000003,20.56605,-12.22
-6.1,20.705,20.504999999999995,-12.2
-6.09,20.64405,20.444049999999997,-12.18
-6.08,20.5832,20.3832,-12.16
-6.07,20.522450000000003,20.32245,-12.14
-6.06,20.4618,20.261799999999997,-12.12
-6.05,20.40125,20.201249999999998,-12.1
-6.04,20.3408,20.1408,-12.08
-6.03,20.280450000000002,20.08045,-12.06
-6.02,20.2202,20.020199999999996,-12.04
-6.01,20.160050000000002,19.96005,-12.02
-6.0,20.1,19.9,-12.0
-5.99,20.040050000000004,19.84005,-11.98
-5.9799999999999995,19.9802,19.780199999999997,-11.959999999999999
-5.97,19.92045,19.720449999999996,-11.94
-5.96,19.8608,19.6608,-11.92
-5.95,19.801250000000003,19.60125,-11.9
-5.9399999999999995,19.741799999999998,19.541799999999995,-11.879999999999999
-5.93,19.68245,19.482449999999996,-11.86
-5.92,19.6232,19.423199999999998,-11.84
-5.91,19.56405,19.36405,-11.82
-5.8999999999999995,19.505,19.304999999999996,-11.799999999999999
-5.89,19.44605,19.246049999999997,-11.78
-5.88,19.3872,19.187199999999997,-11.76
-5.87,19.328450000000004,19.12845,-11.74
-5.859999999999999,19.269799999999996,19.069799999999994,-11.719999999999999
-5.85,19.21125,19.011249999999997,-11.7
-5.84,19.1528,18.952799999999996,-11.68
-5.83,19.094450000000002,18.89445,-11.66
-5.82,19.036200000000004,18.8362,-11.64
-5.81,18.97805,18.778049999999997,-11.62
-5.8,18.92,18.72,-11.6
-5.79,18.86205,18.662049999999997,-11.58
-5.78,18.8042,18.6042,-11.56
-5.77,18.74645,18.546449999999997,-11.54
-5.76,18.6888,18.488799999999998,-11.52
-5.75,18.63125,18.43125,-11.5
-5.74,18.573800000000002,18.3738,-11.48
-5.7299999999999995,18.51645,18.316449999999996,-11.459999999999999
-5.72,18.4592,18.259199999999996,-11.44
-5.71,18.402050000000003,18.20205,-11.42
-5.7,18.345000000000002,18.145,-11.4
-5.6899999999999995,18.28805,18.088049999999996,-11.379999999999999
-5.68,18.2312,18.0312,-11.36
-5.67,18.17445,17.974449999999997,-11.34
-5.66,18.117800000000003,17.9178,-11.32
-5.6499999999999995,18.061249999999998,17.861249999999995,-11.299999999999999
-5.64,18.0048,17.804799999999997,-11.28
-5.63,17.94845,17.74845,-11.26
-5.62,17.892200000000003,17.6922,-11.24
-5.609999999999999,17.83605,17.636049999999997,-11.219999999999999
-5.6,17.78,17.58,-11.2
-5.59,17.72405,17.524049999999995,-11.18
-5.58,17.668200000000002,17.4682,-11.16
-5.57,17.612450000000003,17.41245,-11.14
-5.56,17.5568,17.356799999999996,-11.12
-5.55,17.50125,17.301249999999996,-11.1
-5.54,17.445800000000002,17.2458,-11.08
-5.53,17.39045,17.19045,-11.06
-5.52,17.3352,17.135199999999998,-11.04
-5.51,17.280050000000003,17.08005,-11.02
-5.5,17.225,17.025,-11.0
-5.49,17.170050000000003,16.97005,-10.98
-5.4799999999999995,17.1152,16.9152,-10.959999999999999
-5.47,17.06045,16.860449999999997,-10.94
-5.46,17.0058,16.805799999999998,-10.92
-5.45,16.95125,16.75125,-10.9
-5.4399999999999995,16.8968,16.696799999999996,-10.879999999999999
-5.43,16.84245,16.642449999999997,-10.86
-5.42,16.788200000000003,16.5882,-10.84
-5.41,16.734050000000003,16.53405,-10.82
-5.3999999999999995,16.68,16.479999999999997,-10.799999999999999
-5.39,16.62605,16.426049999999996,-10.78
-5.38,16.572200000000002,16.3722,-10.76
-5.37,16.51845,16.31845,-10.74
-5.359999999999999,16.464799999999997,16.264799999999994,-10.719999999999999
-5.35,16.41125,16.211249999999996,-10.7
-5.34,16.3578,16.157799999999998,-10.68
-5.33,16.304450000000003,16.10445,-10.66
-5.32,16.251200000000004,16.0512,-10.64
-5.31,16.19805,15.998049999999997,-10.62
-5.3,16.145000000000003,15.945000000000002,-10.6
-5.29,16.09205,15.892050000000001,-10.58
-5.28,16.0392,15.839200000000002,-10.56
-5.27,15.986449999999998,15.786449999999999,-10.54
-5.26,15.933799999999998,15.733799999999999,-10.52
-5.25,15.88125,15.68125,-10.5
-5.24,15.828800000000001,15.628800000000002,-10.48
-5.2299999999999995,15.776449999999997,15.576449999999998,-10.459999999999999
-5.22,15.724199999999998,15.524199999999999,-10.44
-5.21,15.672049999999999,15.47205,-10.42
-5.2,15.620000000000001,15.420000000000002,-10.4
-5.1899999999999995,15.568049999999998,15.368049999999998,-10.379999999999999
-5.18,15.516199999999998,15.316199999999998,-10.36
-5.17,15.46445,15.26445,-10.34
-5.16,15.4128,15.212800000000001,-10.32
-5.1499999999999995,15.361249999999997,15.161249999999997,-10.299999999999999
-5.14,15.309799999999997,15.109799999999998,-10.28
-5.13,15.25845,15.05845,-10.26
-5.12,15.2072,15.007200000000001,-10.24
-5.109999999999999,15.156049999999997,14.956049999999998,-10.219999999999999
-5.1,15.104999999999999,14.905,-10.2
-5.09,15.054049999999998,14.854049999999999,-10.18
-5.08,15.0032,14.8032,-10.16
-5.07,14.95245,14.752450000000001,-10.14
-5.06,14.901799999999998,14.701799999999999,-10.12
-5.05,14.851249999999999,14.65125,-10.1
-5.04,14.8008,14.600800000000001,-10.08
-5.03,14.75045,14.550450000000001,-10.06
-5.02,14.700199999999997,14.500199999999998,-10.04
-5.01,14.650049999999998,14.45005,-10.02
-5.0,14.6,14.4,-10.0
-4.99,14.55005,14.350050000000001,-9.98
-4.9799999999999995,14.500199999999998,14.300199999999998,-9.959999999999999
-4.97,14.450449999999998,14.250449999999999,-9.94
-4.96,14.4008,14.200800000000001,-9.92
-4.95,14.35125,14.151250000000001,-9.9
-4.9399999999999995,14.301799999999997,14.101799999999997,-9.879999999999999
-4.93,14.252449999999998,14.052449999999999,-9.86
-4.92,14.203199999999999,14.0032,-9.84
-4.91,14.15405,13.95405,-9.82
-4.8999999999999995,14.104999999999997,13.904999999999998,-9.799999999999999
-4.89,14.056049999999997,13.856049999999998,-9.78
-4.88,14.0072,13.8072,-9.76
-4.87,13.958450000000001,13.758450000000002,-9.74
-4.859999999999999,13.909799999999997,13.709799999999998,-9.719999999999999
-4.85,13.861249999999998,13.661249999999999,-9.7
-4.84,13.8128,13.6128,-9.68
-4.83,13.76445,13.56445,-9.66
-4.82,13.7162,13.516200000000001,-9.64
-4.81,13.668049999999997,13.468049999999998,-9.62
-4.8,13.62,13.42,-9.6
-4.79,13.572049999999999,13.37205,-9.58
-4.78,13.5242,13.324200000000001,-9.56
-4.77,13.476449999999998,13.276449999999999,-9.54
-4.76,13.428799999999999,13.2288,-9.52
-4.75,13.38125,13.18125,-9.5
-4.74,13.3338,13.1338,-9.48
-4.7299999999999995,13.286449999999997,13.086449999999997,-9.459999999999999
-4.72,13.239199999999999,13.0392,-9.44
-4.71,13.19205,12.99205,-9.42
-4.7,13.145000000000001,12.945000000000002,-9.4
-4.6899999999999995,13.098049999999997,12.898049999999998,-9.379999999999999
-4.68,13.051199999999998,12.851199999999999,-9.36
-4.67,13.004449999999999,12.80445,-9.34
-4.66,12.9578,12.757800000000001,-9.32
-4.6499999999999995,12.911249999999997,12.711249999999998,-9.299999999999999
-4.64,12.864799999999999,12.6648,-9.28
-4.63,12.818449999999999,12.61845,-9.26
-4.62,12.7722,12.5722,-9.24
-4.609999999999999,12.726049999999997,12.526049999999998,-9.219999999999999
-4.6,12.679999999999998,12.479999999999999,-9.2
-4.59,12.634049999999998,12.43405,-9.18
-4.58,12.5882,12.388200000000001,-9.16
-4.57,12.54245,12.342450000000001,-9.14
-4.56,12.496799999999999,12.2968,-9.12
-4.55,12.451249999999998,12.251249999999999,-9.1
-4.54,12.4058,12.2058,-9.08
-4.53,12.36045,12.16045,-9.06
-4.52,12.315199999999997,12.115199999999998,-9.04
-4.51,12.27005,12.07005,-9.02
-4.5,12.225,12.025,-9.0
-4.49,12.180050000000001,11.980050000000002,-8.98
-4.4799999999999995,12.135199999999998,11.935199999999998,-8.959999999999999
-4.47,12.090449999999999,11.89045,-8.94
-4.46,12.0458,11.8458,-8.92
-4.45,12.00125,11.801250000000001,-8.9
-4.4399999999999995,11.956799999999998,11.756799999999998,-8.879999999999999
-4.43,11.912449999999998,11.712449999999999,-8.86
-4.42,11.8682,11.6682,-8.84
-4.41,11.82405,11.62405,-8.82
-4.3999999999999995,11.779999999999998,11.579999999999998,-8.799999999999999
-4.39,11.736049999999999,11.53605,-8.78
-4.38,11.6922,11.4922,-8.76
-4.37,11.64845,11.448450000000001,-8.74
-4.359999999999999,11.604799999999997,11.404799999999998,-8.719999999999999
-4.35,11.561249999999998,11.361249999999998,-8.7
-4.34,11.5178,11.3178,-8.68
-4.33,11.47445,11.27445,-8.66
-4.32,11.4312,11.231200000000001,-8.64
-4.31,11.388049999999998,11.188049999999999,-8.62
-4.3,11.344999999999999,11.145,-8.6
-4.29,11.30205,11.10205,-8.58
-4.28,11.2592,11.0592,-8.56
-4.27,11.216449999999998,11.016449999999999,-8.54
-4.26,11.173799999999998,10.973799999999999,-8.52
-4.25,11.13125,10.93125,-8.5
-4.24,11.0888,10.888800000000002,-8.48
-4.2299999999999995,11.046449999999998,10.846449999999999,-8.459999999999999
-4.22,11.004199999999999,10.8042,-8.44
-4.21,10.96205,10.76205,-8.42
-4.2,10.92,10.72,-8.4
-4.1899999999999995,10.878049999999998,10.678049999999999,-8.379999999999999
-4.18,10.836199999999998,10.636199999999999,-8.36
-4.17,10.79445,10.59445,-8.34
-4.16,10.7528,10.552800000000001,-8.32
-4.1499999999999995,10.711249999999998,10.511249999999999,-8.299999999999999
-4.14,10.669799999999999,10.4698,-8.28
-4.13,10.628449999999999,10.42845,-8.26
-4.12,10.5872,10.3872,-8.24
-4.109999999999999,10.546049999999997,10.346049999999998,-8.219999999999999
-4.1,10.504999999999999,10.305,-8.2
-4.09,10.464049999999999,10.26405,-8.18
-4.08,10.4232,10.2232,-8.16
-4.069999999999999,10.382449999999997,10.182449999999998,-8.139999999999999
-4.06,10.341799999999997,10.141799999999998,-8.12
-4.05,10.30125,10.10125,-8.1
-4.04,10.2608,10.0608,-8.08
-4.03,10.220450000000001,10.020450000000002,-8.06
-4.02,10.180199999999997,9.980199999999998,-8.04
-4.01,10.140049999999999,9.94005,-8.02
-4.0,10.1,9.9,-8.0
-3.99,10.06005,9.860050000000001,-7.98
-3.9800000000000004,10.0202,9.820200000000002,-7.960000000000001
-3.9700000000000006,9.980450000000003,9.780450000000004,-7.940000000000001
-3.959999999999999,9.940799999999996,9.740799999999997,-7.919999999999998
-3.9499999999999993,9.901249999999996,9.701249999999996,-7.899999999999999
-3.9399999999999995,9.861799999999997,9.661799999999998,-7.879999999999999
-3.9299999999999997,9.822449999999998,9.622449999999999,-7.859999999999999
-3.92,9.783199999999999,9.5832,-7.84
-3.91,9.74405,9.54405,-7.82
-3.9000000000000004,9.705,9.505,-7.800000000000001
-3.8900000000000006,9.666050000000002,9.466050000000003,-7.780000000000001
-3.879999999999999,9.627199999999997,9.427199999999997,-7.759999999999998
-3.869999999999999,9.588449999999996,9.388449999999997,-7.739999999999998
-3.8599999999999994,9.549799999999998,9.349799999999998,-7.719999999999999
-3.8499999999999996,9.511249999999999,9.31125,-7.699999999999999
-3.84,9.4728,9.2728,-7.68
-3.83,9.43445,9.23445,-7.66
-3.8200000000000003,9.3962,9.196200000000001,-7.640000000000001
-3.8100000000000005,9.35805,9.158050000000001,-7.620000000000001
-3.8000000000000007,9.320000000000002,9.120000000000003,-7.600000000000001
-3.789999999999999,9.282049999999996,9.082049999999997,-7.579999999999998
-3.7799999999999994,9.244199999999998,9.044199999999998,-7.559999999999999
-3.7699999999999996,9.206449999999998,9.00645,-7.539999999999999
-3.76,9.1688,8.9688,-7.52
-3.75,9.13125,8.93125,-7.5
-3.74,9.0938,8.8938,-7.48
-3.7300000000000004,9.056450000000002,8.856450000000002,-7.460000000000001
-3.7200000000000006,9.019200000000003,8.819200000000004,-7.440000000000001
-3.709999999999999,8.982049999999996,8.782049999999996,-7.419999999999998
-3.6999999999999993,8.944999999999997,8.744999999999997,-7.399999999999999
-3.6899999999999995,8.908049999999998,8.708049999999998,-7.379999999999999
-3.6799999999999997,8.871199999999998,8.671199999999999,-7.359999999999999
-3.67,8.834449999999999,8.63445,-7.34
-3.66,8.7978,8.597800000000001,-7.32
-3.6500000000000004,8.761250000000002,8.561250000000003,-7.300000000000001
-3.6400000000000006,8.724800000000002,8.524800000000003,-7.280000000000001
-3.629999999999999,8.688449999999996,8.488449999999997,-7.259999999999998
-3.619999999999999,8.652199999999997,8.452199999999998,-7.239999999999998
-3.6099999999999994,8.616049999999998,8.416049999999998,-7.219999999999999
-3.5999999999999996,8.579999999999998,8.379999999999999,-7.199999999999999
-3.59,8.54405,8.344050000000001,-7.18
-3.58,8.5082,8.308200000000001,-7.16
-3.5700000000000003,8.47245,8.272450000000001,-7.140000000000001
-3.5600000000000005,8.436800000000002,8.236800000000002,-7.120000000000001
-3.5500000000000007,8.401250000000003,8.201250000000003,-7.100000000000001
-3.539999999999999,8.365799999999997,8.165799999999997,-7.079999999999998
-3.5299999999999994,8.330449999999997,8.130449999999998,-7.059999999999999
-3.5199999999999996,8.2952,8.0952,-7.039999999999999
-3.51,8.260049999999998,8.060049999999999,-7.02
-3.5,8.225,8.025,-7.0
-3.49,8.190050000000001,7.990050000000002,-6.98
-3.4800000000000004,8.155200000000002,7.955200000000003,-6.960000000000001
-3.4700000000000006,8.120450000000002,7.920450000000002,-6.940000000000001
-3.459999999999999,8.085799999999997,7.885799999999997,-6.919999999999998
-3.4499999999999993,8.051249999999998,7.851249999999998,-6.899999999999999
-3.4399999999999995,8.016799999999998,7.816799999999999,-6.879999999999999
-3.4299999999999997,7.982449999999998,7.782449999999999,-6.859999999999999
-3.42,7.948199999999999,7.7482,-6.84
-3.41,7.9140500000000005,7.714050000000001,-6.82
-3.4000000000000004,7.880000000000001,7.6800000000000015,-6.800000000000001
-3.3900000000000006,7.846050000000002,7.6460500000000025,-6.780000000000001
-3.379999999999999,7.812199999999996,7.612199999999997,-6.759999999999998
-3.369999999999999,7.778449999999997,7.5784499999999975,-6.739999999999998
-3.3599999999999994,7.744799999999998,7.544799999999999,-6.719999999999999
-3.3499999999999996,7.711249999999999,7.5112499999999995,-6.699999999999999
-3.34,7.6777999999999995,7.4778,-6.68
-3.33,7.64445,7.444450000000001,-6.66
-3.3200000000000003,7.6112,7.411200000000001,-6.640000000000001
-3.3100000000000005,7.578050000000001,7.378050000000002,-6.620000000000001
-3.299999999999999,7.544999999999996,7.344999999999997,-6.599999999999998
-3.289999999999999,7.512049999999997,7.3120499999999975,-6.579999999999998
-3.2799999999999994,7.479199999999998,7.279199999999999,-6.559999999999999
-3.2699999999999996,7.446449999999999,7.246449999999999,-6.539999999999999
-3.26,7.413799999999999,7.2138,-6.52
-3.25,7.38125,7.18125,-6.5
-3.24,7.348800000000001,7.148800000000001,-6.48
-3.2300000000000004,7.3164500000000015,7.116450000000002,-6.460000000000001
-3.2200000000000006,7.284200000000002,7.084200000000003,-6.440000000000001
-3.209999999999999,7.252049999999997,7.052049999999998,-6.419999999999998
-3.1999999999999993,7.219999999999997,7.019999999999998,-6.399999999999999
-3.1899999999999995,7.188049999999998,6.9880499999999985,-6.379999999999999
-3.1799999999999997,7.156199999999998,6.956199999999999,-6.359999999999999
-3.17,7.1244499999999995,6.92445,-6.34
-3.16,7.0928,6.892800000000001,-6.32
-3.1500000000000004,7.061250000000001,6.861250000000002,-6.300000000000001
-3.1400000000000006,7.029800000000002,6.829800000000002,-6.280000000000001
-3.129999999999999,6.9984499999999965,6.798449999999997,-6.259999999999998
-3.119999999999999,6.967199999999997,6.767199999999998,-6.239999999999998
-3.1099999999999994,6.936049999999998,6.736049999999999,-6.219999999999999
-3.0999999999999996,6.9049999999999985,6.704999999999999,-6.199999999999999
-3.09,6.8740499999999995,6.67405,-6.18
-3.08,6.8431999999999995,6.6432,-6.16
-3.0700000000000003,6.81245,6.612450000000001,-6.140000000000001
-3.0600000000000005,6.781800000000001,6.581800000000002,-6.120000000000001
-3.049999999999999,6.751249999999996,6.551249999999997,-6.099999999999998
-3.039999999999999,6.720799999999997,6.520799999999998,-6.079999999999998
-3.0299999999999994,6.690449999999998,6.490449999999998,-6.059999999999999
-3.0199999999999996,6.660199999999999,6.4601999999999995,-6.039999999999999
-3.01,6.630049999999999,6.43005,-6.02
-3.0,6.6,6.4,-6.0
-2.99,6.57005,6.370050000000001,-5.98
-2.9800000000000004,6.540200000000001,6.340200000000002,-5.960000000000001
-2.9700000000000006,6.510450000000001,6.310450000000002,-5.940000000000001
-2.959999999999999,6.480799999999997,6.2807999999999975,-5.919999999999998
-2.9499999999999993,6.451249999999997,6.251249999999998,-5.899999999999999
-2.9399999999999995,6.421799999999998,6.221799999999999,-5.879999999999999
-2.9299999999999997,6.392449999999998,6.192449999999999,-5.859999999999999
-2.92,6.363199999999999,6.1632,-5.84
-2.91,6.33405,6.134050000000001,-5.82
-2.9000000000000004,6.305000000000001,6.105000000000001,-5.800000000000001
-2.8900000000000006,6.2760500000000015,6.076050000000002,-5.780000000000001
-2.879999999999999,6.247199999999997,6.0471999999999975,-5.759999999999998
-2.869999999999999,6.218449999999997,6.018449999999998,-5.739999999999998
-2.8599999999999994,6.189799999999998,5.989799999999999,-5.719999999999999
-2.8499999999999996,6.161249999999999,5.96125,-5.699999999999999
-2.84,6.1328,5.9328,-5.68
-2.83,6.10445,5.904450000000001,-5.66
-2.8200000000000003,6.0762,5.876200000000001,-5.640000000000001
-2.8100000000000005,6.048050000000002,5.848050000000002,-5.620000000000001
-2.799999999999999,6.019999999999996,5.819999999999997,-5.599999999999998
-2.789999999999999,5.992049999999997,5.792049999999998,-5.579999999999998
-2.7799999999999994,5.964199999999998,5.764199999999999,-5.559999999999999
-2.7699999999999996,5.936449999999999,5.73645,-5.539999999999999
-2.76,5.908799999999999,5.7088,-5.52
-2.75,5.88125,5.68125,-5.5
-2.74,5.8538,5.6538,-5.48
-2.7300000000000004,5.826450000000001,5.626450000000002,-5.460000000000001
-2.7200000000000006,5.799200000000001,5.5992000000000015,-5.440000000000001
-2.709999999999999,5.772049999999997,5.572049999999997,-5.419999999999998
-2.6999999999999993,5.744999999999997,5.544999999999998,-5.399999999999999
-2.6899999999999995,5.718049999999998,5.518049999999999,-5.379999999999999
-2.6799999999999997,5.6911999999999985,5.491199999999999,-5.359999999999999
-2.67,5.6644499999999995,5.46445,-5.34
-2.66,5.6378,5.437800000000001,-5.32
-2.6500000000000004,5.61125,5.411250000000001,-5.300000000000001
-2.6400000000000006,5.584800000000001,5.384800000000002,-5.280000000000001
-2.629999999999999,5.558449999999997,5.358449999999998,-5.259999999999998
-2.619999999999999,5.532199999999998,5.3321999999999985,-5.239999999999998
-2.6099999999999994,5.506049999999998,5.306049999999999,-5.219999999999999
-2.5999999999999996,5.479999999999999,5.279999999999999,-5.199999999999999
-2.59,5.454049999999999,5.254049999999999,-5.18
-2.58,5.4282,5.228200000000001,-5.16
-2.5700000000000003,5.40245,5.202450000000001,-5.140000000000001
-2.5600000000000005,5.376800000000001,5.176800000000002,-5.120000000000001
-2.549999999999999,5.351249999999997,5.151249999999997,-5.099999999999998
-2.539999999999999,5.325799999999997,5.125799999999998,-5.079999999999998
-2.5299999999999994,5.300449999999998,5.100449999999999,-5.059999999999999
-2.5199999999999996,5.275199999999998,5.075199999999999,-5.039999999999999
-2.51,5.250049999999999,5.05005,-5.02
-2.5,5.225,5.025,-5.0
-2.49,5.20005,5.000050000000001,-4.98
-2.4800000000000004,5.1752,4.975200000000001,-4.960000000000001
-2.4700000000000006,5.150450000000001,4.950450000000002,-4.940000000000001
-2.459999999999999,5.125799999999997,4.925799999999998,-4.919999999999998
-2.4499999999999993,5.1012499999999985,4.901249999999999,-4.899999999999999
-2.4399999999999995,5.076799999999999,4.876799999999999,-4.879999999999999
-2.4299999999999997,5.0524499999999986,4.852449999999999,-4.859999999999999
-2.42,5.0282,4.828200000000001,-4.84
-2.41,5.004049999999999,4.80405,-4.82
-2.4000000000000004,4.98,4.780000000000001,-4.800000000000001
-2.3900000000000006,4.956050000000001,4.756050000000002,-4.780000000000001
-2.379999999999999,4.932199999999997,4.732199999999998,-4.759999999999998
-2.369999999999999,4.908449999999998,4.708449999999999,-4.739999999999998
-2.3599999999999994,4.8847999999999985,4.684799999999999,-4.719999999999999
-2.3499999999999996,4.861249999999998,4.661249999999999,-4.699999999999999
-2.34,4.8378,4.6378,-4.68
-2.33,4.81445,4.614450000000001,-4.66
-2.3200000000000003,4.7912,4.591200000000001,-4.640000000000001
-2.3100000000000005,4.768050000000001,4.568050000000001,-4.620000000000001
-2.299999999999999,4.744999999999997,4.544999999999998,-4.599999999999998
-2.289999999999999,4.722049999999998,4.522049999999998,-4.579999999999998
-2.2799999999999994,4.699199999999998,4.499199999999998,-4.559999999999999
-2.2699999999999996,4.676449999999999,4.47645,-4.539999999999999
-2.26,4.653799999999999,4.453799999999999,-4.52
-2.25,4.63125,4.43125,-4.5
-2.24,4.6088000000000005,4.408800000000001,-4.48
-2.2300000000000004,4.586450000000001,4.386450000000002,-4.460000000000001
-2.2200000000000006,4.564200000000001,4.364200000000002,-4.440000000000001
-2.209999999999999,4.542049999999998,4.342049999999999,-4.419999999999998
-2.1999999999999993,4.519999999999998,4.3199999999999985,-4.399999999999999
-2.1899999999999995,4.498049999999999,4.29805,-4.379999999999999
-2.1799999999999997,4.476199999999999,4.276199999999999,-4.359999999999999
-2.17,4.45445,4.25445,-4.34
-2.16,4.4328,4.232800000000001,-4.32
-2.1500000000000004,4.411250000000001,4.2112500000000015,-4.300000000000001
-2.1400000000000006,4.389800000000001,4.189800000000002,-4.280000000000001
-2.129999999999999,4.3684499999999975,4.168449999999998,-4.259999999999998
-2.119999999999999,4.347199999999998,4.147199999999999,-4.239999999999998
-2.1099999999999994,4.326049999999999,4.126049999999999,-4.219999999999999
-2.0999999999999996,4.304999999999999,4.1049999999999995,-4.199999999999999
-2.09,4.284049999999999,4.0840499999999995,-4.18
-2.08,4.263199999999999,4.0632,-4.16
-2.0700000000000003,4.24245,4.0424500000000005,-4.140000000000001
-2.0600000000000005,4.221800000000001,4.021800000000002,-4.120000000000001
-2.049999999999999,4.201249999999997,4.001249999999998,-4.099999999999998
-2.039999999999999,4.180799999999998,3.980799999999998,-4.079999999999998
-2.0299999999999994,4.160449999999998,3.9604499999999985,-4.059999999999999
-2.0199999999999996,4.140199999999998,3.9401999999999986,-4.039999999999999
-2.01,4.120049999999999,3.9200499999999994,-4.02
-2.0,4.1,3.9,-4.0
-1.9900000000000002,4.08005,3.88005,-3.9800000000000004
-1.9800000000000004,4.060200000000001,3.8602000000000007,-3.960000000000001
-1.9700000000000006,4.040450000000001,3.840450000000001,-3.9400000000000013
-1.959999999999999,4.020799999999998,3.820799999999998,-3.919999999999998
-1.9499999999999993,4.001249999999998,3.8012499999999982,-3.8999999999999986
-1.9399999999999995,3.9817999999999993,3.781799999999999,-3.879999999999999
-1.9299999999999997,3.9624499999999996,3.7624499999999994,-3.8599999999999994
-1.92,3.9432,3.7432,-3.84
-1.9100000000000001,3.9240500000000003,3.72405,-3.8200000000000003
-1.9000000000000004,3.9050000000000007,3.7050000000000005,-3.8000000000000007
-1.8900000000000006,3.8860500000000013,3.686050000000001,-3.780000000000001
-1.879999999999999,3.867199999999998,3.667199999999998,-3.759999999999998
-1.8699999999999992,3.8484499999999984,3.648449999999998,-3.7399999999999984
-1.8599999999999994,3.829799999999999,3.629799999999999,-3.719999999999999
-1.8499999999999996,3.8112499999999994,3.611249999999999,-3.6999999999999993
-1.8399999999999999,3.7927999999999997,3.5927999999999995,-3.6799999999999997
-1.83,3.7744500000000003,3.57445,-3.66
-1.8200000000000003,3.7562000000000006,3.5562000000000005,-3.6400000000000006
-1.8100000000000005,3.7380500000000008,3.5380500000000006,-3.620000000000001
-1.799999999999999,3.7199999999999984,3.5199999999999982,-3.599999999999998
-1.7899999999999991,3.7020499999999985,3.5020499999999983,-3.5799999999999983
-1.7799999999999994,3.6841999999999993,3.484199999999999,-3.5599999999999987
-1.7699999999999996,3.6664499999999993,3.466449999999999,-3.539999999999999
-1.7599999999999998,3.6488,3.4488,-3.5199999999999996
-1.75,3.63125,3.43125,-3.5
-1.7400000000000002,3.613800000000001,3.4138000000000006,-3.4800000000000004
-1.7300000000000004,3.596450000000001,3.3964500000000006,-3.460000000000001
-1.7200000000000006,3.5792000000000015,3.3792000000000013,-3.4400000000000013
-1.709999999999999,3.562049999999999,3.3620499999999987,-3.419999999999998
-1.6999999999999993,3.5449999999999986,3.3449999999999984,-3.3999999999999986
-1.6899999999999995,3.528049999999999,3.328049999999999,-3.379999999999999
-1.6799999999999997,3.5111999999999997,3.3111999999999995,-3.3599999999999994
-1.67,3.49445,3.29445,-3.34
-1.6600000000000001,3.4778000000000002,3.2778,-3.3200000000000003
-1.6500000000000004,3.4612500000000006,3.2612500000000004,-3.3000000000000007
-1.6400000000000006,3.444800000000001,3.244800000000001,-3.280000000000001
-1.629999999999999,3.4284499999999984,3.2284499999999983,-3.259999999999998
-1.6199999999999992,3.412199999999999,3.212199999999999,-3.2399999999999984
-1.6099999999999994,3.3960499999999993,3.196049999999999,-3.219999999999999
-1.5999999999999996,3.3799999999999994,3.1799999999999993,-3.1999999999999993
-1.5899999999999999,3.3640499999999998,3.1640499999999996,-3.1799999999999997
-1.58,3.3482000000000003,3.1482,-3.16
-1.5700000000000003,3.3324500000000006,3.1324500000000004,-3.1400000000000006
-1.5600000000000005,3.316800000000001,3.116800000000001,-3.120000000000001
-1.549999999999999,3.3012499999999982,3.101249999999998,-3.099999999999998
-1.5399999999999991,3.2857999999999987,3.0857999999999985,-3.0799999999999983
-1.5299999999999994,3.270449999999999,3.070449999999999,-3.0599999999999987
-1.5199999999999996,3.2551999999999994,3.0551999999999992,-3.039999999999999
-1.5099999999999998,3.2400499999999997,3.0400499999999995,-3.0199999999999996
-1.5,3.225,3.025,-3.0
-1.4900000000000002,3.2100500000000003,3.01005,-2.9800000000000004
-1.4800000000000004,3.1952000000000007,2.9952000000000005,-2.960000000000001
-1.4700000000000006,3.180450000000001,2.9804500000000007,-2.9400000000000013
-1.459999999999999,3.1657999999999986,2.9657999999999984,-2.919999999999998
-1.4499999999999993,3.1512499999999988,2.9512499999999986,-2.8999999999999986
-1.4399999999999995,3.1367999999999996,2.9367999999999994,-2.879999999999999
-1.4299999999999997,3.1224499999999997,2.9224499999999995,-2.8599999999999994
-1.42,3.1082,2.9082,-2.84
-1.4100000000000001,3.09405,2.89405,-2.8200000000000003
-1.4000000000000004,3.0800000000000005,2.8800000000000003,-2.8000000000000007
-1.3900000000000006,3.066050000000001,2.866050000000001,-2.780000000000001
-1.379999999999999,3.0521999999999987,2.8521999999999985,-2.759999999999998
-1.3699999999999992,3.0384499999999988,2.8384499999999986,-2.7399999999999984
-1.3599999999999994,3.0247999999999995,2.8247999999999993,-2.719999999999999
-1.3499999999999996,3.0112499999999995,2.8112499999999994,-2.6999999999999993
-1.3399999999999999,2.9978,2.7977999999999996,-2.6799999999999997
-1.33,2.9844500000000003,2.78445,-2.66
-1.3200000000000003,2.9712000000000005,2.7712000000000003,-2.6400000000000006
-1.3100000000000005,2.9580500000000005,2.7580500000000003,-2.620000000000001
-1.299999999999999,2.944999999999999,2.7449999999999988,-2.599999999999998
-1.2899999999999991,2.932049999999999,2.7320499999999988,-2.5799999999999983
-1.2799999999999994,2.919199999999999,2.719199999999999,-2.5599999999999987
-1.2699999999999996,2.9064499999999995,2.7064499999999994,-2.539999999999999
-1.2599999999999998,2.8937999999999997,2.6937999999999995,-2.5199999999999996
-1.25,2.88125,2.68125,-2.5
-1.2400000000000002,2.8688000000000002,2.6688,-2.4800000000000004
-1.2300000000000004,2.8564500000000006,2.6564500000000004,-2.460000000000001
-1.2200000000000006,2.8442000000000007,2.6442000000000005,-2.4400000000000013
-1.209999999999999,2.832049999999999,2.6320499999999987,-2.419999999999998
-1.1999999999999993,2.8199999999999994,2.619999999999999,-2.3999999999999986
-1.1899999999999995,2.8080499999999993,2.608049999999999,-2.379999999999999
-1.1799999999999997,2.7962,2.5961999999999996,-2.3599999999999994
-1.17,2.78445,2.58445,-2.34
-1.1600000000000001,2.7728,2.5728,-2.3200000000000003
-1.1500000000000004,2.7612500000000004,2.5612500000000002,-2.3000000000000007
-1.1400000000000006,2.749800000000001,2.5498000000000007,-2.280000000000001
-1.129999999999999,2.738449999999999,2.5384499999999988,-2.259999999999998
-1.1199999999999992,2.7271999999999994,2.5271999999999992,-2.2399999999999984
-1.1099999999999994,2.7160499999999996,2.5160499999999995,-2.219999999999999
-1.0999999999999996,2.7049999999999996,2.5049999999999994,-2.1999999999999993
-1.0899999999999999,2.69405,2.4940499999999997,-2.1799999999999997
-1.08,2.6832000000000003,2.4832,-2.16
-1.0700000000000003,2.6724500000000004,2.4724500000000003,-2.1400000000000006
-1.0600000000000005,2.661800000000001,2.4618000000000007,-2.120000000000001
-1.049999999999999,2.6512499999999988,2.4512499999999986,-2.099999999999998
-1.0399999999999991,2.640799999999999,2.440799999999999,-2.0799999999999983
-1.0299999999999994,2.6304499999999993,2.430449999999999,-2.0599999999999987
-1.0199999999999996,2.6201999999999996,2.4201999999999995,-2.039999999999999
-1.0099999999999998,2.6100499999999998,2.4100499999999996,-2.0199999999999996
-1.0,2.6,2.4,-2.0
-0.9900000000000002,2.59005,2.39005,-1.9800000000000004
-0.9800000000000004,2.5802000000000005,2.3802000000000003,-1.9600000000000009
-0.9700000000000006,2.5704500000000006,2.3704500000000004,-1.9400000000000013
-0.9599999999999991,2.560799999999999,2.360799999999999,-1.9199999999999982
-0.9499999999999993,2.5512499999999996,2.3512499999999994,-1.8999999999999986
-0.9399999999999995,2.5418,2.3417999999999997,-1.879999999999999
-0.9299999999999997,2.53245,2.3324499999999997,-1.8599999999999994
-0.9199999999999999,2.5232,2.3232,-1.8399999999999999
-0.9100000000000001,2.51405,2.31405,-1.8200000000000003
-0.9000000000000004,2.5050000000000003,2.305,-1.8000000000000007
-0.8900000000000006,2.4960500000000008,2.2960500000000006,-1.7800000000000011
-0.879999999999999,2.487199999999999,2.287199999999999,-1.759999999999998
-0.8699999999999992,2.4784499999999996,2.2784499999999994,-1.7399999999999984
-0.8599999999999994,2.4697999999999998,2.2697999999999996,-1.7199999999999989
-0.8499999999999996,2.4612499999999997,2.2612499999999995,-1.6999999999999993
-0.8399999999999999,2.4528,2.2527999999999997,-1.6799999999999997
-0.8300000000000001,2.4444500000000002,2.24445,-1.6600000000000001
-0.8200000000000003,2.4362000000000004,2.2362,-1.6400000000000006
-0.8100000000000005,2.4280500000000003,2.22805,-1.620000000000001
-0.7999999999999989,2.4199999999999995,2.2199999999999993,-1.5999999999999979
-0.7899999999999991,2.4120499999999994,2.212049999999999,-1.5799999999999983
-0.7799999999999994,2.4041999999999994,2.2041999999999993,-1.5599999999999987
-0.7699999999999996,2.3964499999999997,2.1964499999999996,-1.5399999999999991
-0.7599999999999998,2.3888,2.1887999999999996,-1.5199999999999996
-0.75,2.38125,2.18125,-1.5
-0.7400000000000002,2.3738,2.1738,-1.4800000000000004
-0.7300000000000004,2.3664500000000004,2.16645,-1.4600000000000009
-0.7200000000000006,2.3592000000000004,2.1592000000000002,-1.4400000000000013
-0.7099999999999991,2.3520499999999993,2.152049999999999,-1.4199999999999982
-0.6999999999999993,2.3449999999999998,2.1449999999999996,-1.3999999999999986
-0.6899999999999995,2.3380499999999995,2.1380499999999993,-1.379999999999999
-0.6799999999999997,2.3312,2.1311999999999998,-1.3599999999999994
-0.6699999999999999,2.32445,2.12445,-1.3399999999999999
-0.6600000000000001,2.3178,2.1178,-1.3200000000000003
-0.6500000000000004,2.3112500000000002,2.11125,-1.3000000000000007
-0.6400000000000006,2.3048000000000006,2.1048000000000004,-1.2800000000000011
-0.629999999999999,2.2984499999999994,2.0984499999999993,-1.259999999999998
-0.6199999999999992,2.2922,2.0921999999999996,-1.2399999999999984
-0.6099999999999994,2.28605,2.0860499999999997,-1.2199999999999989
-0.5999999999999996,2.28,2.0799999999999996,-1.1999999999999993
-0.5899999999999999,2.27405,2.0740499999999997,-1.1799999999999997
-0.5800000000000001,2.2682,2.0682,-1.1600000000000001
-0.5700000000000003,2.2624500000000003,2.06245,-1.1400000000000006
-0.5600000000000005,2.2568000000000006,2.0568000000000004,-1.120000000000001
-0.5499999999999989,2.2512499999999993,2.051249999999999,-1.0999999999999979
-0.5399999999999991,2.2457999999999996,2.0457999999999994,-1.0799999999999983
-0.5299999999999994,2.2404499999999996,2.0404499999999994,-1.0599999999999987
-0.5199999999999996,2.2352,2.0351999999999997,-1.0399999999999991
-0.5099999999999998,2.23005,2.0300499999999997,-1.0199999999999996
-0.5,2.225,2.025,-1.0
-0.4900000000000002,2.22005,2.02005,-0.9800000000000004
-0.4800000000000004,2.2152000000000003,2.0152,-0.9600000000000009
-0.47000000000000064,2.2104500000000002,2.01045,-0.9400000000000013
-0.4599999999999991,2.2057999999999995,2.0057999999999994,-0.9199999999999982
-0.4499999999999993,2.20125,2.0012499999999998,-0.8999999999999986
-0.4399999999999995,2.1968,1.9968,-0.879999999999999
-0.4299999999999997,2.19245,1.9924499999999998,-0.8599999999999994
-0.41999999999999993,2.1882,1.9882,-0.8399999999999999
-0.41000000000000014,2.18405,1.9840499999999999,-0.8200000000000003
-0.40000000000000036,2.18,1.98,-0.8000000000000007
-0.39000000000000057,2.1760500000000005,1.9760500000000003,-0.7800000000000011
-0.379999999999999,2.1721999999999997,1.9721999999999995,-0.759999999999998
-0.3699999999999992,2.16845,1.9684499999999998,-0.7399999999999984
-0.35999999999999943,2.1648,1.9647999999999999,-0.7199999999999989
-0.34999999999999964,2.16125,1.9612499999999997,-0.6999999999999993
-0.33999999999999986,2.1578,1.9577999999999998,-0.6799999999999997
-0.33000000000000007,2.15445,1.95445,-0.6600000000000001
-0.3200000000000003,2.1512000000000002,1.9512,-0.6400000000000006
-0.3100000000000005,2.1480500000000005,1.9480500000000003,-0.620000000000001
-0.29999999999999893,2.1449999999999996,1.9449999999999994,-0.5999999999999979
-0.28999999999999915,2.14205,1.9420499999999996,-0.5799999999999983
-0.27999999999999936,2.1391999999999998,1.9391999999999996,-0.5599999999999987
-0.2699999999999996,2.13645,1.9364499999999998,-0.5399999999999991
-0.2599999999999998,2.1338,1.9337999999999997,-0.5199999999999996
-0.25,2.13125,1.93125,-0.5
-0.2400000000000002,2.1288,1.9287999999999998,-0.4800000000000004
-0.23000000000000043,2.12645,1.92645,-0.46000000000000085
-0.22000000000000064,2.1242,1.9242,-0.4400000000000013
-0.20999999999999908,2.1220499999999998,1.9220499999999996,-0.41999999999999815
-0.1999999999999993,2.12,1.92,-0.3999999999999986
-0.1899999999999995,2.11805,1.91805,-0.379999999999999
-0.17999999999999972,2.1162,1.9162,-0.35999999999999943
-0.16999999999999993,2.11445,1.91445,-0.33999999999999986
-0.16000000000000014,2.1128,1.9127999999999998,-0.3200000000000003
-0.15000000000000036,2.11125,1.91125,-0.3000000000000007
-0.14000000000000057,2.1098000000000003,1.9098000000000002,-0.28000000000000114
-0.129999999999999,2.10845,1.9084499999999998,-0.259999999999998
-0.11999999999999922,2.1072,1.9072,-0.23999999999999844
-0.10999999999999943,2.10605,1.90605,-0.21999999999999886
-0.09999999999999964,2.105,1.9049999999999998,-0.1999999999999993
-0.08999999999999986,2.10405,1.9040499999999998,-0.17999999999999972
-0.08000000000000007,2.1032,1.9032,-0.16000000000000014
-0.07000000000000028,2.10245,1.90245,-0.14000000000000057
-0.0600000000000005,2.1018000000000003,1.9018000000000002,-0.120000000000001
-0.049999999999998934,2.10125,1.9012499999999997,-0.09999999999999787
-0.03999999999999915,2.1008,1.9007999999999998,-0.0799999999999983
-0.02999999999999936,2.10045,1.9004499999999998,-0.05999999999999872
-0.019999999999999574,2.1002,1.9002,-0.03999999999999915
-0.009999999999999787,2.10005,1.9000499999999998,-0.019999999999999574
0.0,2.1,1.9,0.0
0.009999999999999787,2.10005,1.9000499999999998,0.019999999999999574
0.019999999999999574,2.1002,1.9002,0.03999999999999915
0.030000000000001137,2.10045,1.9004499999999998,0.060000000000002274
0.040000000000000924,2.1008,1.9007999999999998,0.08000000000000185
0.05000000000000071,2.1012500000000003,1.90125,0.10000000000000142
0.0600000000000005,2.1018000000000003,1.9018000000000002,0.120000000000001
0.07000000000000028,2.10245,1.90245,0.14000000000000057
0.08000000000000007,2.1032,1.9032,0.16000000000000014
0.08999999999999986,2.10405,1.9040499999999998,0.17999999999999972
0.09999999999999964,2.105,1.9049999999999998,0.1999999999999993
0.10999999999999943,2.10605,1.90605,0.21999999999999886
0.120000000000001,2.1072,1.9072,0.240000000000002
0.13000000000000078,2.1084500000000004,1.9084500000000002,0.26000000000000156
0.14000000000000057,2.1098000000000003,1.9098000000000002,0.28000000000000114
0.15000000000000036,2.11125,1.91125,0.3000000000000007
0.16000000000000014,2.1128,1.9127999999999998,0.3200000000000003
0.16999999999999993,2.11445,1.91445,0.33999999999999986
0.17999999999999972,2.1162,1.9162,0.35999999999999943
0.1899999999999995,2.11805,1.91805,0.379999999999999
0.20000000000000107,2.12,1.92,0.40000000000000213
0.21000000000000085,2.12205,1.92205,0.4200000000000017
0.22000000000000064,2.1242,1.9242,0.4400000000000013
0.23000000000000043,2.12645,1.92645,0.46000000000000085
0.2400000000000002,2.1288,1.9287999999999998,0.4800000000000004
0.25,2.13125,1.93125,0.5
0.2599999999999998,2.1338,1.9337999999999997,0.5199999999999996
0.2699999999999996,2.13645,1.9364499999999998,0.5399999999999991
0.28000000000000114,2.1392,1.9392,0.5600000000000023
0.2900000000000009,2.1420500000000002,1.94205,0.5800000000000018
0.3000000000000007,2.1450000000000005,1.9450000000000003,0.6000000000000014
0.3100000000000005,2.1480500000000005,1.9480500000000003,0.620000000000001
0.3200000000000003,2.1512000000000002,1.9512,0.6400000000000006
0.33000000000000007,2.15445,1.95445,0.6600000000000001
0.33999999999999986,2.1578,1.9577999999999998,0.6799999999999997
0.34999999999999964,2.16125,1.9612499999999997,0.6999999999999993
0.35999999999999943,2.1648,1.9647999999999999,0.7199999999999989
0.370000000000001,2.1684500000000004,1.9684500000000003,0.740000000000002
0.3800000000000008,2.1722000000000006,1.9722000000000004,0.7600000000000016
0.39000000000000057,2.1760500000000005,1.9760500000000003,0.7800000000000011
0.40000000000000036,2.18,1.98,0.8000000000000007
0.41000000000000014,2.18405,1.9840499999999999,0.8200000000000003
0.41999999999999993,2.1882,1.9882,0.8399999999999999
0.4299999999999997,2.19245,1.9924499999999998,0.8599999999999994
0.4399999999999995,2.1968,1.9968,0.879999999999999
0.45000000000000107,2.2012500000000004,2.00125,0.9000000000000021
0.46000000000000085,2.2058000000000004,2.0058000000000002,0.9200000000000017
0.47000000000000064,2.2104500000000002,2.01045,0.9400000000000013
0.4800000000000004,2.2152000000000003,2.0152,0.9600000000000009
0.4900000000000002,2.22005,2.02005,0.9800000000000004
0.5,2.225,2.025,1.0
0.5099999999999998,2.23005,2.0300499999999997,1.0199999999999996
0.5199999999999996,2.2352,2.0351999999999997,1.0399999999999991
0.5300000000000011,2.2404500000000005,2.0404500000000003,1.0600000000000023
0.5400000000000009,2.2458000000000005,2.0458000000000003,1.0800000000000018
0.5500000000000007,2.2512500000000006,2.0512500000000005,1.1000000000000014
0.5600000000000005,2.2568000000000006,2.0568000000000004,1.120000000000001
0.5700000000000003,2.2624500000000003,2.06245,1.1400000000000006
0.5800000000000001,2.2682,2.0682,1.1600000000000001
0.5899999999999999,2.27405,2.0740499999999997,1.1799999999999997
0.5999999999999996,2.28,2.0799999999999996,1.1999999999999993
0.6099999999999994,2.28605,2.0860499999999997,1.2199999999999989
0.620000000000001,2.2922000000000007,2.0922000000000005,1.240000000000002
0.6300000000000008,2.2984500000000008,2.0984500000000006,1.2600000000000016
0.6400000000000006,2.3048000000000006,2.1048000000000004,1.2800000000000011
0.6500000000000004,2.3112500000000002,2.11125,1.3000000000000007
0.6600000000000001,2.3178,2.1178,1.3200000000000003
0.6699999999999999,2.32445,2.12445,1.3399999999999999
0.6799999999999997,2.3312,2.1311999999999998,1.3599999999999994
0.6899999999999995,2.3380499999999995,2.1380499999999993,1.379999999999999
0.7000000000000011,2.3450000000000006,2.1450000000000005,1.4000000000000021
0.7100000000000009,2.3520500000000006,2.1520500000000005,1.4200000000000017
0.7200000000000006,2.3592000000000004,2.1592000000000002,1.4400000000000013
0.7300000000000004,2.3664500000000004,2.16645,1.4600000000000009
0.7400000000000002,2.3738,2.1738,1.4800000000000004
0.75,2.38125,2.18125,1.5
0.7599999999999998,2.3888,2.1887999999999996,1.5199999999999996
0.7699999999999996,2.3964499999999997,2.1964499999999996,1.5399999999999991
0.7800000000000011,2.404200000000001,2.2042000000000006,1.5600000000000023
0.7900000000000009,2.4120500000000007,2.2120500000000005,1.5800000000000018
0.8000000000000007,2.420000000000001,2.2200000000000006,1.6000000000000014
0.8100000000000005,2.4280500000000003,2.22805,1.620000000000001
0.8200000000000003,2.4362000000000004,2.2362,1.6400000000000006
0.8300000000000001,2.4444500000000002,2.24445,1.6600000000000001
0.8399999999999999,2.4528,2.2527999999999997,1.6799999999999997
0.8499999999999996,2.4612499999999997,2.2612499999999995,1.6999999999999993
0.8599999999999994,2.4697999999999998,2.2697999999999996,1.7199999999999989
0.870000000000001,2.478450000000001,2.2784500000000008,1.740000000000002
0.8800000000000008,2.487200000000001,2.287200000000001,1.7600000000000016
0.8900000000000006,2.4960500000000008,2.2960500000000006,1.7800000000000011
0.9000000000000004,2.5050000000000003,2.305,1.8000000000000007
0.9100000000000001,2.51405,2.31405,1.8200000000000003
0.9199999999999999,2.5232,2.3232,1.8399999999999999
0.9299999999999997,2.53245,2.3324499999999997,1.8599999999999994
0.9399999999999995,2.5418,2.3417999999999997,1.879999999999999
0.9500000000000011,2.551250000000001,2.3512500000000007,1.9000000000000021
0.9600000000000009,2.560800000000001,2.3608000000000007,1.9200000000000017
0.9700000000000006,2.5704500000000006,2.3704500000000004,1.9400000000000013
0.9800000000000004,2.5802000000000005,2.3802000000000003,1.9600000000000009
0.9900000000000002,2.59005,2.39005,1.9800000000000004
1.0,2.6,2.4,2.0
1.0099999999999998,2.6100499999999998,2.4100499999999996,2.0199999999999996
1.0199999999999996,2.6201999999999996,2.4201999999999995,2.039999999999999
1.0300000000000011,2.630450000000001,2.430450000000001,2.0600000000000023
1.040000000000001,2.640800000000001,2.4408000000000007,2.080000000000002
1.0500000000000007,2.651250000000001,2.451250000000001,2.1000000000000014
1.0600000000000005,2.661800000000001,2.4618000000000007,2.120000000000001
1.0700000000000003,2.6724500000000004,2.4724500000000003,2.1400000000000006
1.08,2.6832000000000003,2.4832,2.16
1.0899999999999999,2.69405,2.4940499999999997,2.1799999999999997
1.0999999999999996,2.7049999999999996,2.5049999999999994,2.1999999999999993
1.1099999999999994,2.7160499999999996,2.5160499999999995,2.219999999999999
1.120000000000001,2.727200000000001,2.527200000000001,2.240000000000002
1.1300000000000008,2.7384500000000007,2.5384500000000005,2.2600000000000016
1.1400000000000006,2.749800000000001,2.5498000000000007,2.280000000000001
1.1500000000000004,2.7612500000000004,2.5612500000000002,2.3000000000000007
1.1600000000000001,2.7728,2.5728,2.3200000000000003
1.17,2.78445,2.58445,2.34
1.1799999999999997,2.7962,2.5961999999999996,2.3599999999999994
1.1899999999999995,2.8080499999999993,2.608049999999999,2.379999999999999
1.200000000000001,2.8200000000000016,2.6200000000000014,2.400000000000002
1.2100000000000009,2.832050000000001,2.632050000000001,2.4200000000000017
1.2200000000000006,2.8442000000000007,2.6442000000000005,2.4400000000000013
1.2300000000000004,2.8564500000000006,2.6564500000000004,2.460000000000001
1.2400000000000002,2.8688000000000002,2.6688,2.4800000000000004
1.25,2.88125,2.68125,2.5
1.2599999999999998,2.8937999999999997,2.6937999999999995,2.5199999999999996
1.2699999999999996,2.9064499999999995,2.7064499999999994,2.539999999999999
1.2800000000000011,2.9192000000000013,2.719200000000001,2.5600000000000023
1.290000000000001,2.932050000000001,2.732050000000001,2.580000000000002
1.3000000000000007,2.945000000000001,2.745000000000001,2.6000000000000014
1.3100000000000005,2.9580500000000005,2.7580500000000003,2.620000000000001
1.3200000000000003,2.9712000000000005,2.7712000000000003,2.6400000000000006
1.33,2.9844500000000003,2.78445,2.66
1.3399999999999999,2.9978,2.7977999999999996,2.6799999999999997
1.3499999999999996,3.0112499999999995,2.8112499999999994,2.6999999999999993
1.3599999999999994,3.0247999999999995,2.8247999999999993,2.719999999999999
1.370000000000001,3.0384500000000014,2.8384500000000012,2.740000000000002
1.3800000000000008,3.0522000000000014,2.852200000000001,2.7600000000000016
1.3900000000000006,3.066050000000001,2.866050000000001,2.780000000000001
1.4000000000000004,3.0800000000000005,2.8800000000000003,2.8000000000000007
1.4100000000000001,3.09405,2.89405,2.8200000000000003
1.42,3.1082,2.9082,2.84
1.4299999999999997,3.1224499999999997,2.9224499999999995,2.8599999999999994
1.4399999999999995,3.1367999999999996,2.9367999999999994,2.879999999999999
1.450000000000001,3.1512500000000014,2.9512500000000013,2.900000000000002
1.4600000000000009,3.1658000000000013,2.965800000000001,2.9200000000000017
1.4700000000000006,3.180450000000001,2.9804500000000007,2.9400000000000013
1.4800000000000004,3.1952000000000007,2.9952000000000005,2.960000000000001
1.4900000000000002,3.2100500000000003,3.01005,2.9800000000000004
1.5,3.225,3.025,3.0
1.5099999999999998,3.2400499999999997,3.0400499999999995,3.0199999999999996
1.5199999999999996,3.2551999999999994,3.0551999999999992,3.039999999999999
1.5300000000000011,3.2704500000000016,3.0704500000000015,3.0600000000000023
1.540000000000001,3.2858000000000014,3.085800000000001,3.080000000000002
1.5500000000000007,3.301250000000001,3.1012500000000007,3.1000000000000014
1.5600000000000005,3.316800000000001,3.116800000000001,3.120000000000001
1.5700000000000003,3.3324500000000006,3.1324500000000004,3.1400000000000006
1.58,3.3482000000000003,3.1482,3.16
1.5899999999999999,3.3640499999999998,3.1640499999999996,3.1799999999999997
1.5999999999999996,3.3799999999999994,3.1799999999999993,3.1999999999999993
1.6099999999999994,3.3960499999999993,3.196049999999999,3.219999999999999
1.620000000000001,3.4122000000000017,3.2122000000000015,3.240000000000002
1.6300000000000008,3.428450000000001,3.228450000000001,3.2600000000000016
1.6400000000000006,3.444800000000001,3.244800000000001,3.280000000000001
1.6500000000000004,3.4612500000000006,3.2612500000000004,3.3000000000000007
1.6600000000000001,3.4778000000000002,3.2778,3.3200000000000003
1.67,3.49445,3.29445,3.34
1.6799999999999997,3.5111999999999997,3.3111999999999995,3.3599999999999994
1.6899999999999995,3.528049999999999,3.328049999999999,3.379999999999999
1.700000000000001,3.545000000000002,3.345000000000002,3.400000000000002
1.7100000000000009,3.5620500000000015,3.3620500000000013,3.4200000000000017
1.7200000000000006,3.5792000000000015,3.3792000000000013,3.4400000000000013
1.7300000000000004,3.596450000000001,3.3964500000000006,3.460000000000001
1.7400000000000002,3.613800000000001,3.4138000000000006,3.4800000000000004
1.75,3.63125,3.43125,3.5
1.7599999999999998,3.6488,3.4488,3.5199999999999996
1.7699999999999996,3.6664499999999993,3.466449999999999,3.539999999999999
1.7800000000000011,3.684200000000002,3.4842000000000017,3.5600000000000023
1.790000000000001,3.702050000000002,3.502050000000002,3.580000000000002
1.8000000000000007,3.720000000000001,3.520000000000001,3.6000000000000014
1.8100000000000005,3.7380500000000008,3.5380500000000006,3.620000000000001
1.8200000000000003,3.7562000000000006,3.5562000000000005,3.6400000000000006
1.83,3.7744500000000003,3.57445,3.66
1.8399999999999999,3.7927999999999997,3.5927999999999995,3.6799999999999997
1.8499999999999996,3.8112499999999994,3.611249999999999,3.6999999999999993
1.8599999999999994,3.829799999999999,3.629799999999999,3.719999999999999
1.870000000000001,3.848450000000002,3.6484500000000017,3.740000000000002
1.8800000000000008,3.8672000000000017,3.6672000000000016,3.7600000000000016
1.8900000000000006,3.8860500000000013,3.686050000000001,3.780000000000001
1.9000000000000004,3.9050000000000007,3.7050000000000005,3.8000000000000007
1.9100000000000001,3.9240500000000003,3.72405,3.8200000000000003
1.92,3.9432,3.7432,3.84
1.9299999999999997,3.9624499999999996,3.7624499999999994,3.8599999999999994
1.9399999999999995,3.9817999999999993,3.781799999999999,3.879999999999999
1.950000000000001,4.0012500000000015,3.801250000000002,3.900000000000002
1.9600000000000009,4.020800000000001,3.8208000000000015,3.9200000000000017
1.9700000000000006,4.040450000000001,3.840450000000001,3.9400000000000013
1.9800000000000004,4.060200000000001,3.8602000000000007,3.960000000000001
1.9900000000000002,4.08005,3.88005,3.9800000000000004
2.0,4.1,3.9,4.0
2.01,4.120049999999999,3.9200499999999994,4.02
2.0199999999999996,4.140199999999998,3.9401999999999986,4.039999999999999
2.030000000000001,4.160450000000002,3.960450000000002,4.060000000000002
2.040000000000001,4.180800000000001,3.9808000000000017,4.080000000000002
2.0500000000000007,4.201250000000002,4.001250000000002,4.100000000000001
2.0600000000000005,4.221800000000001,4.021800000000002,4.120000000000001
2.0700000000000003,4.24245,4.0424500000000005,4.140000000000001
2.08,4.263199999999999,4.0632,4.16
2.09,4.284049999999999,4.0840499999999995,4.18
2.0999999999999996,4.304999999999999,4.1049999999999995,4.199999999999999
2.1099999999999994,4.326049999999999,4.126049999999999,4.219999999999999
2.120000000000001,4.347200000000002,4.147200000000002,4.240000000000002
2.130000000000001,4.368450000000001,4.168450000000002,4.260000000000002
2.1400000000000006,4.389800000000001,4.189800000000002,4.280000000000001
2.1500000000000004,4.411250000000001,4.2112500000000015,4.300000000000001
2.16,4.4328,4.232800000000001,4.32
2.17,4.45445,4.25445,4.34
2.1799999999999997,4.476199999999999,4.276199999999999,4.359999999999999
2.1899999999999995,4.498049999999999,4.29805,4.379999999999999
2.200000000000001,4.520000000000001,4.320000000000002,4.400000000000002
2.210000000000001,4.5420500000000015,4.342050000000002,4.420000000000002
2.2200000000000006,4.564200000000001,4.364200000000002,4.440000000000001
2.2300000000000004,4.586450000000001,4.386450000000002,4.460000000000001
2.24,4.6088000000000005,4.408800000000001,4.48
2.25,4.63125,4.43125,4.5
2.26,4.653799999999999,4.453799999999999,4.52
2.2699999999999996,4.676449999999999,4.47645,4.539999999999999
2.280000000000001,4.699200000000002,4.499200000000003,4.560000000000002
2.290000000000001,4.722050000000001,4.522050000000002,4.580000000000002
2.3000000000000007,4.745000000000001,4.545000000000002,4.600000000000001
2.3100000000000005,4.768050000000001,4.568050000000001,4.620000000000001
2.3200000000000003,4.7912,4.591200000000001,4.640000000000001
2.33,4.81445,4.614450000000001,4.66
2.34,4.8378,4.6378,4.68
2.3499999999999996,4.861249999999998,4.661249999999999,4.699999999999999
2.3599999999999994,4.8847999999999985,4.684799999999999,4.719999999999999
2.370000000000001,4.908450000000002,4.708450000000003,4.740000000000002
2.380000000000001,4.932200000000002,4.732200000000002,4.760000000000002
2.3900000000000006,4.956050000000001,4.756050000000002,4.780000000000001
2.4000000000000004,4.98,4.780000000000001,4.800000000000001
2.41,5.004049999999999,4.80405,4.82
2.42,5.0282,4.828200000000001,4.84
2.4299999999999997,5.0524499999999986,4.852449999999999,4.859999999999999
2.4399999999999995,5.076799999999999,4.876799999999999,4.879999999999999
2.450000000000001,5.101250000000002,4.901250000000003,4.900000000000002
2.460000000000001,5.125800000000002,4.925800000000002,4.920000000000002
2.4700000000000006,5.150450000000001,4.950450000000002,4.940000000000001
2.4800000000000004,5.1752,4.975200000000001,4.960000000000001
2.49,5.20005,5.000050000000001,4.98
2.5,5.225,5.025,5.0
2.51,5.250049999999999,5.05005,5.02
2.5199999999999996,5.275199999999998,5.075199999999999,5.039999999999999
2.530000000000001,5.300450000000002,5.100450000000003,5.060000000000002
2.540000000000001,5.325800000000002,5.125800000000003,5.080000000000002
2.5500000000000007,5.351250000000002,5.151250000000003,5.100000000000001
2.5600000000000005,5.376800000000001,5.176800000000002,5.120000000000001
2.5700000000000003,5.40245,5.202450000000001,5.140000000000001
2.58,5.4282,5.228200000000001,5.16
2.59,5.454049999999999,5.254049999999999,5.18
2.5999999999999996,5.479999999999999,5.279999999999999,5.199999999999999
2.6099999999999994,5.506049999999998,5.306049999999999,5.219999999999999
2.620000000000001,5.532200000000002,5.332200000000003,5.240000000000002
2.630000000000001,5.558450000000002,5.358450000000003,5.260000000000002
2.6400000000000006,5.584800000000001,5.384800000000002,5.280000000000001
2.6500000000000004,5.61125,5.411250000000001,5.300000000000001
2.66,5.6378,5.437800000000001,5.32
2.67,5.6644499999999995,5.46445,5.34
2.6799999999999997,5.6911999999999985,5.491199999999999,5.359999999999999
2.6899999999999995,5.718049999999998,5.518049999999999,5.379999999999999
2.700000000000001,5.745000000000003,5.5450000000000035,5.400000000000002
2.710000000000001,5.772050000000002,5.572050000000003,5.420000000000002
2.7200000000000006,5.799200000000001,5.5992000000000015,5.440000000000001
2.7300000000000004,5.826450000000001,5.626450000000002,5.460000000000001
2.74,5.8538,5.6538,5.48
2.75,5.88125,5.68125,5.5
2.76,5.908799999999999,5.7088,5.52
2.7699999999999996,5.936449999999999,5.73645,5.539999999999999
2.780000000000001,5.964200000000003,5.764200000000003,5.560000000000002
2.790000000000001,5.9920500000000025,5.792050000000003,5.580000000000002
2.8000000000000007,6.020000000000001,5.820000000000002,5.600000000000001
2.8100000000000005,6.048050000000002,5.848050000000002,5.620000000000001
2.8200000000000003,6.0762,5.876200000000001,5.640000000000001
2.83,6.10445,5.904450000000001,5.66
2.84,6.1328,5.9328,5.68
2.8499999999999996,6.161249999999999,5.96125,5.699999999999999
2.8599999999999994,6.189799999999998,5.989799999999999,5.719999999999999
2.870000000000001,6.2184500000000025,6.018450000000003,5.740000000000002
2.880000000000001,6.247200000000002,6.047200000000003,5.760000000000002
2.8900000000000006,6.2760500000000015,6.076050000000002,5.780000000000001
2.9000000000000004,6.305000000000001,6.105000000000001,5.800000000000001
2.91,6.33405,6.134050000000001,5.82
2.92,6.363199999999999,6.1632,5.84
2.9299999999999997,6.392449999999998,6.192449999999999,5.859999999999999
2.9399999999999995,6.421799999999998,6.221799999999999,5.879999999999999
2.950000000000001,6.451250000000003,6.251250000000003,5.900000000000002
2.960000000000001,6.480800000000002,6.280800000000003,5.920000000000002
2.9700000000000006,6.510450000000001,6.310450000000002,5.940000000000001
2.9800000000000004,6.540200000000001,6.340200000000002,5.960000000000001
2.99,6.57005,6.370050000000001,5.98
3.0,6.6,6.4,6.0
3.01,6.630049999999999,6.43005,6.02
3.0199999999999996,6.660199999999999,6.4601999999999995,6.039999999999999
3.030000000000001,6.690450000000003,6.490450000000004,6.060000000000002
3.040000000000001,6.720800000000002,6.520800000000003,6.080000000000002
3.0500000000000007,6.7512500000000015,6.551250000000002,6.100000000000001
3.0600000000000005,6.781800000000001,6.581800000000002,6.120000000000001
3.0700000000000003,6.81245,6.612450000000001,6.140000000000001
3.08,6.8431999999999995,6.6432,6.16
3.09,6.8740499999999995,6.67405,6.18
3.0999999999999996,6.9049999999999985,6.704999999999999,6.199999999999999
3.1099999999999994,6.936049999999998,6.736049999999999,6.219999999999999
3.120000000000001,6.967200000000003,6.767200000000003,6.240000000000002
3.130000000000001,6.998450000000002,6.7984500000000025,6.260000000000002
3.1400000000000006,7.029800000000002,6.829800000000002,6.280000000000001
3.1500000000000004,7.061250000000001,6.861250000000002,6.300000000000001
3.16,7.0928,6.892800000000001,6.32
3.17,7.1244499999999995,6.92445,6.34
3.1799999999999997,7.156199999999998,6.956199999999999,6.359999999999999
3.1899999999999995,7.188049999999998,6.9880499999999985,6.379999999999999
3.200000000000001,7.220000000000003,7.020000000000004,6.400000000000002
3.210000000000001,7.252050000000002,7.052050000000003,6.420000000000002
3.2200000000000006,7.284200000000002,7.084200000000003,6.440000000000001
3.2300000000000004,7.3164500000000015,7.116450000000002,6.460000000000001
3.24,7.348800000000001,7.148800000000001,6.48
3.25,7.38125,7.18125,6.5
3.26,7.413799999999999,7.2138,6.52
3.2699999999999996,7.446449999999999,7.246449999999999,6.539999999999999
3.280000000000001,7.479200000000003,7.279200000000004,6.560000000000002
3.290000000000001,7.512050000000003,7.312050000000004,6.580000000000002
3.3000000000000007,7.545000000000002,7.345000000000002,6.600000000000001
3.3100000000000005,7.578050000000001,7.378050000000002,6.620000000000001
3.3200000000000003,7.6112,7.411200000000001,6.640000000000001
3.33,7.64445,7.444450000000001,6.66
3.34,7.6777999999999995,7.4778,6.68
3.3499999999999996,7.711249999999999,7.5112499999999995,6.699999999999999
3.3599999999999994,7.744799999999998,7.544799999999999,6.719999999999999
3.370000000000001,7.778450000000003,7.578450000000004,6.740000000000002
3.380000000000001,7.8122000000000025,7.612200000000003,6.760000000000002
3.3900000000000006,7.846050000000002,7.6460500000000025,6.780000000000001
3.4000000000000004,7.880000000000001,7.6800000000000015,6.800000000000001
3.41,7.9140500000000005,7.714050000000001,6.82
3.42,7.948199999999999,7.7482,6.84
3.4299999999999997,7.982449999999998,7.782449999999999,6.859999999999999
3.4399999999999995,8.016799999999998,7.816799999999999,6.879999999999999
3.450000000000001,8.051250000000003,7.851250000000004,6.900000000000002
3.460000000000001,8.085800000000003,7.885800000000003,6.920000000000002
3.4700000000000006,8.120450000000002,7.920450000000002,6.940000000000001
3.4800000000000004,8.155200000000002,7.955200000000003,6.960000000000001
3.49,8.190050000000001,7.990050000000002,6.98
3.5,8.225,8.025,7.0
3.51,8.260049999999998,8.060049999999999,7.02
3.5199999999999996,8.2952,8.0952,7.039999999999999
3.530000000000001,8.330450000000004,8.130450000000005,7.060000000000002
3.540000000000001,8.365800000000002,8.165800000000003,7.080000000000002
3.5500000000000007,8.401250000000003,8.201250000000003,7.100000000000001
3.5600000000000005,8.436800000000002,8.236800000000002,7.120000000000001
3.5700000000000003,8.47245,8.272450000000001,7.140000000000001
3.58,8.5082,8.308200000000001,7.16
3.59,8.54405,8.344050000000001,7.18
3.5999999999999996,8.579999999999998,8.379999999999999,7.199999999999999
3.610000000000001,8.616050000000003,8.416050000000004,7.220000000000002
3.620000000000001,8.652200000000002,8.452200000000003,7.240000000000002
3.630000000000001,8.688450000000001,8.488450000000002,7.260000000000002
3.6400000000000006,8.724800000000002,8.524800000000003,7.280000000000001
3.6500000000000004,8.761250000000002,8.561250000000003,7.300000000000001
3.66,8.7978,8.597800000000001,7.32
3.67,8.834449999999999,8.63445,7.34
3.6799999999999997,8.871199999999998,8.671199999999999,7.359999999999999
3.6899999999999995,8.908049999999998,8.708049999999998,7.379999999999999
3.700000000000001,8.945000000000004,8.745000000000005,7.400000000000002
3.710000000000001,8.982050000000003,8.782050000000003,7.420000000000002
3.7200000000000006,9.019200000000003,8.819200000000004,7.440000000000001
3.7300000000000004,9.056450000000002,8.856450000000002,7.460000000000001
3.74,9.0938,8.8938,7.48
3.75,9.13125,8.93125,7.5
3.76,9.1688,8.9688,7.52
3.7699999999999996,9.206449999999998,9.00645,7.539999999999999
3.780000000000001,9.244200000000005,9.044200000000005,7.560000000000002
3.790000000000001,9.282050000000003,9.082050000000004,7.580000000000002
3.8000000000000007,9.320000000000002,9.120000000000003,7.600000000000001
3.8100000000000005,9.35805,9.158050000000001,7.620000000000001
3.8200000000000003,9.3962,9.196200000000001,7.640000000000001
3.83,9.43445,9.23445,7.66
3.84,9.4728,9.2728,7.68
3.8499999999999996,9.511249999999999,9.31125,7.699999999999999
3.860000000000001,9.549800000000005,9.349800000000005,7.720000000000002
3.870000000000001,9.588450000000003,9.388450000000004,7.740000000000002
3.880000000000001,9.627200000000004,9.427200000000004,7.760000000000002
3.8900000000000006,9.666050000000002,9.466050000000003,7.780000000000001
3.9000000000000004,9.705,9.505,7.800000000000001
3.91,9.74405,9.54405,7.82
3.92,9.783199999999999,9.5832,7.84
3.9299999999999997,9.822449999999998,9.622449999999999,7.859999999999999
3.9399999999999995,9.861799999999997,9.661799999999998,7.879999999999999
3.950000000000001,9.901250000000003,9.701250000000003,7.900000000000002
3.960000000000001,9.940800000000003,9.740800000000004,7.920000000000002
3.9700000000000006,9.980450000000003,9.780450000000004,7.940000000000001
3.9800000000000004,10.0202,9.820200000000002,7.960000000000001
3.99,10.06005,9.860050000000001,7.98
4.0,10.1,9.9,8.0
4.010000000000002,10.140050000000006,9.940050000000006,8.020000000000003
4.02,10.180199999999997,9.980199999999998,8.04
4.030000000000001,10.220450000000005,10.020450000000006,8.060000000000002
4.039999999999999,10.260799999999996,10.060799999999997,8.079999999999998
4.050000000000001,10.301250000000003,10.101250000000004,8.100000000000001
4.059999999999999,10.341799999999994,10.141799999999995,8.119999999999997
4.07,10.38245,10.182450000000001,8.14
4.080000000000002,10.423200000000007,10.223200000000007,8.160000000000004
4.09,10.464049999999999,10.26405,8.18
4.100000000000001,10.505000000000006,10.305000000000007,8.200000000000003
4.109999999999999,10.546049999999997,10.346049999999998,8.219999999999999
4.120000000000001,10.587200000000005,10.387200000000005,8.240000000000002
4.129999999999999,10.628449999999996,10.428449999999996,8.259999999999998
4.140000000000001,10.669800000000002,10.469800000000003,8.280000000000001
4.149999999999999,10.711249999999994,10.511249999999995,8.299999999999997
4.16,10.7528,10.552800000000001,8.32
4.170000000000002,10.794450000000007,10.594450000000007,8.340000000000003
4.18,10.836199999999998,10.636199999999999,8.36
4.190000000000001,10.878050000000005,10.678050000000006,8.380000000000003
4.199999999999999,10.919999999999996,10.719999999999997,8.399999999999999
4.210000000000001,10.962050000000003,10.762050000000004,8.420000000000002
4.219999999999999,11.004199999999996,10.804199999999996,8.439999999999998
4.23,11.046450000000002,10.846450000000003,8.46
4.240000000000002,11.088800000000008,10.888800000000009,8.480000000000004
4.25,11.13125,10.93125,8.5
4.260000000000002,11.173800000000007,10.973800000000008,8.520000000000003
4.27,11.216449999999998,11.016449999999999,8.54
4.280000000000001,11.259200000000005,11.059200000000006,8.560000000000002
4.289999999999999,11.302049999999996,11.102049999999997,8.579999999999998
4.300000000000001,11.345000000000002,11.145000000000003,8.600000000000001
4.309999999999999,11.388049999999994,11.188049999999995,8.619999999999997
4.32,11.4312,11.231200000000001,8.64
4.330000000000002,11.474450000000008,11.274450000000009,8.660000000000004
4.34,11.5178,11.3178,8.68
4.350000000000001,11.561250000000006,11.361250000000007,8.700000000000003
4.359999999999999,11.604799999999997,11.404799999999998,8.719999999999999
4.370000000000001,11.648450000000004,11.448450000000005,8.740000000000002
4.379999999999999,11.692199999999996,11.492199999999997,8.759999999999998
4.390000000000001,11.736050000000002,11.536050000000003,8.780000000000001
4.399999999999999,11.779999999999994,11.579999999999995,8.799999999999997
4.41,11.82405,11.62405,8.82
4.420000000000002,11.868200000000007,11.668200000000008,8.840000000000003
4.43,11.912449999999998,11.712449999999999,8.86
4.440000000000001,11.956800000000005,11.756800000000005,8.880000000000003
4.449999999999999,12.001249999999997,11.801249999999998,8.899999999999999
4.460000000000001,12.045800000000003,11.845800000000004,8.920000000000002
4.469999999999999,12.090449999999995,11.890449999999996,8.939999999999998
4.48,12.135200000000001,11.935200000000002,8.96
4.490000000000002,12.180050000000008,11.98005000000001,8.980000000000004
4.5,12.225,12.025,9.0
4.510000000000002,12.270050000000007,12.070050000000007,9.020000000000003
4.52,12.315199999999997,12.115199999999998,9.04
4.530000000000001,12.360450000000005,12.160450000000006,9.060000000000002
4.539999999999999,12.405799999999996,12.205799999999996,9.079999999999998
4.550000000000001,12.451250000000003,12.251250000000004,9.100000000000001
4.559999999999999,12.496799999999993,12.296799999999994,9.119999999999997
4.57,12.54245,12.342450000000001,9.14
4.580000000000002,12.588200000000008,12.388200000000008,9.160000000000004
4.59,12.634049999999998,12.43405,9.18
4.600000000000001,12.680000000000007,12.480000000000008,9.200000000000003
4.609999999999999,12.726049999999997,12.526049999999998,9.219999999999999
4.620000000000001,12.772200000000005,12.572200000000006,9.240000000000002
4.629999999999999,12.818449999999995,12.618449999999996,9.259999999999998
4.640000000000001,12.864800000000002,12.664800000000003,9.280000000000001
4.649999999999999,12.911249999999994,12.711249999999994,9.299999999999997
4.66,12.9578,12.757800000000001,9.32
4.670000000000002,13.004450000000007,12.804450000000008,9.340000000000003
4.68,13.051199999999998,12.851199999999999,9.36
4.690000000000001,13.098050000000006,12.898050000000007,9.380000000000003
4.699999999999999,13.144999999999996,12.944999999999997,9.399999999999999
4.710000000000001,13.192050000000004,12.992050000000004,9.420000000000002
4.719999999999999,13.239199999999995,13.039199999999996,9.439999999999998
4.73,13.286450000000002,13.086450000000003,9.46
4.740000000000002,13.333800000000009,13.13380000000001,9.480000000000004
4.75,13.38125,13.18125,9.5
4.760000000000002,13.428800000000008,13.228800000000009,9.520000000000003
4.77,13.476449999999998,13.276449999999999,9.54
4.780000000000001,13.524200000000006,13.324200000000006,9.560000000000002
4.789999999999999,13.572049999999996,13.372049999999996,9.579999999999998
4.800000000000001,13.620000000000003,13.420000000000003,9.600000000000001
4.809999999999999,13.668049999999994,13.468049999999995,9.619999999999997
4.82,13.7162,13.516200000000001,9.64
4.830000000000002,13.764450000000009,13.56445000000001,9.660000000000004
4.84,13.8128,13.6128,9.68
4.850000000000001,13.861250000000007,13.661250000000008,9.700000000000003
4.859999999999999,13.909799999999997,13.709799999999998,9.719999999999999
4.870000000000001,13.958450000000004,13.758450000000005,9.740000000000002
4.879999999999999,14.007199999999996,13.807199999999996,9.759999999999998
4.890000000000001,14.056050000000003,13.856050000000003,9.780000000000001
4.899999999999999,14.104999999999993,13.904999999999994,9.799999999999997
4.91,14.15405,13.95405,9.82
4.920000000000002,14.203200000000008,14.003200000000009,9.840000000000003
4.93,14.252449999999998,14.052449999999999,9.86
4.940000000000001,14.301800000000005,14.101800000000006,9.880000000000003
4.949999999999999,14.351249999999997,14.151249999999997,9.899999999999999
4.960000000000001,14.400800000000004,14.200800000000005,9.920000000000002
4.969999999999999,14.450449999999995,14.250449999999995,9.939999999999998
4.98,14.500200000000001,14.300200000000002,9.96
4.990000000000002,14.55005000000001,14.35005000000001,9.980000000000004
5.0,14.6,14.4,10.0
5.010000000000002,14.650050000000007,14.450050000000008,10.020000000000003
5.02,14.700199999999997,14.500199999999998,10.04
5.030000000000001,14.750450000000006,14.550450000000007,10.060000000000002
5.039999999999999,14.800799999999995,14.600799999999996,10.079999999999998
5.050000000000001,14.851250000000004,14.651250000000005,10.100000000000001
5.059999999999999,14.901799999999993,14.701799999999993,10.119999999999997
5.07,14.95245,14.752450000000001,10.14
5.080000000000002,15.003200000000009,14.80320000000001,10.160000000000004
5.09,15.054049999999998,14.854049999999999,10.18
5.100000000000001,15.105000000000008,14.905000000000008,10.200000000000003
5.109999999999999,15.156049999999997,14.956049999999998,10.219999999999999
5.120000000000001,15.207200000000006,15.007200000000006,10.240000000000002
5.129999999999999,15.258449999999995,15.058449999999995,10.259999999999998
5.140000000000001,15.309800000000003,15.109800000000003,10.280000000000001
5.150000000000002,15.36125000000001,15.161250000000011,10.300000000000004
5.16,15.4128,15.212800000000001,10.32
5.170000000000002,15.464450000000008,15.264450000000009,10.340000000000003
5.18,15.516199999999998,15.316199999999998,10.36
5.190000000000001,15.568050000000007,15.368050000000007,10.380000000000003
5.199999999999999,15.619999999999996,15.419999999999996,10.399999999999999
5.210000000000001,15.672050000000004,15.472050000000005,10.420000000000002
5.219999999999999,15.724199999999994,15.524199999999995,10.439999999999998
5.23,15.776450000000002,15.576450000000003,10.46
5.240000000000002,15.82880000000001,15.62880000000001,10.480000000000004
5.25,15.88125,15.68125,10.5
5.260000000000002,15.933800000000009,15.73380000000001,10.520000000000003
5.27,15.986449999999998,15.786449999999999,10.54
5.280000000000001,16.039200000000008,15.839200000000007,10.560000000000002
5.289999999999999,16.092049999999997,15.892049999999996,10.579999999999998
5.300000000000001,16.145000000000003,15.945000000000002,10.600000000000001
5.309999999999999,16.198049999999995,15.998049999999994,10.619999999999997
5.32,16.251200000000004,16.0512,10.64
5.330000000000002,16.30445000000001,16.104450000000007,10.660000000000004
5.34,16.3578,16.157799999999998,10.68
5.350000000000001,16.41125000000001,16.211250000000007,10.700000000000003
5.359999999999999,16.464799999999997,16.264799999999994,10.719999999999999
5.370000000000001,16.51845000000001,16.318450000000006,10.740000000000002
5.379999999999999,16.572199999999995,16.372199999999992,10.759999999999998
5.390000000000001,16.626050000000006,16.426050000000004,10.780000000000001
5.400000000000002,16.680000000000014,16.48000000000001,10.800000000000004
5.41,16.734050000000003,16.53405,10.82
5.420000000000002,16.78820000000001,16.588200000000008,10.840000000000003
5.43,16.84245,16.642449999999997,10.86
5.440000000000001,16.896800000000006,16.696800000000003,10.880000000000003
5.449999999999999,16.951249999999998,16.751249999999995,10.899999999999999
5.460000000000001,17.005800000000008,16.805800000000005,10.920000000000002
5.469999999999999,17.060449999999996,16.860449999999993,10.939999999999998
5.48,17.1152,16.9152,10.96
5.490000000000002,17.17005000000001,16.970050000000008,10.980000000000004
5.5,17.225,17.025,11.0
5.510000000000002,17.28005000000001,17.080050000000007,11.020000000000003
5.52,17.3352,17.135199999999998,11.04
5.530000000000001,17.39045000000001,17.190450000000006,11.060000000000002
5.539999999999999,17.4458,17.245799999999996,11.079999999999998
5.550000000000001,17.501250000000006,17.301250000000003,11.100000000000001
5.559999999999999,17.556799999999996,17.356799999999993,11.119999999999997
5.57,17.612450000000003,17.41245,11.14
5.580000000000002,17.668200000000013,17.46820000000001,11.160000000000004
5.59,17.72405,17.524049999999995,11.18
5.600000000000001,17.78000000000001,17.580000000000005,11.200000000000003
5.609999999999999,17.83605,17.636049999999997,11.219999999999999
5.620000000000001,17.89220000000001,17.692200000000007,11.240000000000002
5.629999999999999,17.948449999999994,17.74844999999999,11.259999999999998
5.640000000000001,18.004800000000003,17.8048,11.280000000000001
5.650000000000002,18.061250000000015,17.861250000000013,11.300000000000004
5.66,18.117800000000003,17.9178,11.32
5.670000000000002,18.17445000000001,17.974450000000008,11.340000000000003
5.68,18.2312,18.0312,11.36
5.690000000000001,18.28805000000001,18.088050000000006,11.380000000000003
5.699999999999999,18.345,18.144999999999996,11.399999999999999
5.710000000000001,18.402050000000006,18.202050000000003,11.420000000000002
5.719999999999999,18.459199999999996,18.259199999999993,11.439999999999998
5.73,18.516450000000003,18.31645,11.46
5.740000000000002,18.573800000000013,18.37380000000001,11.480000000000004
5.75,18.63125,18.43125,11.5
5.760000000000002,18.68880000000001,18.48880000000001,11.520000000000003
5.77,18.74645,18.546449999999997,11.54
5.780000000000001,18.80420000000001,18.604200000000006,11.560000000000002
5.789999999999999,18.862049999999996,18.662049999999994,11.579999999999998
5.800000000000001,18.920000000000005,18.720000000000002,11.600000000000001
5.809999999999999,18.978049999999993,18.77804999999999,11.619999999999997
5.82,19.036200000000004,18.8362,11.64
5.830000000000002,19.094450000000013,18.89445000000001,11.660000000000004
5.84,19.1528,18.952799999999996,11.68
5.850000000000001,19.21125000000001,19.011250000000008,11.700000000000003
5.859999999999999,19.269799999999996,19.069799999999994,11.719999999999999
5.870000000000001,19.328450000000007,19.128450000000004,11.740000000000002
5.879999999999999,19.387199999999996,19.187199999999994,11.759999999999998
5.890000000000001,19.446050000000003,19.24605,11.780000000000001
5.900000000000002,19.505000000000013,19.30500000000001,11.800000000000004
5.91,19.56405,19.36405,11.82
5.920000000000002,19.62320000000001,19.42320000000001,11.840000000000003
5.93,19.68245,19.482449999999996,11.86
5.940000000000001,19.74180000000001,19.541800000000006,11.880000000000003
5.949999999999999,19.801249999999996,19.601249999999993,11.899999999999999
5.960000000000001,19.86080000000001,19.660800000000005,11.920000000000002
5.969999999999999,19.920449999999995,19.720449999999992,11.939999999999998
5.98,19.980200000000004,19.7802,11.96
5.990000000000002,20.040050000000015,19.840050000000012,11.980000000000004
6.0,20.1,19.9,12.0
6.010000000000002,20.160050000000012,19.96005000000001,12.020000000000003
6.02,20.2202,20.020199999999996,12.04
6.030000000000001,20.28045000000001,20.080450000000006,12.060000000000002
6.039999999999999,20.340799999999998,20.140799999999995,12.079999999999998
6.050000000000001,20.401250000000005,20.20125,12.100000000000001
6.059999999999999,20.461799999999993,20.26179999999999,12.119999999999997
6.07,20.522450000000003,20.32245,12.14
6.080000000000002,20.583200000000012,20.38320000000001,12.160000000000004
6.09,20.64405,20.444049999999997,12.18
6.100000000000001,20.70500000000001,20.505000000000006,12.200000000000003
6.109999999999999,20.766049999999996,20.566049999999994,12.219999999999999
6.120000000000001,20.82720000000001,20.627200000000006,12.240000000000002
6.129999999999999,20.888449999999995,20.688449999999992,12.259999999999998
6.140000000000001,20.949800000000003,20.7498,12.280000000000001
6.150000000000002,21.011250000000015,20.811250000000012,12.300000000000004
6.16,21.0728,20.872799999999998,12.32
6.170000000000002,21.13445000000001,20.93445000000001,12.340000000000003
6.18,21.1962,20.996199999999998,12.36
6.190000000000001,21.258050000000008,21.058050000000005,12.380000000000003
6.199999999999999,21.319999999999997,21.119999999999994,12.399999999999999
6.210000000000001,21.382050000000007,21.182050000000004,12.420000000000002
6.219999999999999,21.444199999999995,21.244199999999992,12.439999999999998
6.23,21.506450000000005,21.30645,12.46
6.240000000000002,21.568800000000014,21.36880000000001,12.480000000000004
6.25,21.63125,21.43125,12.5
6.260000000000002,21.69380000000001,21.493800000000007,12.520000000000003
6.27,21.756449999999997,21.556449999999995,12.54
6.280000000000001,21.81920000000001,21.619200000000006,12.560000000000002
6.289999999999999,21.882049999999996,21.682049999999993,12.579999999999998
6.300000000000001,21.945000000000007,21.745000000000005,12.600000000000001
6.309999999999999,22.008049999999994,21.80804999999999,12.619999999999997
6.32,22.071200000000005,21.8712,12.64
6.330000000000002,22.13445000000001,21.93445000000001,12.660000000000004
6.34,22.1978,21.997799999999998,12.68
6.350000000000001,22.26125000000001,22.06125000000001,12.700000000000003
6.359999999999999,22.324799999999996,22.124799999999993,12.719999999999999
6.370000000000001,22.38845000000001,22.188450000000007,12.740000000000002
6.379999999999999,22.452199999999994,22.25219999999999,12.759999999999998
6.390000000000001,22.516050000000003,22.31605,12.780000000000001
6.400000000000002,22.580000000000016,22.380000000000013,12.800000000000004
6.41,22.644050000000004,22.44405,12.82
6.420000000000002,22.708200000000012,22.50820000000001,12.840000000000003
6.43,22.77245,22.572449999999996,12.86
6.440000000000001,22.83680000000001,22.636800000000008,12.880000000000003
6.449999999999999,22.901249999999997,22.701249999999995,12.899999999999999
6.460000000000001,22.96580000000001,22.765800000000006,12.920000000000002
6.469999999999999,23.030449999999995,22.830449999999992,12.939999999999998
6.48,23.095200000000006,22.895200000000003,12.96
6.490000000000002,23.160050000000016,22.960050000000013,12.980000000000004
6.5,23.225,23.025,13.0
6.510000000000002,23.29005000000001,23.09005000000001,13.020000000000003
6.52,23.3552,23.155199999999997,13.04
6.530000000000001,23.42045000000001,23.220450000000007,13.060000000000002
6.539999999999999,23.485799999999998,23.285799999999995,13.079999999999998
6.550000000000001,23.551250000000007,23.351250000000004,13.100000000000001
6.559999999999999,23.616799999999994,23.41679999999999,13.119999999999997
6.57,23.682450000000003,23.48245,13.14
6.580000000000002,23.748200000000015,23.548200000000012,13.160000000000004
6.59,23.81405,23.61405,13.18
6.600000000000001,23.88000000000001,23.680000000000007,13.200000000000003
6.609999999999999,23.946049999999996,23.746049999999993,13.219999999999999
6.620000000000001,24.012200000000007,23.812200000000004,13.240000000000002
6.629999999999999,24.078449999999997,23.878449999999994,13.259999999999998
6.640000000000001,24.144800000000004,23.9448,13.280000000000001
6.650000000000002,24.211250000000014,24.01125000000001,13.300000000000004
6.66,24.277800000000003,24.0778,13.32
6.670000000000002,24.344450000000013,24.14445000000001,13.340000000000003
6.68,24.4112,24.211199999999998,13.36
6.690000000000001,24.47805000000001,24.278050000000007,13.380000000000003
6.699999999999999,24.544999999999998,24.344999999999995,13.399999999999999
6.710000000000001,24.612050000000007,24.412050000000004,13.420000000000002
6.719999999999999,24.679199999999994,24.47919999999999,13.439999999999998
6.73,24.746450000000003,24.54645,13.46
6.740000000000002,24.813800000000015,24.613800000000012,13.480000000000004
6.75,24.88125,24.68125,13.5
6.760000000000002,24.948800000000013,24.74880000000001,13.520000000000003
6.77,25.01645,24.816449999999996,13.54
6.780000000000001,25.08420000000001,24.884200000000007,13.560000000000002
6.789999999999999,25.152049999999996,24.952049999999993,13.579999999999998
6.800000000000001,25.220000000000006,25.020000000000003,13.600000000000001
6.809999999999999,25.28804999999999,25.08804999999999,13.619999999999997
6.82,25.356200000000005,25.156200000000002,13.64
6.830000000000002,25.424450000000014,25.22445000000001,13.660000000000004
6.84,25.4928,25.292799999999996,13.68
6.850000000000001,25.561250000000012,25.36125000000001,13.700000000000003
6.859999999999999,25.629799999999996,25.429799999999993,13.719999999999999
6.870000000000001,25.69845000000001,25.498450000000005,13.740000000000002
6.879999999999999,25.767199999999995,25.567199999999993,13.759999999999998
6.890000000000001,25.836050000000004,25.63605,13.780000000000001
6.900000000000002,25.905000000000015,25.705000000000013,13.800000000000004
6.91,25.974050000000002,25.77405,13.82
6.920000000000002,26.043200000000013,25.84320000000001,13.840000000000003
6.93,26.11245,25.912449999999996,13.86
6.940000000000001,26.18180000000001,25.981800000000007,13.880000000000003
6.949999999999999,26.251249999999995,26.051249999999992,13.899999999999999
6.960000000000001,26.32080000000001,26.120800000000006,13.920000000000002
6.969999999999999,26.390449999999994,26.19044999999999,13.939999999999998
6.98,26.460200000000004,26.2602,13.96
6.990000000000002,26.530050000000017,26.330050000000014,13.980000000000004
7.0,26.6,26.4,14.0
7.010000000000002,26.670050000000014,26.47005000000001,14.020000000000003
7.02,26.740199999999998,26.540199999999995,14.04
7.030000000000001,26.81045000000001,26.610450000000007,14.060000000000002
7.039999999999999,26.880799999999997,26.680799999999994,14.079999999999998
7.050000000000001,26.951250000000005,26.751250000000002,14.100000000000001
7.059999999999999,27.021799999999992,26.82179999999999,14.119999999999997
7.07,27.092450000000003,26.89245,14.14
7.080000000000002,27.163200000000014,26.96320000000001,14.160000000000004
7.09,27.23405,27.034049999999997,14.18
7.100000000000001,27.30500000000001,27.105000000000008,14.200000000000003
7.109999999999999,27.376049999999996,27.176049999999993,14.219999999999999
7.120000000000001,27.44720000000001,27.247200000000007,14.240000000000002
7.129999999999999,27.518449999999994,27.31844999999999,14.259999999999998
7.140000000000001,27.589800000000004,27.3898,14.280000000000001
7.150000000000002,27.661250000000017,27.461250000000014,14.300000000000004
7.16,27.7328,27.532799999999998,14.32
7.170000000000002,27.804450000000013,27.60445000000001,14.340000000000003
7.18,27.8762,27.676199999999998,14.36
7.190000000000001,27.94805000000001,27.748050000000006,14.380000000000003
7.199999999999999,28.019999999999996,27.819999999999993,14.399999999999999
7.210000000000001,28.092050000000008,27.892050000000005,14.420000000000002
7.219999999999999,28.164199999999994,27.96419999999999,14.439999999999998
7.23,28.236450000000005,28.036450000000002,14.46
7.240000000000002,28.308800000000016,28.108800000000013,14.480000000000004
7.25,28.38125,28.18125,14.5
7.260000000000002,28.45380000000001,28.25380000000001,14.520000000000003
7.27,28.526449999999997,28.326449999999994,14.54
7.280000000000001,28.59920000000001,28.399200000000008,14.560000000000002
7.289999999999999,28.672049999999995,28.472049999999992,14.579999999999998
7.300000000000001,28.745000000000008,28.545000000000005,14.600000000000001
7.309999999999999,28.818049999999992,28.61804999999999,14.619999999999997
7.32,28.891200000000005,28.691200000000002,14.64
7.330000000000002,28.964450000000014,28.76445000000001,14.660000000000004
7.34,29.0378,28.837799999999998,14.68
7.350000000000001,29.111250000000013,28.91125000000001,14.700000000000003
7.359999999999999,29.184799999999996,28.984799999999993,14.719999999999999
7.370000000000001,29.25845000000001,29.058450000000008,14.740000000000002
7.379999999999999,29.332199999999993,29.13219999999999,14.759999999999998
7.390000000000001,29.406050000000004,29.20605,14.780000000000001
7.400000000000002,29.480000000000018,29.280000000000015,14.800000000000004
7.41,29.554050000000004,29.35405,14.82
7.420000000000002,29.628200000000014,29.42820000000001,14.840000000000003
7.43,29.70245,29.502449999999996,14.86
7.440000000000001,29.776800000000012,29.57680000000001,14.880000000000003
7.449999999999999,29.851249999999997,29.651249999999994,14.899999999999999
7.460000000000001,29.92580000000001,29.725800000000007,14.920000000000002
7.469999999999999,30.000449999999994,29.80044999999999,14.939999999999998
7.48,30.075200000000006,29.875200000000003,14.96
7.490000000000002,30.150050000000018,29.950050000000015,14.980000000000004
7.5,30.225,30.025,15.0
7.510000000000002,30.300050000000013,30.10005000000001,15.020000000000003
7.52,30.3752,30.175199999999997,15.04
7.530000000000001,30.45045000000001,30.250450000000008,15.060000000000002
7.539999999999999,30.525799999999997,30.325799999999994,15.079999999999998
7.550000000000001,30.601250000000007,30.401250000000005,15.100000000000001
7.559999999999999,30.676799999999993,30.47679999999999,15.119999999999997
7.57,30.752450000000003,30.55245,15.14
7.580000000000002,30.828200000000017,30.628200000000014,15.160000000000004
7.59,30.90405,30.70405,15.18
7.600000000000001,30.98000000000001,30.78000000000001,15.200000000000003
7.609999999999999,31.056049999999995,30.856049999999993,15.219999999999999
7.620000000000001,31.132200000000008,30.932200000000005,15.240000000000002
7.629999999999999,31.208449999999996,31.008449999999993,15.259999999999998
7.640000000000001,31.284800000000004,31.0848,15.280000000000001
7.650000000000002,31.361250000000016,31.161250000000013,15.300000000000004
7.66,31.437800000000003,31.2378,15.32
7.670000000000002,31.514450000000014,31.31445000000001,15.340000000000003
7.68,31.5912,31.391199999999998,15.36
7.690000000000001,31.66805000000001,31.46805000000001,15.380000000000003
7.699999999999999,31.744999999999997,31.544999999999995,15.399999999999999
7.710000000000001,31.822050000000008,31.622050000000005,15.420000000000002
7.719999999999999,31.899199999999993,31.69919999999999,15.439999999999998
7.73,31.976450000000003,31.77645,15.46
7.740000000000002,32.05380000000002,31.853800000000014,15.480000000000004
7.75,32.13125,31.93125,15.5
7.760000000000002,32.20880000000002,32.008800000000015,15.520000000000003
7.77,32.286449999999995,32.08644999999999,15.54
7.780000000000001,32.36420000000001,32.16420000000001,15.560000000000002
7.789999999999999,32.442049999999995,32.24204999999999,15.579999999999998
7.800000000000001,32.52,32.32,15.600000000000001
7.809999999999999,32.59804999999999,32.39804999999999,15.619999999999997
7.82,32.6762,32.4762,15.64
7.830000000000002,32.75445000000001,32.55445000000001,15.660000000000004
7.84,32.8328,32.632799999999996,15.68
7.850000000000001,32.91125000000002,32.711250000000014,15.700000000000003
7.859999999999999,32.989799999999995,32.78979999999999,15.719999999999999
7.870000000000001,33.068450000000006,32.86845,15.740000000000002
7.879999999999999,33.14719999999999,32.94719999999999,15.759999999999998
7.890000000000001,33.22605000000001,33.026050000000005,15.780000000000001
7.900000000000002,33.305000000000014,33.10500000000001,15.800000000000004
7.91,33.38405,33.18405,15.82
7.920000000000002,33.463200000000015,33.26320000000001,15.840000000000003
7.93,33.542449999999995,33.34244999999999,15.86
7.940000000000001,33.621800000000015,33.42180000000001,15.880000000000003
7.949999999999999,33.701249999999995,33.50124999999999,15.899999999999999
7.960000000000001,33.780800000000006,33.5808,15.920000000000002
7.969999999999999,33.86044999999999,33.66044999999999,15.939999999999998
7.98,33.940200000000004,33.7402,15.96
7.990000000000002,34.02005000000002,33.820050000000016,15.980000000000004
8.0,34.1,33.9,16.0
8.010000000000002,34.180050000000016,33.98005000000001,16.020000000000003
8.02,34.2602,34.060199999999995,16.04
8.030000000000001,34.34045000000001,34.14045000000001,16.060000000000002
8.04,34.42079999999999,34.22079999999999,16.08
8.05,34.501250000000006,34.30125,16.1
8.059999999999999,34.581799999999994,34.38179999999999,16.119999999999997
8.07,34.66245000000001,34.462450000000004,16.14
8.080000000000002,34.743200000000016,34.54320000000001,16.160000000000004
8.09,34.82405,34.62405,16.18
8.100000000000001,34.905000000000015,34.70500000000001,16.200000000000003
8.11,34.98605,34.786049999999996,16.22
8.120000000000001,35.06720000000001,34.867200000000004,16.240000000000002
8.129999999999999,35.14845,34.948449999999994,16.259999999999998
8.14,35.229800000000004,35.0298,16.28
8.150000000000002,35.311250000000015,35.11125000000001,16.300000000000004
8.16,35.3928,35.1928,16.32
8.170000000000002,35.47445000000002,35.274450000000016,16.340000000000003
8.18,35.5562,35.356199999999994,16.36
8.190000000000001,35.638050000000014,35.43805000000001,16.380000000000003
8.2,35.72,35.519999999999996,16.4
8.21,35.80205000000001,35.602050000000006,16.42
8.219999999999999,35.88419999999999,35.68419999999999,16.439999999999998
8.23,35.96645,35.76645,16.46
8.240000000000002,36.04880000000002,35.84880000000002,16.480000000000004
8.25,36.13125,35.93125,16.5
8.260000000000002,36.21380000000001,36.01380000000001,16.520000000000003
8.27,36.29645,36.09645,16.54
8.280000000000001,36.37920000000001,36.17920000000001,16.560000000000002
8.29,36.46205,36.262049999999995,16.58
8.3,36.54500000000001,36.345000000000006,16.6
8.309999999999999,36.62804999999999,36.428049999999985,16.619999999999997
8.32,36.711200000000005,36.5112,16.64
8.330000000000002,36.79445000000002,36.594450000000016,16.660000000000004
8.34,36.8778,36.6778,16.68
8.350000000000001,36.961250000000014,36.76125000000001,16.700000000000003
8.36,37.044799999999995,36.84479999999999,16.72
8.370000000000001,37.12845000000001,36.928450000000005,16.740000000000002
8.379999999999999,37.212199999999996,37.01219999999999,16.759999999999998
8.39,37.29605000000001,37.096050000000005,16.78
8.400000000000002,37.38000000000002,37.180000000000014,16.800000000000004
8.41,37.46405,37.26405,16.82
8.420000000000002,37.548200000000016,37.34820000000001,16.840000000000003
8.43,37.63245,37.432449999999996,16.86
8.440000000000001,37.71680000000001,37.51680000000001,16.880000000000003
8.45,37.801249999999996,37.60124999999999,16.9
8.46,37.88580000000001,37.68580000000001,16.92
8.469999999999999,37.97044999999999,37.77044999999999,16.939999999999998
8.48,38.055200000000006,37.8552,16.96
8.490000000000002,38.140050000000016,37.940050000000014,16.980000000000004
8.5,38.225,38.025,17.0
8.510000000000002,38.31005000000002,38.110050000000015,17.020000000000003
8.52,38.395199999999996,38.19519999999999,17.04
8.530000000000001,38.48045000000001,38.28045000000001,17.060000000000002
8.54,38.565799999999996,38.36579999999999,17.08
8.55,38.651250000000005,38.45125,17.1
8.559999999999999,38.73679999999999,38.536799999999985,17.119999999999997
8.57,38.82245,38.62245,17.14
8.580000000000002,38.908200000000015,38.70820000000001,17.160000000000004
8.59,38.99405,38.79405,17.18
8.600000000000001,39.08000000000001,38.88000000000001,17.200000000000003
8.61,39.16605,38.966049999999996,17.22
8.620000000000001,39.25220000000001,39.052200000000006,17.240000000000002
8.629999999999999,39.338449999999995,39.13844999999999,17.259999999999998
8.64,39.424800000000005,39.2248,17.28
8.650000000000002,39.51125000000002,39.311250000000015,17.300000000000004
8.66,39.5978,39.3978,17.32
8.670000000000002,39.68445000000002,39.48445000000002,17.340000000000003
8.68,39.7712,39.5712,17.36
8.690000000000001,39.85805000000001,39.65805000000001,17.380000000000003
8.7,39.94499999999999,39.74499999999999,17.4
8.71,40.03205000000001,39.83205000000001,17.42
8.719999999999999,40.11919999999999,39.91919999999999,17.439999999999998
8.73,40.206450000000004,40.00645,17.46
8.740000000000002,40.29380000000002,40.093800000000016,17.480000000000004
8.75,40.38125,40.18125,17.5
8.760000000000002,40.468800000000016,40.26880000000001,17.520000000000003
8.77,40.55645,40.356449999999995,17.54
8.780000000000001,40.64420000000001,40.44420000000001,17.560000000000002
8.79,40.732049999999994,40.53204999999999,17.58
8.8,40.82000000000001,40.620000000000005,17.6
8.809999999999999,40.90804999999999,40.708049999999986,17.619999999999997
8.82,40.9962,40.7962,17.64
8.830000000000002,41.08445000000002,40.884450000000015,17.660000000000004
8.84,41.1728,40.9728,17.68
8.850000000000001,41.26125000000001,41.06125000000001,17.700000000000003
8.86,41.349799999999995,41.14979999999999,17.72
8.870000000000001,41.43845000000001,41.23845000000001,17.740000000000002
8.879999999999999,41.52719999999999,41.32719999999999,17.759999999999998
8.89,41.61605000000001,41.416050000000006,17.78
8.900000000000002,41.70500000000002,41.50500000000002,17.800000000000004
8.91,41.794050000000006,41.59405,17.82
8.920000000000002,41.883200000000016,41.683200000000014,17.840000000000003
8.93,41.97245,41.77245,17.86
8.940000000000001,42.06180000000001,41.86180000000001,17.880000000000003
8.95,42.15125,41.951249999999995,17.9
8.96,42.24080000000001,42.040800000000004,17.92
8.969999999999999,42.33044999999999,42.13044999999999,17.939999999999998
8.98,42.42020000000001,42.220200000000006,17.96
8.990000000000002,42.51005000000002,42.31005000000002,17.980000000000004
9.0,42.6,42.4,18.0
9.010000000000002,42.690050000000014,42.49005000000001,18.020000000000003
9.02,42.7802,42.5802,18.04
9.030000000000001,42.87045000000001,42.67045000000001,18.060000000000002
9.04,42.96079999999999,42.76079999999999,18.08
9.05,43.05125000000001,42.85125000000001,18.1
9.059999999999999,43.14179999999999,42.941799999999986,18.119999999999997
9.07,43.23245000000001,43.032450000000004,18.14
9.080000000000002,43.32320000000002,43.12320000000002,18.160000000000004
9.09,43.41405,43.21405,18.18
9.100000000000001,43.50500000000002,43.305000000000014,18.200000000000003
9.11,43.59605,43.396049999999995,18.22
9.120000000000001,43.68720000000001,43.48720000000001,18.240000000000002
9.129999999999999,43.77844999999999,43.57844999999999,18.259999999999998
9.14,43.869800000000005,43.6698,18.28
9.150000000000002,43.96125000000002,43.76125000000002,18.300000000000004
9.16,44.052800000000005,43.8528,18.32
9.170000000000002,44.14445000000002,43.94445000000002,18.340000000000003
9.18,44.2362,44.036199999999994,18.36
9.190000000000001,44.32805000000001,44.12805000000001,18.380000000000003
9.2,44.419999999999995,44.21999999999999,18.4
9.21,44.51205000000001,44.312050000000006,18.42
9.219999999999999,44.60419999999999,44.40419999999999,18.439999999999998
9.23,44.696450000000006,44.49645,18.46
9.240000000000002,44.78880000000002,44.58880000000002,18.480000000000004
9.25,44.88125,44.68125,18.5
9.260000000000002,44.97380000000002,44.773800000000016,18.520000000000003
9.27,45.066449999999996,44.86644999999999,18.54
9.280000000000001,45.15920000000001,44.95920000000001,18.560000000000002
9.29,45.25205,45.052049999999994,18.58
9.3,45.345000000000006,45.145,18.6
9.309999999999999,45.43804999999999,45.23804999999999,18.619999999999997
9.32,45.531200000000005,45.3312,18.64
9.330000000000002,45.62445000000002,45.424450000000014,18.660000000000004
9.34,45.7178,45.517799999999994,18.68
9.350000000000001,45.811250000000015,45.61125000000001,18.700000000000003
9.36,45.904799999999994,45.70479999999999,18.72
9.370000000000001,45.99845000000001,45.79845000000001,18.740000000000002
9.379999999999999,46.09219999999999,45.89219999999999,18.759999999999998
9.39,46.18605000000001,45.986050000000006,18.78
9.400000000000002,46.28000000000002,46.08000000000002,18.800000000000004
9.41,46.374050000000004,46.17405,18.82
9.420000000000002,46.46820000000002,46.268200000000014,18.840000000000003
9.43,46.56245,46.362449999999995,18.86
9.440000000000001,46.65680000000001,46.45680000000001,18.880000000000003
9.45,46.75124999999999,46.55124999999999,18.9
9.46,46.84580000000001,46.64580000000001,18.92
9.469999999999999,46.94044999999999,46.74044999999999,18.939999999999998
9.48,47.0352,46.8352,18.96
9.490000000000002,47.13005000000002,46.930050000000016,18.980000000000004
9.5,47.225,47.025,19.0
9.510000000000002,47.320050000000016,47.12005000000001,19.020000000000003
9.52,47.4152,47.215199999999996,19.04
9.530000000000001,47.51045000000001,47.31045000000001,19.060000000000002
9.54,47.605799999999995,47.40579999999999,19.08
9.55,47.70125000000001,47.501250000000006,19.1
9.559999999999999,47.79679999999999,47.59679999999999,19.119999999999997
9.57,47.892450000000004,47.69245,19.14
9.580000000000002,47.98820000000002,47.78820000000002,19.160000000000004
9.59,48.08405,47.884049999999995,19.18
9.600000000000001,48.180000000000014,47.98000000000001,19.200000000000003
9.61,48.27605,48.076049999999995,19.22
9.620000000000001,48.372200000000014,48.17220000000001,19.240000000000002
9.629999999999999,48.46844999999999,48.26844999999999,19.259999999999998
9.64,48.564800000000005,48.3648,19.28
9.650000000000002,48.661250000000024,48.46125000000002,19.300000000000004
9.66,48.7578,48.5578,19.32
9.670000000000002,48.85445000000002,48.65445000000002,19.340000000000003
9.68,48.9512,48.7512,19.36
9.690000000000001,49.04805000000001,48.84805000000001,19.380000000000003
9.7,49.144999999999996,48.94499999999999,19.4
9.71,49.24205000000001,49.04205000000001,19.42
9.719999999999999,49.33919999999999,49.13919999999999,19.439999999999998
9.73,49.43645000000001,49.236450000000005,19.46
9.740000000000002,49.53380000000002,49.33380000000002,19.480000000000004
9.75,49.63125,49.43125,19.5
9.760000000000002,49.728800000000014,49.52880000000001,19.520000000000003
9.77,49.826449999999994,49.62644999999999,19.54
9.780000000000001,49.92420000000001,49.72420000000001,19.560000000000002
9.79,50.02204999999999,49.82204999999999,19.58
9.8,50.12000000000001,49.92000000000001,19.6
9.809999999999999,50.21804999999999,50.01804999999999,19.619999999999997
9.82,50.3162,50.1162,19.64
9.830000000000002,50.414450000000016,50.214450000000014,19.660000000000004
9.84,50.5128,50.312799999999996,19.68
9.850000000000001,50.61125000000001,50.41125000000001,19.700000000000003
9.86,50.709799999999994,50.50979999999999,19.72
9.870000000000001,50.808450000000015,50.60845000000001,19.740000000000002
9.879999999999999,50.90719999999999,50.707199999999986,19.759999999999998
9.89,51.00605000000001,50.806050000000006,19.78
9.900000000000002,51.105000000000025,50.90500000000002,19.800000000000004
9.91,51.20405,51.00405,19.82
9.920000000000002,51.30320000000002,51.103200000000015,19.840000000000003
9.93,51.40245,51.20245,19.86
9.940000000000001,51.50180000000002,51.301800000000014,19.880000000000003
9.95,51.60124999999999,51.40124999999999,19.9
9.96,51.70080000000001,51.500800000000005,19.92
9.969999999999999,51.80044999999999,51.60044999999999,19.939999999999998
9.98,51.900200000000005,51.7002,19.96
9.990000000000002,52.00005000000002,51.80005000000002,19.980000000000004
10.0,52.1,51.9,20.0
10.010000000000002,52.20005000000002,52.000050000000016,20.020000000000003
10.02,52.3002,52.100199999999994,20.04
10.030000000000001,52.40045000000001,52.20045000000001,20.060000000000002
10.04,52.50079999999999,52.30079999999999,20.08
10.05,52.60125000000001,52.401250000000005,20.1
10.059999999999999,52.70179999999999,52.50179999999999,20.119999999999997
10.07,52.80245000000001,52.602450000000005,20.14
10.080000000000002,52.90320000000002,52.70320000000002,20.160000000000004
10.09,53.00405,52.80405,20.18
10.100000000000001,53.10500000000002,52.905000000000015,20.200000000000003
10.11,53.20605,53.006049999999995,20.22
10.120000000000001,53.30720000000001,53.107200000000006,20.240000000000002
10.129999999999999,53.408449999999995,53.20844999999999,20.259999999999998
10.14,53.509800000000006,53.3098,20.28
10.150000000000002,53.61125000000002,53.41125000000002,20.300000000000004
10.16,53.7128,53.5128,20.32
10.170000000000002,53.81445000000002,53.61445000000002,20.340000000000003
10.18,53.916199999999996,53.71619999999999,20.36
10.190000000000001,54.01805000000002,53.818050000000014,20.380000000000003
10.2,54.12,53.919999999999995,20.4
10.21,54.22205000000001,54.02205000000001,20.42
10.219999999999999,54.32419999999999,54.12419999999999,20.439999999999998
10.23,54.42645,54.22645,20.46
10.240000000000002,54.528800000000025,54.32880000000002,20.480000000000004
10.25,54.63125,54.43125,20.5
10.260000000000002,54.733800000000016,54.533800000000014,20.520000000000003
10.27,54.83645,54.636449999999996,20.54
10.280000000000001,54.939200000000014,54.73920000000001,20.560000000000002
10.29,55.042049999999996,54.84204999999999,20.58
10.3,55.14500000000001,54.94500000000001,20.6
10.309999999999999,55.248049999999985,55.04804999999998,20.619999999999997
10.32,55.351200000000006,55.1512,20.64
10.330000000000002,55.45445000000002,55.25445000000002,20.660000000000004
10.34,55.5578,55.3578,20.68
10.350000000000001,55.66125000000002,55.461250000000014,20.700000000000003
10.36,55.764799999999994,55.56479999999999,20.72
10.370000000000001,55.86845000000001,55.66845000000001,20.740000000000002
10.379999999999999,55.972199999999994,55.77219999999999,20.759999999999998
10.39,56.07605000000001,55.876050000000006,20.78
10.400000000000002,56.18000000000002,55.98000000000002,20.800000000000004
10.41,56.28405,56.08405,20.82
10.420000000000002,56.38820000000002,56.188200000000016,20.840000000000003
10.43,56.49245,56.292449999999995,20.86
10.440000000000001,56.596800000000016,56.39680000000001,20.880000000000003
10.45,56.701249999999995,56.50124999999999,20.9
10.46,56.80580000000001,56.60580000000001,20.92
10.469999999999999,56.91044999999999,56.71044999999999,20.939999999999998
10.48,57.01520000000001,56.815200000000004,20.96
10.490000000000002,57.12005000000002,56.92005000000002,20.980000000000004
10.5,57.225,57.025,21.0
10.510000000000002,57.33005000000002,57.13005000000002,21.020000000000003
10.52,57.435199999999995,57.23519999999999,21.04
10.530000000000001,57.540450000000014,57.34045000000001,21.060000000000002
10.54,57.645799999999994,57.44579999999999,21.08
10.55,57.751250000000006,57.55125,21.1
10.559999999999999,57.856799999999986,57.65679999999998,21.119999999999997
10.57,57.962450000000004,57.76245,21.14
10.580000000000002,58.06820000000002,57.868200000000016,21.160000000000004
10.59,58.17405,57.97405,21.18
10.600000000000001,58.280000000000015,58.08000000000001,21.200000000000003
10.61,58.38605,58.186049999999994,21.22
10.620000000000001,58.49220000000001,58.29220000000001,21.240000000000002
10.629999999999999,58.59844999999999,58.39844999999999,21.259999999999998
10.64,58.704800000000006,58.5048,21.28
10.650000000000002,58.81125000000002,58.61125000000002,21.300000000000004
10.66,58.9178,58.7178,21.32
10.670000000000002,59.02445000000002,58.82445000000002,21.340000000000003
10.68,59.1312,58.9312,21.36
10.690000000000001,59.238050000000015,59.03805000000001,21.380000000000003
10.7,59.34499999999999,59.14499999999999,21.4
10.71,59.452050000000014,59.25205000000001,21.42
10.719999999999999,59.55919999999999,59.35919999999999,21.439999999999998
10.73,59.666450000000005,59.46645,21.46
10.740000000000002,59.77380000000002,59.57380000000002,21.480000000000004
10.75,59.88125,59.68125,21.5
10.760000000000002,59.98880000000002,59.788800000000016,21.520000000000003
10.77,60.09645,59.896449999999994,21.54
10.780000000000001,60.204200000000014,60.00420000000001,21.560000000000002
10.79,60.31204999999999,60.11204999999999,21.58
10.8,60.42000000000001,60.220000000000006,21.6
10.809999999999999,60.528049999999986,60.32804999999998,21.619999999999997
10.82,60.6362,60.4362,21.64
10.830000000000002,60.74445000000002,60.54445000000002,21.660000000000004
10.84,60.8528,60.6528,21.68
10.850000000000001,60.961250000000014,60.76125000000001,21.700000000000003
10.86,61.069799999999994,60.86979999999999,21.72
10.870000000000001,61.17845000000001,60.97845000000001,21.740000000000002
10.879999999999999,61.28719999999999,61.08719999999999,21.759999999999998
10.89,61.39605000000001,61.19605000000001,21.78
10.900000000000002,61.505000000000024,61.30500000000002,21.800000000000004
10.91,61.614050000000006,61.41405,21.82
10.920000000000002,61.72320000000002,61.52320000000002,21.840000000000003
10.93,61.83245,61.63245,21.86
10.940000000000001,61.941800000000015,61.74180000000001,21.880000000000003
10.95,62.051249999999996,61.85124999999999,21.9
10.96,62.16080000000001,61.960800000000006,21.92
10.969999999999999,62.27044999999999,62.07044999999999,21.939999999999998
10.98,62.38020000000001,62.180200000000006,21.96
10.990000000000002,62.490050000000025,62.29005000000002,21.980000000000004
11.0,62.6,62.4,22.0
11.010000000000002,62.71005000000002,62.510050000000014,22.020000000000003
11.02,62.8202,62.6202,22.04
11.030000000000001,62.930450000000015,62.73045000000001,22.060000000000002
11.04,63.04079999999999,62.84079999999999,22.08
11.05,63.15125000000001,62.95125000000001,22.1
11.059999999999999,63.26179999999999,63.061799999999984,22.119999999999997
11.07,63.37245000000001,63.172450000000005,22.14
11.080000000000002,63.483200000000025,63.28320000000002,22.160000000000004
11.09,63.59405,63.39405,22.18
11.100000000000001,63.70500000000002,63.50500000000002,22.200000000000003
11.11,63.81605,63.616049999999994,22.22
11.120000000000001,63.92720000000001,63.72720000000001,22.240000000000002
11.129999999999999,64.03844999999998,63.83844999999999,22.259999999999998
11.14,64.1498,63.9498,22.28
11.150000000000002,64.26125000000002,64.06125000000003,22.300000000000004
11.16,64.3728,64.17280000000001,22.32
11.170000000000002,64.48445000000001,64.28445000000002,22.340000000000003
11.18,64.59619999999998,64.3962,22.36
11.190000000000001,64.70805000000001,64.50805000000003,22.380000000000003
11.2,64.82,64.62,22.4
11.21,64.93205,64.73205000000002,22.42
11.219999999999999,65.04419999999999,64.8442,22.439999999999998
11.23,65.15645,64.95645000000002,22.46
11.240000000000002,65.26880000000003,65.06880000000004,22.480000000000004
11.25,65.38125,65.18125,22.5
11.260000000000002,65.49380000000002,65.29380000000003,22.520000000000003
11.27,65.60645,65.40645,22.54
11.280000000000001,65.7192,65.51920000000001,22.560000000000002
11.29,65.83204999999998,65.63204999999999,22.58
11.3,65.945,65.745,22.6
11.309999999999999,66.05804999999998,65.85804999999999,22.619999999999997
11.32,66.1712,65.97120000000001,22.64
11.330000000000002,66.28445000000002,66.08445000000003,22.660000000000004
11.34,66.39779999999999,66.1978,22.68
11.350000000000001,66.51125,66.31125000000002,22.700000000000003
11.36,66.6248,66.4248,22.72
11.370000000000001,66.73845,66.53845000000001,22.740000000000002
11.379999999999999,66.85219999999998,66.6522,22.759999999999998
11.39,66.96605,66.76605,22.78
11.400000000000002,67.08000000000001,66.88000000000002,22.800000000000004
11.41,67.19404999999999,66.99405,22.82
11.420000000000002,67.30820000000001,67.10820000000002,22.840000000000003
11.43,67.42245,67.22245000000001,22.86
11.440000000000001,67.53680000000001,67.33680000000003,22.880000000000003
11.45,67.65124999999999,67.45125,22.9
11.46,67.7658,67.56580000000001,22.92
11.469999999999999,67.88044999999998,67.68045,22.939999999999998
11.48,67.9952,67.79520000000001,22.96
11.490000000000002,68.11005000000002,67.91005000000003,22.980000000000004
11.5,68.225,68.025,23.0
11.510000000000002,68.34005000000002,68.14005000000003,23.020000000000003
11.52,68.45519999999999,68.2552,23.04
11.530000000000001,68.57045000000001,68.37045000000002,23.060000000000002
11.54,68.68579999999999,68.4858,23.08
11.55,68.80125,68.60125000000001,23.1
11.559999999999999,68.91679999999998,68.71679999999999,23.119999999999997
11.57,69.03245,68.83245000000001,23.14
11.580000000000002,69.14820000000002,68.94820000000003,23.160000000000004
11.59,69.26405,69.06405000000001,23.18
11.600000000000001,69.38000000000001,69.18000000000002,23.200000000000003
11.61,69.49604999999998,69.29605,23.22
11.620000000000001,69.6122,69.41220000000001,23.240000000000002
11.629999999999999,69.72844999999998,69.52844999999999,23.259999999999998
11.64,69.8448,69.64480000000002,23.28
11.650000000000002,69.96125000000002,69.76125000000003,23.300000000000004
11.66,70.0778,69.87780000000001,23.32
11.670000000000002,70.19445000000002,69.99445000000003,23.340000000000003
11.68,70.31119999999999,70.1112,23.36
11.690000000000001,70.42805000000001,70.22805000000002,23.380000000000003
11.7,70.54499999999999,70.345,23.4
11.71,70.66205000000001,70.46205000000002,23.42
11.719999999999999,70.77919999999997,70.57919999999999,23.439999999999998
11.73,70.89645,70.69645000000001,23.46
11.740000000000002,71.01380000000002,70.81380000000003,23.480000000000004
11.75,71.13125,70.93125,23.5
11.760000000000002,71.24880000000002,71.04880000000003,23.520000000000003
11.77,71.36644999999999,71.16645,23.54
11.780000000000001,71.4842,71.28420000000001,23.560000000000002
11.79,71.60204999999999,71.40205,23.58
11.8,71.72,71.52000000000001,23.6
11.809999999999999,71.83804999999998,71.63804999999999,23.619999999999997
11.82,71.9562,71.7562,23.64
11.830000000000002,72.07445000000001,71.87445000000002,23.660000000000004
11.84,72.19279999999999,71.9928,23.68
11.850000000000001,72.31125000000002,72.11125000000003,23.700000000000003
11.86,72.42979999999999,72.2298,23.72
11.870000000000001,72.54845,72.34845000000001,23.740000000000002
11.879999999999999,72.66719999999998,72.46719999999999,23.759999999999998
11.89,72.78605,72.58605000000001,23.78
11.900000000000002,72.90500000000002,72.70500000000003,23.800000000000004
11.91,73.02405,72.82405000000001,23.82
11.920000000000002,73.14320000000002,72.94320000000003,23.840000000000003
11.93,73.26244999999999,73.06245,23.86
11.940000000000001,73.38180000000001,73.18180000000002,23.880000000000003
11.95,73.50124999999998,73.30125,23.9
11.96,73.6208,73.42080000000001,23.92
11.969999999999999,73.74044999999998,73.54044999999999,23.939999999999998
11.98,73.8602,73.66020000000002,23.96
11.990000000000002,73.98005000000002,73.78005000000003,23.980000000000004
12.0,74.1,73.9,24.0
