cut_type,cut_value,scan_coord,V11_hartree,V22_hartree,V33_hartree,V12_hartree,V23_hartree,V13_hartree,A1_hartree,A2_hartree,A3_hartree,V11_eV,V22_eV,V33_eV,V12_eV,V23_eV,V13_eV,A1_eV,A2_eV,A3_eV
y_fixed,0.0,-30.0,0.25104931951076953,0.17872665346908048,0.22929372078278176,0.0,-0.0,0.10782251126337174,0.13180168830163877,0.17872665346908045,0.34854135199191244,6.8314,4.8633999999999995,6.2394,0.0,-0.0,2.9339999999999997,3.5865066482492107,4.8633999999999995,9.484293351750788
y_fixed,0.0,-29.925,0.24989360041341419,0.1777517410368294,0.22822840501797856,0.0,-0.0,0.10755295498521332,0.13096390146440506,0.17775174103682936,0.34715810396698765,6.799951281249999,4.83687128125,6.21041128125,0.0,-0.0,2.9266650000000003,3.5637093070294394,4.836871281249999,9.44665325547056
y_fixed,0.0,-29.85,0.24874054793874928,0.17677949522726866,0.22716575587586574,0.0,-0.0,0.10728339870705489,0.13012877826537034,0.17677949522726866,0.3457775255492447,6.768575125000001,4.810415125,6.1814951250000005,0.0,-0.0,2.91933,3.5409844470975202,4.810415125,9.40908580290248
y_fixed,0.0,-29.775,0.2475901620867747,0.1758099160403983,0.22610577335644327,0.0,-0.0,0.10701384242889644,0.12929631868183056,0.1758099160403983,0.3443996167613874,6.73727153125,4.784031531249999,6.15265153125,0.0,-0.0,2.9119949999999997,3.518332067835645,4.784031531249999,9.371590994664356
y_fixed,0.0,-29.7,0.24644244285749045,0.17484300347621834,0.22504845745971117,0.0,-0.0,0.10674428615073803,0.1284665226908509,0.17484300347621837,0.3430243776263507,6.706040499999999,4.7577205,6.123880499999999,0.0,-0.0,2.90466,3.4957521686197253,4.7577205000000005,9.334168831380273
y_fixed,0.0,-29.625,0.24529739025089667,0.17387875753472873,0.22399380818566947,0.0,-0.0,0.1064747298725796,0.12763939026926338,0.17387875753472873,0.3416518081673028,6.67488203125,4.73148203125,6.09518203125,0.0,-0.0,2.897325,3.473244748819328,4.73148203125,9.296819313680674
y_fixed,0.0,-29.55,0.24415500426699321,0.1729171782159295,0.22294182553431813,0.0,-0.0,0.10620517359442117,0.12681492139366302,0.17291717821592945,0.34028190840764827,6.643796125000001,4.7053161249999995,6.066556125,0.0,-0.0,2.88999,3.450809807797571,4.705316124999998,9.259542442202427
y_fixed,0.0,-29.475,0.24301528490578014,0.17195826551982066,0.22189250950565717,0.0,-0.0,0.10593561731626275,0.12599311604040558,0.17195826551982066,0.33891467837103173,6.612782781250001,4.67922278125,6.038002781250001,0.0,-0.0,2.882655,3.4284473449110626,4.67922278125,9.22233821758894
y_fixed,0.0,-29.4,0.24187823216725737,0.17100201944640211,0.22084586009968651,0.0,-0.0,0.1056660610381043,0.12517397418560405,0.17100201944640211,0.33755011808133983,6.581841999999999,4.6532019999999985,6.009522,0.0,-0.0,2.87532,3.406157359509803,4.6532019999999985,9.185206640490195
y_fixed,0.0,-29.325,0.24074384605142504,0.170048439995674,0.2198018773164063,0.0,-0.0,0.10539650475994587,0.12435749580512584,0.170048439995674,0.3361882275627055,6.55097378125,4.627253781249999,5.9811137812499995,0.0,-0.0,2.8679849999999996,3.3839398509371117,4.627253781249999,9.148147711562888
y_fixed,0.0,-29.25,0.2396121265582831,0.1690975271676363,0.21876056115581646,0.0,-0.0,0.10512694848178745,0.12354368087458928,0.1690975271676363,0.3348290068395103,6.520178125,4.601378125,5.952778125000001,0.0,-0.0,2.86065,3.361794818529529,4.601378125,9.111161431470471
y_fixed,0.0,-29.175,0.2384830736878315,0.16814928096228893,0.21772191161791699,0.0,-0.0,0.10485739220362902,0.12273252936936067,0.16814928096228893,0.3334724559363878,6.48945503125,4.5755750312500005,5.924515031250001,0.0,-0.0,2.8533150000000003,3.339722261616739,4.5755750312500005,9.074247800883262
y_fixed,0.0,-29.1,0.23735668744007027,0.16720370137963192,0.21668592870270786,0.0,-0.0,0.10458783592547059,0.12192404126455098,0.16720370137963192,0.33211857487822716,6.4588045,4.549844500000001,5.896324500000001,0.0,-0.0,2.84598,3.3177221795214757,4.549844500000001,9.037406820478525
y_fixed,0.0,-29.025,0.23623296781499936,0.16626078841966524,0.21565261241018907,0.0,-0.0,0.10431827964731216,0.1211182165350122,0.16626078841966524,0.33076736369017623,6.428226531249999,4.52418653125,5.868206531249999,0.0,-0.0,2.838645,3.2957945715594272,4.52418653125,9.000638490940572
y_fixed,0.0,-28.95,0.2351119148126189,0.165320542082389,0.21462196274036072,0.0,-0.0,0.10404872336915373,0.12031505515533479,0.165320542082389,0.3294188223976448,6.3977211249999995,4.498601125,5.840161125000001,0.0,-0.0,2.8313099999999998,3.273939437039165,4.498601125,8.963942812960836
y_fixed,0.0,-28.875,0.2339935284329288,0.1643829623678031,0.21359397969322272,0.0,-0.0,0.1037791670909953,0.1195145570998433,0.16438296236780311,0.3280729510263083,6.3672882812500005,4.47308828125,5.812188281250001,0.0,-0.0,2.823975,3.2521567752620233,4.473088281250001,8.92731978723798
y_fixed,0.0,-28.8,0.23287780867592905,0.16344804927590756,0.21256866326877508,0.0,-0.0,0.10350961081283687,0.11871672234259333,0.16344804927590753,0.32672974960211076,6.336928,4.447648,5.784288,0.0,-0.0,2.81664,3.2304465855220204,4.447647999999999,8.89076941447798
y_fixed,0.0,-28.725,0.2317647555416197,0.16251580280670244,0.21154601346701785,0.0,-0.0,0.10324005453467845,0.11792155085736826,0.16251580280670241,0.32538921815126925,6.306640281250002,4.422280281250001,5.756460281250002,0.0,-0.0,2.809305,3.208808867105765,4.42228028125,8.854291695394236
y_fixed,0.0,-28.65,0.23065436903000064,0.1615862229601876,0.2105260302879509,0.0,-0.0,0.10297049825652001,0.11712904261767515,0.16158622296018757,0.32405135670027635,6.276425124999999,4.396985124999999,5.728705124999999,0.0,-0.0,2.80197,3.1872436192923477,4.396985124999998,8.817886630707651
y_fixed,0.0,-28.575,0.22954664914107203,0.16065930973636322,0.2095087137315744,0.0,-0.0,0.10270094197836158,0.11633919759674166,0.16065930973636325,0.3227161652759048,6.24628253125,4.37176253125,5.7010225312500005,0.0,-0.0,2.7946349999999995,3.165750841353256,4.371762531250001,8.781554221146745
y_fixed,0.0,-28.5,0.22844159587483376,0.15973506313522917,0.20849406379788823,0.0,-0.0,0.10243138570020316,0.11555201576751162,0.15973506313522914,0.32138364390521035,6.2162125,4.3466125,5.6734125,0.0,-0.0,2.7873,3.144330532552254,4.346612499999999,8.745294467447746
y_fixed,0.0,-28.425,0.22733920923128587,0.1588134831567855,0.20748208048689246,0.0,-0.0,0.10216182942204473,0.11476749710264217,0.15881348315678553,0.32005379261553624,6.18621503125,4.32153503125,5.64587503125,0.0,-0.0,2.779965,3.1229826921453046,4.321535031250001,8.709107370354698
y_fixed,0.0,-28.35,0.22623948921042836,0.15789456980103223,0.20647276379858706,0.0,-0.0,0.1018922731438863,0.11398564157449911,0.1578945698010322,0.3187266114345163,6.156290125000001,4.296530125,5.6184101250000005,0.0,-0.0,2.77263,3.101707319380443,4.296530124999999,8.672992930619559
y_fixed,0.0,-28.275,0.22514243581226118,0.15697832306796927,0.205466113732972,0.0,-0.0,0.10162271686572787,0.11320644915515365,0.1569783230679693,0.31740210039007954,6.12643778125,4.27159778125,5.59101778125,0.0,-0.0,2.765295,3.080504413497688,4.271597781250001,8.636951149002313
y_fixed,0.0,-28.2,0.2240480490367844,0.15606474295759673,0.20446213029004734,0.0,-0.0,0.10135316058756944,0.11242991981637815,0.15606474295759676,0.3160802595104536,6.096658,4.246738,5.5636980000000005,0.0,-0.0,2.7579599999999997,3.059373973728926,4.246738000000001,8.600982026271074
y_fixed,0.0,-28.125,0.222956328883998,0.15515382946991454,0.20346081346981304,0.0,-0.0,0.101083604309411,0.11165605352964204,0.15515382946991452,0.314761088824169,6.06695078125,4.22195078125,5.53645078125,0.0,-0.0,2.750625,3.0383159992978013,4.2219507812499995,8.5650855632022
y_fixed,0.0,-28.05,0.221867275353902,0.15424558260492272,0.20246216327226912,0.0,-0.0,0.10081404803125259,0.11088485026610817,0.15424558260492266,0.3134445883600629,6.037316125000001,4.197236125,5.509276125,0.0,-0.0,2.74329,3.0173304894196145,4.197236124999998,8.529261760580386
y_fixed,0.0,-27.975,0.2207808884464963,0.1533400023626213,0.20146617969741556,0.0,-0.0,0.10054449175309416,0.1101163099966282,0.15334000236262132,0.3121307581472837,6.00775403125,4.17259403125,5.4821740312500005,0.0,-0.0,2.735955,2.9964174433011994,4.172594031250001,8.493510619198801
y_fixed,0.0,-27.9,0.21969716816178098,0.1524370887430102,0.20047286274525236,0.0,-0.0,0.10027493547493571,0.10935043269173861,0.15243708874301018,0.3108195982152947,5.978264499999999,4.1480245,5.4551445,0.0,-0.0,2.72862,2.9755768601408126,4.148024499999999,8.457832139859185
y_fixed,0.0,-27.825,0.21861611449975607,0.15153684174608947,0.19948221241577954,0.0,-0.0,0.1000053791967773,0.10858721832165662,0.15153684174608947,0.309511108593879,5.94884753125,4.123527531249999,5.42818753125,0.0,-0.0,2.721285,2.954808739128023,4.123527531249999,8.422226323371977
y_fixed,0.0,-27.75,0.21753772746042152,0.15063926137185915,0.1984942287089971,0.0,-0.0,0.09973582291861886,0.10782666685627548,0.15063926137185915,0.30820528931314317,5.919503125,4.099103124999999,5.401303125,0.0,-0.0,2.71395,2.9341130794435846,4.099103124999999,8.386693170556416
y_fixed,0.0,-27.675,0.21646200704377735,0.1497443476203192,0.19750891162490505,0.0,-0.0,0.09946626664046043,0.10706877826516042,0.1497443476203192,0.306902140403522,5.89023128125,4.07475128125,5.374491281250001,0.0,-0.0,2.7066149999999998,2.913489880259325,4.07475128125,8.351232682240676
y_fixed,0.0,-27.6,0.21538895324982354,0.14885210049146963,0.19652626116350336,0.0,-0.0,0.09919671036230202,0.10631355251754382,0.14885210049146963,0.3056016618957831,5.861032000000001,4.050472,5.347752000000001,0.0,-0.0,2.6992800000000003,2.8929391407380147,4.050472,8.315844859261986
y_fixed,0.0,-27.525,0.21431856607856006,0.14796251998531038,0.195546277324792,0.0,-0.0,0.09892715408414357,0.10556098958232095,0.14796251998531038,0.3043038538210311,5.831905281249999,4.026265281249999,5.321085281249999,0.0,-0.0,2.691945,2.8724608600332506,4.026265281249999,8.280529702466747
y_fixed,0.0,-27.45,0.213250845529987,0.14707560610184153,0.19456896010877103,0.0,-0.0,0.09865759780598514,0.10481108942804532,0.14707560610184153,0.30300871621071274,5.802851124999999,4.002131124999999,5.2944911249999995,0.0,-0.0,2.6846099999999997,2.8520550372893303,4.002131124999999,8.24528721271067
y_fixed,0.0,-27.375,0.2121857916041043,0.14619135884106307,0.19359430951544046,0.0,-0.0,0.09838804152782672,0.10406385202292368,0.14619135884106307,0.3017162490966211,5.77386953125,3.9780695312499996,5.26796953125,0.0,-0.0,2.6772750000000003,2.8317216716411155,3.9780695312499996,8.210117390858883
y_fixed,0.0,-27.3,0.211123404300912,0.145309778202975,0.19262232554480027,0.0,-0.0,0.09811848524966829,0.10331927733481176,0.145309778202975,0.3004264525109005,5.7449605,3.9540805000000008,5.241520500000001,0.0,-0.0,2.66994,2.8114607622139163,3.9540805000000008,8.175020237786084
y_fixed,0.0,-27.225,0.21006368362041006,0.14443086418757722,0.1916530081968504,0.0,-0.0,0.09784892897150986,0.10257736533120876,0.1444308641875772,0.2991393264860517,5.716124031250001,3.9301640312499995,5.21514403125,0.0,-0.0,2.662605,2.7912723081233404,3.9301640312499986,8.13999575437666
y_fixed,0.0,-27.15,0.2090066295625984,0.14355461679486986,0.1906863574715909,0.0,-0.0,0.09757937269335142,0.10183811597925296,0.14355461679486986,0.29785487105493635,5.687360124999999,3.9063201249999997,5.188840125,0.0,-0.0,2.65527,2.7711563084751747,3.9063201249999997,8.105043941524825
y_fixed,0.0,-27.075,0.2079522421274772,0.14268103602485288,0.1897223733690218,0.0,-0.0,0.097309816415193,0.10110152924571653,0.14268103602485288,0.2965730862507825,5.658668781249999,3.8825487812499997,5.16260878125,0.0,-0.0,2.647935,2.7511127623652443,3.8825487812499997,8.070164800134755
y_fixed,0.0,-27.0,0.20690052131504638,0.14181012187752629,0.1887610558891431,0.0,-0.0,0.09704026013703457,0.10036760509700025,0.14181012187752629,0.2952939721071892,5.63005,3.858850000000001,5.136450000000001,0.0,-0.0,2.6406,2.7311416688792676,3.858850000000001,8.035358331120733
y_fixed,0.0,-26.925,0.20585146712530594,0.14094187435289002,0.18780240503195475,0.0,-0.0,0.09677070385887614,0.0996363434991285,0.14094187435289,0.2940175286581322,5.601503781250001,3.8352237812500003,5.110363781250001,0.0,-0.0,2.6332649999999997,2.711243027092721,3.8352237812499994,8.000624535407281
y_fixed,0.0,-26.85,0.20480507955825586,0.14007629345094416,0.18684642079745678,0.0,-0.0,0.09650114758071772,0.09890774441774396,0.14007629345094413,0.29274375593796864,5.573030125000002,3.811670125000001,5.084350125000001,0.0,-0.0,2.6259300000000003,2.6914168360706943,3.811670125,7.965963413929307
y_fixed,0.0,-26.775,0.20376135861389605,0.13921337917168858,0.18589310318564908,0.0,-0.0,0.09623159130255927,0.09818180781810215,0.13921337917168855,0.29147265398144295,5.5446290312499995,3.7881890312499986,5.058409031249999,0.0,-0.0,2.618595,2.671663094867742,3.788189031249998,7.931374967632256
y_fixed,0.0,-26.7,0.20272030429222673,0.1383531315151235,0.18494245219653188,0.0,-0.0,0.09596203502440084,0.09745853366506621,0.13835313151512346,0.29020422282369235,5.516300500000001,3.7647805,5.0325405000000005,0.0,-0.0,2.6112599999999997,2.651981802527741,3.764780499999999,7.896859197472258
y_fixed,0.0,-26.625,0.20168191659324772,0.1374955504812487,0.18399446783010498,0.0,-0.0,0.09569247874624243,0.09673792192310089,0.13749555048124873,0.28893846250025185,5.48804453125,3.7414445312499995,5.00674453125,0.0,-0.0,2.6039250000000003,2.6323729580837285,3.7414445312500004,7.862416104416273
y_fixed,0.0,-26.55,0.2006461955169591,0.13664063607006433,0.1830491500863685,0.0,-0.0,0.095422922468084,0.0960199725562674,0.13664063607006424,0.2876753730470601,5.459861125,3.718181125,4.981021125000001,0.0,-0.0,2.59659,2.61283656055776,3.718181124999998,7.828045689442238
y_fixed,0.0,-26.475,0.19961314106336087,0.1357883882815703,0.18210649896532236,0.0,-0.0,0.09515336618992556,0.09530468552821743,0.13578838828157028,0.2864149545004658,5.43175028125,3.69499028125,4.9553702812500005,0.0,-0.0,2.589255,2.593372608960747,3.6949902812499995,7.793747953539253
y_fixed,0.0,-26.4,0.19858275323245297,0.13493880711576664,0.18116651446696658,0.0,-0.0,0.09488380991176713,0.0945920608021872,0.1349388071157666,0.28515720689723234,5.403712,3.671872,4.929792,0.0,-0.0,2.5819199999999998,2.573981102292297,3.671871999999999,7.759522897707702
y_fixed,0.0,-26.325,0.19755503202423547,0.13409189257265336,0.18022919659130118,0.0,-0.0,0.0946142536336087,0.09388209834099184,0.13409189257265333,0.2839021302745448,5.37574628125,3.64882628125,4.90428628125,0.0,-0.0,2.574585,2.5546620395405584,3.648826281249999,7.725370522959442
y_fixed,0.0,-26.25,0.19652997743870837,0.13324764465223043,0.17929454533832617,0.0,-0.0,0.09434469735545027,0.09317479810701904,0.13324764465223043,0.2826497246700155,5.347853125,3.6258531249999995,4.878853125000001,0.0,-0.0,2.56725,2.5354154196820464,3.6258531249999995,7.691290830317954
y_fixed,0.0,-26.175,0.1955075894758716,0.1324060633544979,0.17836256070804152,0.0,-0.0,0.09407514107729185,0.09247016006222293,0.1324060633544979,0.2813999901216902,5.320032531250001,3.6029525312499997,4.853492531250001,0.0,-0.0,2.559915,2.516241241681482,3.6029525312499997,7.657283820818519
y_fixed,0.0,-26.1,0.19448786813572522,0.13156714867945574,0.17743324270044725,0.0,-0.0,0.09380558479913342,0.09176818416811808,0.13156714867945568,0.28015292666805436,5.292284500000001,3.5801245,4.828204500000001,0.0,-0.0,2.5525800000000003,2.497139504491622,3.5801244999999984,7.6233494955083785
y_fixed,0.0,-26.025,0.19347081341826916,0.1307309006271039,0.1765065913155433,0.0,-0.0,0.09353602852097498,0.091068870385773,0.1307309006271039,0.27890853434803947,5.26460903125,3.557369031249999,4.80298903125,0.0,-0.0,2.5452449999999995,2.478110207053087,3.557369031249999,7.5894878554469125
y_fixed,0.0,-25.95,0.19245642532350352,0.1298973191974425,0.17558260655332977,0.0,-0.0,0.09326647224281656,0.09037221867580347,0.1298973191974425,0.2776668132010298,5.237006125,3.5346861249999995,4.777846125,0.0,-0.0,2.53791,2.4591533482941785,3.5346861249999995,7.555698901705822
y_fixed,0.0,-25.875,0.19144470385142826,0.12906640439047146,0.17466128841380663,0.0,-0.0,0.09299691596465813,0.08967822899836625,0.12906640439047146,0.27642776326686863,5.20947578125,3.51207578125,4.75277578125,0.0,-0.0,2.530575,2.4402689271307056,3.51207578125,7.521982635369295
y_fixed,0.0,-25.8,0.19043564900204332,0.12823815620619075,0.1737426368969738,0.0,-0.0,0.0927273596864997,0.08898690131315218,0.12823815620619075,0.27519138458586495,5.182018,3.4895379999999996,4.727778,0.0,-0.0,2.52324,2.4214569424658006,3.4895379999999996,7.4883390575341995
y_fixed,0.0,-25.725,0.18942926077534883,0.12741257464460048,0.17282665200283143,0.0,-0.0,0.09245780340834127,0.08829823557937962,0.12741257464460048,0.27395767719880065,5.154632781250001,3.467072781250001,4.702852781250002,0.0,-0.0,2.515905,2.4027173931897385,3.467072781250001,7.454768169310264
y_fixed,0.0,-25.65,0.1884255391713446,0.1265896597057005,0.17191333373137932,0.0,-0.0,0.09218824713018284,0.08761223175578697,0.1265896597057005,0.27272664114693695,5.127320125,3.4446801249999996,4.678000125,0.0,-0.0,2.5085699999999997,2.3840502781797346,3.4446801249999996,7.421269971820265
y_fixed,0.0,-25.575,0.1874244841900308,0.1257694113894909,0.17100268208261762,0.0,-0.0,0.0919186908520244,0.08692888980062637,0.1257694113894909,0.27149827647202207,5.100080031249999,3.4223600312499993,4.65322003125,0.0,-0.0,2.501235,2.3654555962997708,3.4223600312499993,7.387844466200229
y_fixed,0.0,-25.5,0.1864260958314074,0.12495182969597174,0.17009469705654634,0.0,-0.0,0.09164913457386598,0.08624820967165588,0.1249518296959717,0.2702725832162978,5.0729125,3.4001125,4.6285125,0.0,-0.0,2.4939,2.3469333464003856,3.400112499999999,7.354491653599614
y_fixed,0.0,-25.425,0.18543037409547436,0.12413691462514291,0.1691893786531654,0.0,-0.0,0.09137957829570756,0.08557019132613247,0.12413691462514292,0.2690495614225073,5.04581753125,3.37793753125,4.603877531250001,0.0,-0.0,2.486565,2.3284835273184825,3.3779375312500006,7.321211535181519
y_fixed,0.0,-25.35,0.1844373189822317,0.12332466617700445,0.16828672687247484,0.0,-0.0,0.09111002201754913,0.08489483472080446,0.12332466617700447,0.2678292111339021,5.018795125000001,3.3558351250000005,4.579315125000001,0.0,-0.0,2.4792300000000003,2.310106137877123,3.355835125000001,7.28800411212288
y_fixed,0.0,-25.275,0.18344693049167932,0.12251508435155632,0.1673867417144746,0.0,-0.0,0.09084046573939068,0.08422213981190399,0.12251508435155634,0.26661153239424995,4.991845281249999,3.333805281249999,4.554825281249999,0.0,-0.0,2.4718949999999995,2.2918011768853224,3.3338052812499996,7.254869385614677
y_fixed,0.0,-25.2,0.18245920862381743,0.12170816914879863,0.1664894231791648,0.0,-0.0,0.09057090946123227,0.0835521065551395,0.12170816914879865,0.26539652524784274,4.964968000000001,3.311848,4.530408,0.0,-0.0,2.46456,2.273568643137847,3.3118480000000003,7.221807356862155
y_fixed,0.0,-25.125,0.18147415337864586,0.12090392056873128,0.16559477126654534,0.0,-0.0,0.09030135318307383,0.08288473490568737,0.12090392056873131,0.26418418973950386,4.9381632812500005,3.28996328125,4.50606328125,0.0,-0.0,2.4572249999999998,2.2554085354149827,3.289963281250001,7.188818027085019
y_fixed,0.0,-25.05,0.18049176475616466,0.1201023386113543,0.16470278597661625,0.0,-0.0,0.0900317969049154,0.08222002481818452,0.12010233861135433,0.2629745259145964,4.911431125,3.2681511249999997,4.481791125000001,0.0,-0.0,2.44989,2.237320852482338,3.2681511250000006,7.155901397517663
y_fixed,0.0,-24.975,0.17951204275637386,0.11930342327666774,0.16381346730937757,0.0,-0.0,0.08976224062675699,0.08155797624671984,0.11930342327666771,0.26176753381903156,4.884771531250001,3.246411531250001,4.457591531250001,0.0,-0.0,2.442555,2.219305593090608,3.24641153125,7.123057469409394
y_fixed,0.0,-24.9,0.17853498737927334,0.11850717456467144,0.16292681526482916,0.0,-0.0,0.08949268434859854,0.0808985891448261,0.11850717456467137,0.2605632134992763,4.858184499999999,3.2247444999999995,4.4334644999999995,0.0,-0.0,2.4352199999999997,2.2013627559753552,3.2247444999999972,7.090286244024641
y_fixed,0.0,-24.825,0.17756059862486326,0.11771359247536559,0.1620428298429712,0.0,-0.0,0.08922312807044011,0.08024186346547171,0.11771359247536556,0.2593615650023627,4.83167003125,3.2031500312499994,4.40941003125,0.0,-0.0,2.427885,2.183492339856784,3.203150031249999,7.057587722643214
y_fixed,0.0,-24.75,0.17658887649314356,0.11692267700875011,0.1611615110438036,0.0,-0.0,0.0889535717922817,0.07958779916105163,0.11692267700875014,0.25816258837589556,4.805228125,3.181628125,4.385428125000001,0.0,-0.0,2.42055,2.1656943434394957,3.181628125000001,7.024961906560506
y_fixed,0.0,-24.675,0.17561982098411422,0.116134428164825,0.16028285886732638,0.0,-0.0,0.08868401551412326,0.07893639618337893,0.11613442816482503,0.2569662836680617,4.77885878125,3.1601787812500004,4.361518781250001,0.0,-0.0,2.413215,2.147968765412257,3.160178781250001,6.992408797087744
y_fixed,0.0,-24.6,0.17465343209777526,0.11534884594359025,0.15940687331353953,0.0,-0.0,0.08841445923596483,0.07828765448367597,0.11534884594359024,0.25577265092763884,4.752562,3.1388020000000005,4.337682000000001,0.0,-0.0,2.4058800000000002,2.130315604447761,3.138802,6.959928395552241
y_fixed,0.0,-24.525,0.1736897098341266,0.11456593034504582,0.158533554382443,0.0,-0.0,0.0881449029578064,0.07764157401256515,0.11456593034504581,0.25458169020400445,4.726337781249999,3.117497781249999,4.31391778125,0.0,-0.0,2.398545,2.1127348592023747,3.1174977812499987,6.927520703297624
y_fixed,0.0,-24.45,0.1727286541931684,0.11378568136919186,0.1576629020740369,0.0,-0.0,0.08787534667964797,0.07699815472005993,0.11378568136919184,0.25339340154714535,4.700186125,3.096266125,4.290226125000001,0.0,-0.0,2.39121,2.095226528315895,3.0962661249999996,6.895185721684105
y_fixed,0.0,-24.375,0.17177026517490057,0.11300809901602822,0.15679491638832116,0.0,-0.0,0.08760579040148954,0.07635739655555501,0.11300809901602821,0.2522077850076667,4.674107031250001,3.0751070312500004,4.26660703125,0.0,-0.0,2.3838749999999997,2.077790610411281,3.07510703125,6.862923452088721
y_fixed,0.0,-24.3,0.17081454277932306,0.11223318328555493,0.15592959732529577,0.0,-0.0,0.08733623412333111,0.07571929946781708,0.11223318328555493,0.25102484063680175,4.6481005,3.0540204999999996,4.2430605,0.0,-0.0,2.37654,2.060427104094404,3.0540204999999996,6.830733895905596
y_fixed,0.0,-24.225,0.16986148700643594,0.11146093417777203,0.15506694488496076,0.0,-0.0,0.08706667784517269,0.07508386340497492,0.11146093417777203,0.24984456848642178,4.62216653125,3.0330065312499994,4.21958653125,0.0,-0.0,2.369205,2.043136007953776,3.0330065312499994,6.798617054546225
y_fixed,0.0,-24.15,0.1689110978562392,0.11069135169267952,0.15420695906731613,0.0,-0.0,0.08679712156701425,0.07445108831450964,0.11069135169267952,0.2486669686090457,4.596305125000001,3.012065125,4.196185125,0.0,-0.0,2.3618699999999997,2.0259173205602856,3.012065125,6.7665729294397154
y_fixed,0.0,-24.075,0.1679633753287328,0.10992443583027733,0.15334963987236183,0.0,-0.0,0.08652756528885581,0.07382097414324423,0.10992443583027733,0.2474920410578504,4.57051628125,2.991196281249999,4.17285628125,0.0,-0.0,2.354535,2.008771040466912,2.991196281249999,6.7346015220330875
y_fixed,0.0,-24.0,0.16701831942391682,0.10916018659056559,0.15249498730009797,0.0,-0.0,0.0862580090106974,0.07319352083733358,0.10916018659056557,0.24631978588668113,4.5448,2.9704,4.1496,0.0,-0.0,2.3472,1.9916971662084548,2.9703999999999997,6.702702833791544
y_fixed,0.0,-23.925,0.16607593014179117,0.10839860397354417,0.15164300135052444,0.0,-0.0,0.08598845273253897,0.0725687283422537,0.10839860397354417,0.24515020315006192,4.51915628125,2.94967628125,4.12641628125,0.0,-0.0,2.339865,1.9746956963012416,2.94967628125,6.670876866198759
y_fixed,0.0,-23.85,0.16513620748235594,0.10763968797921317,0.15079368202364132,0.0,-0.0,0.08571889645438054,0.07194659660279128,0.10763968797921317,0.24398329290320597,4.493585125000001,2.929025125000001,4.103305125000001,0.0,-0.0,2.3325299999999998,1.9577666292428415,2.929025125000001,6.63912362075716
y_fixed,0.0,-23.775,0.16419915144561098,0.10688343860757243,0.14994702931944848,0.0,-0.0,0.0854493401762221,0.07132712556303232,0.10688343860757243,0.24281905520202712,4.468086531249999,2.908446531249999,4.0802665312499995,0.0,-0.0,2.325195,1.9409099635117566,2.908446531249999,6.607443098988242
y_fixed,0.0,-23.7,0.16326476203155646,0.10612985585862214,0.14910304323794607,0.0,-0.0,0.08517978389806367,0.07071031516635168,0.10612985585862214,0.24165749010315085,4.442660499999999,2.8879404999999996,4.057300499999999,0.0,-0.0,2.31786,1.9241256975671386,2.8879404999999996,6.57583530243286
y_fixed,0.0,-23.625,0.16233303924019232,0.10537893973236222,0.14826172377913405,0.0,-0.0,0.08491022761990524,0.0700961653554012,0.10537893973236223,0.24049859766392517,4.417307031249999,2.8675070312499993,4.03440703125,0.0,-0.0,2.3105249999999997,1.9074138298484646,2.8675070312499997,6.544300232651535
y_fixed,0.0,-23.55,0.1614039830715186,0.10463069022879269,0.1474230709430124,0.0,-0.0,0.08464067134174683,0.06948467607209828,0.1046306902287927,0.23934237794243274,4.392026125000001,2.8471461250000005,4.011586125000001,0.0,-0.0,2.3031900000000003,1.8907743587752266,2.8471461250000005,6.512837891224776
y_fixed,0.0,-23.475,0.16047759352553517,0.1038851073479135,0.1465870847295811,0.0,-0.0,0.0843711150635884,0.06887584725761416,0.10388510734791351,0.23818883099750213,4.366817781250001,2.82685778125,3.9888377812500004,0.0,-0.0,2.295855,1.874207282746612,2.8268577812500006,6.48144827975339
y_fixed,0.0,-23.4,0.1595538706022421,0.10314219108972465,0.14575376513884014,0.0,-0.0,0.08410155878542995,0.06826967885236197,0.10314219108972467,0.23703795688872026,4.341682,2.806641999999999,3.9661619999999997,0.0,-0.0,2.2885199999999997,1.8577126001411803,2.8066419999999996,6.450131399858819
y_fixed,0.0,-23.325,0.15863281430163945,0.10240194145422621,0.1449231121707896,0.0,-0.0,0.08383200250727153,0.0676661707959845,0.10240194145422621,0.23588975567644455,4.31661878125,2.7864987812499993,3.94355878125,0.0,-0.0,2.2811850000000002,1.8412903093165274,2.7864987812499993,6.418887253183472
y_fixed,0.0,-23.25,0.15771442462372715,0.10166435844141813,0.1440951258254294,0.0,-0.0,0.0835624462291131,0.06706532302734153,0.10166435844141813,0.23474422742181505,4.291628125,2.766428124999999,3.921028125,0.0,-0.0,2.27385,1.8249404086089436,2.766428124999999,6.387715841391057
y_fixed,0.0,-23.175,0.15679870156850526,0.10092944205130047,0.14326980610275963,0.0,-0.0,0.08329288995095467,0.06646713548449738,0.10092944205130047,0.23360137218676752,4.266710031250001,2.7464300312500005,3.898570031250001,0.0,-0.0,2.266515,1.8086628963330729,2.7464300312500005,6.356617166166929
y_fixed,0.0,-23.1,0.15588564513597367,0.10019719228387311,0.14244715300278016,0.0,-0.0,0.08302333367279625,0.0658716081047077,0.10019719228387311,0.2324611900340461,4.2418645,2.7265044999999994,3.8761845,0.0,-0.0,2.25918,1.7924577707815548,2.7265044999999994,6.325591229218444
y_fixed,0.0,-23.025,0.1549752553261325,0.09946760913913616,0.1416271665254911,0.0,-0.0,0.08275377739463781,0.0652787408244066,0.09946760913913616,0.23132368102721695,4.21709153125,2.70665153125,3.8538715312500003,0.0,-0.0,2.251845,1.7763250302246731,2.70665153125,6.294638032275326
y_fixed,0.0,-22.95,0.15406753213898167,0.09874069261708956,0.14080984667089239,0.0,-0.0,0.08248422111647938,0.06468853357919274,0.09874069261708956,0.2301888452306813,4.192391124999999,2.6868711249999997,3.831631125,0.0,-0.0,2.24451,1.7602646729099782,2.6868711249999997,6.263757577090022
y_fixed,0.0,-22.875,0.15316247557452123,0.09801644271773335,0.13999519343898406,0.0,-0.0,0.08221466483832095,0.06410098630381601,0.09801644271773335,0.22905668270968926,4.16776328125,2.66716328125,3.80946328125,0.0,-0.0,2.2371749999999997,1.7442766970619241,2.66716328125,6.2329498654380755
y_fixed,0.0,-22.8,0.15226008563275117,0.0972948594410675,0.1391832068297661,0.0,-0.0,0.08194510856016253,0.0635160989321632,0.0972948594410675,0.22792719353035407,4.1432080000000004,2.647528,3.787368,0.0,-0.0,2.2298400000000003,1.7283611008814788,2.647528,6.2022148991185215
y_fixed,0.0,-22.725,0.1513603623136715,0.09657594278709204,0.13837388684323854,0.0,-0.0,0.0816755522820041,0.062933871397244,0.09657594278709203,0.22680037775966605,4.118725281250001,2.6279652812500003,3.765345281250001,0.0,-0.0,2.222505,1.712517882545743,2.62796528125,6.171552679954259
y_fixed,0.0,-22.65,0.1504633056172821,0.0958596927558069,0.13756723347940128,0.0,-0.0,0.08140599600384565,0.062354303631176014,0.09585969275580689,0.22567623546550736,4.094315124999999,2.608475124999999,3.7433951249999997,0.0,-0.0,2.2151699999999996,1.6967470402075426,2.608475124999999,6.140963209792456
y_fixed,0.0,-22.575,0.14956891554358318,0.09514610934721218,0.13676324673825443,0.0,-0.0,0.08113643972568724,0.0617773955651705,0.09514610934721218,0.22455476671666713,4.06997753125,2.58905753125,3.72151753125,0.0,-0.0,2.2078349999999998,1.6810485719950405,2.58905753125,6.11044649050496
y_fixed,0.0,-22.5,0.1486771920925746,0.0944351925613078,0.13596192661979797,0.0,-0.0,0.0808668834475288,0.06120314712951658,0.09443519256130778,0.22343597158285594,4.0457125000000005,2.5697124999999996,3.6997125,0.0,-0.0,2.2005,1.6654224760113072,2.5697124999999987,6.080002523988692
y_fixed,0.0,-22.425,0.14778813526425638,0.09372694239809384,0.13516327312403187,0.0,-0.0,0.08059732716937038,0.060631558253566295,0.09372694239809384,0.22231985013472194,4.02152003125,2.5504400312500004,3.67798003125,0.0,-0.0,2.193165,1.649868750333914,2.5504400312500004,6.049631312166086
y_fixed,0.0,-22.35,0.14690174505862855,0.09302135885757021,0.13436728625095615,0.0,-0.0,0.08032777089121196,0.06006262886571841,0.09302135885757021,0.2212064024438663,3.9974001250000004,2.531240125,3.6563201250000006,0.0,-0.0,2.18583,1.6343873930144917,2.531240125,6.01933285698551
y_fixed,0.0,-22.275,0.14601802147569104,0.09231844193973693,0.13357396600057075,0.0,-0.0,0.08005821461305351,0.059496358893402594,0.09231844193973693,0.2200956285828592,3.9733527812499996,2.512112781249999,3.6347327812499994,0.0,-0.0,2.178495,1.6189784020783011,2.512112781249999,5.989107160421698
y_fixed,0.0,-22.2,0.14513696451544394,0.09161819164459407,0.13278331237287577,0.0,-0.0,0.07978865833489508,0.05893274826306301,0.09161819164459406,0.21898752862525672,3.949378,2.493058,3.613218,0.0,-0.0,2.1711599999999995,1.603641775523786,2.4930579999999996,5.958954224476214
y_fixed,0.0,-22.125,0.14425857417788723,0.09092060797214156,0.13199532536787115,0.0,-0.0,0.07951910205673667,0.058371796900141285,0.09092060797214155,0.21788210264561705,3.9254757812500003,2.47407578125,3.5917757812499995,0.0,-0.0,2.163825,1.5883775113221095,2.4740757812499994,5.928874051177889
y_fixed,0.0,-22.05,0.14338285046302088,0.09022569092237945,0.13121000498555693,0.0,-0.0,0.07924954577857823,0.0578135047290598,0.09022569092237945,0.216779350719518,3.901646125,2.4551661250000003,3.5704061250000008,0.0,-0.0,2.1564900000000002,1.5731856074166999,2.4551661250000003,5.898866642583301
y_fixed,0.0,-21.975,0.14250979337084488,0.08953344049530766,0.13042735122593305,0.0,-0.0,0.0789799895004198,0.057257871673203814,0.08953344049530768,0.21567927292357414,3.87788903125,2.4363290312499997,3.5491090312500004,0.0,-0.0,2.149155,1.5580660617227642,2.43632903125,5.868932000777237
y_fixed,0.0,-21.9,0.14163940290135923,0.08884385669092626,0.12964736408899952,0.0,-0.0,0.07871043322226137,0.056704897654904024,0.08884385669092626,0.21458186933545473,3.8542044999999994,2.4175644999999997,3.5278845,0.0,-0.0,2.14182,1.5430188721268125,2.4175644999999997,5.839070127873187
y_fixed,0.0,-21.825000000000003,0.14077167905456406,0.08815693950923527,0.12887004357475643,0.0,-0.0,0.07844087694410296,0.056154582595418334,0.08815693950923528,0.21348714003390218,3.830592531250001,2.3988725312500008,3.5067325312500013,0.0,-0.0,2.134485,1.5280440364861636,2.3988725312500008,5.809281026013839
y_fixed,0.0,-21.75,0.13990662183045915,0.08747268895023459,0.12809538968320364,0.0,-0.0,0.07817132066594451,0.05560692641491291,0.0874726889502346,0.21239508509874988,3.8070531250000004,2.380253125,3.4856531250000002,0.0,-0.0,2.12715,1.513141552628428,2.3802531250000003,5.7795646973715735
y_fixed,0.0,-21.675,0.13904423122904463,0.08679110501392431,0.12732340241434123,0.0,-0.0,0.0779017643877861,0.0550619290324438,0.08679110501392431,0.21130570461094209,3.7835862812500003,2.36170628125,3.4646462812500003,0.0,-0.0,2.119815,1.4983114183510085,2.36170628125,5.749921144148992
y_fixed,0.0,-21.6,0.1381845072503205,0.0861121877003044,0.1265540817681692,0.0,-0.0,0.07763220810962766,0.05451959036593736,0.0861121877003044,0.21021899865255234,3.760192,2.3432320000000004,3.443712,0.0,-0.0,2.11248,1.4835536314205677,2.3432320000000004,5.720350368579433
y_fixed,0.0,-21.525,0.13732744989428672,0.08543593700937482,0.12578742774468754,0.0,-0.0,0.07736265183146922,0.05397991033217042,0.08543593700937482,0.20913496730680384,3.73687028125,2.3248302812499992,3.4228502812499997,0.0,-0.0,2.105145,1.4688681895724878,2.3248302812499992,5.690852372927512
y_fixed,0.0,-21.450000000000003,0.13647305916094338,0.08476235294113571,0.1250234403438963,0.0,-0.0,0.0770930955533108,0.053442888846750226,0.08476235294113568,0.2080536106580894,3.7136211250000013,2.3065011250000005,3.4020611250000012,0.0,-0.0,2.09781,1.4542550905103246,2.306501125,5.6614271594896755
y_fixed,0.0,-21.375,0.13562133505029034,0.08409143549558688,0.12426211956579536,0.0,-0.0,0.07682353927515237,0.05290852582409389,0.0840914354955869,0.2069749287919918,3.6904445312500007,2.2882445312499997,3.38134453125,0.0,-0.0,2.090475,1.4397143319052492,2.28824453125,5.632074730594751
y_fixed,0.0,-21.3,0.13477227756232768,0.08342318467272847,0.12350346541038484,0.0,-0.0,0.07655398299699394,0.0523768211774074,0.08342318467272847,0.2058989217953051,3.6673405000000003,2.2700605000000005,3.3607005000000005,0.0,-0.0,2.0831399999999998,1.4252459113954765,2.2700605000000005,5.602795088604524
y_fixed,0.0,-21.225,0.1339258866970554,0.08275760047256041,0.12274747787766466,0.0,-0.0,0.07628442671883551,0.051847774818664,0.08275760047256042,0.20482558975605608,3.6443090312500006,2.25194903125,3.34012903125,0.0,-0.0,2.075805,1.4108498265856764,2.2519490312500006,5.5735882359143245
y_fixed,0.0,-21.15,0.13308216245447346,0.08209468289508269,0.12199415696763483,0.0,-0.0,0.07601487044067708,0.05132138665858254,0.0820946828950827,0.20375493276352574,3.6213501249999998,2.2339101249999995,3.3196301249999993,0.0,-0.0,2.06847,1.3965260750463848,2.2339101249999995,5.544454174953614
y_fixed,0.0,-21.075000000000003,0.13224110483458196,0.08143443194029541,0.12124350268029546,0.0,-0.0,0.07574531416251866,0.05079765660660495,0.0814344319402954,0.20268695090827243,3.5984637812500004,2.2159437812500005,3.299203781250001,0.0,-0.0,2.061135,1.3822746543133912,2.21594378125,5.515392908186609
y_fixed,0.0,-21.0,0.13140271383738078,0.08077684760819845,0.12049551501564637,0.0,-0.0,0.07547575788436021,0.05027658457087325,0.08077684760819845,0.2016216442821539,3.5756500000000004,2.19805,3.2788500000000003,0.0,-0.0,2.0538,1.368095561887113,2.19805,5.486404438112888
y_fixed,0.0,-20.925,0.13056698946287,0.08012192989879188,0.11975019397368769,0.0,-0.0,0.0752062016062018,0.049758170458206505,0.08012192989879188,0.20055901297835116,3.55290878125,2.18022878125,3.25856878125,0.0,-0.0,2.046465,1.353988795231967,2.18022878125,5.457488767268034
y_fixed,0.0,-20.85,0.12973393171104958,0.07946967881207569,0.1190075395544194,0.0,-0.0,0.07493664532804337,0.0492424141740767,0.07946967881207567,0.19949905709139226,3.5302401250000006,2.162480125,3.2383601250000007,0.0,-0.0,2.03913,1.3399543517757153,2.1624801249999996,5.428645898224286
y_fixed,0.0,-20.775,0.12890354058191947,0.07882009434804982,0.1182675517578414,0.0,-0.0,0.07466708904988492,0.04872931562258448,0.07882009434804982,0.1984417767171764,3.5076440312499995,2.144804031249999,3.2182240312499992,0.0,-0.0,2.031795,1.3259922289088035,2.144804031249999,5.399875833591195
y_fixed,0.0,-20.700000000000003,0.12807581607547985,0.0781731765067144,0.1175302305839539,0.0,-0.0,0.07439753277172652,0.04821887470643439,0.0781731765067144,0.19738717195299937,3.485120500000001,2.1272005000000003,3.198160500000001,0.0,-0.0,2.0244600000000004,1.3121024239836874,2.1272005000000003,5.371178576016315
y_fixed,0.0,-20.625,0.1272507581917305,0.07752892528806929,0.11679557603275667,0.0,-0.0,0.07412797649356807,0.047711091326909,0.07752892528806929,0.1963352428975782,3.4626695312500004,2.10966953125,3.1781695312500005,0.0,-0.0,2.017125,1.2982849343141287,2.10966953125,5.342554128185872
y_fixed,0.0,-20.55,0.12642836693067155,0.07688734069211457,0.11606358810424983,0.0,-0.0,0.07385842021540964,0.047205965383843404,0.07688734069211456,0.19528598965107796,3.440291125,2.092211125,3.158251125,0.0,-0.0,2.0097899999999997,1.284539757174502,2.0922111249999995,5.314002492825497
y_fixed,0.0,-20.475,0.125608642292303,0.07624842271885023,0.11533426679843337,0.0,-0.0,0.07358886393725123,0.046703496775598444,0.07624842271885021,0.19423941231513792,3.4179852812500005,2.07482528125,3.13840528125,0.0,-0.0,2.0024550000000003,1.2708668897990643,2.0748252812499994,5.285523672700936
y_fixed,0.0,-20.4,0.12479158427662478,0.07561217136827623,0.11460761211530726,0.0,-0.0,0.07331930765909278,0.04620368539903339,0.07561217136827622,0.19319551099289864,3.3957519999999994,2.0575119999999996,3.1186319999999994,0.0,-0.0,1.9951199999999998,1.2572663293812136,2.057511999999999,5.257117670618785
y_fixed,0.0,-20.325000000000003,0.12397719288363698,0.07497858664039267,0.1138836240548716,0.0,-0.0,0.07304975138093436,0.04570653114947848,0.07497858664039267,0.1921542857890301,3.3735912812500004,2.040271281250001,3.098931281250001,0.0,-0.0,1.9877850000000001,1.2437380730727408,2.040271281250001,5.228784489427261
y_fixed,0.0,-20.25,0.1231654681133395,0.07434766853519939,0.1131623026171262,0.0,-0.0,0.07278019510277593,0.045212033920706184,0.07434766853519939,0.19111573680975952,3.3515031250000002,2.0231031249999996,3.0793031249999996,0.0,-0.0,1.98045,1.2302821179830472,2.0231031249999996,5.200524132016953
y_fixed,0.0,-20.175,0.12235640996573244,0.07371941705269655,0.11244364780207125,0.0,-0.0,0.0725106388246175,0.04472019360490265,0.07371941705269652,0.190079864162901,3.3294875312500007,2.00600753125,3.05974753125,0.0,-0.0,1.9731150000000002,1.2168984611783684,2.0060075312499994,5.172336601321632
y_fixed,0.0,-20.1,0.12155001844081571,0.07309383219288405,0.11172765960970665,0.0,-0.0,0.07224108254645907,0.04423101009263761,0.07309383219288407,0.18904666795788477,3.3075445,1.9889845,3.0402645000000006,0.0,-0.0,1.96578,1.2035870996809555,1.9889845000000004,5.144221900319046
y_fixed,0.0,-20.025,0.12074629353858934,0.07247091395576191,0.11101433804003238,0.0,-0.0,0.07197152626830064,0.04374448327283426,0.07247091395576191,0.18801614830578744,3.2856740312499997,1.9720340312499993,3.0208540312499994,0.0,-0.0,1.958445,1.1903480304682543,1.9720340312499993,5.116180032031744
y_fixed,0.0,-19.950000000000003,0.11994523525905341,0.07185066234133021,0.11030368309304858,0.0,-0.0,0.07170196999014222,0.04326061303273842,0.07185066234133022,0.18698830531936356,3.263876125000001,1.9551561250000007,3.001516125000001,0.0,-0.0,1.9511100000000003,1.1771812504720673,1.9551561250000011,5.088210999527934
y_fixed,0.0,-19.875,0.11914684360220777,0.0712330773495888,0.10959569476875505,0.0,-0.0,0.07143241371198378,0.04277939925788629,0.07123307734958881,0.18596313911307652,3.24215078125,1.9383507812499998,2.9822507812500003,0.0,-0.0,1.9437749999999998,1.1640867565776762,1.93835078125,5.0603148059223235
y_fixed,0.0,-19.8,0.11835111856805255,0.0706181589805378,0.10889037306715194,0.0,-0.0,0.07116285743382535,0.042300841832072694,0.0706181589805378,0.1849406498031318,3.220498,1.9216180000000003,2.963058,0.0,-0.0,1.93644,1.1510645456229767,1.9216180000000003,5.032491454377023
y_fixed,0.0,-19.725,0.11755806015658771,0.07000590723417716,0.1081877179882392,0.0,-0.0,0.07089330115566693,0.04182494063731739,0.07000590723417716,0.1839208375075095,3.1989177812500005,1.90495778125,2.9439377812500007,0.0,-0.0,1.9291050000000003,1.138114614397563,1.90495778125,5.004740948102438
y_fixed,0.0,-19.65,0.11676766836781319,0.06939632211050686,0.1074877295320168,0.0,-0.0,0.07062374487750848,0.041351695553831405,0.06939632211050686,0.18290370234599856,3.1774101249999998,1.8883701249999993,2.9248901249999997,0.0,-0.0,1.9217699999999998,1.125236959641811,1.8883701249999993,4.977063290358188
y_fixed,0.0,-19.575000000000003,0.11597994320172911,0.06878940360952701,0.10679040769848483,0.0,-0.0,0.07035418859935007,0.04088110645998225,0.06878940360952701,0.1818892444402317,3.1559750312500006,1.8718550312500004,2.905915031250001,0.0,-0.0,1.914435,1.112431578045932,1.8718550312500004,4.94945848445407
y_fixed,0.0,-19.5,0.11519488465833533,0.06818515173123746,0.10609575248764316,0.0,-0.0,0.07008463232119164,0.040413173232258334,0.06818515173123746,0.18087746391372017,3.1346125,1.8554124999999997,2.8870125,0.0,-0.0,1.9071,1.0996984662490048,1.8554124999999997,4.921926533750995
y_fixed,0.0,-19.425,0.11441249273763196,0.06758356647563832,0.10540376389949191,0.0,-0.0,0.0698150760430332,0.03994789574523286,0.06758356647563832,0.179868360891891,3.11332253125,1.83904253125,2.8681825312500004,0.0,-0.0,1.899765,1.087037620837992,1.83904253125,4.894467441662009
y_fixed,0.0,-19.35,0.11363276743961898,0.06698464784272953,0.10471444193403101,0.0,-0.0,0.06954551976487477,0.03948527387152642,0.06698464784272953,0.17886193550212356,3.0921051250000007,1.8227451250000002,2.8494251250000002,0.0,-0.0,1.89243,1.0744490383467233,1.8227451250000002,4.867081211653278
y_fixed,0.0,-19.275,0.11285570876429629,0.0663883958325111,0.10402778659126047,0.0,-0.0,0.06927596348671634,0.03902530748176897,0.0663883958325111,0.17785818787378777,3.070960281249999,1.8065202812499996,2.8307402812499998,0.0,-0.0,1.885095,1.0619327152548605,1.8065202812499996,4.839767847245138
y_fixed,0.0,-19.200000000000003,0.11208131671166408,0.06579481044498309,0.10334379787118034,0.0,-0.0,0.06900640720855793,0.03856799644456117,0.06579481044498309,0.17685711813828325,3.0498880000000006,1.7903680000000004,2.8121280000000004,0.0,-0.0,1.8777600000000003,1.049488647986846,1.7903680000000004,4.812527352013156
y_fixed,0.0,-19.125,0.11130959128172216,0.0652038916801454,0.10266247577379053,0.0,-0.0,0.06873685093039948,0.03811334062643415,0.0652038916801454,0.17585872642907854,3.02888828125,1.7742882812499998,2.79358828125,0.0,-0.0,1.8704249999999998,1.0371168329108058,1.7742882812499998,4.785359729589194
y_fixed,0.0,-19.05,0.11054053247447064,0.0646156395379981,0.10198382029909114,0.0,-0.0,0.06846729465224106,0.037661339891808976,0.06461563953799809,0.1748630128817528,3.007961125,1.7582811250000001,2.7751211250000005,0.0,-0.0,1.8630900000000001,1.02481726633745,1.7582811249999997,4.75826498366255
y_fixed,0.0,-18.975,0.1097741402899095,0.0640300540185412,0.10130783144708211,0.0,-0.0,0.06819773837408263,0.03721199410295491,0.0640300540185412,0.17386997763403672,2.9871065312500007,1.7423465312500006,2.7567265312500004,0.0,-0.0,1.855755,1.0125899445189337,1.7423465312500006,4.731243117981068
y_fixed,0.0,-18.9,0.10901041472803868,0.0634471351217746,0.1006345092177634,0.0,-0.0,0.06792818209592419,0.03676530311994642,0.0634471351217746,0.17287962082585567,2.9663244999999994,1.7264844999999995,2.7384044999999997,0.0,-0.0,1.8484199999999997,1.0004348636476896,1.7264844999999995,4.70429413635231
y_fixed,0.0,-18.825000000000003,0.10824935578885833,0.06286688284769845,0.09996385361113516,0.0,-0.0,0.06765862581776579,0.03632126680061981,0.06286688284769845,0.17189194259937368,2.945615031250001,1.7106950312500004,2.720155031250001,0.0,-0.0,1.8410850000000005,0.9883520198552465,1.7106950312500004,4.677418042644756
y_fixed,0.0,-18.75,0.10749096347236826,0.06228929719631261,0.0992958646271972,0.0,-0.0,0.06738906953960734,0.035879885000527974,0.0622892971963126,0.17090694309903748,2.924978125,1.6949781249999998,2.701978125,0.0,-0.0,1.83375,0.976341409210998,1.6949781249999996,4.650614840789002
y_fixed,0.0,-18.675,0.1067352377785686,0.06171437816761717,0.09863054226594964,0.0,-0.0,0.06711951326144891,0.035441157572894864,0.06171437816761716,0.16992462247162335,2.90441378125,1.67933378125,2.68387378125,0.0,-0.0,1.826415,0.9644030277209648,1.6793337812499995,4.623884534779035
y_fixed,0.0,-18.6,0.1059821787074593,0.0611421257616121,0.09796788652739247,0.0,-0.0,0.06684995698329048,0.035005084368568334,0.0611421257616121,0.1689449808662834,2.883922,1.663762,2.6658420000000005,0.0,-0.0,1.8190799999999998,0.9525368713265099,1.663762,4.59722712867349
y_fixed,0.0,-18.525,0.10523178625904035,0.06057253997829738,0.09730789741152562,0.0,-0.0,0.06658040070513205,0.03457166523597188,0.06057253997829737,0.16796801843459408,2.8635027812499994,1.6482627812499997,2.6478827812499994,0.0,-0.0,1.811745,0.9407429359030267,1.6482627812499993,4.570642626596972
y_fixed,0.0,-18.450000000000003,0.10448406043331185,0.06000562081767308,0.09665057491834922,0.0,-0.0,0.06631084442697363,0.0341409000210557,0.06000562081767308,0.16699373533060535,2.843156125000001,1.6328361250000003,2.629996125000001,0.0,-0.0,1.8044100000000003,0.9290212172586064,1.6328361250000003,4.544131032741395
y_fixed,0.0,-18.375,0.10373900123027363,0.05944136827973909,0.09599591904786312,0.0,-0.0,0.06604128814881519,0.03371278856724566,0.05944136827973909,0.16602213171089109,2.82288203125,1.6174820312499996,2.6121820312499997,0.0,-0.0,1.7970749999999998,0.91737171113265,1.6174820312499996,4.51769235136735
y_fixed,0.0,-18.3,0.10299660864992582,0.05887978236449551,0.09534392980006742,0.0,-0.0,0.06577173187065677,0.03328733071539207,0.05887978236449551,0.1650532077346012,2.8026805,1.6022005,2.5944405,0.0,-0.0,1.78974,0.9057944131944736,1.6022005,4.491326586805527
y_fixed,0.0,-18.225,0.10225688269226839,0.0583208630719423,0.09469460717496211,0.0,-0.0,0.06550217559249834,0.03286452630371632,0.058320863071942314,0.16408696356351418,2.78255153125,1.58699153125,2.5767715312500004,0.0,-0.0,1.782405,0.8942893190418572,1.5869915312500005,4.465033743458144
y_fixed,0.0,-18.15,0.1015198233573013,0.05776461040207943,0.09404795117254713,0.0,-0.0,0.06523261931433989,0.0324443751677566,0.05776461040207945,0.16312339936209183,2.7624951249999996,1.5718551249999997,2.559175125,0.0,-0.0,1.7750699999999997,0.8828564241995664,1.571855125,4.438813825800433
y_fixed,0.0,-18.075000000000003,0.10078543064502463,0.057211024354906985,0.09340396179282257,0.0,-0.0,0.06496306303618149,0.03202687714031225,0.05721102435490699,0.16216251529753495,2.7425112812500005,1.5567912812500004,2.5416512812500005,0.0,-0.0,1.7677350000000003,0.8714957241178403,1.5567912812500007,4.412666838382161
y_fixed,0.0,-18.0,0.10005370455543827,0.05666010493042486,0.09276263903578832,0.0,-0.0,0.06469350675802304,0.03161203205138678,0.056660104930424865,0.16120431153983983,2.7226,1.5417999999999998,2.5242,0.0,-0.0,1.7604,0.8602072141708381,1.5418,4.386592785829162
y_fixed,0.0,-17.925,0.09932464508854233,0.05611185212863312,0.0921239829014445,0.0,-0.0,0.06442395047986461,0.031199839728129196,0.05611185212863312,0.16024878826185762,2.7027612812500004,1.5268812812499997,2.50682128125,0.0,-0.0,1.7530649999999999,0.8489908896550448,1.5268812812499997,4.360591672844955
y_fixed,0.0,-17.85,0.09859825224433676,0.055566265949531776,0.09148799338979102,0.0,-0.0,0.0641543942017062,0.030790299994774013,0.05556626594953179,0.1592959456393538,2.6829951250000006,1.5120351250000001,2.4895151250000005,0.0,-0.0,1.7457300000000002,0.837846745787638,1.5120351250000006,4.334663504212363
y_fixed,0.0,-17.775,0.09787452602282151,0.05502334639312076,0.0908546705008279,0.0,-0.0,0.06388483792354775,0.030383412672579952,0.05502334639312076,0.15834578385106945,2.6633015312499997,1.4972615312499995,2.47228153125,0.0,-0.0,1.738395,0.8267747777048196,1.4972615312499995,4.30880828479518
y_fixed,0.0,-17.700000000000003,0.09715346642399669,0.05448309345940016,0.0902240142345552,0.0,-0.0,0.06361528164538933,0.02997917757976676,0.05448309345940017,0.15739830307878513,2.6436805000000003,1.4825605000000002,2.455120500000001,0.0,-0.0,1.73106,0.815774980460097,1.4825605000000004,4.283026019539904
y_fixed,0.0,-17.625,0.0964350734478622,0.0539455071483699,0.08959602459097282,0.0,-0.0,0.0633457253672309,0.029577594531450528,0.0539455071483699,0.1564535035073845,2.62413203125,1.4679320312500002,2.4380320312500006,0.0,-0.0,1.7237250000000002,0.8048473490225228,1.4679320312500002,4.257316713477477
y_fixed,0.0,-17.55,0.0957193470944181,0.053410587460030017,0.08897070157008083,0.0,-0.0,0.06307616908907247,0.029178663339577488,0.05341058746003002,0.15551138532492143,2.604656125,1.453376125,2.4210161250000004,0.0,-0.0,1.71639,0.7939918782748931,1.4533761250000001,4.231680371725107
y_fixed,0.0,-17.475,0.09500628736366439,0.05287833439438051,0.08834804517187922,0.0,-0.0,0.06280661281091404,0.028782383812855958,0.0528783343943805,0.15457194872268762,2.5852527812500004,1.43889278125,2.4040727812500005,0.0,-0.0,1.709055,0.7832085630118962,1.4388927812499996,4.2061169994881045
y_fixed,0.0,-17.4,0.09429589425560099,0.052348747951421346,0.08772805539636794,0.0,-0.0,0.06253705653275561,0.02838875575668649,0.05234874795142133,0.15363519389528246,2.5659219999999996,1.4244819999999991,2.387202,0.0,-0.0,1.70172,0.7724973979382114,1.424481999999999,4.180626602061788
y_fixed,0.0,-17.325000000000003,0.09358816777022803,0.05182182813115262,0.0871107322435471,0.0,-0.0,0.062267500254597194,0.02799777897309056,0.0518218281311526,0.15270112104068456,2.5466637812500004,1.4101437812500004,2.3704037812500007,0.0,-0.0,1.6943850000000003,0.7618583776665685,1.41014378125,4.155209184833432
y_fixed,0.0,-17.25,0.09288310790754539,0.0512975749335742,0.08649607571341655,0.0,-0.0,0.06199794397643875,0.027609453260636796,0.051297574933574196,0.1517697303603251,2.527478125,1.3958781249999999,2.3536781249999996,0.0,-0.0,1.68705,0.7512914967157406,1.3958781249999996,4.129864753284258
y_fixed,0.0,-17.175,0.09218071466755315,0.05077598835868618,0.08588408580597642,0.0,-0.0,0.061728387698280325,0.02722377841436597,0.050775988358686186,0.1508410220591636,2.50836503125,1.3816850312499998,2.33702503125,0.0,-0.0,1.679715,0.7407967495085032,1.38168503125,4.104593312991497
y_fixed,0.0,-17.1,0.09148098805025129,0.050257068406488525,0.08527476252122668,0.0,-0.0,0.0614588314201219,0.02684075422571341,0.050257068406488525,0.14991499634576455,2.4893245000000004,1.3675644999999998,2.3204445000000007,0.0,-0.0,1.6723800000000002,0.7303741303695221,1.3675644999999998,4.0793948696304785
y_fixed,0.0,-17.025,0.09078392805563976,0.04974081507698124,0.08466810585916726,0.0,-0.0,0.061189275141963456,0.026460380482429838,0.04974081507698125,0.1489916534323772,2.4703565312499998,1.35351653125,2.3039365312499998,0.0,-0.0,1.6650449999999997,0.7200236335232005,1.35351653125,4.0542694289767995
y_fixed,0.0,-16.950000000000003,0.09008953468371866,0.049227228370164355,0.08406411581979828,0.0,-0.0,0.060919718863805046,0.02608265696849988,0.04922722837016435,0.14807099353501704,2.4514611250000007,1.3395411250000007,2.2875011250000012,0.0,-0.0,1.6577100000000002,0.7097452530914606,1.3395411250000004,4.0292169969085405
y_fixed,0.0,-16.875,0.08939780793448787,0.04871630828603779,0.0834627924031196,0.0,-0.0,0.06065016258564661,0.02570758346405835,0.048716308286037784,0.14715301687354912,2.43263828125,1.3256382812499998,2.2711382812500003,0.0,-0.0,1.6503750000000001,0.6995389830914659,1.3256382812499998,4.004237579408534
y_fixed,0.0,-16.8,0.08870874780794748,0.04820805482460162,0.0828641356091313,0.0,-0.0,0.06038060630748818,0.025335159745304578,0.04820805482460161,0.14623772367177418,2.413888,1.311808,2.254848,0.0,-0.0,1.64304,0.6894048174332899,1.3118079999999996,3.9793311825667095
y_fixed,0.0,-16.725,0.08802235430409747,0.04770246798585582,0.0822681454378334,0.0,-0.0,0.06011105002932975,0.02496538558441414,0.04770246798585581,0.14532511415751673,2.3952102812500002,1.2980502812499999,2.23863028125,0.0,-0.0,1.6357050000000002,0.679342749917514,1.2980502812499997,3.9544978125824866
y_fixed,0.0,-16.65,0.0873386274229378,0.04719954776980038,0.08167482188922584,0.0,-0.0,0.059841493751171315,0.024598260749448375,0.04719954776980037,0.14441518856271524,2.3766051249999998,1.2843651249999994,2.2224851249999995,0.0,-0.0,1.6283699999999999,0.669352774232766,1.2843651249999994,3.9297374757672325
y_fixed,0.0,-16.575000000000003,0.08665756716446854,0.04669929417643534,0.0810841649633087,0.0,-0.0,0.0595719374730129,0.02423378500426153,0.04669929417643534,0.14350794712351572,2.3580725312500004,1.27075253125,2.2064125312500003,0.0,-0.0,1.6210350000000002,0.6594348839531924,1.27075253125,3.9050501785468086
y_fixed,0.0,-16.5,0.08597917352868961,0.04620170720576064,0.08049617466008188,0.0,-0.0,0.05930238119485446,0.02387195810840512,0.04620170720576064,0.14260339008036638,2.3396125,1.2572124999999996,2.1904125,0.0,-0.0,1.6137,0.6495890725358567,1.2572124999999996,3.880435927464143
y_fixed,0.0,-16.425,0.08530344651560108,0.045706786857776335,0.07991085097954548,0.0,-0.0,0.05903282491669603,0.023512779817030004,0.04570678685777635,0.14170151767811656,2.32122503125,1.24374503125,2.1744850312500006,0.0,-0.0,1.606365,0.6398153333180745,1.2437450312500005,3.855894729181926
y_fixed,0.0,-16.35,0.08463038612520292,0.0452145331324824,0.07932819392169943,0.0,-0.0,0.058763268638537605,0.023156249880785476,0.0452145331324824,0.14080233016611687,2.3029101250000004,1.2303501250000002,2.1586301250000006,0.0,-0.0,1.5990300000000002,0.6301136595146671,1.2303501250000002,3.831426590485334
y_fixed,0.0,-16.275,0.0839599923574951,0.04472494602987881,0.07874820348654371,0.0,-0.0,0.05849371236037917,0.022802368045715837,0.044724946029878795,0.13990582779832295,2.2846677812499996,1.2170277812499999,2.1428477812499995,0.0,-0.0,1.5916949999999999,0.6204840442151481,1.2170277812499994,3.8070315182848504
y_fixed,0.0,-16.200000000000003,0.08329226521247772,0.04423802554996563,0.07817087967407843,0.0,-0.0,0.05822415608222075,0.022451134053154118,0.04423802554996563,0.13901201083340203,2.266498000000001,1.2037780000000005,2.1271380000000004,0.0,-0.0,1.5843600000000002,0.6109264803808307,1.2037780000000005,3.782709519619171
y_fixed,0.0,-16.125,0.08262720469015064,0.04375377169274278,0.07759622248430346,0.0,-0.0,0.05795459980406231,0.022102547639612297,0.04375377169274278,0.1381208795348418,2.2484007812500004,1.19060078125,2.11150078125,0.0,-0.0,1.577025,0.6014409608418406,1.19060078125,3.7584606016581596
y_fixed,0.0,-16.05,0.08196481079051396,0.04327218445821032,0.0770242319172189,0.0,-0.0,0.05768504352590389,0.021756608536669445,0.04327218445821031,0.13723243417106337,2.2303761250000003,1.177496125,2.095936125,0.0,-0.0,1.56969,0.592027478294072,1.1774961249999996,3.7342847717059273
y_fixed,0.0,-15.975,0.08130508351356763,0.04279326384636823,0.0764549079728247,0.0,-0.0,0.05741548724774545,0.021413316470855863,0.042793263846368224,0.13634667501553646,2.21242403125,1.1644640312499999,2.0804440312500003,0.0,-0.0,1.562355,0.5826860252960355,1.1644640312499999,3.7101820372039644
y_fixed,0.0,-15.9,0.0806480228593117,0.04231700985721651,0.07588825065112087,0.0,-0.0,0.057145930969587026,0.021072671163534347,0.04231700985721651,0.13546360234689822,2.1945445,1.1515045,2.0650245000000003,0.0,-0.0,1.55502,0.5734165942656264,1.1515045,3.686152405734374
y_fixed,0.0,-15.825000000000001,0.07999362882774613,0.04184342249075517,0.07532425995210741,0.0,-0.0,0.056876374691428595,0.020734672330778088,0.041843422490755164,0.13458321644907545,2.17673753125,1.1386175312500002,2.0496775312500004,0.0,-0.0,1.547685,0.5642191774768028,1.13861753125,3.6621958850231975
y_fixed,0.0,-15.75,0.07934190141887093,0.04137250174698419,0.07476293587578431,0.0,-0.0,0.056606818413270164,0.020399319683245036,0.04137250174698419,0.1337055176114102,2.159003125,1.125803125,2.034403125,0.0,-0.0,1.5403499999999999,0.5550937670561662,1.125803125,3.6383124829438334
y_fixed,0.0,-15.675,0.07869284063268611,0.040904247625903584,0.0742042784221516,0.0,-0.0,0.05633726213511174,0.02006661292604871,0.040904247625903584,0.13283050612878902,2.1413412812500003,1.11306128125,2.0192012812500004,0.0,-0.0,1.533015,0.5460403549794469,1.11306128125,3.6145022075205544
y_fixed,0.0,-15.600000000000001,0.07804644646919165,0.040438660127513355,0.07364828759120925,0.0,-0.0,0.05606770585695331,0.019736551758625303,0.040438660127513334,0.13195818230177558,2.123752,1.1003920000000003,2.0040720000000003,0.0,-0.0,1.5256800000000001,0.5370589330678868,1.1003919999999996,3.590765066932113
y_fixed,0.0,-15.525,0.07740271892838757,0.03997573925181349,0.07309496338295729,0.0,-0.0,0.05579814957879488,0.019409135874596996,0.03997573925181348,0.13108854643674783,2.1062352812500005,1.0877952812500002,1.9890152812500004,0.0,-0.0,1.518345,0.528149492984521,1.08779528125,3.5671010695154792
y_fixed,0.0,-15.450000000000001,0.07676165801027385,0.039515484998804,0.07254430579739568,0.0,-0.0,0.055528593300636454,0.019084364961631184,0.039515484998804,0.13022159884603834,2.088791125,1.0752711250000002,1.9740311250000002,0.0,-0.0,1.5110100000000002,0.5193120262303461,1.0752711250000002,3.5435102237696543
y_fixed,0.0,-15.375,0.07612326371485051,0.03905789736848487,0.07199631483452444,0.0,-0.0,0.055259037022478016,0.018762238701295862,0.03905789736848486,0.12935733984807907,2.0714195312500006,1.06281953125,1.95911953125,0.0,-0.0,1.5036749999999999,0.5105465241403859,1.0628195312499997,3.519992538359614
y_fixed,0.0,-15.3,0.07548753604211754,0.03860297636085612,0.07145099049434359,0.0,-0.0,0.05498948074431959,0.01844275676891052,0.038602976360856106,0.1284957697675506,2.0541205000000007,1.0504405,1.9442805000000003,0.0,-0.0,1.49634,0.5018529778796338,1.0504404999999997,3.4965480221203666
y_fixed,0.0,-15.225000000000001,0.07485447499207494,0.03815072197591775,0.0709083327768531,0.0,-0.0,0.05471992446616116,0.018125918833392908,0.03815072197591775,0.12763688893553513,2.0368940312500006,1.0381340312500003,1.9295140312500005,0.0,-0.0,1.489005,0.4932313784388826,1.0381340312500003,3.4731766840611185
y_fixed,0.0,-15.15,0.07422408056472268,0.037701134213669725,0.07036834168205297,0.0,-0.0,0.05445036818800273,0.01781172455710097,0.03770113421366972,0.12678069768967468,2.0197401249999998,1.025900125,1.9148201250000003,0.0,-0.0,1.48167,0.48468171663042403,1.0259001249999997,3.449878533369576
y_fixed,0.0,-15.075000000000001,0.07359635276006084,0.0372542130741121,0.06983101720994322,0.0,-0.0,0.054180811909844306,0.017500173595670576,0.0372542130741121,0.12592719637433347,2.0026587812500005,1.0137387812500003,1.9001987812500003,0.0,-0.0,1.4743350000000002,0.47620398308363265,1.0137387812500003,3.4266535794163677
y_fixed,0.0,-15.0,0.07297129157808933,0.03680995855724482,0.06929635936052383,0.0,-0.0,0.05391125563168587,0.01719126559784789,0.03680995855724482,0.12507638534076526,1.98565,1.00165,1.88565,0.0,-0.0,1.4669999999999999,0.4677981682404047,1.00165,3.403501831759595
y_fixed,0.0,-14.925,0.07234889701880823,0.036368370663067924,0.06876436813379483,0.0,-0.0,0.053641699353527444,0.016885000205317132,0.03636837066306792,0.12422826494728594,1.9687137812500004,0.9896337812499999,1.87117378125,0.0,-0.0,1.459665,0.45946426235047116,0.9896337812499998,3.3804233001495296
y_fixed,0.0,-14.850000000000001,0.07172916908221748,0.03592944939158141,0.0682350435297562,0.0,-0.0,0.05337214307536902,0.016581377052522973,0.03592944939158141,0.1233828355594507,1.9518501250000002,0.9776901250000002,1.8567701250000004,0.0,-0.0,1.4523300000000001,0.4512022554665647,0.9776901250000002,3.357417994533436
y_fixed,0.0,-14.775,0.0711121077683171,0.03549319474278524,0.06770838554840793,0.0,-0.0,0.05310258679721058,0.016280395766487602,0.03549319474278523,0.12254009755023738,1.9350590312500002,0.9658190312499999,1.84243903125,0.0,-0.0,1.444995,0.44301213743944196,0.9658190312499995,3.3344859250605574
y_fixed,0.0,-14.700000000000001,0.07049771307710709,0.035059606716679466,0.06718439418975003,0.0,-0.0,0.05283303051905216,0.015982055966622336,0.03505960671667946,0.12170005130023479,1.9183405,0.9540205,1.8281805,0.0,-0.0,1.4376600000000002,0.43489389791275745,0.9540204999999999,3.3116271020872428
y_fixed,0.0,-14.625,0.06988598500858745,0.03462868531326405,0.0666630694537825,0.0,-0.0,0.05256347424089373,0.015686357264533265,0.034628685313264046,0.12086269719783668,1.90169453125,0.9422945312500001,1.8139945312499999,0.0,-0.0,1.430325,0.4268475263177744,0.9422945312499998,3.2888415361822254
y_fixed,0.0,-14.55,0.06927692356275819,0.03420043053253902,0.06614441134050536,0.0,-0.0,0.052293917962735297,0.015393299263821238,0.03420043053253902,0.12002803563944231,1.8851211250000002,0.9306411250000002,1.7998811250000002,0.0,-0.0,1.42299,0.4188730118679224,0.9306411250000002,3.266129238132078
y_fixed,0.0,-14.475000000000001,0.06867052873961932,0.03377484237450435,0.06562841984991859,0.0,-0.0,0.05202436168457687,0.015102881559875457,0.03377484237450436,0.11919606702966246,1.8686202812500008,0.9190602812500003,1.7858402812500005,0.0,-0.0,1.415655,0.4109703435531808,0.9190602812500005,3.2434902189468207
y_fixed,0.0,-14.4,0.06806680053917077,0.03335192083916004,0.06511509498202217,0.0,-0.0,0.051754805406418435,0.01481510373966076,0.03335192083916004,0.11836679178153217,1.852192,0.907552,1.7718720000000003,0.0,-0.0,1.40832,0.40313951013429017,0.907552,3.22092448986571
y_fixed,0.0,-14.325000000000001,0.06746573896141263,0.03293166592650612,0.06460443673681612,0.0,-0.0,0.05148524912826001,0.014529965381498415,0.03293166592650612,0.11754021031673034,1.8358362812500002,0.8961162812500003,1.7579762812500002,0.0,-0.0,1.4009850000000001,0.3953805001367877,0.8961162812500003,3.1984320623632128
y_fixed,0.0,-14.25,0.06686734400634484,0.03251407763654255,0.06409644511430046,0.0,-0.0,0.05121569285010158,0.01424746605483984,0.03251407763654254,0.11671632306580546,1.8195531249999999,0.8847531249999999,1.7441531250000002,0.0,-0.0,1.39365,0.3876933018448497,0.8847531249999997,3.1760129481551505
y_fixed,0.0,-14.175,0.06627161567396744,0.03209915596926936,0.06359112011447515,0.0,-0.0,0.05094613657194315,0.01396760532003338,0.03209915596926936,0.11589513046840921,1.8033425312500004,0.87346253125,1.73040253125,0.0,-0.0,1.386315,0.3800779032949451,0.87346253125,3.153667159205055
y_fixed,0.0,-14.100000000000001,0.0656785539642804,0.031686900924686554,0.06308846173734023,0.0,-0.0,0.050676580293784725,0.013690382728083612,0.03168690092468654,0.11507663297353699,1.7872045000000003,0.8622445000000001,1.7167245,0.0,-0.0,1.37898,0.372534292269286,0.8622444999999997,3.1313947077307134
y_fixed,0.0,-14.025,0.06508815887728372,0.031277312502794107,0.06258846998289568,0.0,-0.0,0.050407024015626294,0.013415797820403213,0.031277312502794086,0.11426083103977613,1.77113903125,0.85109903125,1.7031190312500002,0.0,-0.0,1.371645,0.36506245628907574,0.8510990312499994,3.109195606210923
y_fixed,0.0,-13.95,0.06450043041297743,0.03087039070359203,0.062091144851141485,0.0,-0.0,0.050137467737467856,0.013143850128556685,0.030870390703592036,0.11344772513556223,1.755146125,0.840026125,1.689586125,0.0,-0.0,1.36431,0.35766238260753497,0.8400261250000001,3.087069867392465
y_fixed,0.0,-13.875,0.0639153685713615,0.030466135527080326,0.06159648634207767,0.0,-0.0,0.04986791145930943,0.01287453917399586,0.030466135527080322,0.1126373157394433,1.73922578125,0.8290257812499999,1.67612578125,0.0,-0.0,1.356975,0.35033405820270463,0.8290257812499998,3.065017504297295
y_fixed,0.0,-13.8,0.06333297335243596,0.030064546973259,0.061104494455704234,0.0,-0.0,0.04959835518115101,0.012607864467787243,0.030064546973259,0.11182960334035294,1.7233780000000003,0.818098,1.662738,0.0,-0.0,1.3496400000000002,0.34307746977002657,0.818098,3.0430385302299734
y_fixed,0.0,-13.725000000000001,0.06275324475620078,0.02966562504212804,0.060615169192021166,0.0,-0.0,0.04932879890299258,0.012343825510330041,0.029665625042128045,0.11102458843789191,1.7076027812500005,0.8072427812500002,1.6494227812500002,0.0,-0.0,1.342305,0.33589260371467067,0.8072427812500003,3.02113295878533
y_fixed,0.0,-13.650000000000002,0.06217618278265597,0.029269369733687454,0.06012851055102847,0.0,-0.0,0.04905924262483415,0.012082421791065326,0.02926936973368746,0.1102222715426191,1.6919001250000005,0.7964601250000002,1.6361801250000003,0.0,-0.0,1.3349700000000002,0.3287794461436207,0.7964601250000004,2.99930080385638
y_fixed,0.0,-13.575,0.06160178743180151,0.02887578104793722,0.05964451853272612,0.0,-0.0,0.04878968634667571,0.011823652788175596,0.028875781047937227,0.10942265317635202,1.67627003125,0.7857500312499998,1.6230100312499998,0.0,-0.0,1.327635,0.3217379828574991,0.78575003125,2.9775420796425007
y_fixed,0.0,-13.5,0.061030058703637445,0.028484858984877383,0.05916319313711417,0.0,-0.0,0.048520130068517284,0.011567517968274502,0.02848485898487739,0.10862573387247712,1.6607125,0.7751125000000001,1.6099125,0.0,-0.0,1.3203,0.3147681993421238,0.7751125000000003,2.9558568006578767
y_fixed,0.0,-13.425,0.06046099659816376,0.028096603544507912,0.05868453436419259,0.0,-0.0,0.04825057379035886,0.01131401678608614,0.02809660354450791,0.1078315141762702,1.6452275312500004,0.7645475312500003,1.5968875312500004,0.0,-0.0,1.3129650000000002,0.30787008075978173,0.7645475312500002,2.9342449817402185
y_fixed,0.0,-13.350000000000001,0.05989460111538042,0.027711014726828798,0.058208542213961365,0.0,-0.0,0.04798101751220043,0.011063148684113927,0.027711014726828798,0.10703999464522787,1.6298151250000001,0.754055125,1.583935125,0.0,-0.0,1.30563,0.30104361194021795,0.754055125,2.912706638059783
y_fixed,0.0,-13.275000000000002,0.05933087225528748,0.027328092531840074,0.05773521668642053,0.0,-0.0,0.047711461234042005,0.010814913092298246,0.027328092531840067,0.10625117584940975,1.6144752812500007,0.7436352812500003,1.5710552812500005,0.0,-0.0,1.2982950000000002,0.29428877737132003,0.7436352812500001,2.8912417851286807
y_fixed,0.0,-13.2,0.058769810017884866,0.026947836959541695,0.05726455778157004,0.0,-0.0,0.04744190495588357,0.01056930942766261,0.0269478369595417,0.10546505837179229,1.599208,0.7332879999999999,1.558248,0.0,-0.0,1.2909599999999999,0.2876055611894896,0.733288,2.86985043881051
y_fixed,0.0,-13.125,0.05821141440317266,0.026570248009933704,0.05679656549940994,0.0,-0.0,0.047172348677725136,0.010326337093947962,0.026570248009933697,0.10468164280863462,1.58401328125,0.72301328125,1.54551328125,0.0,-0.0,1.283625,0.2809939471696912,0.7230132812499999,2.8485326153303085
y_fixed,0.0,-13.05,0.05765568541115082,0.026195325683016083,0.056331239839940206,0.0,-0.0,0.04690279239956671,0.010085995481234386,0.02619532568301607,0.10390092976985663,1.5688911250000004,0.712811125,1.532851125,0.0,-0.0,1.2762900000000001,0.2744539187151585,0.7128111249999997,2.8272883312848416
y_fixed,0.0,-12.975000000000001,0.05710262304181935,0.02582306997878884,0.05586858080316085,0.0,-0.0,0.04663323612140828,0.009848283965550115,0.02582306997878884,0.10312291987943009,1.5538415312500005,0.7026815312500002,1.5202615312500003,0.0,-0.0,1.268955,0.26798545884675457,0.7026815312500002,2.8061176036532465
y_fixed,0.0,-12.900000000000002,0.056552227295178246,0.02545348089725196,0.05540858838907186,0.0,-0.0,0.04636367984324986,0.009613201908466908,0.02545348089725196,0.10234761377578319,1.5388645000000005,0.6926245000000003,1.5077445000000003,0.0,-0.0,1.2616200000000002,0.261588550191962,0.6926245000000003,2.7850204498080386
y_fixed,0.0,-12.825,0.0560044981712275,0.02508655843840544,0.054951262597673224,0.0,-0.0,0.04609412356509142,0.009380748656681592,0.02508655843840544,0.10157501211221914,1.52396003125,0.68264003125,1.49530003125,0.0,-0.0,1.2542849999999999,0.2552631749734959,0.68264003125,2.7639968875265044
y_fixed,0.0,-12.75,0.05545943566996714,0.024722302602249304,0.05449660342896498,0.0,-0.0,0.04582456728693299,0.009150923541583042,0.024722302602249297,0.10080511555734907,1.509128125,0.672728125,1.4829281250000002,0.0,-0.0,1.24695,0.24900931499752058,0.6727281249999998,2.7430469350024795
y_fixed,0.0,-12.675,0.05491703979139716,0.02436071338878354,0.054044610882947104,0.0,-0.0,0.045555011008774564,0.008923725878803992,0.024360713388783532,0.10003792479554027,1.4943687812500002,0.6628887812500001,1.47062878125,0.0,-0.0,1.2396150000000001,0.2428269516414541,0.66288878125,2.722170610858546
y_fixed,0.0,-12.600000000000001,0.054377310535517545,0.02400179079800815,0.053595284959619606,0.0,-0.0,0.04528545473061614,0.008699154967757177,0.024001790798008148,0.09927344052737996,1.4796820000000004,0.6531220000000003,1.4584020000000004,0.0,-0.0,1.2322800000000003,0.23671606584134583,0.6531220000000002,2.7013679341586547
y_fixed,0.0,-12.525000000000002,0.053840247902328296,0.02364553482992312,0.053148625658982464,0.0,-0.0,0.04501589845245771,0.008477210091155093,0.02364553482992312,0.09851166347015566,1.4650677812500004,0.6434277812500001,1.4462477812500003,0.0,-0.0,1.2249450000000002,0.23067663807880837,0.6434277812500001,2.680638924421192
y_fixed,0.0,-12.45,0.0533058518918294,0.023291945484528453,0.052704632981035685,0.0,-0.0,0.04474634217429927,0.008257890514512652,0.02329194548452845,0.09775259435835242,1.4505261249999999,0.6338061249999999,1.434166125,0.0,-0.0,1.2176099999999999,0.22470864836748433,0.6338061249999998,2.659983601632515
y_fixed,0.0,-12.375,0.0527741225040209,0.02294102276182418,0.052263306925779296,0.0,-0.0,0.04447678589614085,0.008041195485632188,0.02294102276182418,0.09699623394416801,1.43605703125,0.6242570312500001,1.42215703125,0.0,-0.0,1.210275,0.2188120762390325,0.6242570312500001,2.6394019862609674
y_fixed,0.0,-12.3,0.052245059738902776,0.022592766661810267,0.05182464749321328,0.0,-0.0,0.044207229617982416,0.007827124234069822,0.02259276666181026,0.09624258299804622,1.4216605000000004,0.6147805000000001,1.4102205,0.0,-0.0,1.2029400000000001,0.2129869007286069,0.6147804999999998,2.6188940992713934
y_fixed,0.0,-12.225000000000001,0.05171866359647501,0.02224717718448673,0.05138865468333763,0.0,-0.0,0.04393767333982399,0.007615675970582679,0.022247177184486724,0.09549164230922996,1.4073365312500004,0.6053765312500002,1.3983565312500004,0.0,-0.0,1.1956050000000003,0.20723310035981482,0.60537653125,2.598459962140186
y_fixed,0.0,-12.150000000000002,0.05119493407673763,0.02190425432985356,0.05095532849615235,0.0,-0.0,0.04366811706166556,0.007406849886556023,0.02190425432985356,0.09474341268633396,1.3930851250000007,0.5960451250000002,1.3865651250000004,0.0,-0.0,1.1882700000000002,0.20155065312912834,0.5960451250000002,2.5780995968708726
y_fixed,0.0,-12.075,0.05067387117969059,0.021563998097910753,0.05052466893165743,0.0,-0.0,0.04339856078350712,0.007200645153409343,0.02156399809791075,0.09399789495793867,1.3789062812500001,0.5867862812500001,1.37484628125,0.0,-0.0,1.1809349999999998,0.19593953648972315,0.58678628125,2.557813026010277
y_fixed,0.0,-12.0,0.05015547490533394,0.021226408488658324,0.05009667598985289,0.0,-0.0,0.0431290045053487,0.00699706092198079,0.02122640848865832,0.09325508997320603,1.3648000000000002,0.5776,1.3632000000000002,0.0,-0.0,1.1736,0.19039972733472818,0.5775999999999999,2.537600272665272
y_fixed,0.0,-11.925,0.04963974525366767,0.020891485502096272,0.049671349670738725,0.0,-0.0,0.04285944822719027,0.006796096321888795,0.020891485502096276,0.0925149986025176,1.3507662812500005,0.5684862812500002,1.3516262812500002,0.0,-0.0,1.1662649999999999,0.18493120197985438,0.5684862812500002,2.5174613605201466
y_fixed,0.0,-11.850000000000001,0.049126682224691756,0.020559229138224583,0.049248689974314926,0.0,-0.0,0.042589891949031844,0.006597750460869776,0.020559229138224576,0.09177762173813689,1.3368051250000004,0.5594451250000001,1.3401251250000001,0.0,-0.0,1.1589300000000002,0.1795339361453728,0.5594451249999999,2.4973963138546273
y_fixed,0.0,-11.775000000000002,0.04861628581840623,0.02022963939704327,0.0488286969005815,0.0,-0.0,0.04232033567087342,0.0064020224240914705,0.020229639397043267,0.09104296029489625,1.3229165312500006,0.5504765312500002,1.3286965312500003,0.0,-0.0,1.1515950000000004,0.17420790493742938,0.5504765312500001,2.4774051575625715
y_fixed,0.0,-11.7,0.04810855603481103,0.019902716278552314,0.04841137044953843,0.0,-0.0,0.042050779392714975,0.006208911273440063,0.01990271627855232,0.09031101521090941,1.3091004999999998,0.5415804999999999,1.3173404999999998,0.0,-0.0,1.1442599999999998,0.16895308282864677,0.5415805000000001,2.457487917171353
y_fixed,0.0,-11.625,0.04760349287390624,0.019578459782751738,0.04799671062118575,0.0,-0.0,0.04178122311455655,0.00601841604678054,0.019578459782751738,0.08958178744831145,1.29535703125,0.5327570312499998,1.30605703125,0.0,-0.0,1.136925,0.16376944363799745,0.5327570312499998,2.4376446188620027
y_fixed,0.0,-11.55,0.04710109633569182,0.01925686990964154,0.047584717415523434,0.0,-0.0,0.04151166683639813,0.005830535757188837,0.01925686990964154,0.08885527799402641,1.281686125,0.5240061249999999,1.294846125,0.0,-0.0,1.12959,0.15865696050990954,0.5240061249999999,2.4178752894900906
y_fixed,0.0,-11.475000000000001,0.04660136642016777,0.018937946659221713,0.0471753908325515,0.0,-0.0,0.041242110558239696,0.00564526939215459,0.018937946659221716,0.08813148786056468,1.2680877812500002,0.5153277812500001,1.2837077812500002,0.0,-0.0,1.122255,0.15361560589257242,0.5153277812500002,2.398179956607428
y_fixed,0.0,-11.400000000000002,0.04610430312733409,0.01862169003149225,0.04676873087226993,0.0,-0.0,0.04097255428008127,0.005462615912753117,0.01862169003149225,0.0874104180868509,1.2545620000000002,0.506722,1.2726420000000003,0.0,-0.0,1.1149200000000001,0.14864535151540534,0.506722,2.3785586484845953
y_fixed,0.0,-11.325,0.04560990645719076,0.018308100026453153,0.046364737534678714,0.0,-0.0,0.04070299800192283,0.005282574252785426,0.01830810002645316,0.08669206973908405,1.24110878125,0.4981887812499998,1.26164878125,0.0,-0.0,1.1075849999999998,0.14374616836565568,0.49818878125000005,2.3590113941343445
y_fixed,0.0,-11.25,0.04511817640973782,0.017997176644104437,0.04596341081977789,0.0,-0.0,0.0404334417237644,0.005105143317884531,0.01799717664410443,0.08597644391163116,1.227728125,0.4897281249999999,1.250728125,0.0,-0.0,1.10025,0.13891802666408065,0.48972812499999974,2.3395382233359188
y_fixed,0.0,-11.175,0.04462911298497526,0.01768891988444609,0.04556475072756743,0.0,-0.0,0.04016388544560598,0.004930321984586872,0.01768891988444609,0.08526354172795582,1.2144200312500002,0.48134003124999997,1.23988003125,0.0,-0.0,1.092915,0.13416089583967947,0.48134003124999997,2.320139166660321
y_fixed,0.0,-11.100000000000001,0.044142716182903066,0.017383329747478124,0.04516875725804735,0.0,-0.0,0.03989432916744755,0.004758109099366869,0.017383329747478124,0.08455336434158356,1.2011845000000003,0.47302450000000024,1.2291045000000003,0.0,-0.0,1.08558,0.12947474450342197,0.47302450000000024,2.300814255496579
y_fixed,0.0,-11.025000000000002,0.04365898600352124,0.01708040623320052,0.044775430411217634,0.0,-0.0,0.039624772889289124,0.004588503477633298,0.01708040623320052,0.08384591293710557,1.1880215312500004,0.4647815312500003,1.2184015312500003,0.0,-0.0,1.0782450000000001,0.12485954042093883,0.4647815312500003,2.2815635220790615
y_fixed,0.0,-10.95,0.04317792244682976,0.01678014934161327,0.044384770187078273,0.0,-0.0,0.039355216611130686,0.00442150390268548,0.016780149341613274,0.08314118873122256,1.1749311249999999,0.4566111249999999,1.2077711249999998,0.0,-0.0,1.07091,0.12031525048411794,0.456611125,2.262386999515882
y_fixed,0.0,-10.875,0.042699525512828684,0.01648255907271641,0.0439967765856293,0.0,-0.0,0.039085660332972255,0.004257109124627501,0.01648255907271641,0.08243919297383048,1.1619132812500002,0.44851328125,1.19721328125,0.0,-0.0,1.063575,0.1158418406815588,0.44851328125,2.243284721818441
y_fixed,0.0,-10.8,0.04222379520151797,0.016187635426509916,0.0436114496068707,0.0,-0.0,0.03881610405481383,0.0040953178592383725,0.016187635426509916,0.0817399269491503,1.1489680000000002,0.440488,1.1867280000000002,0.0,-0.0,1.05624,0.11143927606782807,0.440488,2.2242567239321724
y_fixed,0.0,-10.725000000000001,0.04175073151289763,0.0158953784029938,0.04322878925080247,0.0,-0.0,0.0385465477766554,0.003936128786796351,0.015895378402993793,0.08104339197690374,1.1360952812500005,0.4325352812500002,1.1763152812500002,0.0,-0.0,1.048905,0.10710752073146765,0.43253528124999996,2.205303041768533
y_fixed,0.0,-10.650000000000002,0.04128033444696766,0.01560578800216805,0.04284879551742461,0.0,-0.0,0.038276991498496976,0.0037795405508549104,0.015605788002168053,0.08034958941353737,1.1232951250000003,0.4246551250000002,1.1659751250000003,0.0,-0.0,1.04157,0.10284653776168722,0.4246551250000003,2.1864237122383137
y_fixed,0.0,-10.575,0.04081260400372804,0.015318864224032657,0.0424714684067371,0.0,-0.0,0.03800743522033854,0.0036255517569682497,0.015318864224032655,0.07965852065349689,1.1105675312499999,0.41684753124999985,1.1557075312499998,0.0,-0.0,1.034235,0.09865628921368345,0.4168475312499998,2.1676187732863164
y_fixed,0.0,-10.5,0.040347540183178814,0.015034607068587653,0.04209680791873999,0.0,-0.0,0.03773787894218011,0.0034741609713639446,0.015034607068587655,0.07897018713055486,1.0979125,0.4091125,1.1455125,0.0,-0.0,1.0269,0.09453673607252115,0.40911250000000005,2.148888263927479
y_fixed,0.0,-10.425,0.039885142985319956,0.014753016535833016,0.04172481405343324,0.0,-0.0,0.03746832266402168,0.0033253667195599634,0.014753016535833018,0.07828459031919324,1.0853300312500003,0.40145003125000006,1.13539003125,0.0,-0.0,1.019565,0.09048783821550022,0.40145003125000006,2.1302322242845
y_fixed,0.0,-10.350000000000001,0.039425412410151475,0.014474092625768752,0.04135548681081687,0.0,-0.0,0.03719876638586326,0.003179167484923702,0.01447409262576875,0.07760173173604465,1.0728201250000005,0.3938601250000001,1.1253401250000001,0.0,-0.0,1.0122300000000002,0.08650955437294508,0.3938601250000001,2.1116506956270555
y_fixed,0.0,-10.275000000000002,0.03896834845767336,0.014197835338394858,0.040988826190890865,0.0,-0.0,0.03692921010770483,0.003035561707169815,0.01419783533839486,0.07692161294139441,1.0603827812500004,0.3863427812500002,1.1153627812500004,0.0,-0.0,1.004895,0.08260184208732856,0.38634278125000027,2.093143720412672
y_fixed,0.0,-10.2,0.038513951127885596,0.013924244673711322,0.040624832193655216,0.0,-0.0,0.03665965382954639,0.0028945477807941597,0.013924244673711325,0.07624423554074665,1.0480180000000001,0.3788979999999999,1.105458,0.0,-0.0,0.9975599999999999,0.07876465767065728,0.378898,2.074711342329343
y_fixed,0.0,-10.125,0.03806222042078822,0.013653320631718167,0.04026350481910995,0.0,-0.0,0.036390097551387966,0.0027561240534404625,0.013653320631718167,0.0755696011864577,1.03572578125,0.3715257812499999,1.09562578125,0.0,-0.0,0.990225,0.0749979561600265,0.3715257812499999,2.0563536063399734
y_fixed,0.0,-10.05,0.037613156336381216,0.013385063212415386,0.03990484406725506,0.0,-0.0,0.036120541273229535,0.002620288824196522,0.013385063212415386,0.07489771157943975,1.0235061250000002,0.364226125,1.0858661250000001,0.0,-0.0,0.98289,0.07130169127125731,0.364226125,2.038070558728743
y_fixed,0.0,-9.975000000000001,0.037166758874664585,0.01311947241580298,0.03954884993809054,0.0,-0.0,0.03585098499507111,0.0024870403418161893,0.013119472415802982,0.07422856847093894,1.0113590312500003,0.35699903125000015,1.0761790312500001,0.0,-0.0,0.9755550000000002,0.06767581535051434,0.3569990312500002,2.019862247149486
y_fixed,0.0,-9.900000000000002,0.03672302803563832,0.01285654824188094,0.03919552243161639,0.0,-0.0,0.03558142871691268,0.002356376802863689,0.012856548241880941,0.07356217366439102,0.9992845000000004,0.34984450000000017,1.0665645000000004,0.0,-0.0,0.9682200000000001,0.06412027932381016,0.3498445000000002,2.0017287206761907
y_fixed,0.0,-9.825,0.03628196381930242,0.012596290690649258,0.03884486154783259,0.0,-0.0,0.03531187243875424,0.002228296349776022,0.012596290690649256,0.07289852901735899,0.98728253125,0.3427625312499999,1.05702253125,0.0,-0.0,0.9608849999999999,0.0606350326442805,0.34276253124999984,1.9836700298557195
y_fixed,0.0,-9.75,0.035843566225656896,0.012338699762107962,0.038496867286739185,0.0,-0.0,0.03504231616059582,0.002102797068839521,0.012338699762107962,0.07223763644355656,0.975353125,0.335753125,1.047553125,0.0,-0.0,0.95355,0.05722002323712362,0.335753125,1.9656862267628765
y_fixed,0.0,-9.675,0.03540783525470175,0.012083775456257037,0.03815153964833615,0.0,-0.0,0.03477275988243739,0.0019798769880759147,0.012083775456257037,0.07157949791496199,0.9634962812500002,0.3288162812500001,1.03815628125,0.0,-0.0,0.946215,0.05387519744207709,0.3288162812500001,1.9477773650579233
y_fixed,0.0,-9.600000000000001,0.03497477090643697,0.011831517773096479,0.037808878632623485,0.0,-0.0,0.03450320360427896,0.0018595340750333414,0.011831517773096475,0.0709241154640271,0.9517120000000001,0.32195200000000007,1.0288320000000002,0.0,-0.0,0.9388800000000002,0.05060049995330828,0.321952,1.9299435000466918
y_fixed,0.0,-9.525000000000002,0.034544373180862564,0.011581926712626294,0.03746888423960119,0.0,-0.0,0.03423364732612054,0.0017417662344773402,0.01158192671262629,0.0702714911859864,0.9400002812500002,0.3151602812500001,1.0195802812500003,0.0,-0.0,0.9315450000000003,0.047395873756583,0.31516028125000006,1.912184688743417
y_fixed,0.0,-9.45,0.034116642077978515,0.01133500227484647,0.037131556469269245,0.0,-0.0,0.033964091047962094,0.0016265713059765569,0.011335002274846469,0.0696216272412712,0.928361125,0.3084411249999999,1.0104011249999998,0.0,-0.0,0.9242099999999999,0.044261260063569216,0.30844112499999987,1.8945009899364307
y_fixed,0.0,-9.375,0.03369157759778485,0.011090744459757029,0.03679689532162769,0.0,-0.0,0.03369453476980367,0.0015139470613774776,0.01109074445975703,0.06897452585803507,0.9167945312500001,0.30179453125,1.00129453125,0.0,-0.0,0.916875,0.041196598243121045,0.30179453125000005,1.876892464256879
y_fixed,0.0,-9.3,0.033269179740281554,0.010849153267357954,0.03646490079667651,0.0,-0.0,0.03342497849164524,0.0014038912021625376,0.010849153267357955,0.06833018933479552,0.9053005000000001,0.2952205,0.9922605,0.0,-0.0,0.9095399999999999,0.03820182574938923,0.29522050000000005,1.8593591742506108
y_fixed,0.0,-9.225000000000001,0.032849448505468636,0.010610228697649255,0.0361355728944157,0.0,-0.0,0.033155422213486815,0.0012964013566850417,0.010610228697649257,0.06768862004319928,0.8938790312500002,0.2887190312500001,0.9832990312500001,0.0,-0.0,0.9022050000000001,0.03527687804657953,0.28871903125000015,1.8419011844534205
y_fixed,0.0,-9.150000000000002,0.03243238389334609,0.010373970750630923,0.03580891161484526,0.0,-0.0,0.03288586593532839,0.0011914750772745106,0.010373970750630922,0.06704982043091684,0.8825301250000004,0.2822901250000001,0.9744101250000001,0.0,-0.0,0.8948700000000003,0.03242168853018511,0.28229012500000006,1.8245185614698156
y_fixed,0.0,-9.075,0.03201798590391389,0.010140379426302956,0.03548491695796518,0.0,-0.0,0.032616309657169947,0.0010891098372052578,0.010140379426302956,0.06641379302467382,0.87125378125,0.27593378124999995,0.96559378125,0.0,-0.0,0.8875349999999999,0.02963618844449738,0.27593378124999995,1.807211374055503
y_fixed,0.0,-9.0,0.03160625453717208,0.009909454724665367,0.03516358892377548,0.0,-0.0,0.03234675337901152,0.0009893030275207326,0.009909454724665367,0.06578054043342682,0.8600500000000001,0.26965,0.9568500000000001,0.0,-0.0,0.8802,0.02692030679619195,0.26965,1.7899796932038081
y_fixed,0.0,-8.925,0.031197189793120642,0.009681196645718152,0.03484492751227615,0.0,-0.0,0.0320771971008531,0.0008920519537057262,0.009681196645718149,0.06515006535169107,0.8489187812500002,0.2634387812500001,0.94817878125,0.0,-0.0,0.8728650000000001,0.02427397026377472,0.26343878125,1.7728235922362257
y_fixed,0.0,-8.850000000000001,0.030790791671759573,0.009455605189461303,0.034528932723467194,0.0,-0.0,0.03180764082269467,0.000797353832197965,0.009455605189461307,0.06452237056302881,0.8378601250000003,0.25730012500000005,0.9395801250000001,0.0,-0.0,0.86553,0.02169710310265753,0.25730012500000016,1.7557431468973432
y_fixed,0.0,-8.775000000000002,0.03038706017308888,0.009232680355894831,0.03421560455734861,0.0,-0.0,0.03153808454453624,0.0007052057867300802,0.009232680355894834,0.06389745894370741,0.8268740312500005,0.2512340312500002,0.9310540312500002,0.0,-0.0,0.8581950000000003,0.01918962704561805,0.25123403125000027,1.7387384354543827
y_fixed,0.0,-8.7,0.029985995297108534,0.009012422145018713,0.03390494301392038,0.0,-0.0,0.031268528266377806,0.0006156048444925528,0.009012422145018711,0.06327533346653635,0.8159605,0.24524049999999986,0.9226004999999999,0.0,-0.0,0.85086,0.01675146119838823,0.24524049999999983,1.7218095388016115
y_fixed,0.0,-8.625,0.02958759704381858,0.00879483055683298,0.03359694809318253,0.0,-0.0,0.030998971988219375,0.0005285479321072459,0.008794830556832979,0.06265599720489386,0.8051195312500001,0.23931953124999994,0.9142195312499999,0.0,-0.0,0.843525,0.014382521930088508,0.2393195312499999,1.7049565405699112
y_fixed,0.0,-8.55,0.029191865413218998,0.008579905591337618,0.03329161979513506,0.0,-0.0,0.03072941571006095,0.00044403187140095585,0.008579905591337617,0.06203945333695311,0.7943511250000003,0.233471125,0.905911125,0.0,-0.0,0.8361900000000001,0.012082722758220282,0.23347112499999995,1.68817952724178
y_fixed,0.0,-8.475000000000001,0.028798800405309785,0.00836764724853263,0.032988958119777964,0.0,-0.0,0.030459859431902523,0.00036205337496730394,0.00836764724853263,0.06142570515012044,0.7836552812500003,0.22769528125000016,0.8976752812500002,0.0,-0.0,0.8288550000000001,0.00985197422789883,0.22769528125000016,1.6714785882721015
y_fixed,0.0,-8.400000000000002,0.028408402020090942,0.008158055528418008,0.032688963067111235,0.0,-0.0,0.030190303153744096,0.00028260904150492587,0.008158055528418008,0.06081475604569725,0.7730320000000004,0.22199200000000013,0.8895120000000003,0.0,-0.0,0.8215200000000001,0.007690183784998992,0.22199200000000013,1.6548538162150017
y_fixed,0.0,-8.325,0.028020670257562455,0.007951130430993748,0.03239163463713486,0.0,-0.0,0.029920746875585658,0.00020569535091858292,0.007951130430993748,0.06020660954377874,0.76248128125,0.21636128124999993,0.8814212812500001,0.0,-0.0,0.8141849999999999,0.005597255642849602,0.21636128124999993,1.6383053068571505
y_fixed,0.0,-8.25,0.027635605117724355,0.007746871956259869,0.03209697282984887,0.0,-0.0,0.02965119059742723,0.00013130865916972782,0.007746871956259865,0.05960126928840351,0.7520031250000001,0.21080312499999992,0.8734031250000001,0.0,-0.0,0.80685,0.0035730906421102574,0.21080312499999984,1.62183315935789
y_fixed,0.0,-8.175,0.027253206600576625,0.007545280104216364,0.03180497764525325,0.0,-0.0,0.029381634319268803,5.94451928612402e-05,0.007545280104216366,0.05899873905296864,0.7415975312500002,0.20531753125000007,0.8654575312500001,0.0,-0.0,0.7995150000000001,0.0016175861034144555,0.20531753125000013,1.6054374763965857
y_fixed,0.0,-8.100000000000001,0.02687347470611927,0.007346354874863228,0.031515649083348,0.0,-0.0,0.029112078041110375,-9.89895645912473e-06,0.00734635487486323,0.0583990227459264,0.7312645000000002,0.19990450000000012,0.8575845000000001,0.0,-0.0,0.7921800000000001,-0.00026936432764146075,0.19990450000000018,1.5891183643276419
y_fixed,0.0,-8.025000000000002,0.026496409434352282,0.007150096268200458,0.03122898714413313,0.0,-0.0,0.028842521762951948,-7.672783829367554e-05,0.0071500962682004565,0.05780212441677908,0.7210040312500003,0.19456403125000007,0.8497840312500002,0.0,-0.0,0.7848450000000001,-0.0020878708436289136,0.19456403125000002,1.5728759333436293
y_fixed,0.0,-7.949999999999999,0.026122010785275648,0.0069565042842280565,0.030944991827608608,0.0,-0.0,0.02857296548479351,-0.00014104564950605074,0.0069565042842280565,0.0572080482623903,0.7108161249999999,0.18929612499999993,0.8420561249999999,0.0,-0.0,0.7775099999999999,-0.003838047647025393,0.18929612499999993,1.556710297647025
y_fixed,0.0,-7.875,0.025750278758889404,0.006765578922946033,0.030663663133774475,0.0,-0.0,0.028303409206635082,-0.0002028567409680447,0.00676557892294603,0.05661679863363192,0.70070078125,0.18410078124999998,0.8344007812500001,0.0,-0.0,0.7701749999999999,-0.005520013131083802,0.1841007812499999,1.5406215756310837
y_fixed,0.0,-7.800000000000001,0.02538121335519353,0.00657732018435438,0.03038500106263071,0.0,-0.0,0.028033852928476655,-0.00026216562456267336,0.00657732018435438,0.0560283800423869,0.6906580000000001,0.17897800000000003,0.826818,0.0,-0.0,0.7628400000000001,-0.007133890070395583,0.17897800000000003,1.5246098900703955
y_fixed,0.0,-7.725000000000001,0.025014814574188027,0.006391728068453097,0.03010900561417732,0.0,-0.0,0.02776429665031823,-0.00031897698056530463,0.006391728068453097,0.05544279716893065,0.6806877812500002,0.17392778125000002,0.8193077812500003,0.0,-0.0,0.7555050000000002,-0.008679805821741512,0.17392778125000002,1.5086753683217418
y_fixed,0.0,-7.650000000000002,0.024651082415872896,0.006208802575242187,0.029835676788414298,0.0,-0.0,0.027494740372159803,-0.0003732956654265585,0.006208802575242187,0.05486005486971375,0.6707901250000003,0.16895012500000012,0.8118701250000002,0.0,-0.0,0.7481700000000002,-0.010157892535875193,0.16895012500000012,1.4928181425358757
y_fixed,0.0,-7.574999999999999,0.024290016880248115,0.006028543704721638,0.029565014585341633,0.0,-0.0,0.027225184094001362,-0.0004251267199819756,0.006028543704721636,0.05428015818557172,0.6609650312499998,0.16404503124999992,0.80450503125,0.0,-0.0,0.7408349999999999,-0.011568287380919522,0.16404503124999986,1.4770383498809192
y_fixed,0.0,-7.5,0.023931617967313728,0.005850951456891469,0.029297019004959353,0.0,-0.0,0.026955627815842934,-0.00047447537811547494,0.005850951456891469,0.05370311235038855,0.6512125000000001,0.15921249999999998,0.7972125,0.0,-0.0,0.7334999999999999,-0.01291113277811139,0.15921249999999998,1.4613361327781111
y_fixed,0.0,-7.425000000000001,0.02357588567706971,0.0056760258317516705,0.029031690047267446,0.0,-0.0,0.02668607153768451,-0.0005213470759054984,0.005676025831751669,0.05312892280024266,0.6415325312500002,0.15445253125,0.78999253125,0.0,-0.0,0.7261650000000001,-0.014186576650680939,0.15445253124999994,1.4457116391506812
y_fixed,0.0,-7.350000000000001,0.02322282000951606,0.005503766829302243,0.02876902771226591,0.0,-0.0,0.026416515259526083,-0.0005657474612845973,0.005503766829302245,0.052557595183066574,0.6319251250000002,0.14976512500000005,0.7828451250000001,0.0,-0.0,0.7188300000000002,-0.01539477268670232,0.14976512500000008,1.4301650226867029
y_fixed,0.0,-7.275000000000002,0.022872420964652786,0.005334174449543188,0.02850903199995474,0.0,-0.0,0.026146958981367655,-0.0006076824042457187,0.0053341744495431906,0.05198913536885324,0.6223902812500004,0.1451502812500001,0.7757702812500001,0.0,-0.0,0.7114950000000002,-0.016535880616820868,0.14515028125000018,1.4146964431168212
y_fixed,0.0,-7.199999999999999,0.02252468854247986,0.005167248692474494,0.028251702910333933,0.0,-0.0,0.025877402703209217,-0.0006471580076306239,0.005167248692474497,0.05142354946044442,0.6129279999999999,0.1406079999999999,0.7687679999999999,0.0,-0.0,0.70416,-0.017610066507820956,0.140608,1.3993060665078207
y_fixed,0.0,-7.125,0.022179622742997326,0.00500298955809618,0.02799704044340351,0.0,-0.0,0.02560784642505079,-0.0006841806185385896,0.00500298955809618,0.050860843804939423,0.6035382812500001,0.13613828124999997,0.76183828125,0.0,-0.0,0.696825,-0.01861750307307254,0.13613828124999997,1.3839940655730725
y_fixed,0.0,-7.050000000000001,0.021837223566205162,0.004841397046408236,0.027745044599163455,0.0,-0.0,0.025338290146892362,-0.0007187568403962687,0.004841397046408238,0.05030102500576488,0.5942211250000001,0.131741125,0.754981125,0.0,-0.0,0.68949,-0.019558370000968817,0.13174112500000004,1.368760620000969
y_fixed,0.0,-6.975000000000001,0.021497491012103367,0.004682471157410665,0.02749571537761377,0.0,-0.0,0.025068733868733935,-0.0007508935457325352,0.004682471157410668,0.049744099935449676,0.5849765312500002,0.12741653125000008,0.7481965312500001,0.0,-0.0,0.6821550000000001,-0.02043285430254747,0.12741653125000016,1.3536059168025478
y_fixed,0.0,-6.900000000000002,0.021160425080691943,0.004526211891103462,0.02724905277875446,0.0,-0.0,0.024799177590575507,-0.0007805978897056278,0.004526211891103464,0.04919007574915203,0.5758045000000003,0.12316450000000008,0.7414845000000002,0.0,-0.0,0.6748200000000002,-0.021241150679582977,0.12316450000000013,1.3385301506795835
y_fixed,0.0,-6.824999999999999,0.02082602577197088,0.004372619247486624,0.027005056802585508,0.0,-0.0,0.02452962131241707,-0.0008078773244330551,0.004372619247486626,0.04863895989898945,0.56670503125,0.11898503124999993,0.7348450312499999,0.0,-0.0,0.6674849999999999,-0.02198346191452322,0.11898503124999997,1.3235335244145232
y_fixed,0.0,-6.75,0.020494293085940196,0.004221693226560167,0.02676372744910694,0.0,-0.0,0.024260065034258642,-0.0008327396141789413,0.004221693226560165,0.04809076014922607,0.557678125,0.11487812500000003,0.7282781250000001,0.0,-0.0,0.66015,-0.022659999283758198,0.11487812499999997,1.308616249283758
y_fixed,0.0,-6.675000000000001,0.020165227022599888,0.0040734338283240756,0.02652506471831874,0.0,-0.0,0.023990508756100214,-0.0008551928514572201,0.004073433828324077,0.04754548459237584,0.5487237812500001,0.11084378125,0.7217837812500001,0.0,-0.0,0.652815,-0.023270982995810256,0.11084378125000004,1.2937785454958104
y_fixed,0.0,-6.600000000000001,0.01983882758194995,0.003927841052778359,0.02628906861022091,0.0,-0.0,0.023720952477941787,-0.0008752454741138404,0.003927841052778359,0.047003141666284706,0.5398420000000003,0.10688200000000007,0.7153620000000002,0.0,-0.0,0.64548,-0.0238166426561646,0.10688200000000007,1.279020642656165
y_fixed,0.0,-6.525000000000002,0.01951509476399038,0.003784914899923013,0.026055739124813453,0.0,-0.0,0.023451396199783363,-0.0008929062834557769,0.0037849148999230114,0.04646374017225961,0.5310327812500003,0.10299278125000012,0.7090127812500001,0.0,-0.0,0.6381450000000002,-0.02429721776058479,0.10299278125000008,1.2643427802605853
y_fixed,0.0,-6.449999999999999,0.01919402856872117,0.003644655369758029,0.025825076262096354,0.0,-0.0,0.02318183992162492,-0.0009081844634998623,0.00364465536975803,0.045927289294317386,0.5222961249999999,0.09917612499999993,0.7027361249999999,0.0,-0.0,0.6308099999999999,-0.024712958218900145,0.09917612499999996,1.2497452082189
y_fixed,0.0,-6.375,0.018875628996142344,0.003507062462283425,0.02559708002206964,0.0,-0.0,0.022912283643466494,-0.0009210896014202655,0.0035070624622834247,0.04539379861963224,0.51363203125,0.09543203125,0.69653203125,0.0,-0.0,0.623475,-0.025064124911409982,0.09543203125,1.2352281874114097
y_fixed,0.0,-6.300000000000001,0.01855989604625389,0.003372136177499192,0.025371750404733297,0.0,-0.0,0.02264272736530807,-0.0009316317092792805,0.0033721361774991902,0.04486327816026646,0.5050405000000001,0.09176050000000006,0.6904005000000001,0.0,-0.0,0.6161400000000001,-0.025350990280208503,0.09176050000000001,1.2207919902802085
y_fixed,0.0,-6.225000000000001,0.018246829719055807,0.0032398765154053287,0.025149087410087326,0.0,-0.0,0.022373171087149642,-0.0009398212471330215,0.0032398765154053283,0.04433573837627614,0.49652153125000026,0.08816153125000009,0.6843415312500002,0.0,-0.0,0.6088050000000002,-0.025573838957922788,0.08816153125000008,1.2064369014579228
y_fixed,0.0,-6.150000000000002,0.017936430014548095,0.0031102834760018353,0.02492909103813172,0.0,-0.0,0.022103614808991215,-0.000945669147610454,0.0031102834760018336,0.04381119020029027,0.48807512500000033,0.08463512500000009,0.6783551250000002,0.0,-0.0,0.6014700000000002,-0.025732968436542304,0.08463512500000003,1.192163218436543
y_fixed,0.0,-6.074999999999999,0.017628696932730736,0.0029833570592887083,0.024711761288866478,0.0,-0.0,0.021834058530832777,-0.0009491868420723384,0.0029833570592887083,0.04328964506366956,0.47970128124999994,0.08118128124999996,0.6724412812499999,0.0,-0.0,0.594135,-0.02582868977924001,0.08118128124999996,1.17797125227924
y_fixed,0.0,-6.0,0.017323630473603767,0.002859097265265958,0.02449709816229162,0.0,-0.0,0.02156450225267435,-0.0009503862884646887,0.0028590972652659595,0.04277111492436006,0.4714000000000001,0.0778,0.6666000000000001,0.0,-0.0,0.5868,-0.025861328378303614,0.07780000000000004,1.1638613283783033
y_fixed,0.0,-5.925000000000001,0.017021230637167165,0.002737504093933578,0.024285101658407127,0.0,-0.0,0.021294945974515922,-0.0009492800009908726,0.002737504093933578,0.04225561229656516,0.4631712812500001,0.07449128125,0.66083128125,0.0,-0.0,0.5794650000000001,-0.025831224762554506,0.07449128125,1.1498337872625546
y_fixed,0.0,-5.850000000000001,0.016721497423420936,0.00261857754529157,0.02407577177721301,0.0,-0.0,0.021025389696357494,-0.0009458810817360389,0.0026185775452915692,0.04174315028236998,0.4550151250000002,0.07125512500000004,0.6551351250000002,0.0,-0.0,0.5721300000000001,-0.0257387354578923,0.07125512500000003,1.1358889854578926
y_fixed,0.0,-5.775000000000002,0.016424430832365076,0.0025023176193399313,0.02386910851870926,0.0,-0.0,0.020755833418199067,-0.0009402032543884756,0.0025023176193399305,0.04123374260546281,0.44693153125000024,0.06809153125000005,0.6495115312500002,0.0,-0.0,0.5647950000000002,-0.02558423390489972,0.06809153125000002,1.1220272964049
y_fixed,0.0,-5.699999999999999,0.016130030863999577,0.00238872431607866,0.023665111882895874,0.0,-0.0,0.02048627714004063,-0.0009322609002141054,0.0023887243160786616,0.040727403647109556,0.4389205,0.06500049999999993,0.6439604999999999,0.0,-0.0,0.55746,-0.0253681114377585,0.06500049999999997,1.1082491114377584
y_fixed,0.0,-5.625,0.01583829751832446,0.0022777976355077643,0.023463781869772868,0.0,-0.0,0.0202167208618822,-0.0009220690964528171,0.002277797635507762,0.04022414848455014,0.4309820312500001,0.061982031249999965,0.63848203125,0.0,-0.0,0.550125,-0.025090778329066768,0.0619820312499999,1.0945548408290666
y_fixed,0.0,-5.550000000000001,0.015549230795339715,0.002169537577627241,0.023265118479340235,0.0,-0.0,0.019947164583723774,-0.000909643657319055,0.0021695375776272403,0.039723992931999005,0.4231161250000002,0.05903612500000003,0.6330761250000001,0.0,-0.0,0.54279,-0.024752664905521953,0.05903612500000001,1.0809449149055221
y_fixed,0.0,-5.475000000000001,0.015262830695045339,0.0020639441424370854,0.02306912171159797,0.0,-0.0,0.019677608305565347,-0.0008950011778039186,0.0020639441424370845,0.03922695358444722,0.41532278125000016,0.05616278125,0.6277427812500002,0.0,-0.0,0.5354550000000001,-0.02435422273983661,0.05616278124999998,1.0674197852398368
y_fixed,0.0,-5.400000000000002,0.014979097217441336,0.001961017329937303,0.022875791566546073,0.0,-0.0,0.019408052027406923,-0.0008781590804917937,0.001961017329937302,0.0387330478644792,0.4076020000000003,0.053362000000000034,0.6224820000000001,0.0,-0.0,0.5281200000000003,-0.023895925924683863,0.053362000000000014,1.0539799259246843
y_fixed,0.0,-5.324999999999999,0.01469803036252769,0.001860757140127887,0.022685128044184544,0.0,-0.0,0.01913849574924848,-0.0008591356656220579,0.001860757140127886,0.03824229407233429,0.39995378125,0.05063378124999995,0.6172937812499999,0.0,-0.0,0.5207849999999999,-0.02337827243494581,0.05063378124999992,1.0406258349349455
y_fixed,0.0,-5.25,0.014419630130304426,0.001763163573008846,0.022497131144513394,0.0,-0.0,0.018868939471090054,-0.0008379501646450623,0.0017631635730088469,0.037754711439462886,0.392378125,0.04797812499999997,0.612178125,0.0,-0.0,0.51345,-0.022801785585046027,0.04797812499999999,1.0273580355850462
y_fixed,0.0,-5.175000000000001,0.014143896520771537,0.0016682366285801766,0.022311800867532615,0.0,-0.0,0.01859938319293163,-0.000814622797541624,0.0016682366285801775,0.03727032018584577,0.3848750312500001,0.04539503125000001,0.6071350312500001,0.0,-0.0,0.5061150000000001,-0.022167015588692413,0.04539503125000003,1.0141770780886925
y_fixed,0.0,-5.100000000000001,0.013870829533929017,0.001575976306841878,0.022129137213242202,0.0,-0.0,0.018329826914773202,-0.0007891748341972721,0.001575976306841878,0.03678914158136849,0.3774445000000002,0.04288450000000004,0.6021645,0.0,-0.0,0.49878000000000017,-0.02147454122895551,0.04288450000000004,1.0010835412289558
y_fixed,0.0,-5.025000000000002,0.013600429169776867,0.0014863826077939494,0.021949140181642166,0.0,-0.0,0.018060270636614775,-0.00076162866014594,0.0014863826077939485,0.036311198011564974,0.37008653125000024,0.04044653125000005,0.5972665312500002,0.0,-0.0,0.4914450000000002,-0.0207249716472455,0.04044653125000002,0.9880780341472459
y_fixed,0.0,-4.949999999999999,0.013332695428315078,0.0013994555314363888,0.02177180977273249,0.0,-0.0,0.017790714358456337,-0.0007320078470229637,0.0013994555314363888,0.035836513048070534,0.362801125,0.03808112499999997,0.5924411249999999,0.0,-0.0,0.48411,-0.019918948260435963,0.03808112499999997,0.975161198260436
y_fixed,0.0,-4.875,0.01306762830954367,0.0013151950777692024,0.021597145986513192,0.0,-0.0,0.01752115808029791,-0.0007003372280946218,0.0013151950777692024,0.035365111524151484,0.35558828125,0.03578828124999999,0.5876882812499999,0.0,-0.0,0.476775,-0.019057146816127354,0.03578828124999999,0.9623337093161274
y_fixed,0.0,-4.800000000000001,0.012805227813462633,0.0012336012467923868,0.021425148822984266,0.0,-0.0,0.01725160180213948,-0.0006666429792605179,0.001233601246792386,0.03489701961570742,0.3484480000000001,0.033568,0.583008,0.0,-0.0,0.4694400000000001,-0.01814027959683412,0.03356799999999998,0.9495962795968342
y_fixed,0.0,-4.725000000000001,0.01254549394007197,0.001154674038505942,0.021255818282145712,0.0,-0.0,0.016982045523981054,-0.000630952705956281,0.0011546740385059429,0.03443226492817396,0.3413802812500002,0.03142028125000001,0.5784002812500001,0.0,-0.0,0.4621050000000001,-0.017169097784727656,0.03142028125000003,0.9369496602847278
y_fixed,0.0,-4.650000000000002,0.012288426689371676,0.0010784134529098688,0.02108915436399753,0.0,-0.0,0.016712489245822627,-0.0005932955364175089,0.0010784134529098696,0.03397087658978672,0.3343851250000003,0.029345125000000027,0.5738651250000001,0.0,-0.0,0.4547700000000002,-0.016144393999477473,0.02934512500000005,0.9243946439994779
y_fixed,0.0,-4.574999999999999,0.012034026061361738,0.0010048194900041637,0.02092515706853971,0.0,-0.0,0.01644293296766419,-0.0005537022218010999,0.0010048194900041628,0.033512885351702534,0.3274625312499999,0.027342531249999975,0.56940253125,0.0,-0.0,0.4474349999999999,-0.015067005022691447,0.02734253124999995,0.9119320675226911
y_fixed,0.0,-4.5,0.011782292056042188,0.0009338921497888319,0.020763826395772265,0.0,-0.0,0.01617337668950576,-0.0005122052436978302,0.0009338921497888328,0.03305832369551229,0.3206125000000001,0.025412499999999984,0.5650124999999999,0.0,-0.0,0.4401,-0.013937814723482067,0.025412500000000008,0.8995628147234822
y_fixed,0.0,-4.425000000000001,0.011533224673413006,0.0008656314322638709,0.020605162345695194,0.0,-0.0,0.015903820411347334,-0.0004688389296096113,0.0008656314322638727,0.032607225948717816,0.3138350312500001,0.02355503124999999,0.56069503125,0.0,-0.0,0.432765,-0.012757757200762714,0.023555031250000035,0.887287819700763
y_fixed,0.0,-4.350000000000001,0.011286823913474195,0.0008000373374292824,0.020449164918308494,0.0,-0.0,0.015634264133188906,-0.0004236395770061772,0.0008000373374292824,0.032159628408788866,0.30713012500000014,0.021770125000000036,0.556450125,0.0,-0.0,0.4254300000000001,-0.011527820159002063,0.021770125000000036,0.8751080701590023
y_fixed,0.0,-4.275000000000002,0.011043089776225756,0.0007371098652850638,0.020295834113612167,0.0,-0.0,0.01536470785503048,-0.00037664558661947093,0.0007371098652850655,0.031715569476457386,0.3004977812500002,0.020057781250000052,0.5522777812500002,0.0,-0.0,0.41809500000000016,-0.010249048535349152,0.020057781250000097,0.8630246110353493
y_fixed,0.0,-4.199999999999999,0.010802022261667675,0.0006768490158312124,0.0201451699316062,0.0,-0.0,0.01509515157687204,-0.0003278976056784195,0.0006768490158312115,0.03127508979895229,0.293938,0.018417999999999966,0.5481779999999999,0.0,-0.0,0.4107599999999999,-0.00892254839725014,0.018417999999999945,0.85103854839725
y_fixed,0.0,-4.125,0.010563621369799978,0.0006192547890677353,0.019997172372290612,0.0,-0.0,0.014825595298713615,-0.0002774386818324667,0.0006192547890677344,0.03083823242392305,0.28745078125,0.01685078124999997,0.5441507812499999,0.0,-0.0,0.403425,-0.007549491130921025,0.016850781249999947,0.8391510536309208
y_fixed,0.0,-4.050000000000001,0.010327887100622652,0.0005643271849946306,0.019851841435665398,0.0,-0.0,0.014556039020555188,-0.00022531442855814893,0.0005643271849946306,0.0304050429648462,0.2810361250000001,0.015356125000000016,0.540196125,0.0,-0.0,0.39609000000000005,-0.006131117942289859,0.015356125000000016,0.82736336794229
y_fixed,0.0,-3.9750000000000014,0.010094819454135696,0.000512066203611895,0.01970917712173055,0.0,-0.0,0.014286482742396762,-0.00017157320288850312,0.0005120662036118967,0.02997556977875475,0.27469403125000014,0.013934031250000008,0.53631403125,0.0,-0.0,0.38875500000000013,-0.004668744693260322,0.013934031250000057,0.8156768071932605
y_fixed,0.0,-3.900000000000002,0.009864418430339111,0.00046247184491953093,0.019569179430486076,0.0,-0.0,0.014016926464238334,-0.00011626629634881001,0.0004624718449195292,0.029549864157173998,0.26842450000000023,0.01258450000000002,0.5325045,0.0,-0.0,0.3814200000000002,-0.0031637670973379732,0.012584499999999972,0.8040927670973382
y_fixed,0.0,-3.8249999999999993,0.009636684029232886,0.0004155441089175359,0.01943184836193197,0.0,-0.0,0.013747370186079895,-5.94481400232761e-05,0.00041554410891753504,0.029127980531188133,0.26222753125,0.011307531249999976,0.52876753125,0.0,-0.0,0.37408499999999995,-0.0016176662997789439,0.011307531249999952,0.792612728799779
y_fixed,0.0,-3.75,0.009411616250817042,0.00037128299560591337,0.019297183916068234,0.0,-0.0,0.013477813907921467,-1.1765247130337414e-06,0.00037128299560591424,0.02870997669159831,0.256103125,0.010103124999999973,0.525103125,0.0,-0.0,0.36674999999999996,-3.201486839431133e-05,0.010103124999999998,0.7812382648683943
y_fixed,0.0,-3.6750000000000007,0.00918921509509157,0.00032968850498466245,0.019165186092894873,0.0,-0.0,0.013208257629763041,5.84871628251148e-05,0.0003296885049846633,0.02829591402516133,0.2500512812500001,0.008971281249999989,0.52151128125,0.0,-0.0,0.3594150000000001,0.0015915167780661895,0.008971281250000013,0.769971045721934
y_fixed,0.0,-3.6000000000000014,0.00896948056205647,0.00029076063705378227,0.019035854892411882,0.0,-0.0,0.012938701351604614,0.00011947768655099465,0.00029076063705378227,0.027885857767917355,0.24407200000000012,0.007911999999999999,0.517992,0.0,-0.0,0.3520800000000001,0.003251153476516201,0.007911999999999999,0.7588128465234839
y_fixed,0.0,-3.525000000000002,0.00875241265171174,0.00025449939181327284,0.018909190314619264,0.0,-0.0,0.012669145073446188,0.00018172568971119849,0.0002544993918132704,0.027479877276619796,0.23816528125000017,0.0069252812500000035,0.5145452812500001,0.0,-0.0,0.34474500000000025,0.0049450079335499894,0.006925281249999937,0.7477655545664501
y_fixed,0.0,-3.4499999999999993,0.008538011364057371,0.0002209047692631333,0.01878519235951701,0.0,-0.0,0.012399588795287748,0.0002209047692631326,0.0002451574043069292,0.027078046319267447,0.23233112499999997,0.006011124999999977,0.511171125,0.0,-0.0,0.33740999999999993,0.006011124999999958,0.006671072819659693,0.7368311771803402
y_fixed,0.0,-3.375,0.008326276699093381,0.00018997676940336623,0.01866386102710513,0.0,-0.0,0.012130032517129321,0.00018997676940336536,0.000309694340496448,0.026680443385702062,0.22656953124999998,0.005169531249999994,0.50786953125,0.0,-0.0,0.330075,0.00516953124999997,0.008427212317445369,0.7260118501825545
y_fixed,0.0,-3.3000000000000007,0.008117208656819766,0.0001617153922339699,0.018545196317383623,0.0,-0.0,0.011860476238970893,0.00016171539223397077,0.00037525295503685295,0.026287152019166538,0.2208805000000001,0.004400500000000003,0.5046405,0.0,-0.0,0.32274,0.004400500000000027,0.010211153099456173,0.715309846900544
y_fixed,0.0,-3.2250000000000014,0.007910807237236517,0.00013612063775494346,0.018429198230352488,0.0,-0.0,0.011590919960812468,0.00013612063775494187,0.0004417442979763198,0.025898261169612677,0.2152640312500001,0.0037040312499999834,0.5014840312500001,0.0,-0.0,0.31540500000000016,0.00370403124999994,0.012020474714196453,0.7047275877858035
y_fixed,0.0,-3.150000000000002,0.007707072440343642,0.00011319250596628907,0.018315866766011723,0.0,-0.0,0.01132136368265404,0.00011319250596628705,0.0005090736369638576,0.025513865569391496,0.20972012500000015,0.003080124999999993,0.4984001250000001,0.0,-0.0,0.3080700000000002,0.003080124999999938,0.013852599363073403,0.6942676506369265
y_fixed,0.0,-3.0749999999999993,0.00750600426614113,9.293099686800499e-05,0.018205201924361324,0.0,-0.0,0.0110518074044956,9.29309968680063e-05,0.0005771400587600598,0.0251340661317424,0.20424878124999998,0.002528781249999985,0.49538878124999997,0.0,-0.0,0.3007349999999999,0.00252878125000002,0.015704781056952197,0.6839327814430479
y_fixed,0.0,-3.0,0.007307602714628996,7.53361104600921e-05,0.0180972037054013,0.0,-0.0,0.010782251126337175,7.53361104600905e-05,0.0006458360478243275,0.024758970372205952,0.19885000000000003,0.002049999999999983,0.49244999999999994,0.0,-0.0,0.2934,0.002049999999999939,0.01757409414893015,0.6737259058510694
y_fixed,0.0,-2.9250000000000007,0.007111867785807233,6.040784674255081e-05,0.017991872109131647,0.0,-0.0,0.010512694848178747,6.040784674254951e-05,0.0007150470422379249,0.024388692852700955,0.19352378125000005,0.0016437812499999981,0.48958378125,0.0,-0.0,0.28606500000000007,0.0016437812499999628,0.019457421250387467,0.6636501412496126
y_fixed,0.0,-2.8500000000000014,0.006918799479675841,4.8146205715379406e-05,0.017889207135552365,0.0,-0.0,0.010243138570020321,4.814620571538114e-05,0.0007846509677172491,0.024023355647510958,0.18827012500000012,0.001310124999999984,0.486790125,0.0,-0.0,0.27873000000000014,0.001310125000000031,0.021351440550842326,0.6537088094491578
y_fixed,0.0,-2.775000000000002,0.006728397796234821,3.855118737858005e-05,0.017789208784663457,0.0,-0.0,0.009973582291861894,3.855118737857918e-05,0.0008545177511013512,0.023663088829796924,0.18308903125000017,0.0010490312499999994,0.48406903125000006,0.0,-0.0,0.2713950000000002,0.0010490312499999758,0.023252612579271904,0.6439054499207283
y_fixed,0.0,-2.6999999999999993,0.006540662735484162,3.1622791732150574e-05,0.017691877056464914,0.0,-0.0,0.009704026013703454,3.1622791732150574e-05,0.0009245088154856895,0.023308030976463386,0.17798049999999999,0.0008604999999999851,0.48142050000000003,0.0,-0.0,0.2640599999999999,0.0008604999999999851,0.025157166466001947,0.634243833533998
y_fixed,0.0,-2.625,0.006355594297423883,2.7361018776092712e-05,0.017597211950956745,0.0,-0.0,0.009434469735545027,2.7361018776091844e-05,0.000994476560150173,0.02295832968823045,0.17294453125,0.0007445312499999886,0.47884453125000004,0.0,-0.0,0.256725,0.0007445312499999651,0.027061085790827874,0.624727976709172
y_fixed,0.0,-2.5500000000000007,0.006173192482053975,2.5765868510405597e-05,0.017505213468138946,0.0,-0.0,0.009164913457386601,2.5765868510406464e-05,0.0010642638296231297,0.022614142120569797,0.16798112500000006,0.0007011249999999862,0.476341125,0.0,-0.0,0.24939000000000008,0.0007011250000000098,0.028960094135509346,0.6153621558644908
y_fixed,0.0,-2.4750000000000014,0.005993457289374438,2.683734093508923e-05,0.01741588160801152,0.0,-0.0,0.008895357179228174,2.6837340935090964e-05,0.0011337033776664463,0.022275635519719512,0.1630902812500001,0.0007302812499999778,0.47391028125000006,0.0,-0.0,0.24205500000000013,0.000730281250000025,0.030849640498062873,0.6061509220019373
y_fixed,0.0,-2.400000000000002,0.005816388719385272,3.0575436050144476e-05,0.017329216370574465,0.0,-0.0,0.008625800901069748,3.0575436050145344e-05,0.0012026173336930294,0.02194298775626671,0.15827200000000016,0.000831999999999987,0.4715520000000001,0.0,-0.0,0.23472000000000023,0.0008320000000000107,0.03272488477324126,0.597099115226759
y_fixed,0.0,-2.3249999999999993,0.005641986772086469,3.698015385557004e-05,0.017245217755827776,0.0,-0.0,0.008356244622911308,3.69801538555696e-05,0.0012708166811657641,0.02161638784674848,0.15352628124999998,0.0010062812499999785,0.46926628125,0.0,-0.0,0.22738499999999995,0.0010062812499999668,0.03458068355904619,0.5882118789409537
y_fixed,0.0,-2.25,0.005470251447478045,4.605149435136721e-05,0.017163885763771463,0.0,-0.0,0.00808668834475288,4.605149435136721e-05,0.001338100759902389,0.021296036451347117,0.148853125,0.0012531249999999878,0.467053125,0.0,-0.0,0.22005,0.0012531249999999878,0.03641157661375395,0.579494673386246
y_fixed,0.0,-2.1750000000000007,0.005301182745559992,5.7789457537535133e-05,0.01708522039440552,0.0,-0.0,0.007817132066594453,5.77894575375347e-05,0.0014042568069385047,0.02098214633302701,0.14425253125000007,0.001572531249999991,0.46491253125000004,0.0,-0.0,0.21271500000000004,0.0015725312499999793,0.03821177436216145,0.5709532881378386
y_fixed,0.0,-2.1000000000000014,0.005134780666332309,7.219404341407337e-05,0.017009221647729948,0.0,-0.0,0.007547575788436027,7.219404341407127e-05,0.0014690595536806376,0.02067494276038161,0.13972450000000008,0.0019644999999999767,0.46284450000000005,0.0,-0.0,0.20538000000000015,0.0019644999999999194,0.03997514693356257,0.5625938530664373
y_fixed,0.0,-2.025000000000002,0.004971045209794998,8.926525198098322e-05,0.016935889523744748,0.0,-0.0,0.007278019510277601,8.926525198098278e-05,0.0015322709004899487,0.020374663833049797,0.13526903125000012,0.00242903124999998,0.4608490312500001,0.0,-0.0,0.19804500000000022,0.002429031249999968,0.04169521530671984,0.5544228471932804
y_fixed,0.0,-1.9499999999999993,0.00480997637594805,0.00010900308323826425,0.016865224022449915,0.0,-0.0,0.007008463232119161,0.00010900308323826338,0.001593639693518079,0.020081560704879882,0.13088612499999996,0.0029661249999999887,0.458926125,0.0,-0.0,0.19070999999999994,0.0029661249999999653,0.04336514523725838,0.5464471047627415
y_fixed,0.0,-1.875,0.004651574164791481,0.00013140753718591603,0.016797225143845455,0.0,-0.0,0.0067389069539607336,0.00013140753718591733,0.0016529016324706419,0.019795897676166296,0.12657578125000002,0.0035757812499999917,0.45707578125000003,0.0,-0.0,0.18337499999999998,0.0035757812500000273,0.04497774474778273,0.5386738177522173
y_fixed,0.0,-1.8000000000000007,0.004495838576325282,0.00015647861382393855,0.016731892887931366,0.0,-0.0,0.006469350675802307,0.00015647861382393768,0.0017097793418439605,0.01951795212241269,0.12233800000000004,0.004257999999999989,0.455298,0.0,-0.0,0.17604000000000006,0.004257999999999966,0.04652546606632716,0.5311105339336729
y_fixed,0.0,-1.7250000000000014,0.0043427696105494545,0.0001842163131523314,0.01666922725470765,0.0,-0.0,0.00619979439764388,0.0001842163131523314,0.0017639826418419128,0.01924801422341519,0.11817278125000008,0.005012781249999969,0.45359278125,0.0,-0.0,0.16870500000000013,0.005012781249999969,0.0480004129983786,0.5237651495016215
y_fixed,0.0,-1.6500000000000021,0.004192367267463998,0.00021462063517109584,0.016609228244174302,0.0,-0.0,0.005930238119485454,0.00021462063517109498,0.001815209058325183,0.018986386453313117,0.11408012500000012,0.005840124999999966,0.451960125,0.0,-0.0,0.1613700000000002,0.005840124999999942,0.04939435480330271,0.5166458951966975
y_fixed,0.0,-1.5749999999999993,0.004044631547068905,0.00024769157988023256,0.016551895856331326,0.0,-0.0,0.005660681841327014,0.0002476915798802319,0.0018631446133785525,0.01873338279002168,0.11006003124999995,0.006740031249999998,0.45040003125,0.0,-0.0,0.15403499999999992,0.00674003124999998,0.05069874770677577,0.5097613147932242
y_fixed,0.0,-1.5,0.0038995624493641905,0.0002834291472797387,0.016497230091178722,0.0,-0.0,0.005391125563168587,0.0002834291472797379,0.0019074649389157893,0.018489327601627116,0.1061125,0.007712499999999989,0.44891250000000005,0.0,-0.0,0.1467,0.007712499999999967,0.051904765203517444,0.5031202347964824
y_fixed,0.0,-1.4250000000000007,0.003757159974349847,0.00032183333736961564,0.01644523094871649,0.0,-0.0,0.005121569285010161,0.0003218333373696154,0.0019478367546074873,0.01825455416845885,0.10223753125000004,0.008757531249999975,0.44749753125,0.0,-0.0,0.13936500000000007,0.00875753124999997,0.05300333827375608,0.49673172422624406
y_fixed,0.0,-1.3500000000000014,0.003617424122025874,0.00036290415014986394,0.016395898428944625,0.0,-0.0,0.004852013006851733,0.00036290415014986546,0.001983919747690399,0.018029402803280102,0.09843512500000008,0.00987512499999997,0.44615512500000004,0.0,-0.0,0.13203000000000012,0.009875125000000012,0.0539852065354465,0.49060504346455364
y_fixed,0.0,-1.2750000000000021,0.003480354892392272,0.0004066415856204828,0.016349232531863135,0.0,-0.0,0.004582456728693307,0.0004066415856204819,0.002015368885264367,0.01781421853899104,0.0947052812500001,0.011065281249999956,0.44488528125000004,0.0,-0.0,0.12469500000000021,0.011065281249999934,0.054840981165074965,0.4847495813349252
y_fixed,0.0,-1.2000000000000028,0.003345952285449041,0.0004530456437814726,0.016305233257472015,0.0,-0.0,0.00431290045053488,0.0004530456437814717,0.0020418371789343113,0.01760934836398674,0.09104800000000014,0.012327999999999941,0.4436880000000001,0.0,-0.0,0.11736000000000027,0.012327999999999917,0.05556122012740006,0.47917477987260004
y_fixed,0.0,-1.125,0.0032142163011961745,0.0005021163246328357,0.01626390060577126,0.0,-0.0,0.00404334417237644,0.0005021163246328349,0.0020629789066995093,0.017415138000267925,0.08746328125,0.013663281249999992,0.44256328125,0.0,-0.0,0.110025,0.013663281249999968,0.05613651584752639,0.47389004665247353
y_fixed,0.0,-1.0500000000000007,0.0030851469396336855,0.0005538536281745677,0.016225234576760884,0.0,-0.0,0.0037737878942180137,0.000553853628174567,0.0020784532776986896,0.017231928238695876,0.08395112500000004,0.015071124999999982,0.441511125,0.0,-0.0,0.10269000000000007,0.015071124999999965,0.056557594933698795,0.4689046550663012
y_fixed,0.0,-0.9750000000000014,0.0029587442007615672,0.0006082575544066704,0.016189235170440876,0.0,-0.0,0.0035042316160595866,0.0006082575544066708,0.002087928502062643,0.01706005086913979,0.08051153125000006,0.016551531249999966,0.44053153125000005,0.0,-0.0,0.09535500000000013,0.01655153124999998,0.056815428923633726,0.46422763357636615
y_fixed,0.0,-0.9000000000000021,0.00283500808457982,0.000665328103329144,0.01615590238681124,0.0,-0.0,0.00323467533790116,0.0006653281033291436,0.002091086201508258,0.0168998242698828,0.0771445000000001,0.018104499999999954,0.43962450000000003,0.0,-0.0,0.08802000000000021,0.01810449999999994,0.0569013543028971,0.45986764569710303
y_fixed,0.0,-0.8250000000000028,0.0027139385910884438,0.0007250652749419884,0.01612523622587197,0.0,-0.0,0.0029651190597427333,0.0007250652749419897,0.0020876260678403657,0.016751548749120052,0.07385003125000013,0.019730031249999933,0.43879003125,0.0,-0.0,0.08068500000000028,0.019730031249999967,0.056807199269197334,0.45583286323080285
y_fixed,0.0,-0.75,0.0025955357202874325,0.0007874690692452069,0.016097236687623077,0.0,-0.0,0.0026955627815842937,0.0007874690692452058,0.0020772706482428183,0.016615501759667684,0.070628125,0.021428124999999992,0.43802812500000005,0.0,-0.0,0.07335,0.021428124999999965,0.0565254139467892,0.45213083605321064
y_fixed,0.0,-0.6750000000000007,0.0024797994721767985,0.0008525394862387935,0.016071903772064553,0.0,-0.0,0.0024260065034258666,0.0008525394862387951,0.0020597701107031817,0.016491933133538174,0.06747878125000004,0.02319878124999998,0.43733878125000003,0.0,-0.0,0.06601500000000006,0.023198781250000026,0.056049200060285735,0.4487683624397144
y_fixed,0.0,-0.6000000000000014,0.002366729846756535,0.0009202765259227508,0.0160492374791964,0.0,-0.0,0.00215645022526744,0.0009202765259227509,0.0020349068230144287,0.016381060502938503,0.06440200000000006,0.02504199999999996,0.436722,0.0,-0.0,0.058680000000000135,0.025041999999999964,0.05537263553564196,0.44575136446435804
y_fixed,0.0,-0.5250000000000021,0.0022563268440266423,0.0009906801882970792,0.016029237809018618,0.0,-0.0,0.0018868939471090131,0.00099068018829708,0.0020024995674131794,0.016283065085632084,0.06139778125000008,0.02695778124999994,0.43617778125,0.0,-0.0,0.05134500000000021,0.026957781249999965,0.05449078918630391,0.4430847733136963
y_fixed,0.0,-0.45000000000000284,0.002148590463987121,0.0010637504733617784,0.016011904761531207,0.0,-0.0,0.0016173376689505863,0.001063750473361779,0.00196240721250228,0.016198088013016046,0.05846612500000012,0.02894612499999992,0.435706125,0.0,-0.0,0.04401000000000028,0.028946124999999937,0.053399820631312184,0.44077242936868793
y_fixed,0.0,-0.375,0.002043520706637965,0.0011394873811168523,0.015997238336734165,0.0,-0.0,0.0013477813907921468,0.0011394873811168514,0.001914531676250589,0.016126227367121534,0.05560703125,0.03100703125,0.43530703125,0.0,-0.0,0.036675,0.031007031249999976,0.05209706092263363,0.4388170015773662
y_fixed,0.0,-0.3000000000000007,0.0019411175719791856,0.0012178909115622934,0.015985238534627497,0.0,-0.0,0.00107822511263372,0.0012178909115622936,0.0018588200388949716,0.01606753606771171,0.05282050000000003,0.033140499999999976,0.43498050000000005,0.0,-0.0,0.029340000000000067,0.03314049999999998,0.05058107004015351,0.43721992995984654
y_fixed,0.0,-0.22500000000000142,0.0018413810600107767,0.0012989610646981053,0.015975905355211196,0.0,-0.0,0.0008086688344752931,0.0012989610646981058,0.0017952657013377282,0.016022020713884245,0.05010653125000005,0.03534653124999995,0.43472653124999994,0.0,-0.0,0.02200500000000014,0.035346531249999966,0.048851668413275456,0.43598139408672454
y_fixed,0.0,-0.15000000000000213,0.0017443111707327388,0.0013826978405242886,0.01596923879848527,0.0,-0.0,0.0005391125563168664,0.0013826978405242878,0.00172390853050531,0.0159896414387127,0.04746512500000007,0.03762512499999993,0.43454512500000003,0.0,-0.0,0.014670000000000209,0.03762512499999991,0.04690994087633357,0.43510030912366654
y_fixed,0.0,-0.07500000000000284,0.001649907904145072,0.0014691012390408425,0.015965238864449713,0.0,-0.0,0.0002695562781584396,0.0014691012390408431,0.0016448339842592506,0.015970312784335534,0.04489628125000009,0.039976281249999905,0.43443628125,0.0,-0.0,0.007335000000000279,0.039976281249999926,0.04475821285620581,0.43457434964379427
y_fixed,0.0,0.0,0.0015581712602477716,0.0015581712602477716,0.015963905553104528,0.0,-0.0,-0.0,0.0015581712602477716,0.0015581712602477716,0.015963905553104528,0.0424,0.0424,0.4344,0.0,-0.0,-0.0,0.0424,0.0424,0.4344
y_fixed,0.0,0.07499999999999929,0.0014691012390408466,0.0016499079041450673,0.015965238864449713,0.0,-0.0,-0.0002695562781584268,0.0014640905608811904,0.001649907904145067,0.01597024954260937,0.03997628125000002,0.04489628124999997,0.43443628125,0.0,-0.0,-0.00733499999999993,0.03983993375124328,0.04489628124999996,0.43457262874875674
y_fixed,0.0,0.14999999999999858,0.0013826978405242925,0.0017443111707327345,0.01596923879848527,0.0,-0.0,-0.0005391125563168536,0.0013627996062897784,0.0017443111707327354,0.015989137032719786,0.037625125000000044,0.047465124999999955,0.43454512500000003,0.0,-0.0,-0.01466999999999986,0.03708366646263154,0.047465124999999976,0.43508658353736857
y_fixed,0.0,0.22499999999999787,0.0012989610646981092,0.001841381060010772,0.015975905355211196,0.0,-0.0,-0.0008086688344752805,0.0012545395556645014,0.0018413810600107735,0.016020326864244802,0.035346531250000056,0.05010653124999992,0.43472653124999994,0.0,-0.0,-0.022004999999999792,0.03413776041005691,0.05010653124999996,0.4359353020899431
y_fixed,0.0,0.29999999999999716,0.0012178909115622971,0.0019411175719791806,0.015985238534627494,0.0,-0.0,-0.0010782251126337072,0.0011395805132063286,0.0019411175719791826,0.01606354893298346,0.03314050000000008,0.052820499999999895,0.43498049999999994,0.0,-0.0,-0.02933999999999972,0.031009565503258636,0.05282049999999995,0.4371114344967414
y_fixed,0.0,0.375,0.0011394873811168523,0.002043520706637965,0.015997238336734165,0.0,-0.0,-0.0013477813907921468,0.0010182167979441445,0.0020435207066379626,0.016118508919906866,0.03100703125,0.05560703125,0.43530703125,0.0,-0.0,-0.036675,0.027707090571011235,0.05560703124999993,0.43860697192898856
y_fixed,0.0,0.4499999999999993,0.0010637504733617817,0.002148590463987116,0.016011904761531207,0.0,-0.0,-0.0016173376689505737,0.0008907621481873243,0.002148590463987114,0.016184893086705666,0.02894612500000001,0.05846612499999997,0.435706125,0.0,-0.0,-0.04400999999999993,0.02423887286763128,0.05846612499999993,0.4404133771323688
y_fixed,0.0,0.5249999999999986,0.0009906801882970826,0.002256326844026637,0.016029237809018618,0.0,-0.0,-0.0018868939471090003,0.0007575450136092562,0.0022563268440266362,0.016262372983706443,0.026957781250000035,0.06139778124999994,0.43617778125,0.0,-0.0,-0.051344999999999856,0.020613849964043706,0.061397781249999915,0.44252171253595635
y_fixed,0.0,0.5999999999999979,0.000920276525922754,0.0023667298467565296,0.0160492374791964,0.0,-0.0,-0.0021564502252674274,0.0006189040637184498,0.002366729846756532,0.016350609941400703,0.025042000000000043,0.06440199999999992,0.436722,0.0,-0.0,-0.058679999999999795,0.016841237527054305,0.06440199999999997,0.4449227624729457
y_fixed,0.0,0.6749999999999972,0.0008525394862387967,0.002479799472176793,0.01607190377206455,0.0,-0.0,-0.002426006503425854,0.00047518401368799943,0.002479799472176791,0.016449259244615346,0.023198781250000067,0.06747878124999988,0.4373387812499999,0.0,-0.0,-0.06601499999999973,0.012930415734383001,0.06747878124999983,0.44760714676561697
y_fixed,0.0,0.75,0.0007874690692452069,0.0025955357202874325,0.016097236687623077,0.0,-0.0,-0.0026955627815842937,0.00032673183986627654,0.0025955357202874342,0.016557973917002,0.021428124999999992,0.070628125,0.43802812500000005,0.0,-0.0,-0.07335,0.008890826293463551,0.07062812500000004,0.45056542370653624
y_fixed,0.0,0.8249999999999993,0.0007250652749419915,0.002713938591088438,0.01612523622587197,0.0,-0.0,-0.0029651190597427203,0.00017389342997899387,0.0027139385910884377,0.01667640807083497,0.019730031250000012,0.07385003124999998,0.43879003125,0.0,-0.0,-0.08068499999999992,0.004731881288798071,0.07385003124999996,0.45378818121120196
y_fixed,0.0,0.8999999999999986,0.0006653281033291466,0.0028350080845798145,0.016155902386811236,0.0,-0.0,-0.0032346753379011474,1.7010688644801585e-05,0.002835008084579816,0.01680421980149558,0.018104500000000023,0.07714449999999995,0.4396244999999999,0.0,-0.0,-0.08801999999999986,0.0004628844190239381,0.07714449999999999,0.457266115580976
y_fixed,0.0,0.9749999999999979,0.000608257554406673,0.0029587442007615616,0.016189235170440873,0.0,-0.0,-0.003504231616059574,-0.00014358090166715438,0.0029587442007615625,0.016941073626514702,0.01655153125000004,0.08051153124999991,0.44053153124999994,0.0,-0.0,-0.09535499999999979,-0.00390703537281216,0.08051153124999993,0.4609900978728122
y_fixed,0.0,1.0499999999999972,0.0005538536281745701,0.0030851469396336794,0.01622523457676088,0.0,-0.0,-0.0037737878942180007,-0.00030755428029619644,0.0030851469396336794,0.01708664248523165,0.015071125000000048,0.08395112499999988,0.44151112499999995,0.0,-0.0,-0.10268999999999971,-0.008368978312746658,0.08395112499999988,0.4649512283127467
y_fixed,0.0,1.125,0.0005021163246328357,0.0032142163011961745,0.01626390060577126,0.0,-0.0,-0.00404334417237644,-0.0004745923966327244,0.0032142163011961745,0.017240609327036818,0.013663281249999992,0.08746328125,0.44256328125,0.0,-0.0,-0.110025,-0.012914317014182199,0.08746328125,0.4691408795141821
y_fixed,0.0,1.1999999999999993,0.00045304564378147497,0.0033459522854490343,0.01630523325747201,0.0,-0.0,-0.004312900450534867,-0.0006443894228869208,0.0033459522854490343,0.01740266832414041,0.012328000000000006,0.09104799999999996,0.44368799999999997,0.0,-0.0,-0.11735999999999992,-0.0175347294790053,0.09104799999999996,0.47355072947900534
y_fixed,0.0,1.2749999999999986,0.00040664158562048473,0.0034803548923922657,0.01634923253186313,0.0,-0.0,-0.004582456728693294,-0.0008166516319039537,0.0034803548923922657,0.01757252574938757,0.01106528125000001,0.09470528124999994,0.44488528125,0.0,-0.0,-0.12469499999999985,-0.0222222229841549,0.09470528124999994,0.4781727854841549
y_fixed,0.0,1.3499999999999979,0.0003629041501498659,0.0036174241220258674,0.016395898428944622,0.0,-0.0,-0.004852013006851721,-0.000991097982349885,0.003617424122025866,0.017749900561444373,0.009875125000000025,0.0984351249999999,0.44615512499999993,0.0,-0.0,-0.1320299999999998,-0.02696915000534212,0.09843512499999986,0.4829994000053421
y_fixed,0.0,1.4249999999999972,0.0003218333373696178,0.00375715997434984,0.016445230948716485,0.0,-0.0,-0.005121569285010148,-0.0011674604532558182,0.00375715997434984,0.01793452473934192,0.008757531250000034,0.10223753124999986,0.44749753124999997,0.0,-0.0,-0.1393649999999997,-0.031768217320460285,0.10223753124999986,0.48802327982046023
y_fixed,0.0,1.5,0.0002834291472797387,0.0038995624493641905,0.016497230091178722,0.0,-0.0,-0.005391125563168587,-0.0013454841680175615,0.0038995624493641887,0.018126143406476017,0.007712499999999989,0.1061125,0.44891250000000005,0.0,-0.0,-0.1467,-0.03661248938378768,0.10611249999999996,0.49323748938378753
y_fixed,0.0,1.5749999999999993,0.00024769157988023256,0.004044631547068905,0.016551895856331326,0.0,-0.0,-0.005660681841327014,-0.001524927345016898,0.004044631547068904,0.018324514781228457,0.006740031249999998,0.11006003124999995,0.45040003125,0.0,-0.0,-0.15403499999999992,-0.041495386982323815,0.11006003124999994,0.4986354494823238
y_fixed,0.0,1.6499999999999986,0.00021462063517109758,0.004192367267463991,0.0166092282441743,0.0,-0.0,-0.005930238119485441,-0.0017055611084807873,0.004192367267463991,0.018529409987826182,0.005840125000000013,0.11408012499999994,0.45196012499999993,0.0,-0.0,-0.16136999999999985,-0.04641068208900614,0.11408012499999994,0.504210932089006
y_fixed,0.0,1.7249999999999979,0.00018421631315233312,0.004342769610549448,0.016669227254707646,0.0,-0.0,-0.006199794397643867,-0.001887169189357244,0.004342769610549448,0.018740612757217223,0.0050127812500000155,0.1181727812499999,0.4535927812499999,0.0,-0.0,-0.16870499999999977,-0.05135248972312803,0.1181727812499999,0.509958052223128
y_fixed,0.0,1.7999999999999972,0.00015647861382393942,0.004495838576325275,0.016731892887931362,0.0,-0.0,-0.006469350675802295,-0.0020695475421098897,0.004495838576325274,0.018957919043865193,0.004258000000000013,0.12233799999999986,0.45529799999999987,0.0,-0.0,-0.17603999999999972,-0.05631525752278732,0.12233799999999984,0.5158712575227873
y_fixed,0.0,1.875,0.00013140753718591603,0.004651574164791481,0.016797225143845455,0.0,-0.0,-0.0067389069539607336,-0.00225250389959057,0.004651574164791481,0.01918113658062194,0.0035757812499999917,0.12657578125000002,0.45707578125000003,0.0,-0.0,-0.18337499999999998,-0.06129375363235317,0.12657578125000002,0.5219453161323532
y_fixed,0.0,1.9499999999999993,0.00010900308323826425,0.00480997637594805,0.016865224022449915,0.0,-0.0,-0.007008463232119161,-0.0024358572846563432,0.004809976375948051,0.01941008439034452,0.0029661249999999887,0.13088612499999996,0.458926125,0.0,-0.0,-0.19070999999999994,-0.06628305341288729,0.130886125,0.5281753034128873
y_fixed,0.0,2.0249999999999986,8.926525198098409e-05,0.004971045209794991,0.016935889523744745,0.0,-0.0,-0.007278019510277588,-0.002619437494020657,0.004971045209794991,0.019644592269746384,0.0024290312500000032,0.13526903124999995,0.46084903125,0.0,-0.0,-0.19804499999999986,-0.07127852539701897,0.13526903124999995,0.5345565878970189
y_fixed,0.0,2.1000000000000014,7.219404341407337e-05,0.005134780666332309,0.017009221647729948,0.0,-0.0,-0.007547575788436027,-0.0028030845669999517,0.005134780666332311,0.01988450025814397,0.0019644999999999767,0.13972450000000008,0.46284450000000005,0.0,-0.0,-0.20538000000000015,-0.07627581683280371,0.13972450000000014,0.5410848168328036
y_fixed,0.0,2.174999999999997,5.778945753753557e-05,0.005301182745559984,0.017085220394405517,0.0,-0.0,-0.007817132066594441,-0.002986648249342914,0.005301182745559983,0.020129658101285967,0.0015725312500000027,0.14425253124999984,0.4649125312499999,0.0,-0.0,-0.2127149999999997,-0.0812708390937739,0.14425253124999982,0.5477559015937739
y_fixed,0.0,2.25,4.605149435136721e-05,0.005470251447478045,0.017163885763771463,0.0,-0.0,-0.00808668834475288,-0.0031699874601983377,0.0054702514474780466,0.02037992471832117,0.0012531249999999878,0.148853125,0.467053125,0.0,-0.0,-0.22005,-0.08625975317439548,0.14885312500000006,0.5545660031743955
y_fixed,0.0,2.3249999999999957,3.6980153855570904e-05,0.005641986772086461,0.017245217755827772,0.0,-0.0,-0.008356244622911294,-0.003352969768465545,0.005641986772086462,0.020635167678148894,0.0010062812500000022,0.15352628124999973,0.46926628124999986,0.0,-0.0,-0.22738499999999956,-0.09123895544083689,0.15352628124999979,0.561511517940837
y_fixed,0.0,2.3999999999999986,3.057543605014491e-05,0.005816388719385264,0.01732921637057446,0.0,-0.0,-0.008625800901069734,-0.003535470883251885,0.005816388719385264,0.020895262689876494,0.0008319999999999989,0.1582719999999999,0.47155199999999997,0.0,-0.0,-0.23471999999999985,-0.09620506376561139,0.1582719999999999,0.5685890637656115
y_fixed,0.0,2.4750000000000014,2.683734093508923e-05,0.005993457289374438,0.01741588160801152,0.0,-0.0,-0.008895357179228174,-0.0037173741618994963,0.005993457289374438,0.021160093110846108,0.0007302812499999778,0.1630902812500001,0.47391028125000006,0.0,-0.0,-0.24205500000000013,-0.10115490414030312,0.1630902812500001,0.5757954666403032
y_fixed,0.0,2.549999999999997,2.5765868510405163e-05,0.006173192482053967,0.017505213468138943,0.0,-0.0,-0.009164913457386587,-0.0038985701380101706,0.006173192482053967,0.02142954947465952,0.0007011249999999743,0.16798112499999984,0.4763411249999999,0.0,-0.0,-0.2493899999999997,-0.1060854978324695,0.16798112499999984,0.5831277478324693
y_fixed,0.0,2.625,2.7361018776092712e-05,0.006355594297423883,0.017597211950956745,0.0,-0.0,-0.009434469735545027,-0.004078956071058025,0.006355594297423883,0.021703529040790863,0.0007445312499999886,0.17294453125,0.47884453125000004,0.0,-0.0,-0.256725,-0.11099404912997758,0.17294453125,0.5905831116299776
y_fixed,0.0,2.6999999999999957,3.162279173215014e-05,0.006540662735484154,0.017691877056464907,0.0,-0.0,-0.009704026013703442,-0.004258435518508066,0.00654066273548415,0.021981935366705122,0.0008604999999999734,0.17798049999999974,0.4814204999999998,0.0,-0.0,-0.2640599999999996,-0.11587793369775716,0.17798049999999965,0.598158933697757
y_fixed,0.0,2.7749999999999986,3.8551187378579616e-05,0.006728397796234811,0.017789208784663453,0.0,-0.0,-0.009973582291861882,-0.0044369179308284745,0.006728397796234811,0.022264677902870508,0.0010490312499999875,0.1830890312499999,0.48406903124999995,0.0,-0.0,-0.2713949999999999,-0.12073468755752348,0.1830890312499999,0.6058527500575235
y_fixed,0.0,2.8500000000000014,4.8146205715379406e-05,0.006918799479675841,0.017889207135552365,0.0,-0.0,-0.010243138570020321,-0.004614318269370225,0.0069187994796758405,0.02255167161063797,0.001310124999999984,0.18827012500000012,0.486790125,0.0,-0.0,-0.27873000000000014,-0.1255619966897521,0.1882701250000001,0.6136622466897521
y_fixed,0.0,2.924999999999997,6.040784674254951e-05,0.007111867785807224,0.017991872109131644,0.0,-0.0,-0.010512694848178735,-0.004790556646772373,0.007111867785807222,0.022842836602646563,0.0016437812499999628,0.19352378124999983,0.4895837812499999,0.0,-0.0,-0.28606499999999974,-0.13035768724860813,0.19352378124999978,0.621585249748608
y_fixed,0.0,3.0,7.53361104600921e-05,0.007307602714628996,0.0180972037054013,0.0,-0.0,-0.010782251126337175,-0.0049655579893144635,0.007307602714628993,0.023138097805175846,0.002049999999999983,0.19885000000000003,0.49244999999999994,0.0,-0.0,-0.2934,-0.1351197163740874,0.19884999999999994,0.6296197163740871
y_fixed,0.0,3.0749999999999957,9.293099686800413e-05,0.00750600426614112,0.018205201924361317,0.0,-0.0,-0.011051807404495588,-0.005139251720465763,0.00750600426614112,0.023437384641695085,0.002528781249999961,0.2042487812499997,0.4953887812499998,0.0,-0.0,-0.3007349999999996,-0.13984616358095223,0.2042487812499997,0.637763726080952
y_fixed,0.0,3.1499999999999986,0.0001131925059662882,0.007707072440343634,0.018315866766011716,0.0,-0.0,-0.011321363682654028,-0.005311571464762282,0.007707072440343635,0.02374063073674029,0.003080124999999969,0.20972012499999992,0.4984001249999999,0.0,-0.0,-0.30806999999999984,-0.14453522270081468,0.20972012499999995,0.6460154727008146
y_fixed,0.0,3.2250000000000014,0.00013612063775494346,0.007910807237236517,0.018429198230352488,0.0,-0.0,-0.011590919960812468,-0.005482454771063681,0.007910807237236514,0.024047773639171106,0.0037040312499999834,0.2152640312500001,0.5014840312500001,0.0,-0.0,-0.31540500000000016,-0.14918519435157354,0.21526403125,0.6543732568515734
y_fixed,0.0,3.299999999999997,0.00016171539223396817,0.008117208656819756,0.01854519631738362,0.0,-0.0,-0.011860476238970881,-0.005651842854198239,0.008117208656819756,0.024358754563815827,0.004400499999999956,0.2208804999999998,0.5046404999999999,0.0,-0.0,-0.3227399999999997,-0.1537944789072155,0.2208804999999998,0.6628354789072154
y_fixed,0.0,3.375,0.00018997676940336623,0.008326276699093381,0.01866386102710513,0.0,-0.0,-0.012130032517129321,-0.0058196803539841,0.008326276699093381,0.024673518150492596,0.005169531249999994,0.22656953124999998,0.50786953125,0.0,-0.0,-0.330075,-0.1583615699404495,0.22656953124999998,0.6714006324404495
y_fixed,0.0,3.4499999999999957,0.00022090476926313156,0.00853801136405736,0.018785192359517002,0.0,-0.0,-0.012399588795287735,-0.005985915110615391,0.008538011364057362,0.024992012239395525,0.006011124999999931,0.2323311249999997,0.5111711249999998,0.0,-0.0,-0.33740999999999954,-0.16288504811065138,0.23233112499999975,0.6800672981106511
y_fixed,0.0,3.5249999999999986,0.0002544993918132711,0.008752412651711729,0.018909190314619257,0.0,-0.0,-0.012669145073446174,-0.006150497955417817,0.008752412651711726,0.025314187661850344,0.006925281249999956,0.2381652812499999,0.51454528125,0.0,-0.0,-0.34474499999999986,-0.1673635754700337,0.2381652812499998,0.6888341379700336
y_fixed,0.0,3.6000000000000014,0.00029076063705378227,0.00896948056205647,0.019035854892411882,0.0,-0.0,-0.012938701351604614,-0.006313382516003658,0.00896948056205647,0.025639998045469327,0.007911999999999999,0.24407200000000012,0.517992,0.0,-0.0,-0.3520800000000001,-0.17179589016164307,0.24407200000000012,0.6976998901616432
y_fixed,0.0,3.674999999999997,0.0003296885049846607,0.00918921509509156,0.019165186092894866,0.0,-0.0,-0.013208257629763027,-0.00647452503489137,0.00918921509509156,0.025969399632770895,0.008971281249999942,0.25005128124999976,0.5215112812499998,0.0,-0.0,-0.3594149999999997,-0.176180801483748,0.25005128124999976,0.7066633639837477
y_fixed,0.0,3.75,0.00037128299560591337,0.009411616250817042,0.019297183916068234,0.0,-0.0,-0.013477813907921467,-0.006633884200693999,0.009411616250817042,0.026302351112368144,0.010103124999999973,0.256103125,0.525103125,0.0,-0.0,-0.36674999999999996,-0.18051718529624178,0.256103125,0.7157234352962417
y_fixed,0.0,3.8249999999999957,0.0004155441089175342,0.009636684029232876,0.01943184836193196,0.0,-0.0,-0.013747370186079882,-0.006791420991023942,0.009636684029232873,0.026638813461873433,0.011307531249999928,0.2622275312499997,0.5287675312499998,0.0,-0.0,-0.3740849999999996,-0.18480397974586307,0.2622275312499996,0.7248790422458626
y_fixed,0.0,3.8999999999999986,0.00046247184491952833,0.009864418430339101,0.01956917943048607,0.0,-0.0,-0.014016926464238322,-0.006947098526307106,0.009864418430339101,0.026978749801712703,0.012584499999999948,0.26842449999999995,0.5325044999999999,0.0,-0.0,-0.38141999999999987,-0.18904018128827668,0.26842449999999995,0.7341291812882765
y_fixed,0.0,3.9750000000000014,0.000512066203611895,0.010094819454135696,0.01970917712173055,0.0,-0.0,-0.014286482742396762,-0.007100881933744697,0.010094819454135696,0.027322125259087143,0.013934031250000008,0.27469403125000014,0.53631403125,0.0,-0.0,-0.38875500000000013,-0.19322484098628512,0.27469403125000014,0.7434729034862851
y_fixed,0.0,4.049999999999997,0.000564327184994628,0.01032788710062264,0.01985184143566539,0.0,-0.0,-0.014556039020555175,-0.007252738220707348,0.01032788710062264,0.027668906841367365,0.015356124999999946,0.28103612499999975,0.5401961249999999,0.0,-0.0,-0.3960899999999997,-0.1973570610647074,0.28103612499999975,0.7529093110647072
y_fixed,0.0,4.125,0.0006192547890677353,0.010563621369799978,0.019997172372290612,0.0,-0.0,-0.014825595298713615,-0.00740263615689084,0.010563621369799978,0.028019063318249188,0.01685078124999997,0.28745078125,0.5441507812499999,0.0,-0.0,-0.403425,-0.20143599170367288,0.28745078125,0.7624375542036728
y_fixed,0.0,4.199999999999996,0.0006768490158312098,0.010802022261667665,0.020145169931606192,0.0,-0.0,-0.015095151576872029,-0.007550546164606242,0.010802022261667661,0.02837256511204364,0.018417999999999896,0.29393799999999964,0.5481779999999997,0.0,-0.0,-0.41075999999999957,-0.20546082805326374,0.2939379999999996,0.7720568280532633
y_fixed,0.0,4.274999999999999,0.0007371098652850603,0.011043089776225744,0.02029583411361216,0.0,-0.0,-0.015364707855030468,-0.0076964402166199075,0.011043089776225744,0.028729384195517127,0.020057781249999955,0.30049778124999993,0.5522777812499999,0.0,-0.0,-0.41809499999999983,-0.20943080745359985,0.30049778124999993,0.7817663699535997
y_fixed,0.0,4.350000000000001,0.0008000373374292824,0.011286823913474195,0.020449164918308494,0.0,-0.0,-0.015634264133188906,-0.007840291740998078,0.0112868239134742,0.029089493996735855,0.021770125000000036,0.30713012500000014,0.556450125,0.0,-0.0,-0.4254300000000001,-0.2133452068455284,0.3071301250000003,0.7915654568455285
y_fixed,0.0,4.424999999999997,0.0008656314322638683,0.011533224673412994,0.020605162345695188,0.0,-0.0,-0.015903820411347323,-0.007982075532449746,0.01153322467341299,0.029452869310408795,0.023555031249999917,0.3138350312499998,0.5606950312499999,0.0,-0.0,-0.43276499999999973,-0.21720334035814035,0.3138350312499997,0.8014534028581399
y_fixed,0.0,4.5,0.0009338921497888319,0.011782292056042188,0.020763826395772265,0.0,-0.0,-0.01617337668950576,-0.008121767669697,0.011782292056042188,0.029819486215258095,0.025412499999999984,0.3206125000000001,0.5650124999999999,0.0,-0.0,-0.4401,-0.22100455706030292,0.3206125000000001,0.8114295570603028
y_fixed,0.0,4.574999999999996,0.0010048194900041602,0.012034026061361728,0.0209251570685397,0.0,-0.0,-0.016442932967664175,-0.00825934543843598,0.012034026061361724,0.030189321996979837,0.02734253124999988,0.32746253124999963,0.5694025312499997,0.0,-0.0,-0.4474349999999996,-0.22474823886432055,0.3274625312499996,0.8214933013643201
y_fixed,0.0,4.649999999999999,0.0010784134529098653,0.012288426689371662,0.02108915436399752,0.0,-0.0,-0.016712489245822616,-0.008394787259483803,0.012288426689371662,0.030562355076391184,0.029345124999999934,0.3343851249999999,0.5738651249999999,0.0,-0.0,-0.4547699999999999,-0.22843379857071286,0.3343851249999999,0.8316440485707126
y_fixed,0.0,4.725000000000001,0.001154674038505942,0.01254549394007197,0.021255818282145712,0.0,-0.0,-0.016982045523981054,-0.008528072621735848,0.01254549394007197,0.0309385649423875,0.03142028125000001,0.3413802812500002,0.5784002812500001,0.0,-0.0,-0.4621050000000001,-0.23206067804388966,0.3413802812500002,0.8418812405438897
y_fixed,0.0,4.799999999999997,0.0012336012467923834,0.012805227813462623,0.02142514882298426,0.0,-0.0,-0.017251601802139468,-0.008659182019586289,0.012805227813462623,0.03131793208936293,0.03356799999999991,0.34844799999999976,0.5830079999999999,0.0,-0.0,-0.4694399999999997,-0.23562834650927691,0.34844799999999976,0.8522043465092767
y_fixed,0.0,4.875,0.0013151950777692024,0.01306762830954367,0.021597145986513192,0.0,-0.0,-0.01752115808029791,-0.008788096894490076,0.01306762830954367,0.03170043795877247,0.03578828124999999,0.35558828125,0.5876882812499999,0.0,-0.0,-0.476775,-0.2391362989631371,0.35558828125,0.8626128614631371
y_fixed,0.0,4.949999999999996,0.0013994555314363845,0.013332695428315066,0.021771809772732482,0.0,-0.0,-0.017790714358456323,-0.008914799580368563,0.013332695428315066,0.03208606488453743,0.038081124999999855,0.36280112499999967,0.5924411249999998,0.0,-0.0,-0.4841099999999996,-0.24258405468698072,0.36280112499999967,0.8731063046869803
y_fixed,0.0,5.024999999999999,0.001486382607793945,0.013600429169776855,0.021949140181642155,0.0,-0.0,-0.01806027063661476,-0.009039273252583812,0.013600429169776853,0.03247479604201991,0.04044653124999993,0.3700865312499999,0.5972665312499998,0.0,-0.0,-0.4914449999999998,-0.24597115585908635,0.37008653124999985,0.8836842183590861
y_fixed,0.0,5.100000000000001,0.001575976306841878,0.013870829533929017,0.022129137213242202,0.0,-0.0,-0.018329826914773202,-0.009161501880226377,0.01387082953392902,0.03286661540031046,0.04288450000000004,0.3774445000000002,0.6021645,0.0,-0.0,-0.49878000000000017,-0.24929716625618523,0.3774445000000003,0.8943461662561855
y_fixed,0.0,5.174999999999997,0.0016682366285801723,0.014143896520771524,0.022311800867532604,0.0,-0.0,-0.018599383192931616,-0.00928147018148134,0.014143896520771523,0.0332615076775941,0.04539503124999989,0.3848750312499998,0.6071350312499998,0.0,-0.0,-0.5061149999999998,-0.25256167003890906,0.3848750312499997,0.9050917325389084
y_fixed,0.0,5.25,0.001763163573008846,0.014419630130304426,0.022497131144513394,0.0,-0.0,-0.018868939471090054,-0.009399163581854483,0.014419630130304426,0.03365945829937673,0.04797812499999997,0.392378125,0.612178125,0.0,-0.0,-0.51345,-0.2557642706150664,0.392378125,0.9159205206150665
y_fixed,0.0,5.324999999999996,0.0018607571401278826,0.014698030362527675,0.022685128044184537,0.0,-0.0,-0.01913849574924847,-0.009514568175057012,0.014698030362527675,0.034060453359369434,0.05063378124999983,0.3999537812499996,0.6172937812499998,0.0,-0.0,-0.5207849999999996,-0.2589045895752615,0.3999537812499996,0.9268321520752612
y_fixed,0.0,5.399999999999999,0.0019610173299372986,0.014979097217441322,0.022875791566546066,0.0,-0.0,-0.01940805202740691,-0.009627670686362477,0.014979097217441322,0.03446447958284585,0.053361999999999916,0.4076019999999999,0.6224819999999999,0.0,-0.0,-0.5281199999999998,-0.26198226569578575,0.4076019999999999,0.9378262656957856
y_fixed,0.0,5.475000000000001,0.0020639441424370854,0.015262830695045339,0.02306912171159797,0.0,-0.0,-0.019677608305565347,-0.009738458438263237,0.015262830695045339,0.034871524292298284,0.05616278125,0.41532278125000016,0.6277427812500002,0.0,-0.0,-0.5354550000000001,-0.264996954004082,0.41532278125000016,0.9489025165040819
y_fixed,0.0,5.549999999999997,0.002169537577627235,0.0155492307953397,0.023265118479340225,0.0,-0.0,-0.019947164583723764,-0.009846919318266907,0.015549230795339698,0.03528157537523437,0.05903612499999987,0.42311612499999973,0.6330761249999999,0.0,-0.0,-0.5427899999999998,-0.26794832490244164,0.4231161249999997,0.9600605749024413
y_fixed,0.0,5.625,0.0022777976355077643,0.01583829751832446,0.023463781869772868,0.0,-0.0,-0.0202167208618822,-0.009953041748685124,0.015838297518324454,0.03569462125396575,0.061982031249999965,0.4309820312500001,0.63848203125,0.0,-0.0,-0.550125,-0.2708360633459147,0.4309820312499999,0.9713001258459144
y_fixed,0.0,5.699999999999996,0.0023887243160786555,0.016130030863999563,0.023665111882895863,0.0,-0.0,-0.020486277140040615,-0.010056814658277551,0.016130030863999563,0.03611065085725207,0.06500049999999982,0.4389204999999996,0.6439604999999996,0.0,-0.0,-0.5574599999999995,-0.27365986807070425,0.4389204999999996,0.9826208680707037
y_fixed,0.0,5.774999999999999,0.002502317619339927,0.016424430832365063,0.02386910851870925,0.0,-0.0,-0.020755833418199057,-0.010158227455624877,0.016424430832365063,0.03652965359367406,0.06809153124999992,0.4469315312499999,0.6495115312499998,0.0,-0.0,-0.5647949999999999,-0.27641945086960845,0.4469315312499999,0.9940225133696083
y_fixed,0.0,5.850000000000001,0.00261857754529157,0.016721497423420936,0.02407577177721301,0.0,-0.0,-0.021025389696357494,-0.0102572700041131,0.016721497423420936,0.03695161932661768,0.07125512500000004,0.4550151250000002,0.6551351250000002,0.0,-0.0,-0.5721300000000001,-0.27911453591130847,0.4550151250000002,1.0055047859113087
y_fixed,0.0,5.924999999999997,0.0027375040939335736,0.01702123063716715,0.024285101658407117,0.0,-0.0,-0.021294945974515908,-0.010353932598420676,0.01702123063716715,0.03737653835076137,0.07449128124999989,0.46317128124999973,0.6608312812499998,0.0,-0.0,-0.5794649999999997,-0.28174485910055114,0.46317128124999973,1.0170674216005509
y_fixed,0.0,6.0,0.002859097265265958,0.017323630473603767,0.02449709816229162,0.0,-0.0,-0.02156450225267435,-0.01044820594240771,0.01732363047360376,0.03780440136996528,0.0778,0.4714000000000001,0.6666000000000001,0.0,-0.0,-0.5868,-0.28431016747648324,0.47139999999999993,1.0287101674764831
y_fixed,0.0,6.074999999999996,0.0029833570592887023,0.017628696932730722,0.024711761288866468,0.0,-0.0,-0.021834058530832763,-0.010540081128313585,0.017628696932730722,0.03823519947646876,0.08118128124999979,0.4797012812499996,0.6724412812499997,0.0,-0.0,-0.5941349999999996,-0.28681021864658995,0.4797012812499996,1.0404327811465894
y_fixed,0.0,6.149999999999999,0.0031102834760018292,0.017936430014548078,0.02492909103813171,0.0,-0.0,-0.0221036148089912,-0.010629549617176805,0.017936430014548078,0.038668924131310345,0.08463512499999992,0.4880751249999999,0.678355125,0.0,-0.0,-0.6014699999999998,-0.2892447802538919,0.4880751249999999,1.0522350302538916
y_fixed,0.0,6.225000000000001,0.0032398765154053287,0.018246829719055807,0.025149087410087326,0.0,-0.0,-0.022373171087149642,-0.010716603220396175,0.018246829719055804,0.03910556714588882,0.08816153125000009,0.49652153125000026,0.6843415312500002,0.0,-0.0,-0.6088050000000002,-0.2916136294751992,0.49652153125000015,1.0641166919751992
y_fixed,0.0,6.299999999999997,0.003372136177499184,0.018559896046253875,0.025371750404733287,0.0,-0.0,-0.022642727365308056,-0.0108012340823591,0.018559896046253875,0.03954512066459157,0.09176049999999984,0.5050404999999998,0.6904004999999999,0.0,-0.0,-0.6161399999999997,-0.2939165525484032,0.5050404999999998,1.076077552548403
y_fixed,0.0,6.375,0.003507062462283425,0.018875628996142344,0.02559708002206964,0.0,-0.0,-0.022912283643466494,-0.010883434664067562,0.01887562899614233,0.03998757714842062,0.09543203125,0.51363203125,0.69653203125,0.0,-0.0,-0.623475,-0.2961533443269171,0.5136320312499997,1.0881174068269168
y_fixed,0.0,6.449999999999996,0.003644655369758021,0.019194028568721155,0.025825076262096344,0.0,-0.0,-0.02318183992162491,-0.010963197727697304,0.019194028568721155,0.04043292935955167,0.09917612499999973,0.5222961249999996,0.7027361249999996,0.0,-0.0,-0.6308099999999996,-0.2983238078595093,0.5222961249999996,1.1002360578595087
y_fixed,0.0,6.524999999999999,0.0037849148999230045,0.019515094763990368,0.026055739124813442,0.0,-0.0,-0.02345139619978335,-0.01104051632203069,0.019515094763990368,0.040881170346767144,0.10299278124999989,0.5310327812499999,0.7090127812499999,0.0,-0.0,-0.6381449999999999,-0.3004277539939119,0.5310327812499999,1.112433316493912
y_fixed,0.0,6.600000000000001,0.003927841052778359,0.01983882758194995,0.02628906861022091,0.0,-0.0,-0.023720952477941787,-0.011115383768707328,0.01983882758194995,0.04133229343170661,0.10688200000000007,0.5398420000000003,0.7153620000000002,0.0,-0.0,-0.64548,-0.30246500100268087,0.5398420000000003,1.1247090010026812
y_fixed,0.0,6.674999999999997,0.00407343382832407,0.020165227022599874,0.02652506471831873,0.0,-0.0,-0.023990508756100204,-0.011187793649240968,0.020165227022599874,0.04178629219588376,0.11084378124999984,0.5487237812499998,0.7217837812499998,0.0,-0.0,-0.6528149999999997,-0.3044353742299076,0.5487237812499998,1.137062936729907
y_fixed,0.0,6.75,0.004221693226560167,0.020494293085940196,0.02676372744910694,0.0,-0.0,-0.024260065034258642,-0.01125773979275446,0.020494293085940196,0.04224316046842157,0.11487812500000003,0.557678125,0.7282781250000001,0.0,-0.0,-0.66015,-0.3063387057574705,0.557678125,1.1494949557574705
y_fixed,0.0,6.824999999999996,0.0043726192474866175,0.02082602577197086,0.027005056802585498,0.0,-0.0,-0.024529621312417055,-0.01132521626438795,0.02082602577197086,0.04270289231446006,0.11898503124999973,0.5667050312499995,0.7348450312499997,0.0,-0.0,-0.6674849999999996,-0.30817483408960583,0.5667050312499995,1.162004896589605
y_fixed,0.0,6.899999999999999,0.004526211891103455,0.02116042508069193,0.02724905277875445,0.0,-0.0,-0.024799177590575497,-0.011390217354338674,0.021160425080691915,0.043165482024196566,0.1231644999999999,0.5758044999999998,0.7414844999999999,0.0,-0.0,-0.6748199999999999,-0.3099436038546652,0.5758044999999995,1.1745926038546646
y_fixed,0.0,6.975000000000001,0.004682471157410665,0.021497491012103367,0.02749571537761377,0.0,-0.0,-0.025068733868733935,-0.011452737567493385,0.021497491012103367,0.04363092410251783,0.12741653125000008,0.5849765312500002,0.7481965312500001,0.0,-0.0,-0.6821550000000001,-0.3116448655229995,0.5849765312500002,1.187257928023
y_fixed,0.0,7.049999999999997,0.004841397046408229,0.021837223566205145,0.027745044599163445,0.0,-0.0,-0.02533829014689235,-0.011512771613617323,0.021837223566205138,0.04409921325918898,0.1317411249999998,0.5942211249999997,0.7549811249999998,0.0,-0.0,-0.6894899999999997,-0.31327847513998747,0.5942211249999995,1.2000007251399867
y_fixed,0.0,7.125,0.00500298955809618,0.022179622742997326,0.02799704044340351,0.0,-0.0,-0.02560784642505079,-0.01157031439806577,0.022179622742997326,0.04457034439956546,0.13613828124999997,0.6035382812500001,0.76183828125,0.0,-0.0,-0.696825,-0.3148442940732838,0.6035382812500001,1.2128208565732839
y_fixed,0.0,7.199999999999996,0.0051672486924744885,0.022524688542479847,0.028251702910333923,0.0,-0.0,-0.025877402703209203,-0.011625361012986857,0.022524688542479847,0.045044312615795265,0.14060799999999976,0.6129279999999996,0.7687679999999997,0.0,-0.0,-0.7041599999999996,-0.3163421887734357,0.6129279999999996,1.225718188773435
y_fixed,0.0,7.274999999999999,0.005334174449543181,0.02287242096465277,0.02850903199995473,0.0,-0.0,-0.02614695898136764,-0.011677906728986073,0.02287242096465276,0.04552111317848398,0.14515028124999993,0.6223902812499998,0.7757702812499999,0.0,-0.0,-0.7114949999999998,-0.3177720305470623,0.6223902812499997,1.238692593047062
y_fixed,0.0,7.350000000000001,0.005503766829302243,0.02322282000951606,0.02876902771226591,0.0,-0.0,-0.026416515259526083,-0.011727946987225046,0.02322282000951606,0.0460007415287932,0.14976512500000005,0.6319251250000002,0.7828451250000001,0.0,-0.0,-0.7188300000000002,-0.319133695341852,0.6319251250000002,1.2517439453418522
y_fixed,0.0,7.424999999999997,0.0056760258317516635,0.02357588567706969,0.029031690047267432,0.0,-0.0,-0.026686071537684496,-0.011775477391929023,0.02357588567706969,0.04648319327094812,0.1544525312499998,0.6415325312499996,0.7899925312499997,0.0,-0.0,-0.7261649999999997,-0.3204270635426801,0.6415325312499996,1.2648721260426794
y_fixed,0.0,7.5,0.005850951456891469,0.023931617967313728,0.029297019004959353,0.0,-0.0,-0.026955627815842934,-0.011820493703278982,0.02393161796731372,0.0469684641651298,0.15921249999999998,0.6512125000000001,0.7972125,0.0,-0.0,-0.7334999999999999,-0.3216520197781934,0.6512124999999999,1.2780770197781932
y_fixed,0.0,7.574999999999996,0.006028543704721631,0.0242900168802481,0.029565014585341623,0.0,-0.0,-0.02722518409400135,-0.011862991830665949,0.0242900168802481,0.047456550120729205,0.16404503124999972,0.6609650312499995,0.8045050312499996,0.0,-0.0,-0.7408349999999996,-0.3228084527372514,0.6609650312499995,1.2913585152372509
y_fixed,0.0,7.649999999999999,0.00620880257524218,0.02465108241587288,0.029835676788414284,0.0,-0.0,-0.02749474037215979,-0.01190296782628669,0.024651082415872886,0.047947447189943156,0.16895012499999992,0.6707901249999999,0.8118701249999999,0.0,-0.0,-0.7481699999999999,-0.3238962549946553,0.670790125,1.3047165049946552
y_fixed,0.0,7.725000000000001,0.006391728068453097,0.025014814574188027,0.03010900561417732,0.0,-0.0,-0.02776429665031823,-0.011940417879060984,0.025014814574188027,0.0484411515616914,0.17392778125000002,0.6806877812500002,0.8193077812500003,0.0,-0.0,-0.7555050000000002,-0.32491532284562924,0.6806877812500002,1.3181508853456296
y_fixed,0.0,7.799999999999997,0.00657732018435437,0.025381213355193513,0.030385001062630698,0.0,-0.0,-0.028033852928476644,-0.011975338308852262,0.02538121335519352,0.04893765955583733,0.17897799999999975,0.6906579999999997,0.8268179999999997,0.0,-0.0,-0.7628399999999997,-0.3258655561485556,0.6906579999999999,1.331661556148555
y_fixed,0.0,7.875,0.006765578922946033,0.025750278758889404,0.030663663133774475,0.0,-0.0,-0.028303409206635082,-0.012007725560974312,0.025750278758889404,0.049436967617694824,0.18410078124999998,0.70070078125,0.8344007812500001,0.0,-0.0,-0.7701749999999999,-0.3267468581754949,0.70070078125,1.345248420675495
y_fixed,0.0,7.949999999999996,0.006956504284228046,0.02612201078527563,0.030944991827608594,0.0,-0.0,-0.028572965484793496,-0.012037576200968037,0.02612201078527563,0.04993907231280467,0.18929612499999965,0.7108161249999995,0.8420561249999995,0.0,-0.0,-0.7775099999999996,-0.3275591354700541,0.7108161249999995,1.3589113854700532
y_fixed,0.0,8.024999999999999,0.007150096268200448,0.02649640943435226,0.031228987144133115,0.0,-0.0,-0.028842521762951937,-0.012064886909633003,0.02649640943435226,0.05044397032196657,0.1945640312499998,0.7210040312499998,0.8497840312499999,0.0,-0.0,-0.7848449999999999,-0.32830229771218816,0.7210040312499998,1.372650360212188
y_fixed,0.0,8.100000000000001,0.007346354874863228,0.02687347470611927,0.031515649083348,0.0,-0.0,-0.029112078041110375,-0.012089654478299816,0.02687347470611927,0.050951658436511046,0.19990450000000012,0.7312645000000002,0.8575845000000001,0.0,-0.0,-0.7921800000000001,-0.32897625758955484,0.7312645000000002,1.386465257589555
y_fixed,0.0,8.174999999999997,0.007545280104216354,0.02725320660057661,0.03180497764525324,0.0,-0.0,-0.02938163431926879,-0.012111875804329906,0.02725320660057661,0.0514621335537995,0.2053175312499998,0.7415975312499997,0.8654575312499997,0.0,-0.0,-0.7995149999999996,-0.3295809306750576,0.7415975312499997,1.400355993175057
y_fixed,0.0,8.25,0.007746871956259869,0.027635605117724355,0.03209697282984887,0.0,-0.0,-0.02965119059742723,-0.012131547886830255,0.02763560511772435,0.05197539267293899,0.21080312499999992,0.7520031250000001,0.8734031250000001,0.0,-0.0,-0.80685,-0.33011623531023754,0.752003125,1.4143224853102374
y_fixed,0.0,8.324999999999996,0.00795113043099374,0.028020670257562434,0.03239163463713485,0.0,-0.0,-0.029920746875585644,-0.012148667822571423,0.028020670257562434,0.05249143289070001,0.21636128124999968,0.7624812812499995,0.8814212812499996,0.0,-0.0,-0.8141849999999996,-0.33058209249419696,0.7624812812499995,1.4283646549941964
y_fixed,0.0,8.399999999999999,0.008158055528417998,0.028408402020090925,0.03268896306711122,0.0,-0.0,-0.03019030315374408,-0.012163232802097855,0.028408402020090925,0.05301025139762708,0.22199199999999986,0.7730319999999998,0.889512,0.0,-0.0,-0.8215199999999998,-0.33097842577775566,0.7730319999999998,1.4424824257777555
y_fixed,0.0,8.475000000000001,0.00836764724853263,0.028798800405309785,0.032988958119777964,0.0,-0.0,-0.030459859431902523,-0.012175240106020122,0.028798800405309778,0.0535318454743307,0.22769528125000016,0.7836552812500003,0.8976752812500002,0.0,-0.0,-0.8288550000000001,-0.3313051611625574,0.7836552812500001,1.4566757236625574
y_fixed,0.0,8.549999999999997,0.00857990559133761,0.029191865413218977,0.03329161979513505,0.0,-0.0,-0.030729415710060937,-0.012184687101479333,0.029191865413218977,0.054056212487952005,0.23347112499999975,0.7943511249999996,0.9059111249999997,0.0,-0.0,-0.8361899999999997,-0.3315622270048621,0.7943511249999996,1.4709444770048619
y_fixed,0.0,8.625,0.00879483055683298,0.02958759704381858,0.03359694809318253,0.0,-0.0,-0.030998971988219375,-0.01219157123877478,0.029587597043818574,0.05458334988879028,0.23931953124999994,0.8051195312500001,0.9142195312499999,0.0,-0.0,-0.843525,-0.3317495539237789,0.8051195312499999,1.4852886164237784
y_fixed,0.0,8.699999999999996,0.009012422145018704,0.029985995297108513,0.033904943013920365,0.0,-0.0,-0.03126852826637779,-0.012195890048145912,0.029985995297108513,0.05511325520708499,0.24524049999999964,0.8159604999999994,0.9226004999999995,0.0,-0.0,-0.8508599999999996,-0.3318670747136996,0.8159604999999994,1.4997080747136988
y_fixed,0.0,8.774999999999999,0.009232680355894819,0.030387060173088856,0.034215604557348595,0.0,-0.0,-0.03153808454453623,-0.012197641136700906,0.030387060173088856,0.05564592604994432,0.2512340312499999,0.8268740312499998,0.9310540312499999,0.0,-0.0,-0.8581949999999998,-0.33191472426072044,0.8268740312499998,1.5142027867607202
y_fixed,0.0,8.850000000000001,0.009455605189461303,0.030790791671759573,0.034528932723467194,0.0,-0.0,-0.03180764082269467,-0.012196822185483895,0.03079079167175957,0.05618136009841238,0.25730012500000005,0.8378601250000003,0.9395801250000001,0.0,-0.0,-0.86553,-0.33189243946283775,0.8378601250000002,1.5287726894628377
y_fixed,0.0,8.924999999999997,0.00968119664571814,0.031197189793120618,0.034844927512276136,0.0,-0.0,-0.032077197100853085,-0.012193430946673927,0.03119718979312061,0.056719555104668196,0.26343878124999975,0.8489187812499995,0.9481787812499997,0.0,-0.0,-0.8728649999999998,-0.3318001591537273,0.8489187812499994,1.5434177216537266
y_fixed,0.0,9.0,0.009909454724665367,0.03160625453717208,0.03516358892377548,0.0,-0.0,-0.03234675337901152,-0.012187465240908767,0.03160625453717207,0.05726050888934961,0.26965,0.8600500000000001,0.9568500000000001,0.0,-0.0,-0.8802,-0.33163782402992165,0.8600499999999999,1.5581378240299215
y_fixed,0.0,9.074999999999996,0.010140379426302942,0.032017985903913866,0.03548491695796516,0.0,-0.0,-0.03261630965716994,-0.012178922954727245,0.03201798590391386,0.057804219338995336,0.27593378124999957,0.8712537812499994,0.9655937812499994,0.0,-0.0,-0.8875349999999996,-0.3314053765812125,0.8712537812499992,1.5729329390812112
y_fixed,0.0,9.149999999999999,0.010373970750630915,0.032432383893346066,0.03580891161484524,0.0,-0.0,-0.03288586593532838,-0.012167802038124042,0.03243238389334606,0.058350684403600195,0.2822901249999999,0.8825301249999998,0.9744101249999998,0.0,-0.0,-0.8948699999999998,-0.3311027610241133,0.8825301249999996,1.5878030110241128
y_fixed,0.0,9.225000000000001,0.010610228697649255,0.032849448505468636,0.0361355728944157,0.0,-0.0,-0.033155422213486815,-0.012154100502211433,0.03284944850546863,0.05889990209427638,0.2887190312500001,0.8938790312500002,0.9832990312500001,0.0,-0.0,-0.9022050000000001,-0.330729923238232,0.8938790312500001,1.602747985738232
y_fixed,0.0,9.299999999999997,0.010849153267357943,0.03326917974028154,0.0364649007966765,0.0,-0.0,-0.03342497849164523,-0.012137816416982437,0.03326917974028154,0.05945187048101688,0.2952204999999997,0.9053004999999997,0.9922604999999997,0.0,-0.0,-0.9095399999999998,-0.3302868107054032,0.9053004999999997,1.6177678107054028
y_fixed,0.0,9.375,0.011090744459757029,0.03369157759778485,0.03679689532162769,0.0,-0.0,-0.03369453476980367,-0.012118947909170449,0.03369157759778485,0.06000658769055517,0.30179453125,0.9167945312500001,1.00129453125,0.0,-0.0,-0.916875,-0.3297733724514458,0.9167945312500001,1.6328624349514458
y_fixed,0.0,9.449999999999996,0.01133500227484646,0.034116642077978494,0.03713155646926923,0.0,-0.0,-0.03396409104796208,-0.012097493160200609,0.034116642077978494,0.06056405190431631,0.30844112499999965,0.9283611249999995,1.0104011249999993,0.0,-0.0,-0.9242099999999995,-0.32918955899041674,0.9283611249999995,1.648031808990416
y_fixed,0.0,9.524999999999999,0.011581926712626284,0.03454437318086255,0.03746888423960117,0.0,-0.0,-0.034233647326120525,-0.012073450404228345,0.03454437318086254,0.061124261356455795,0.31516028124999984,0.9400002812499999,1.0195802812499999,0.0,-0.0,-0.931545,-0.32853532227123744,0.9400002812499997,1.663275884771237
y_fixed,0.0,9.600000000000001,0.011831517773096479,0.03497477090643697,0.037808878632623485,0.0,-0.0,-0.03450320360427896,-0.01204681792626078,0.03497477090643697,0.06168721433198074,0.32195200000000007,0.9517120000000001,1.0288320000000002,0.0,-0.0,-0.9388800000000002,-0.32781061562657426,0.9517120000000001,1.6785946156265745
y_fixed,0.0,9.674999999999997,0.012083775456257023,0.03540783525470173,0.03815153964833613,0.0,-0.0,-0.034772759882437373,-0.012017594060357222,0.03540783525470173,0.06225290916495038,0.32881628124999973,0.9634962812499996,1.0381562812499996,0.0,-0.0,-0.9462149999999996,-0.32701539372387156,0.9634962812499996,1.693987956223871
y_fixed,0.0,9.75,0.012338699762107962,0.035843566225656896,0.038496867286739185,0.0,-0.0,-0.03504231616059582,-0.011985777187904641,0.035843566225656896,0.06282134423675179,0.335753125,0.975353125,1.047553125,0.0,-0.0,-0.95355,-0.32614961251842506,0.975353125,1.709455862518425
y_fixed,0.0,9.824999999999996,0.012596290690649246,0.03628196381930239,0.03884486154783258,0.0,-0.0,-0.03531187243875423,-0.01195136573596472,0.03628196381930239,0.06339251797444655,0.34276253124999956,0.9872825312499993,1.0570225312499995,0.0,-0.0,-0.9608849999999995,-0.3252132292084026,0.9872825312499993,1.7249982917084017
y_fixed,0.0,9.899999999999999,0.012856548241880929,0.03672302803563831,0.03919552243161638,0.0,-0.0,-0.03558142871691267,-0.011914358175689055,0.0367230280356383,0.06396642884918635,0.3498444999999999,0.9992845,1.0665645,0.0,-0.0,-0.96822,-0.3242062021917198,0.9992844999999998,1.7406152021917194
y_fixed,0.0,9.975000000000001,0.01311947241580298,0.037166758874664585,0.03954884993809054,0.0,-0.0,-0.03585098499507111,-0.011874753020799206,0.03716675887466459,0.06454307537469274,0.35699903125000015,1.0113590312500003,1.0761790312500001,0.0,-0.0,-0.9755550000000002,-0.32312849102467994,1.0113590312500005,1.7563065535246807
y_fixed,0.0,10.049999999999997,0.013385063212415374,0.037613156336381195,0.039904844067255044,0.0,-0.0,-0.03612054127322952,-0.011832548826128686,0.037613156336381195,0.0651224561057991,0.3642261249999997,1.0235061249999997,1.0858661249999997,0.0,-0.0,-0.9828899999999996,-0.3219800563822996,1.0235061249999997,1.7720723063822987
y_fixed,0.0,10.125,0.013653320631718167,0.03806222042078822,0.04026350481910995,0.0,-0.0,-0.036390097551387966,-0.01178774418622379,0.03806222042078822,0.0657045696370519,0.3715257812499999,1.03572578125,1.09562578125,0.0,-0.0,-0.990225,-0.320760860020235,1.03572578125,1.7879124225202347
y_fixed,0.0,10.199999999999996,0.01392424467371131,0.03851395112788557,0.040624832193655196,0.0,-0.0,-0.036659653829546376,-0.011740337734000792,0.03851395112788556,0.0662894146013673,0.37889799999999957,1.0480179999999992,1.1054579999999994,0.0,-0.0,-0.9975599999999996,-0.3194708647382431,1.0480179999999992,1.803826864738242
y_fixed,0.0,10.274999999999999,0.014197835338394846,0.03896834845767334,0.04098882619089085,0.0,-0.0,-0.036929210107704814,-0.011690328139456679,0.03896834845767333,0.06687698966874239,0.3863427812499999,1.06038278125,1.11536278125,0.0,-0.0,-1.0048949999999999,-0.31811003434509794,1.0603827812499997,1.8198155968450982
y_fixed,0.0,10.350000000000001,0.014474092625768752,0.039425412410151475,0.04135548681081687,0.0,-0.0,-0.03719876638586326,-0.011637714108431169,0.039425412410151475,0.0674672935450168,0.3938601250000001,1.0728201250000005,1.1253401250000001,0.0,-0.0,-1.0122300000000002,-0.3166783336249044,1.0728201250000005,1.835878583624905
y_fixed,0.0,10.424999999999997,0.014753016535833004,0.039885142985319935,0.04172481405343323,0.0,-0.0,-0.03746832266402167,-0.011582494381417358,0.03988514298531992,0.06806032497068358,0.40145003124999973,1.0853300312499996,1.1353900312499998,0.0,-0.0,-1.0195649999999996,-0.31517572830473356,1.0853300312499992,1.8520157908047328
y_fixed,0.0,10.5,0.015034607068587653,0.040347540183178814,0.04209680791873999,0.0,-0.0,-0.03773787894218011,-0.011524667732419279,0.04034754018317882,0.06865608271974692,0.4091125,1.0979125,1.1455125,0.0,-0.0,-1.0269,-0.31360218502353565,1.0979125000000003,1.8682271850235357
y_fixed,0.0,10.574999999999996,0.015318864224032646,0.04081260400372802,0.04247146840673709,0.0,-0.0,-0.038007435220338524,-0.011464232967853778,0.04081260400372802,0.06925456559862352,0.41684753124999957,1.1105675312499994,1.1557075312499994,0.0,-0.0,-1.0342349999999996,-0.31195767130225843,1.1105675312499994,1.8845127338022576
y_fixed,0.0,10.649999999999999,0.015605788002168037,0.04128033444696764,0.0428487955174246,0.0,-0.0,-0.03827699149849696,-0.011401188925495005,0.04128033444696763,0.06985577244508763,0.42465512499999986,1.1232951249999998,1.165975125,0.0,-0.0,-1.0415699999999999,-0.31024215551512546,1.1232951249999996,1.900872405515125
y_fixed,0.0,10.725000000000001,0.0158953784029938,0.04175073151289763,0.04322878925080247,0.0,-0.0,-0.0385465477766554,-0.011335534473459575,0.04175073151289762,0.07045970212725583,0.4325352812500002,1.1360952812500005,1.1763152812500002,0.0,-0.0,-1.048905,-0.30845560686202067,1.13609528125,1.9173061693620206
y_fixed,0.0,10.799999999999997,0.016187635426509906,0.04222379520151795,0.04361144960687069,0.0,-0.0,-0.03881610405481382,-0.011267268509230488,0.04222379520151795,0.07106635354261108,0.4404879999999997,1.1489679999999995,1.1867279999999998,0.0,-0.0,-1.0562399999999996,-0.3065979953419282,1.1489679999999995,1.9338139953419275
y_fixed,0.0,10.875,0.01648255907271641,0.042699525512828684,0.0439967765856293,0.0,-0.0,-0.039085660332972255,-0.011196389958718252,0.04269952551282869,0.07167572561706398,0.44851328125,1.1619132812500002,1.19721328125,0.0,-0.0,-1.063575,-0.304669291727384,1.1619132812500004,1.9503958542273845
y_fixed,0.0,10.949999999999996,0.016780149341613256,0.04317792244682975,0.04438477018707826,0.0,-0.0,-0.03935521661113067,-0.01112289777535753,0.04317792244682975,0.07228781730404904,0.45661112499999956,1.1749311249999994,1.2077711249999996,0.0,-0.0,-1.0709099999999996,-0.3026694675398944,1.1749311249999994,1.9670517175398934
y_fixed,0.0,11.024999999999999,0.0170804062332005,0.04365898600352122,0.04477543041121762,0.0,-0.0,-0.03962477288928911,-0.011046790939237642,0.04365898600352122,0.07290262758365576,0.46478153124999977,1.18802153125,1.2184015312499998,0.0,-0.0,-1.078245,-0.300598495026276,1.18802153125,1.9837815575262756
y_fixed,0.0,11.100000000000001,0.017383329747478124,0.044142716182903066,0.04516875725804735,0.0,-0.0,-0.03989432916744755,-0.010968068456265714,0.044142716182903066,0.07352015546179119,0.47302450000000024,1.2011845000000003,1.2291045000000003,0.0,-0.0,-1.08558,-0.29845634713588365,1.2011845000000003,2.000585347135884
y_fixed,0.0,11.174999999999997,0.017688919884446076,0.04462911298497524,0.04556475072756741,0.0,-0.0,-0.040163885445605965,-0.010886729357360847,0.04462911298497524,0.07414039996937433,0.4813400312499996,1.2144200312499995,1.2398800312499996,0.0,-0.0,-1.0929149999999996,-0.2962429974986827,1.2144200312499995,2.017463059998682
y_fixed,0.0,11.25,0.017997176644104437,0.04511817640973782,0.04596341081977789,0.0,-0.0,-0.0404334417237644,-0.01080277269767797,0.04511817640973781,0.0747633601615603,0.4897281249999999,1.227728125,1.250728125,0.0,-0.0,-1.10025,-0.29395842040412895,1.2277281249999996,2.034414670404129
y_fixed,0.0,11.324999999999996,0.01830810002645314,0.045609906457190735,0.04636473753467869,0.0,-0.0,-0.04070299800192282,-0.010716197555860441,0.04560990645719072,0.07538903511699226,0.4981887812499995,1.2411087812499992,1.2616487812499992,0.0,-0.0,-1.1075849999999996,-0.291602590780831,1.2411087812499988,2.0514401532808293
y_fixed,0.0,11.399999999999999,0.01862169003149224,0.04610430312733407,0.04676873087226992,0.0,-0.0,-0.04097255428008126,-0.010627003033319636,0.04610430312733407,0.0760174239370818,0.5067219999999998,1.254562,1.2726419999999998,0.0,-0.0,-1.11492,-0.2891754841769467,1.254562,2.0685394841769464
y_fixed,0.0,11.475000000000001,0.018937946659221713,0.04660136642016777,0.0471753908325515,0.0,-0.0,-0.041242110558239696,-0.010535188253540995,0.04660136642016777,0.07664852574531421,0.5153277812500001,1.2680877812500002,1.2837077812500002,0.0,-0.0,-1.122255,-0.2866770767412998,1.2680877812500002,2.0857126392413
y_fixed,0.0,11.549999999999997,0.019256869909641528,0.0471010963356918,0.04758471741552342,0.0,-0.0,-0.04151166683639811,-0.010440752361414899,0.0471010963356918,0.07728233968657985,0.5240061249999997,1.2816861249999996,1.2948461249999996,0.0,-0.0,-1.1295899999999999,-0.2841073452051721,1.2816861249999996,2.1029595952051716
y_fixed,0.0,11.625,0.019578459782751738,0.04760349287390624,0.04799671062118575,0.0,-0.0,-0.04178122311455655,-0.01034369452259163,0.04760349287390624,0.07791886492652911,0.5327570312499998,1.29535703125,1.30605703125,0.0,-0.0,-1.136925,-0.2814662668647513,1.29535703125,2.1202803293647507
y_fixed,0.0,11.699999999999996,0.019902716278552297,0.04810855603481101,0.04841137044953841,0.0,-0.0,-0.04205077939271496,-0.010244013922859455,0.04810855603481099,0.07855810065095015,0.5415804999999995,1.3091004999999993,1.3173404999999994,0.0,-0.0,-1.1442599999999994,-0.27875381956420736,1.3091004999999987,2.137674819564206
y_fixed,0.0,11.774999999999999,0.020229639397043253,0.0486162858184062,0.04882869690058148,0.0,-0.0,-0.042320335670873406,-0.010141709767544634,0.04861628581840621,0.07920004606516937,0.5504765312499997,1.3229165312499997,1.3286965312499999,0.0,-0.0,-1.151595,-0.2759699816793662,1.3229165312500002,2.1551430441793658
y_fixed,0.0,11.850000000000001,0.020559229138224583,0.049126682224691756,0.049248689974314926,0.0,-0.0,-0.042589891949031844,-0.010036781280932713,0.049126682224691756,0.07984470039347223,0.5594451250000001,1.3368051250000004,1.3401251250000001,0.0,-0.0,-1.1589300000000002,-0.27311473210196224,1.3368051250000004,2.1726849821019627
y_fixed,0.0,11.924999999999997,0.020891485502096255,0.04963974525366764,0.049671349670738704,0.0,-0.0,-0.04285944822719026,-0.009929227705710125,0.04963974525366764,0.08049206287854507,0.5684862812499997,1.3507662812499996,1.3516262812499997,0.0,-0.0,-1.1662649999999999,-0.2701880502244435,1.3507662812499996,2.1903006127244424
y_fixed,0.0,12.0,0.021226408488658324,0.05015547490533394,0.05009667598985289,0.0,-0.0,-0.0431290045053487,-0.009819048302425158,0.050155474905333924,0.08114213278093635,0.5776,1.3648000000000002,1.3632000000000002,0.0,-0.0,-1.1736,-0.2671899159253038,1.3647999999999998,2.207989915925303
y_fixed,0.0,12.074999999999996,0.021563998097910736,0.05067387117969056,0.050524668931657406,0.0,-0.0,-0.04339856078350711,-0.009706242348967825,0.050673871179690556,0.08179490937853595,0.5867862812499995,1.3789062812499995,1.3748462812499995,0.0,-0.0,-1.1809349999999994,-0.2641203095549293,1.3789062812499993,2.2257528720549278
y_fixed,0.0,12.149999999999999,0.021904254329853545,0.0511949340767376,0.05095532849615233,0.0,-0.0,-0.043668117061665554,-0.009590809140067581,0.05119493407673759,0.08245039196607346,0.5960451249999998,1.3930851249999998,1.3865651249999997,0.0,-0.0,-1.18827,-0.26097921192193096,1.3930851249999996,2.2435894619219305
y_fixed,0.0,12.225000000000001,0.02224717718448673,0.05171866359647501,0.05138865468333763,0.0,-0.0,-0.04393767333982399,-0.00947274798680825,0.05171866359647502,0.08310857985463262,0.6053765312500002,1.4073365312500004,1.3983565312500004,0.0,-0.0,-1.1956050000000003,-0.2577666042799445,1.4073365312500006,2.261499666779945
y_fixed,0.0,12.299999999999997,0.022592766661810253,0.05224505973890275,0.051824647493213256,0.0,-0.0,-0.0442072296179824,-0.009352058216159663,0.05224505973890275,0.08376947237118318,0.6147804999999997,1.4216604999999995,1.4102204999999997,0.0,-0.0,-1.2029399999999997,-0.25448246831488613,1.4216604999999995,2.2794834683148855
y_fixed,0.0,12.375,0.02294102276182418,0.0527741225040209,0.052263306925779296,0.0,-0.0,-0.04447678589614085,-0.009228739170525026,0.0527741225040209,0.0844330688581285,0.6242570312500001,1.43605703125,1.42215703125,0.0,-0.0,-1.210275,-0.2511267861326354,1.43605703125,2.2975408486326354
y_fixed,0.0,12.449999999999996,0.02329194548452844,0.053305851891829376,0.052704632981035664,0.0,-0.0,-0.04474634217429926,-0.009102790207303722,0.05330585189182935,0.0850993686728678,0.6338061249999994,1.4505261249999992,1.4341661249999993,0.0,-0.0,-1.2176099999999996,-0.24769954024713875,1.4505261249999986,2.3156717902471367
y_fixed,0.0,12.524999999999999,0.023645534829923102,0.053840247902328275,0.05314862565898244,0.0,-0.0,-0.045015898452457695,-0.00897421069846871,0.05384024790232826,0.08576837118737424,0.6434277812499997,1.46506778125,1.4462477812499996,0.0,-0.0,-1.2249449999999997,-0.2442007135689098,1.4650677812499995,2.3338762760689087
y_fixed,0.0,12.600000000000001,0.02400179079800815,0.054377310535517545,0.053595284959619606,0.0,-0.0,-0.04528545473061614,-0.008843000030158126,0.05437731053551757,0.08644007578778587,0.6531220000000003,1.4796820000000004,1.4584020000000004,0.0,-0.0,-1.2322800000000003,-0.24063028939391629,1.4796820000000013,2.3521542893939165
y_fixed,0.0,12.674999999999997,0.024360713388783522,0.05491703979139713,0.05404461088294708,0.0,-0.0,-0.04555501100877455,-0.00870915760228045,0.05491703979139713,0.08711448187401105,0.6628887812499996,1.4943687812499995,1.4706287812499996,0.0,-0.0,-1.2396149999999997,-0.23698825139283605,1.4943687812499995,2.370505813892835
y_fixed,0.0,12.75,0.024722302602249304,0.05545943566996714,0.05449660342896498,0.0,-0.0,-0.04582456728693299,-0.008572682828132599,0.055459435669967125,0.08779158885934688,0.672728125,1.509128125,1.4829281250000002,0.0,-0.0,-1.24695,-0.2332745836006649,1.5091281249999997,2.3889308336006647
y_fixed,0.0,12.824999999999996,0.02508655843840542,0.056004498171227476,0.0549512625976732,0.0,-0.0,-0.046094123565091405,-0.008433575134030815,0.056004498171227476,0.08847139617010943,0.6826400312499995,1.5239600312499995,1.4953000312499993,0.0,-0.0,-1.2542849999999997,-0.2294892704066725,1.5239600312499995,2.407429332906671
y_fixed,0.0,12.899999999999999,0.02545348089725194,0.056552227295178226,0.05540858838907184,0.0,-0.0,-0.04636367984324984,-0.008291833958953412,0.056552227295178226,0.0891539032452772,0.6926244999999998,1.5388644999999999,1.5077444999999998,0.0,-0.0,-1.2616199999999997,-0.2256322965446811,1.5388644999999999,2.4260012965446807
y_fixed,0.0,12.975000000000001,0.02582306997878884,0.05710262304181935,0.05586858080316085,0.0,-0.0,-0.04663323612140828,-0.008147458754195317,0.05710262304181935,0.08983910953614502,0.7026815312500002,1.5538415312500005,1.5202615312500003,0.0,-0.0,-1.268955,-0.22170364708366497,1.5538415312500005,2.4446467095836657
y_fixed,0.0,13.049999999999997,0.026195325683016066,0.05765568541115079,0.056331239839940185,0.0,-0.0,-0.0469027923995667,-0.008000448983033748,0.05765568541115078,0.09052701450599,0.7128111249999995,1.5688911249999995,1.5328511249999996,0.0,-0.0,-1.2762899999999997,-0.2177033074186532,1.5688911249999993,2.4633655574186526
y_fixed,0.0,13.125,0.026570248009933704,0.05821141440317266,0.05679656549940994,0.0,-0.0,-0.047172348677725136,-0.007850804120404509,0.05821141440317266,0.09121761762974817,0.72301328125,1.58401328125,1.54551328125,0.0,-0.0,-1.283625,-0.21363126326192117,1.58401328125,2.482157825761922
y_fixed,0.0,13.199999999999996,0.026947836959541678,0.058769810017884845,0.05726455778157002,0.0,-0.0,-0.04744190495588355,-0.007698523652589041,0.05876981001788483,0.09191091839370072,0.7332879999999995,1.5992079999999993,1.5582479999999994,0.0,-0.0,-1.2909599999999997,-0.20948750063447472,1.599207999999999,2.501023500634473
y_fixed,0.0,13.274999999999999,0.02732809253184005,0.059330872255287444,0.0577352166864205,0.0,-0.0,-0.04771146123404199,-0.0075436070769109576,0.059330872255287444,0.09260691629517151,0.7436352812499997,1.6144752812499996,1.5710552812499996,0.0,-0.0,-1.2982949999999998,-0.20527200585779257,1.6144752812499996,2.519962568357792
y_fixed,0.0,13.350000000000001,0.027711014726828798,0.05989460111538042,0.058208542213961365,0.0,-0.0,-0.04798101751220043,-0.007386053901442671,0.05989460111538042,0.09330561084223282,0.754055125,1.6298151250000001,1.583935125,0.0,-0.0,-1.30563,-0.20098476554584307,1.6298151250000001,2.538975015545843
y_fixed,0.0,13.424999999999997,0.028096603544507888,0.06046099659816372,0.05868453436419256,0.0,-0.0,-0.048250573790358846,-0.0072258636447209805,0.060460996598163716,0.09400700155342141,0.7645475312499996,1.6452275312499995,1.5968875312499995,0.0,-0.0,-1.3129649999999997,-0.1966257665973452,1.6452275312499993,2.558060829097344
y_fixed,0.0,13.5,0.028484858984877383,0.061030058703637445,0.05916319313711417,0.0,-0.0,-0.048520130068517284,-0.007063035835471677,0.06103005870363743,0.09471108795746323,0.7751125000000001,1.6607125,1.6099125,0.0,-0.0,-1.3203,-0.19219499618827435,1.6607124999999998,2.5772199961882745
y_fixed,0.0,13.574999999999996,0.028875781047937206,0.06160178743180148,0.0596445185327261,0.0,-0.0,-0.0487896863466757,-0.006897570012342865,0.06160178743180148,0.09541786959300617,0.7857500312499994,1.6762700312499992,1.6230100312499993,0.0,-0.0,-1.3276349999999997,-0.18769244176460592,1.6762700312499992,2.5964525042646045
y_fixed,0.0,13.649999999999999,0.029269369733687437,0.06217618278265595,0.06012851055102845,0.0,-0.0,-0.04905924262483414,-0.006729465723646331,0.06217618278265595,0.09612734600836223,0.7964601249999997,1.6919001249999999,1.6361801249999999,0.0,-0.0,-1.3349699999999998,-0.18311809103527743,1.6919001249999999,2.6157583410352774
y_fixed,0.0,13.725000000000001,0.02966562504212804,0.06275324475620078,0.060615169192021166,0.0,-0.0,-0.04932879890299258,-0.0065587225271072185,0.06275324475620078,0.09683951676125643,0.8072427812500002,1.7076027812500005,1.6494227812500002,0.0,-0.0,-1.342305,-0.178471931965377,1.7076027812500005,2.635137494465378
y_fixed,0.0,13.799999999999997,0.03006454697325898,0.06333297335243593,0.06110449445570421,0.0,-0.0,-0.049598355181150994,-0.006385339989621198,0.06333297335243591,0.09755438141858438,0.8180979999999995,1.7233779999999994,1.6627379999999996,0.0,-0.0,-1.3496399999999997,-0.17375395276953542,1.7233779999999992,2.6545899527695345
y_fixed,0.0,13.875,0.030466135527080326,0.0639153685713615,0.06159648634207767,0.0,-0.0,-0.04986791145930943,-0.006209317687019027,0.06391536857136149,0.09827193955617702,0.8290257812499999,1.73922578125,1.67612578125,0.0,-0.0,-1.356975,-0.1689641419055196,1.7392257812499996,2.6741157044055193
y_fixed,0.0,13.949999999999996,0.030870390703592005,0.0645004304129774,0.06209114485114146,0.0,-0.0,-0.05013746773746784,-0.0060306552038386085,0.0645004304129774,0.09899219075857207,0.8400261249999993,1.7551461249999993,1.6895861249999993,0.0,-0.0,-1.3643099999999995,-0.16410248806802988,1.7551461249999993,2.6937147380680284
y_fixed,0.0,14.024999999999999,0.0312773125027941,0.06508815887728372,0.06258846998289566,0.0,-0.0,-0.05040702401562629,-0.005849352133103579,0.06508815887728372,0.09971513461879335,0.8510990312499999,1.77113903125,1.7031190312499997,0.0,-0.0,-1.3716449999999998,-0.15916898018267528,1.77113903125,2.713387042682675
y_fixed,0.0,14.100000000000001,0.031686900924686554,0.0656785539642804,0.06308846173734023,0.0,-0.0,-0.050676580293784725,-0.0056654080761088695,0.06567855396428038,0.10044077073813562,0.8622445000000001,1.7872045000000003,1.7167245,0.0,-0.0,-1.37898,-0.1541636074001382,1.7872044999999996,2.7331326074001376
y_fixed,0.0,14.174999999999997,0.03209915596926935,0.0662716156739674,0.06359112011447512,0.0,-0.0,-0.05094613657194314,-0.00547882264221251,0.06627161567396735,0.10116909872595695,0.8734625312499995,1.8033425312499993,1.730402531249999,0.0,-0.0,-1.3863149999999997,-0.14908635909050913,1.8033425312499978,2.752951421590507
y_fixed,0.0,14.25,0.03251407763654255,0.06686734400634484,0.06409644511430046,0.0,-0.0,-0.05121569285010158,-0.005289595448633742,0.06686734400634484,0.10190011819947675,0.8847531249999999,1.8195531249999999,1.7441531250000002,0.0,-0.0,-1.39365,-0.14393722483779295,1.8195531249999999,2.772843474837793
y_fixed,0.0,14.324999999999996,0.032931665926506086,0.06746573896141259,0.0646044367368161,0.0,-0.0,-0.05148524912825999,-0.005097726120257329,0.06746573896141259,0.10263382878357952,0.8961162812499993,1.835836281249999,1.7579762812499993,0.0,-0.0,-1.4009849999999995,-0.13871619443458405,1.835836281249999,2.792808756934583
y_fixed,0.0,14.399999999999999,0.033351920839160026,0.06806680053917076,0.06511509498202214,0.0,-0.0,-0.051754805406418435,-0.004903214289443195,0.06806680053917077,0.10337023011062538,0.9075519999999997,1.8521919999999998,1.7718719999999994,0.0,-0.0,-1.40832,-0.13342325787688636,1.852192,2.8128472578768857
y_fixed,0.0,14.475000000000001,0.03377484237450435,0.06867052873961932,0.06562841984991859,0.0,-0.0,-0.05202436168457687,-0.004706059595842152,0.06867052873961929,0.10410932182026508,0.9190602812500003,1.8686202812500008,1.7858402812500005,0.0,-0.0,-1.415655,-0.128058405359099,1.86862028125,2.8329589678590996
y_fixed,0.0,14.549999999999997,0.034200430532538996,0.06927692356275816,0.06614441134050533,0.0,-0.0,-0.05229391796273528,-0.004506261686216831,0.06927692356275814,0.10485110355926114,0.9306411249999996,1.8851211249999995,1.7998811249999995,0.0,-0.0,-1.4229899999999995,-0.12262162726914336,1.8851211249999986,2.853143877269142
y_fixed,0.0,14.625,0.03462868531326405,0.06988598500858745,0.0666630694537825,0.0,-0.0,-0.05256347424089373,-0.004303820214267683,0.06988598500858745,0.10559557498131422,0.9422945312500001,1.90169453125,1.8139945312499999,0.0,-0.0,-1.430325,-0.11711291418372877,1.90169453125,2.8734019766837284
y_fixed,0.0,14.699999999999996,0.03505960671667944,0.07049771307710706,0.06718439418975,0.0,-0.0,-0.05283303051905214,-0.00409873484046443,0.07049771307710706,0.10634273574689387,0.9540204999999994,1.9183404999999993,1.8281804999999993,0.0,-0.0,-1.4376599999999995,-0.11153225686376561,1.9183404999999993,2.893733256863764
y_fixed,0.0,14.774999999999999,0.03549319474278524,0.07111210776831708,0.06770838554840791,0.0,-0.0,-0.053102586797210576,-0.0038910052318819888,0.07111210776831708,0.10709258552307513,0.9658190312499999,1.9350590312499998,1.8424390312499996,0.0,-0.0,-1.4449949999999998,-0.1058796462499009,1.9350590312499998,2.9141377087499
y_fixed,0.0,14.850000000000001,0.03592944939158141,0.07172916908221748,0.0682350435297562,0.0,-0.0,-0.05337214307536902,-0.003680631062041414,0.07172916908221748,0.107845123983379,0.9776901250000002,1.9518501250000002,1.8567701250000004,0.0,-0.0,-1.4523300000000001,-0.10015507345818993,1.9518501250000002,2.93461532345819
y_fixed,0.0,14.924999999999997,0.0363683706630679,0.0723488970188082,0.0687643681337948,0.0,-0.0,-0.05364169935352743,-0.003467612010755173,0.0723488970188082,0.10860035080761787,0.9896337812499993,1.9687137812499995,1.8711737812499993,0.0,-0.0,-1.4596649999999998,-0.0943585297758861,1.9687137812499995,2.955166092275885
y_fixed,0.0,15.0,0.03680995855724482,0.07297129157808933,0.06929635936052383,0.0,-0.0,-0.05391125563168587,-0.003251947763976998,0.07297129157808932,0.10935826568174564,1.00165,1.98565,1.88565,0.0,-0.0,-1.4669999999999999,-0.08849000665735511,1.9856499999999997,2.9757900066573546
y_fixed,0.0,15.074999999999996,0.03725421307411206,0.0735963527600608,0.06983101720994318,0.0,-0.0,-0.054180811909844286,-0.0030336380136559878,0.0735963527600608,0.11011886829771125,1.0137387812499992,2.002658781249999,1.9001987812499992,0.0,-0.0,-1.4743349999999995,-0.08254949572010489,2.002658781249999,2.996487058220104
y_fixed,0.0,15.149999999999999,0.03770113421366972,0.07422408056472267,0.07036834168205294,0.0,-0.0,-0.054450368188002723,-0.0028126824575946986,0.07422408056472267,0.11088215835331734,1.0259001249999997,2.0197401249999998,1.9148201249999994,0.0,-0.0,-1.4816699999999998,-0.0765369887409241,2.0197401249999998,3.017257238740923
y_fixed,0.0,15.225000000000001,0.03815072197591775,0.07485447499207494,0.0709083327768531,0.0,-0.0,-0.05471992446616116,-0.002589080799311333,0.07485447499207493,0.11164813555208217,1.0381340312500003,2.0368940312500006,1.9295140312500005,0.0,-0.0,-1.489005,-0.07045247765213201,2.03689403125,3.0381005401521324
y_fixed,0.0,15.299999999999997,0.038602976360856106,0.0754875360421175,0.07145099049434356,0.0,-0.0,-0.05498948074431958,-0.00236283274790592,0.0754875360421175,0.11241679960310558,1.0504404999999997,2.0541204999999993,1.9442804999999996,0.0,-0.0,-1.4963399999999998,-0.06429595453793718,2.0541204999999993,3.0590169545379364
y_fixed,0.0,15.375,0.03905789736848487,0.07612326371485051,0.07199631483452444,0.0,-0.0,-0.055259037022478016,-0.0021339380179298505,0.07612326371485047,0.11318815022093912,1.06281953125,2.0714195312500006,1.95911953125,0.0,-0.0,-1.5036749999999999,-0.058067411630887224,2.0714195312499992,3.080006474130886
y_fixed,0.0,15.449999999999996,0.03951548499880396,0.0767616580102738,0.07254430579739564,0.0,-0.0,-0.055528593300636434,-0.0019023963292594398,0.0767616580102738,0.11396218712545902,1.075271124999999,2.0887911249999993,1.974031124999999,0.0,-0.0,-1.5110099999999995,-0.051766841308428374,2.0887911249999993,3.1010690913084265
y_fixed,0.0,15.524999999999999,0.039975739251813476,0.07740271892838754,0.07309496338295726,0.0,-0.0,-0.05579814957879487,-0.0016682074069727243,0.07740271892838754,0.11473891004174346,1.0877952812499998,2.1062352812499996,1.9890152812499997,0.0,-0.0,-1.5183449999999998,-0.0453942360895529,2.1062352812499996,3.1222047985895522
y_fixed,0.0,15.600000000000001,0.040438660127513355,0.07804644646919165,0.07364828759120925,0.0,-0.0,-0.05606770585695331,-0.0014313709812297966,0.07804644646919162,0.11551831869995238,1.1003920000000003,2.123752,2.0040720000000003,0.0,-0.0,-1.5256800000000001,-0.03894958863154283,2.1237519999999996,3.1434135886315424
y_fixed,0.0,15.674999999999997,0.04090424762590356,0.07869284063268608,0.07420427842215158,0.0,-0.0,-0.056337262135111726,-0.0011918867871563259,0.07869284063268607,0.11630041283521142,1.1130612812499994,2.1413412812499995,2.0192012812499995,0.0,-0.0,-1.5330149999999998,-0.03243289172680047,2.1413412812499995,3.164695454226798
y_fixed,0.0,15.75,0.04137250174698419,0.07934190141887093,0.07476293587578431,0.0,-0.0,-0.056606818413270164,-0.0009497545647301972,0.07934190141887093,0.11708519218749869,1.125803125,2.159003125,2.034403125,0.0,-0.0,-1.5403499999999999,-0.025844138299763605,2.159003125,3.1860503882997633
y_fixed,0.0,15.824999999999996,0.04184342249075514,0.0799936288277461,0.07532425995210737,0.0,-0.0,-0.05687637469142858,-0.0007049740586715265,0.0799936288277461,0.11787265650153406,1.1386175312499993,2.1767375312499992,2.049677531249999,0.0,-0.0,-1.5476849999999995,-0.019183321403912715,2.1767375312499992,3.207478383903912
y_fixed,0.0,15.899999999999999,0.0423170098572165,0.08064802285931169,0.07588825065112084,0.0,-0.0,-0.05714593096958702,-0.0004575450183352016,0.08064802285931169,0.11866280552667255,1.1515044999999997,2.1945444999999997,2.0650244999999994,0.0,-0.0,-1.5550199999999998,-0.012450434218846831,2.1945444999999997,3.228979434218846
y_fixed,0.0,15.975000000000001,0.04279326384636824,0.08130508351356766,0.0764549079728247,0.0,-0.0,-0.05741548724774546,-0.00020746719760669774,0.08130508351356762,0.11945563901679962,1.16446403125,2.2124240312500008,2.0804440312500003,0.0,-0.0,-1.5623550000000002,-0.005645470047448569,2.2124240312499994,3.2505535325474484
y_fixed,0.0,16.049999999999997,0.043272184458210294,0.08196481079051393,0.07702423191721887,0.0,-0.0,-0.057685043525903874,4.525964519948647e-05,0.08196481079051393,0.12025115673022965,1.1774961249999993,2.2303761249999994,2.0959361249999993,0.0,-0.0,-1.5696899999999998,0.0012315776868796029,2.2303761249999994,3.2722006723131183
y_fixed,0.0,16.125,0.04375377169274278,0.08262720469015064,0.07759622248430346,0.0,-0.0,-0.05795459980406231,0.00030063574743876414,0.08262720469015064,0.12104935842960746,1.19060078125,2.2484007812500004,2.11150078125,0.0,-0.0,-1.577025,0.00818071544290751,2.2484007812500004,3.293920847057092
y_fixed,0.0,16.199999999999996,0.04423802554996559,0.08329226521247765,0.07817087967407838,0.0,-0.0,-0.05822415608222073,0.0005586613422324492,0.08329226521247765,0.12185024388181152,1.2037779999999993,2.266497999999999,2.127137999999999,0.0,-0.0,-1.5843599999999995,0.015201949564189262,2.266497999999999,3.3157140504358096
y_fixed,0.0,16.275,0.04472494602987881,0.0839599923574951,0.07874820348654371,0.0,-0.0,-0.05849371236037917,0.00081933665856165,0.08395999235749507,0.12265381285786084,1.2170277812499999,2.2846677812499996,2.1428477812499995,0.0,-0.0,-1.5916949999999999,0.022295286281618247,2.2846677812499987,3.3375802762183806
y_fixed,0.0,16.35,0.0452145331324824,0.08463038612520292,0.07932819392169943,0.0,-0.0,-0.058763268638537605,0.0010826619213583563,0.08463038612520289,0.12346006513282347,1.2303501250000002,2.3029101250000004,2.1586301250000006,0.0,-0.0,-1.5990300000000002,0.029460731715905717,2.3029101249999995,3.359519518284095
y_fixed,0.0,16.424999999999997,0.04570678685777631,0.08530344651560105,0.07991085097954545,0.0,-0.0,-0.05903282491669602,0.0013486373515941286,0.08530344651560105,0.12426900048572762,1.2437450312499991,2.3212250312499996,2.1744850312499997,0.0,-0.0,-1.6063649999999998,0.03669829187999415,2.3212250312499996,3.3815317706200045
y_fixed,0.0,16.5,0.04620170720576064,0.08597917352868961,0.08049617466008188,0.0,-0.0,-0.05930238119485446,0.0016172631663668967,0.08597917352868961,0.12508061869947562,1.2572124999999996,2.3396125,2.1904125,0.0,-0.0,-1.6137,0.04400797268141917,2.3396125,3.4036170273185804
y_fixed,0.0,16.574999999999996,0.04669929417643531,0.08665756716446849,0.08108416496330867,0.0,-0.0,-0.05957193747301287,0.001888539578984827,0.08665756716446846,0.12589491956075913,1.2707525312499994,2.358072531249999,2.2064125312499994,0.0,-0.0,-1.6210349999999996,0.051389779924591684,2.358072531249998,3.4257752825754064
y_fixed,0.0,16.65,0.04719954776980038,0.0873386274229378,0.08167482188922584,0.0,-0.0,-0.059841493751171315,0.002162466799048631,0.0873386274229378,0.12671190285997758,1.2843651249999994,2.3766051249999998,2.2224851249999995,0.0,-0.0,-1.6283699999999999,0.05884371931303761,2.3766051249999998,3.4480065306869614
y_fixed,0.0,16.725,0.04770246798585582,0.08802235430409747,0.0822681454378334,0.0,-0.0,-0.06011105002932975,0.0024390450325314124,0.08802235430409747,0.1275315683911578,1.2980502812499999,2.3952102812500002,2.23863028125,0.0,-0.0,-1.6357050000000002,0.06636979645157062,2.3952102812500002,3.4703107660484296
y_fixed,0.0,16.799999999999997,0.048208054824601596,0.08870874780794745,0.08286413560913128,0.0,-0.0,-0.06038060630748816,0.0027182744818565127,0.08870874780794746,0.12835391595187634,1.3118079999999992,2.413887999999999,2.254847999999999,0.0,-0.0,-1.6430399999999996,0.07396801684841046,2.4138879999999996,3.4926879831515873
y_fixed,0.0,16.875,0.04871630828603779,0.08939780793448787,0.0834627924031196,0.0,-0.0,-0.06065016258564661,0.0030001553459735493,0.08939780793448786,0.1291789453431838,1.3256382812499998,2.43263828125,2.2711382812500003,0.0,-0.0,-1.6503750000000001,0.081638385917252,2.4326382812499996,3.5151381765827474
y_fixed,0.0,16.949999999999996,0.04922722837016429,0.09008953468371858,0.0840641158197982,0.0,-0.0,-0.06091971886380502,0.0032846878204321646,0.09008953468371858,0.13000665636953032,1.3395411249999989,2.4514611249999985,2.2875011249999986,0.0,-0.0,-1.6577099999999996,0.0893809089792721,2.4514611249999985,3.5376613410207254
y_fixed,0.0,17.025,0.04974081507698124,0.09078392805563976,0.08466810585916726,0.0,-0.0,-0.061189275141963456,0.003571872097454354,0.09078392805563976,0.13083704883869415,1.35351653125,2.4703565312499998,2.3039365312499998,0.0,-0.0,-1.6650449999999997,0.0971955912650977,2.4703565312499998,3.560257471234902
y_fixed,0.0,17.1,0.050257068406488525,0.09148098805025129,0.08527476252122668,0.0,-0.0,-0.0614588314201219,0.003861708366004451,0.09148098805025129,0.13167012256171073,1.3675644999999998,2.4893245000000004,2.3204445000000007,0.0,-0.0,-1.6723800000000002,0.1050824379167103,2.4893245000000004,3.5829265620832897
y_fixed,0.0,17.174999999999997,0.05077598835868616,0.09218071466755312,0.0858840858059764,0.0,-0.0,-0.06172838769828031,0.004154196811857913,0.09218071466755312,0.13250587735280464,1.3816850312499993,2.508365031249999,2.337025031249999,0.0,-0.0,-1.6797149999999996,0.11304145398931761,2.508365031249999,3.605668608510681
y_fixed,0.0,17.25,0.0512975749335742,0.09288310790754539,0.08649607571341655,0.0,-0.0,-0.06199794397643875,0.004449337617667932,0.09288310790754536,0.1333443130293228,1.3958781249999999,2.527478125,2.3536781249999996,0.0,-0.0,-1.68705,0.12107264445316616,2.527478124999999,3.6284836055468324
y_fixed,0.0,17.324999999999996,0.051821828131152575,0.09358816777022799,0.08711073224354704,0.0,-0.0,-0.062267500254597166,0.004747130963030574,0.09358816777022799,0.13418542941166905,1.410143781249999,2.5466637812499995,2.3704037812499994,0.0,-0.0,-1.6943849999999996,0.12917601419531394,2.5466637812499995,3.651371548304685
y_fixed,0.0,17.4,0.052348747951421346,0.09429589425560099,0.08772805539636794,0.0,-0.0,-0.06253705653275561,0.005047577024548302,0.09429589425560099,0.135029226323241,1.4244819999999991,2.5659219999999996,2.387202,0.0,-0.0,-1.70172,0.1373515680213587,2.5659219999999996,3.6743324319786406
y_fixed,0.0,17.475,0.05287833439438051,0.09500628736366439,0.08834804517187922,0.0,-0.0,-0.06280661281091404,0.005350675975891915,0.0950062873636644,0.13587570359036782,1.43889278125,2.5852527812500004,2.4040727812500005,0.0,-0.0,-1.709055,0.14559931065712367,2.585252781250001,3.6973662518428774
y_fixed,0.0,17.549999999999997,0.053410587460029996,0.09571934709441807,0.0889707015700808,0.0,-0.0,-0.06307616908907246,0.005656427987860854,0.09571934709441807,0.13672486104224996,1.4533761249999992,2.604656124999999,2.4210161249999995,0.0,-0.0,-1.7163899999999996,0.15391924675029842,2.604656124999999,3.7204730032497006
y_fixed,0.0,17.625,0.0539455071483699,0.0964350734478622,0.08959602459097282,0.0,-0.0,-0.0633457253672309,0.00596483322844232,0.0964350734478622,0.13757669851090043,1.4679320312500002,2.62413203125,2.4380320312500006,0.0,-0.0,-1.7237250000000002,0.16231138087204752,2.62413203125,3.7436526816279536
y_fixed,0.0,17.699999999999996,0.05448309345940011,0.09715346642399664,0.09022401423455514,0.0,-0.0,-0.06361528164538931,0.006275891862868484,0.09715346642399664,0.13843121583108675,1.4825604999999988,2.643680499999999,2.455120499999999,0.0,-0.0,-1.7310599999999994,0.17077571751856746,2.643680499999999,3.76690528248143
y_fixed,0.0,17.775,0.05502334639312076,0.09787452602282151,0.0908546705008279,0.0,-0.0,-0.06388483792354775,0.006589604053672853,0.09787452602282151,0.13928841284027582,1.4972615312499995,2.6633015312499997,2.47228153125,0.0,-0.0,-1.738395,0.17931226111262025,2.6633015312499997,3.7902308013873798
y_fixed,0.0,17.85,0.055566265949531776,0.09859825224433676,0.09148799338979102,0.0,-0.0,-0.0641543942017062,0.006905969960744732,0.09859825224433677,0.1401482893785781,1.5120351250000001,2.6829951250000006,2.4895151250000005,0.0,-0.0,-1.7457300000000002,0.18792101600501548,2.682995125000001,3.8136292339949858
y_fixed,0.0,17.924999999999997,0.0561118521286331,0.0993246450885423,0.09212398290144447,0.0,-0.0,-0.0644239504798646,0.0072249897413827514,0.0993246450885423,0.1410108452886948,1.5268812812499992,2.7027612812499995,2.5068212812499997,0.0,-0.0,-1.7530649999999994,0.196601986476067,2.7027612812499995,3.8371005760239316
y_fixed,0.0,18.0,0.05666010493042486,0.10005370455543827,0.09276263903578832,0.0,-0.0,-0.06469350675802304,0.00754666355034701,0.10005370455543827,0.1418760804158662,1.5417999999999998,2.7226,2.5242,0.0,-0.0,-1.7604,0.2053551767370116,2.7226,3.8606448232629886
y_fixed,0.0,18.074999999999996,0.05721102435490692,0.10078543064502456,0.09340396179282251,0.0,-0.0,-0.06496306303618146,0.007870991539909798,0.10078543064502453,0.1427439946078196,1.5567912812499987,2.7425112812499988,2.541651281249999,0.0,-0.0,-1.7677349999999996,0.2141805909313894,2.742511281249998,3.8842619715686078
y_fixed,0.0,18.15,0.05776461040207943,0.1015198233573013,0.09404795117254713,0.0,-0.0,-0.06523261931433989,0.008197973859905457,0.10151982335730128,0.1436145877147211,1.5718551249999997,2.7624951249999996,2.559175125,0.0,-0.0,-1.7750699999999997,0.2230782331364005,2.762495124999999,3.907952016863599
y_fixed,0.0,18.225,0.0583208630719423,0.10225688269226839,0.09469460717496211,0.0,-0.0,-0.06550217559249834,0.008527610657778587,0.10225688269226837,0.1444878595891258,1.58699153125,2.78255153125,2.5767715312500004,0.0,-0.0,-1.782405,0.2320481073642169,2.7825515312499998,3.931714955135783
y_fixed,0.0,18.299999999999997,0.05887978236449549,0.1029966086499258,0.0953439298000674,0.0,-0.0,-0.06577173187065675,0.008859902078631503,0.1029966086499258,0.14536381008593138,1.6022004999999993,2.8026804999999992,2.5944404999999993,0.0,-0.0,-1.7897399999999997,0.24109021756327378,2.8026804999999992,3.955550782436725
y_fixed,0.0,18.375,0.05944136827973909,0.10373900123027363,0.09599591904786312,0.0,-0.0,-0.06604128814881519,0.009194848265270554,0.10373900123027363,0.14624243906233164,1.6174820312499996,2.82288203125,2.6121820312499997,0.0,-0.0,-1.7970749999999998,0.25020456761952975,2.82288203125,3.9794594948804694
y_fixed,0.0,18.449999999999996,0.060005620817673036,0.10448406043331178,0.09665057491834916,0.0,-0.0,-0.0663108444269736,0.009532449358250969,0.10448406043331179,0.1471237463777712,1.6328361249999992,2.843156124999999,2.629996124999999,0.0,-0.0,-1.8044099999999994,0.2593911613576875,2.8431561249999993,4.00344108864231
y_fixed,0.0,18.525,0.06057253997829738,0.10523178625904035,0.09730789741152562,0.0,-0.0,-0.06658040070513205,0.00987270549592114,0.10523178625904032,0.14800773189390187,1.6482627812499997,2.8635027812499994,2.6478827812499994,0.0,-0.0,-1.811745,0.2686500025423986,2.863502781249999,4.0274955599576
y_fixed,0.0,18.6,0.0611421257616121,0.1059821787074593,0.09796788652739247,0.0,-0.0,-0.06684995698329048,0.010215616814465561,0.1059821787074593,0.148894395474539,1.663762,2.883922,2.6658420000000005,0.0,-0.0,-1.8190799999999998,0.2779810948794319,2.883922,4.051622905120569
y_fixed,0.0,18.674999999999997,0.06171437816761714,0.10673523777856857,0.09863054226594961,0.0,-0.0,-0.0671195132614489,0.010561183447946786,0.10673523777856855,0.14978373698561995,1.679333781249999,2.9044137812499993,2.683873781249999,0.0,-0.0,-1.8264149999999997,0.2873844420168153,2.904413781249999,4.075823120483182
y_fixed,0.0,18.75,0.06228929719631261,0.10749096347236826,0.0992958646271972,0.0,-0.0,-0.06738906953960734,0.010909405528346731,0.10749096347236825,0.15067575629516305,1.6949781249999998,2.924978125,2.701978125,0.0,-0.0,-1.83375,0.2968600475459597,2.924978125,4.10009620245404
y_fixed,0.0,18.824999999999996,0.0628668828476984,0.10824935578885825,0.09996385361113508,0.0,-0.0,-0.06765862581776576,0.011260283185606415,0.10824935578885825,0.15157045327322705,1.7106950312499989,2.9456150312499987,2.7201550312499987,0.0,-0.0,-1.8410849999999996,0.30640791500274034,2.9456150312499987,4.124442147497257
y_fixed,0.0,18.9,0.0634471351217746,0.10901041472803868,0.1006345092177634,0.0,-0.0,-0.06792818209592419,0.011613816547665561,0.10901041472803868,0.15246782779187246,1.7264844999999995,2.9663244999999994,2.7384044999999997,0.0,-0.0,-1.8484199999999997,0.31602804786857447,2.9663244999999994,4.148860952131425
y_fixed,0.0,18.975,0.0640300540185412,0.1097741402899095,0.10130783144708211,0.0,-0.0,-0.06819773837408263,0.01197000574050051,0.1097741402899095,0.15336787972512278,1.7423465312500006,2.9871065312500007,2.7567265312500004,0.0,-0.0,-1.855755,0.32572044957145296,2.9871065312500007,4.173352612928547
y_fixed,0.0,19.049999999999997,0.06461563953799808,0.11054053247447061,0.10198382029909112,0.0,-0.0,-0.06846729465224105,0.012328850888161817,0.11054053247447061,0.1542706089489274,1.7582811249999992,3.0079611249999996,2.7751211249999996,0.0,-0.0,-1.86309,0.3354851234869634,3.0079611249999996,4.197917126513037
y_fixed,0.0,19.125,0.0652038916801454,0.11130959128172216,0.10266247577379053,0.0,-0.0,-0.06873685093039948,0.012690352112810943,0.11130959128172216,0.155176015341125,1.7742882812499998,3.02888828125,2.79358828125,0.0,-0.0,-1.8704249999999998,0.34532207293928846,3.02888828125,4.222554489560712
y_fixed,0.0,19.199999999999996,0.06579481044498303,0.11208131671166399,0.10334379787118028,0.0,-0.0,-0.0690064072085579,0.013054509534755697,0.11208131671166399,0.1560840987814076,1.7903679999999988,3.0498879999999984,2.812127999999999,0.0,-0.0,-1.8777599999999994,0.35523130120217034,3.0498879999999984,4.247264698797827
y_fixed,0.0,19.275,0.0663883958325111,0.11285570876429629,0.10402778659126047,0.0,-0.0,-0.06927596348671634,0.013421323272485474,0.11285570876429629,0.1569948591512861,1.8065202812499996,3.070960281249999,2.8307402812499998,0.0,-0.0,-1.885095,0.3652128114998699,3.070960281249999,4.27204775100013
y_fixed,0.0,19.35,0.06698464784272953,0.11363276743961898,0.10471444193403101,0.0,-0.0,-0.06954551976487477,0.013790793442705129,0.11363276743961898,0.1579082963340554,1.8227451250000002,3.0921051250000007,2.8494251250000002,0.0,-0.0,-1.89243,0.37526660700808784,3.0921051250000007,4.2969036429919125
y_fixed,0.0,19.424999999999997,0.06758356647563828,0.11441249273763192,0.10540376389949185,0.0,-0.0,-0.06981507604303319,0.014162920160368492,0.11441249273763196,0.15882441021476162,1.839042531249999,3.113322531249999,2.868182531249999,0.0,-0.0,-1.8997649999999997,0.3853926908548773,3.11332253125,4.321832371645121
y_fixed,0.0,19.5,0.06818515173123746,0.11519488465833533,0.10609575248764316,0.0,-0.0,-0.07008463232119164,0.01453770353871114,0.11519488465833533,0.1597432006801695,1.8554124999999997,3.1346125,2.8870125,0.0,-0.0,-1.9071,0.3955910661215354,3.1346125,4.346833933878465
y_fixed,0.0,19.574999999999996,0.06878940360952696,0.11597994320172902,0.10679040769848475,0.0,-0.0,-0.07035418859935005,0.014915143689281977,0.11597994320172902,0.16066466761872966,1.871855031249999,3.1559750312499983,2.905915031249999,0.0,-0.0,-1.9144349999999997,0.4058617358434623,3.1559750312499983,4.371908326656534
y_fixed,0.0,19.65,0.06939632211050686,0.11676766836781319,0.1074877295320168,0.0,-0.0,-0.07062374487750848,0.015295240721974853,0.11676766836781319,0.1615888109205488,1.8883701249999993,3.1774101249999998,2.9248901249999997,0.0,-0.0,-1.9217699999999998,0.4162047030110221,3.1774101249999998,4.397055546988977
y_fixed,0.0,19.725,0.07000590723417716,0.11755806015658771,0.1081877179882392,0.0,-0.0,-0.07089330115566693,0.015677994745058647,0.11755806015658771,0.16251563047735773,1.90495778125,3.1989177812500005,2.9439377812500007,0.0,-0.0,-1.9291050000000003,0.426619970570361,3.1989177812500005,4.42227559192964
y_fixed,0.0,19.799999999999997,0.07061815898053778,0.11835111856805253,0.10889037306715191,0.0,-0.0,-0.07116285743382535,0.016063405865207412,0.11835111856805253,0.16344512618248228,1.9216179999999996,3.220497999999999,2.9630579999999993,0.0,-0.0,-1.93644,0.4371075414242279,3.220497999999999,4.4475684585757715
y_fixed,0.0,19.875,0.0712330773495888,0.11914684360220777,0.10959569476875505,0.0,-0.0,-0.07143241371198378,0.016451474187529534,0.11914684360220776,0.1643772979308143,1.9383507812499998,3.24215078125,2.9822507812500003,0.0,-0.0,-1.9437749999999998,0.44766741843276775,3.2421507812499994,4.472934144067231
y_fixed,0.0,19.949999999999996,0.07185066234133014,0.11994523525905335,0.1103036830930485,0.0,-0.0,-0.0717019699901422,0.016842199815596152,0.11994523525905335,0.1653121456187825,1.955156124999999,3.263876124999999,3.001516124999999,0.0,-0.0,-1.9511099999999997,0.45829960441429474,3.263876124999999,4.498372645585703
y_fixed,0.0,20.025,0.07247091395576191,0.12074629353858934,0.11101433804003238,0.0,-0.0,-0.07197152626830064,0.017235582851469245,0.12074629353858934,0.16624966914432504,1.9720340312499993,3.2856740312499997,3.0208540312499994,0.0,-0.0,-1.958445,0.4690041021460568,3.2856740312499997,4.523883960353942
y_fixed,0.0,20.1,0.07309383219288405,0.12155001844081571,0.11172765960970665,0.0,-0.0,-0.07224108254645907,0.01763162339572886,0.12155001844081567,0.16718986840686184,1.9889845,3.3075445,3.0402645000000006,0.0,-0.0,-1.96578,0.4797809143649765,3.307544499999999,4.549468085635024
y_fixed,0.0,20.174999999999997,0.07371941705269652,0.12235640996573238,0.11244364780207122,0.0,-0.0,-0.07251063882461749,0.018030321547499804,0.12235640996573238,0.16813274330726793,2.0060075312499994,3.329487531249999,3.0597475312499998,0.0,-0.0,-1.9731149999999997,0.4906300437683772,3.329487531249999,4.5751250187316215
y_fixed,0.0,20.25,0.07434766853519939,0.1231654681133395,0.1131623026171262,0.0,-0.0,-0.07278019510277593,0.018431677404478,0.1231654681133395,0.1690782937478476,2.0231031249999996,3.3515031250000002,3.0793031249999996,0.0,-0.0,-1.98045,0.5015514930147005,3.3515031250000002,4.600854756985299
y_fixed,0.0,20.324999999999996,0.0749785866403926,0.12397719288363691,0.11388362405487151,0.0,-0.0,-0.07304975138093434,0.018835691062955906,0.12397719288363689,0.1700265196323082,2.0402712812499986,3.3735912812499986,3.0989312812499987,0.0,-0.0,-1.9877849999999995,0.5125452647241974,3.373591281249998,4.626657297775799
y_fixed,0.0,20.4,0.07561217136827623,0.12479158427662478,0.11460761211530726,0.0,-0.0,-0.07331930765909278,0.01924236261784766,0.12479158427662476,0.1709774208657358,2.0575119999999996,3.3957519999999994,3.1186319999999994,0.0,-0.0,-1.9951199999999998,0.5236113614796135,3.3957519999999994,4.652532638520385
y_fixed,0.0,20.475,0.07624842271885023,0.125608642292303,0.11533426679843337,0.0,-0.0,-0.07358886393725123,0.019651692162713535,0.125608642292303,0.17193099735457004,2.07482528125,3.4179852812500005,3.13840528125,0.0,-0.0,-2.0024550000000003,0.5347497858268533,3.4179852812500005,4.678480776673147
y_fixed,0.0,20.549999999999997,0.07688734069211456,0.12642836693067153,0.1160635881042498,0.0,-0.0,-0.07385842021540963,0.020063679789783996,0.12642836693067153,0.17288724900658037,2.0922111249999995,3.440291124999999,3.158251124999999,0.0,-0.0,-2.0097899999999997,0.5459605402756356,3.440291124999999,4.704501709724363
y_fixed,0.0,20.625,0.07752892528806929,0.1272507581917305,0.11679557603275667,0.0,-0.0,-0.07412797649356807,0.02047832558998315,0.1272507581917305,0.17384617573084282,2.10966953125,3.4626695312500004,3.1781695312500005,0.0,-0.0,-2.017125,0.5572436273001315,3.4626695312500004,4.730595435199869
y_fixed,0.0,20.699999999999996,0.07817317650671435,0.12807581607547977,0.11753023058395382,0.0,-0.0,-0.07439753277172649,0.020895629652951782,0.12807581607547977,0.1748077774377164,2.127200499999999,3.485120499999999,3.198160499999999,0.0,-0.0,-2.0244599999999995,0.568599049339591,3.485120499999999,4.756761950660407
y_fixed,0.0,20.775,0.07882009434804982,0.12890354058191947,0.1182675517578414,0.0,-0.0,-0.07466708904988492,0.021315592067069886,0.12890354058191947,0.17577205403882135,2.144804031249999,3.5076440312499995,3.2182240312499992,0.0,-0.0,-2.031795,0.5800268087989564,3.5076440312499995,4.783001253701043
y_fixed,0.0,20.85,0.07946967881207569,0.12973393171104958,0.1190075395544194,0.0,-0.0,-0.07493664532804337,0.02173821291947864,0.12973393171104958,0.17673900544701643,2.162480125,3.5302401250000006,3.2383601250000007,0.0,-0.0,-2.03913,0.5915269080494596,3.5302401250000006,4.809313341950541
y_fixed,0.0,20.924999999999997,0.08012192989879184,0.13056698946286993,0.11975019397368766,0.0,-0.0,-0.07520620160620178,0.022163492296101935,0.13056698946286996,0.1777086315763776,2.180228781249999,3.552908781249999,3.2585687812499993,0.0,-0.0,-2.046465,0.6030993494292092,3.5529087812499998,4.83569821307079
y_fixed,0.0,21.0,0.08077684760819845,0.13140271383738078,0.12049551501564637,0.0,-0.0,-0.07547575788436021,0.022591430281667796,0.13140271383738078,0.17868093234217702,2.19805,3.5756500000000004,3.2788500000000003,0.0,-0.0,-2.0538,0.6147441352437718,3.5756500000000004,4.862155864756228
y_fixed,0.0,21.074999999999996,0.08143443194029536,0.1322411048345819,0.12124350268029538,0.0,-0.0,-0.07574531416251863,0.023022026959728638,0.1322411048345819,0.1796559076608621,2.2159437812499987,3.598463781249999,3.299203781249999,0.0,-0.0,-2.0611349999999993,0.6264612677667247,3.598463781249999,4.888686294733272
y_fixed,0.0,21.15,0.08209468289508269,0.13308216245447346,0.12199415696763483,0.0,-0.0,-0.07601487044067708,0.023455282412681994,0.13308216245447346,0.1806335574500355,2.2339101249999995,3.6213501249999998,3.3196301249999993,0.0,-0.0,-2.06847,0.638250749240219,3.6213501249999998,4.915289500759779
y_fixed,0.0,21.225,0.08275760047256041,0.1339258866970554,0.12274747787766466,0.0,-0.0,-0.07628442671883551,0.02389119672179006,0.1339258866970554,0.181613881628435,2.25194903125,3.6443090312500006,3.34012903125,0.0,-0.0,-2.075805,0.6501125818755117,3.6443090312500006,4.941965480624488
y_fixed,0.0,21.299999999999997,0.08342318467272843,0.13477227756232762,0.12350346541038479,0.0,-0.0,-0.07655398299699392,0.0243297699671991,0.1347722775623276,0.1825968801159141,2.270060499999999,3.667340499999999,3.360700499999999,0.0,-0.0,-2.0831399999999998,0.6620467678534935,3.667340499999998,4.968714232146504
y_fixed,0.0,21.375,0.08409143549558688,0.13562133505029034,0.12426211956579536,0.0,-0.0,-0.07682353927515237,0.02477100222795886,0.13562133505029034,0.1835825528334234,2.2882445312499997,3.6904445312500007,3.38134453125,0.0,-0.0,-2.090475,0.6740533093252178,3.6904445312500007,4.995535753174782
y_fixed,0.0,21.449999999999996,0.08476235294113564,0.1364730591609433,0.12502344034389623,0.0,-0.0,-0.07709309555331079,0.02521489358204078,0.13647305916094332,0.18457089970299112,2.3065011249999987,3.7136211249999986,3.402061124999999,0.0,-0.0,-2.0978099999999995,0.6861322084123955,3.7136211249999995,5.022430041587603
y_fixed,0.0,21.525,0.08543593700937482,0.13732744989428672,0.12578742774468754,0.0,-0.0,-0.07736265183146922,0.02566144410635661,0.1373274498942867,0.1855619206477057,2.3248302812499992,3.73687028125,3.4228502812499997,0.0,-0.0,-2.105145,0.698283467207902,3.736870281249999,5.049397095292096
y_fixed,0.0,21.6,0.0861121877003044,0.1381845072503205,0.1265540817681692,0.0,-0.0,-0.07763220810962766,0.026110653876776156,0.13818450725032047,0.18655561559169742,2.3432320000000004,3.760192,3.443712,0.0,-0.0,-2.11248,0.7105070877762599,3.7601919999999995,5.076436912223739
y_fixed,0.0,21.674999999999997,0.08679110501392427,0.13904423122904458,0.1273234024143412,0.0,-0.0,-0.07790176438778608,0.02656252296814479,0.13904423122904458,0.1875519844601207,2.361706281249999,3.7835862812499985,3.4646462812499994,0.0,-0.0,-2.119815,0.7228030721541155,3.7835862812499985,5.103549490345883
y_fixed,0.0,21.75,0.08747268895023459,0.13990662183045915,0.12809538968320364,0.0,-0.0,-0.07817132066594451,0.027017051454300875,0.13990662183045913,0.18855102717913733,2.380253125,3.8070531250000004,3.4856531250000002,0.0,-0.0,-2.12715,0.7351714223507129,3.807053125,5.130734827649287
y_fixed,0.0,21.824999999999996,0.0881569395092352,0.14077167905456398,0.12887004357475634,0.0,-0.0,-0.07844087694410293,0.027474239408092238,0.14077167905456395,0.18955274367589928,2.3988725312499986,3.830592531249999,3.506732531249999,0.0,-0.0,-2.1344849999999997,0.7476121403483426,3.8305925312499984,5.157992922151654
y_fixed,0.0,21.9,0.08884385669092626,0.14163940290135923,0.12964736408899952,0.0,-0.0,-0.07871043322226137,0.0279340869013932,0.14163940290135923,0.19055713387853257,2.4175644999999997,3.8542044999999994,3.5278845,0.0,-0.0,-2.14182,0.7601252281028045,3.8542044999999994,5.1853237718971945
y_fixed,0.0,21.975,0.08953344049530766,0.14250979337084488,0.13042735122593305,0.0,-0.0,-0.0789799895004198,0.028396594005120186,0.14250979337084488,0.19156419771612052,2.4363290312499997,3.87788903125,3.5491090312500004,0.0,-0.0,-2.149155,0.7727106875438327,3.87788903125,5.212727374956168
y_fixed,0.0,22.049999999999997,0.0902256909223794,0.14338285046302085,0.13121000498555688,0.0,-0.0,-0.07924954577857822,0.028861760789248014,0.14338285046302082,0.19257393511868826,2.4551661249999994,3.9016461249999996,3.570406124999999,0.0,-0.0,-2.15649,0.7853685205755392,3.9016461249999987,5.240203729424459
y_fixed,0.0,22.125,0.09092060797214156,0.14425857417788723,0.13199532536787115,0.0,-0.0,-0.07951910205673667,0.029329587322825375,0.14425857417788726,0.19358634601718738,2.47407578125,3.9254757812500003,3.5917757812499995,0.0,-0.0,-2.163825,0.7980987290768343,3.9254757812500007,5.267752833423167
y_fixed,0.0,22.199999999999996,0.09161819164459403,0.14513696451544392,0.13278331237287574,0.0,-0.0,-0.07978865833489507,0.029800073673989833,0.14513696451544392,0.19460143034347993,2.4930579999999987,3.949377999999999,3.613217999999999,0.0,-0.0,-2.1711599999999995,0.810901314901836,3.949377999999999,5.295374685098161
y_fixed,0.0,22.275,0.09231844193973693,0.14601802147569104,0.13357396600057075,0.0,-0.0,-0.08005821461305351,0.030273219909983107,0.14601802147569104,0.19561918803032458,2.512112781249999,3.9733527812499996,3.6347327812499994,0.0,-0.0,-2.178495,0.8237762798802843,3.9733527812499996,5.323069282619715
y_fixed,0.0,22.35,0.09302135885757021,0.14690174505862855,0.13436728625095615,0.0,-0.0,-0.08032777089121196,0.030749026097165462,0.14690174505862855,0.1966396190113609,2.531240125,3.9974001250000004,3.6563201250000006,0.0,-0.0,-2.18583,0.8367236258179342,3.9974001250000004,5.350836624182066
y_fixed,0.0,22.424999999999997,0.09372694239809382,0.14778813526425635,0.13516327312403184,0.0,-0.0,-0.08059732716937036,0.031227492301030238,0.14778813526425635,0.1976627232210954,2.5504400312499995,4.02152003125,3.6779800312499993,0.0,-0.0,-2.1931649999999996,0.8497433544969504,4.02152003125,5.378676708003048
y_fixed,0.0,22.5,0.0944351925613078,0.1486771920925746,0.13596192661979797,0.0,-0.0,-0.0808668834475288,0.031708618586217804,0.14867719209257454,0.1986885005948879,2.5697124999999996,4.0457125000000005,3.6997125,0.0,-0.0,-2.2005,0.8628354676762866,4.045712499999999,5.406589532323711
y_fixed,0.0,22.574999999999996,0.09514610934721214,0.14956891554358312,0.1367632467382544,0.0,-0.0,-0.08113643972568722,0.03219240501652954,0.14956891554358315,0.19971695106893705,2.5890575312499986,4.069977531249998,3.721517531249999,0.0,-0.0,-2.2078349999999998,0.8759999670920671,4.069977531249999,5.434575095407932
y_fixed,0.0,22.65,0.0958596927558069,0.1504633056172821,0.13756723347940128,0.0,-0.0,-0.08140599600384565,0.032678851654941256,0.15046330561728213,0.20074807458026694,2.608475124999999,4.094315124999999,3.7433951249999997,0.0,-0.0,-2.2151699999999996,0.8892368544579506,4.094315125,5.462633395542049
y_fixed,0.0,22.725,0.09657594278709204,0.1513603623136715,0.13837388684323854,0.0,-0.0,-0.0816755522820041,0.03316795856361643,0.1513603623136715,0.20178187106671414,2.6279652812500003,4.118725281250001,3.765345281250001,0.0,-0.0,-2.222505,0.902546131465492,4.118725281250001,5.490764431034509
y_fixed,0.0,22.799999999999997,0.09729485944106747,0.15226008563275115,0.13918320682976607,0.0,-0.0,-0.08194510856016252,0.03365972580391935,0.15226008563275115,0.2028183404669142,2.647527999999999,4.143208,3.7873679999999994,0.0,-0.0,-2.22984,0.9159277997844983,4.143208,5.5189682002155
y_fixed,0.0,22.875,0.09801644271773335,0.15316247557452123,0.13999519343898406,0.0,-0.0,-0.08221466483832095,0.034154153436428,0.1531624755745212,0.2038574827202894,2.66716328125,4.16776328125,3.80946328125,0.0,-0.0,-2.2371749999999997,0.9293818610633806,4.167763281249999,5.547244701436619
y_fixed,0.0,22.949999999999996,0.09874069261708951,0.1540675321389816,0.14080984667089233,0.0,-0.0,-0.08248422111647936,0.0346512415209462,0.15406753213898164,0.20489929776703567,2.6868711249999984,4.1923911249999986,3.8316311249999986,0.0,-0.0,-2.2445099999999996,0.9429083169294837,4.1923911249999986,5.575593933070514
y_fixed,0.0,23.025,0.09946760913913616,0.1549752553261325,0.1416271665254911,0.0,-0.0,-0.08275377739463781,0.035150990116516456,0.15497525532613246,0.20594378554811077,2.70665153125,4.21709153125,3.8538715312500003,0.0,-0.0,-2.251845,0.956507168989436,4.2170915312499995,5.604015893510564
y_fixed,0.0,23.1,0.10019719228387311,0.15588564513597367,0.14244715300278016,0.0,-0.0,-0.08302333367279625,0.03565339928143144,0.15588564513597367,0.20699094600522178,2.7265044999999994,4.2418645,3.8761845,0.0,-0.0,-2.25918,0.970178418829462,4.2418645,5.6325105811705365
y_fixed,0.0,23.174999999999997,0.10092944205130042,0.1567987015685052,0.14326980610275958,0.0,-0.0,-0.08329288995095466,0.03615846907324636,0.1567987015685052,0.2080407790808137,2.7464300312499987,4.26671003125,3.8985700312499993,0.0,-0.0,-2.2665149999999996,0.9839220680157184,4.26671003125,5.661077994484281
y_fixed,0.0,23.25,0.10166435844141813,0.15771442462372715,0.1440951258254294,0.0,-0.0,-0.0835624462291131,0.03666619954879015,0.15771442462372715,0.20909328471805744,2.766428124999999,4.291628125,3.921028125,0.0,-0.0,-2.27385,0.9977381180945997,4.291628125,5.6897181319054
y_fixed,0.0,23.324999999999996,0.1024019414542262,0.15863281430163942,0.14492311217078957,0.0,-0.0,-0.08383200250727152,0.03717659076417713,0.15863281430163945,0.21014846286083866,2.786498781249999,4.316618781249999,3.9435587812499993,0.0,-0.0,-2.281185,1.0116265705930538,4.31661878125,5.718430991906945
y_fixed,0.0,23.4,0.10314219108972465,0.1595538706022421,0.14575376513884014,0.0,-0.0,-0.08410155878542995,0.037689642774818066,0.15955387060224208,0.21120631345374669,2.806641999999999,4.341682,3.9661619999999997,0.0,-0.0,-2.2885199999999997,1.0255874270188854,4.341681999999999,5.747216572981112
y_fixed,0.0,23.475,0.1038851073479135,0.16047759352553517,0.1465870847295811,0.0,-0.0,-0.0843711150635884,0.038205355635431267,0.1604775935255352,0.21226683644206334,2.82685778125,4.366817781250001,3.9888377812500004,0.0,-0.0,-2.295855,1.0396206888610544,4.366817781250001,5.7760748736389464
y_fixed,0.0,23.549999999999997,0.10463069022879264,0.16140398307151851,0.14742307094301235,0.0,-0.0,-0.08464067134174681,0.03872372940005308,0.16140398307151851,0.21333003177175192,2.8471461249999988,4.392026124999998,4.011586124999999,0.0,-0.0,-2.30319,1.0537263575899656,4.392026124999998,5.8050058924100325
y_fixed,0.0,23.625,0.10537893973236222,0.16233303924019232,0.14826172377913405,0.0,-0.0,-0.08491022761990524,0.03924476412204886,0.16233303924019232,0.21439589938944742,2.8675070312499993,4.417307031249999,4.03440703125,0.0,-0.0,-2.3105249999999997,1.0679044346577635,4.417307031249999,5.834009627842236
y_fixed,0.0,23.699999999999996,0.10612985585862211,0.16326476203155643,0.14910304323794604,0.0,-0.0,-0.08517978389806366,0.03976845985412291,0.16326476203155643,0.21546443924244524,2.8879404999999987,4.442660499999999,4.057300499999998,0.0,-0.0,-2.3178599999999996,1.0821549214986061,4.442660499999999,5.863086078501391
y_fixed,0.0,23.775,0.10688343860757243,0.16419915144561098,0.14994702931944848,0.0,-0.0,-0.0854493401762221,0.04029481664832907,0.16419915144561098,0.21653565127869184,2.908446531249999,4.468086531249999,4.0802665312499995,0.0,-0.0,-2.325195,1.0964778195289497,4.468086531249999,5.892235242971049
y_fixed,0.0,23.85,0.10763968797921317,0.16513620748235594,0.15079368202364132,0.0,-0.0,-0.08571889645438054,0.04082383455608044,0.16513620748235594,0.21760953544677403,2.929025125000001,4.493585125000001,4.103305125000001,0.0,-0.0,-2.3325299999999998,1.110873130147817,4.493585125000001,5.921457119852184
y_fixed,0.0,23.924999999999997,0.10839860397354414,0.16607593014179114,0.15164300135052441,0.0,-0.0,-0.08598845273253895,0.04135551362815908,0.16607593014179114,0.2186860916959095,2.949676281249999,4.519156281249999,4.12641628125,0.0,-0.0,-2.3398649999999996,1.1253408547370571,4.519156281249999,5.950751707762942
y_fixed,0.0,24.0,0.10916018659056559,0.16701831942391682,0.15249498730009797,0.0,-0.0,-0.0862580090106974,0.041889853914726154,0.16701831942391676,0.21976531997593735,2.9704,4.5448,4.1496,0.0,-0.0,-2.3472,1.1398809946616257,4.544799999999999,5.9801190053383735
y_fixed,0.0,24.074999999999996,0.1099244358302773,0.16796337532873276,0.1533496398723618,0.0,-0.0,-0.08652756528885581,0.04242685546533083,0.16796337532873276,0.2208472202373083,2.9911962812499984,4.570516281249999,4.172856281249999,0.0,-0.0,-2.354535,1.154493551269824,4.570516281249999,6.0095590112301736
y_fixed,0.0,24.15,0.11069135169267952,0.1689110978562392,0.15420695906731613,0.0,-0.0,-0.08679712156701425,0.04296651832891997,0.1689110978562392,0.2219317924310757,3.012065125,4.596305125000001,4.196185125,0.0,-0.0,-2.3618699999999997,1.169178525893564,4.596305125000001,6.039071724106437
y_fixed,0.0,24.225,0.11146093417777203,0.16986148700643594,0.15506694488496076,0.0,-0.0,-0.08706667784517269,0.043508842553846794,0.16986148700643594,0.223019036508886,3.0330065312499994,4.62216653125,4.21958653125,0.0,-0.0,-2.369205,1.183935919848604,4.62216653125,6.0686571426513956
y_fixed,0.0,24.299999999999997,0.11223318328555491,0.170814542779323,0.15592959732529574,0.0,-0.0,-0.08733623412333111,0.04405382818788033,0.17081454277932298,0.2241089524229703,3.054020499999999,4.648100499999999,4.2430604999999995,0.0,-0.0,-2.37654,1.1987657344348053,4.648100499999998,6.098315265565192
y_fixed,0.0,24.375,0.11300809901602822,0.17177026517490057,0.15679491638832116,0.0,-0.0,-0.08760579040148954,0.04460147527821401,0.17177026517490057,0.22520154012613536,3.0751070312500004,4.674107031250001,4.26660703125,0.0,-0.0,-2.3838749999999997,1.2136679709363665,4.674107031250001,6.128046091563634
y_fixed,0.0,24.449999999999996,0.11378568136919182,0.17272865419316835,0.15766290207403685,0.0,-0.0,-0.08787534667964796,0.04515178387147398,0.17272865419316832,0.22629679957175466,3.096266124999999,4.700186124999998,4.290226124999999,0.0,-0.0,-2.3912099999999996,1.2286426306220497,4.700186124999997,6.157849619377948
y_fixed,0.0,24.525,0.11456593034504582,0.1736897098341266,0.158533554382443,0.0,-0.0,-0.0881449029578064,0.04570475401372817,0.17368970983412657,0.2273947307137606,3.117497781249999,4.726337781249999,4.31391778125,0.0,-0.0,-2.398545,1.2436897147454276,4.726337781249998,6.18772584775457
y_fixed,0.0,24.6,0.11534884594359025,0.17465343209777526,0.15940687331353953,0.0,-0.0,-0.08841445923596483,0.04626038575049426,0.17465343209777529,0.22849533350663553,3.1388020000000005,4.752562,4.337682000000001,0.0,-0.0,-2.4058800000000002,1.2588092245450986,4.752562000000001,6.217674775454903
y_fixed,0.0,24.674999999999997,0.11613442816482494,0.17561982098411416,0.16028285886732632,0.0,-0.0,-0.08868401551412325,0.046818679126747614,0.17561982098411424,0.22959860790540365,3.1601787812499986,4.7788587812499985,4.361518781249999,0.0,-0.0,-2.4132149999999997,1.2740011612449054,4.778858781250001,6.247696401255093
y_fixed,0.0,24.75,0.11692267700875011,0.17658887649314356,0.1611615110438036,0.0,-0.0,-0.0889535717922817,0.047379634186930066,0.1765888764931436,0.23070455386562366,3.181628125,4.805228125,4.385428125000001,0.0,-0.0,-2.42055,1.2892655260541717,4.805228125000001,6.277790723945829
y_fixed,0.0,24.824999999999996,0.11771359247536553,0.1775605986248632,0.16204282984297114,0.0,-0.0,-0.0892231280704401,0.04794325097495693,0.17756059862486318,0.2318131713433797,3.203150031249998,4.831670031249998,4.409410031249998,0.0,-0.0,-2.4278849999999994,1.3046023201678936,4.831670031249997,6.307957742332102
y_fixed,0.0,24.9,0.11850717456467144,0.17853498737927334,0.16292681526482916,0.0,-0.0,-0.08949268434859854,0.04850952953422551,0.17853498737927326,0.23292446029527503,3.2247444999999995,4.858184499999999,4.4334644999999995,0.0,-0.0,-2.4352199999999997,1.3200115447669725,4.8581844999999975,6.338197455233025
y_fixed,0.0,24.975,0.11930342327666774,0.17951204275637386,0.16381346730937757,0.0,-0.0,-0.08976224062675699,0.04907846990762224,0.17951204275637386,0.234038420678423,3.246411531250001,4.884771531250001,4.457591531250001,0.0,-0.0,-2.442555,1.3354932010184077,4.884771531250001,6.368509861481593
y_fixed,0.0,25.049999999999997,0.12010233861135425,0.1804917647561646,0.1647027859766162,0.0,-0.0,-0.09003179690491539,0.04965007213753005,0.18049176475616452,0.23515505245044033,3.2681511249999984,4.911431124999999,4.481791124999999,0.0,-0.0,-2.4498899999999995,1.3510472900754973,4.9114311249999965,6.398894959924498
y_fixed,0.0,25.125,0.12090392056873128,0.18147415337864586,0.16559477126654534,0.0,-0.0,-0.09030135318307383,0.05022433626583654,0.18147415337864592,0.2362743555694401,3.28996328125,4.9381632812500005,4.50606328125,0.0,-0.0,-2.4572249999999998,1.3666738130780607,4.938163281250002,6.42935274942194
y_fixed,0.0,25.199999999999996,0.12170816914879858,0.18245920862381737,0.16648942317916474,0.0,-0.0,-0.09057090946123225,0.05080126233393994,0.18245920862381731,0.23739632999402333,3.3118479999999986,4.964967999999999,4.530407999999999,0.0,-0.0,-2.4645599999999996,1.3823727711526015,4.964967999999997,6.459883228847395
y_fixed,0.0,25.275,0.12251508435155632,0.18344693049167932,0.1673867417144746,0.0,-0.0,-0.09084046573939068,0.05138085038275751,0.18344693049167932,0.2385209756832734,3.333805281249999,4.991845281249999,4.554825281249999,0.0,-0.0,-2.4718949999999995,1.398144165412535,4.991845281249999,6.490486397087464
y_fixed,0.0,25.35,0.12332466617700445,0.1844373189822317,0.16828672687247484,0.0,-0.0,-0.09111002201754913,0.051963100452731496,0.1844373189822317,0.23964829259674775,3.3558351250000005,5.018795125000001,4.579315125000001,0.0,-0.0,-2.4792300000000003,1.4139879969583506,5.018795125000001,6.521162253041649
y_fixed,0.0,25.424999999999997,0.12413691462514287,0.1854303740954743,0.16918937865316536,0.0,-0.0,-0.09137957829570754,0.05254801258383647,0.1854303740954743,0.24077828069447177,3.3779375312499993,5.045817531249999,4.603877531249999,0.0,-0.0,-2.4865649999999997,1.429904266877812,5.045817531249999,6.551910795622187
y_fixed,0.0,25.5,0.12495182969597174,0.1864260958314074,0.17009469705654634,0.0,-0.0,-0.09164913457386598,0.0531355868155861,0.18642609583140735,0.2419109399369319,3.4001125,5.0729125,4.6285125,0.0,-0.0,-2.4939,1.4458929762461408,5.072912499999998,6.582732023753858
y_fixed,0.0,25.574999999999996,0.12576941138949088,0.18742448419003077,0.1710026820826176,0.0,-0.0,-0.09191869085202439,0.05372582318703946,0.18742448419003077,0.24304627028506903,3.4223600312499984,5.100080031249998,4.653220031249999,0.0,-0.0,-2.5012349999999994,1.4619541261261886,5.100080031249998,6.6136259363738095
y_fixed,0.0,25.65,0.1265896597057005,0.1884255391713446,0.17191333373137932,0.0,-0.0,-0.09218824713018284,0.0543187217368079,0.1884255391713446,0.2441842717002719,3.4446801249999996,5.127320125,4.678000125,0.0,-0.0,-2.5085699999999997,1.4780877175686238,5.127320125,6.644592532431376
y_fixed,0.0,25.725,0.12741257464460048,0.18942926077534883,0.17282665200283143,0.0,-0.0,-0.09245780340834127,0.05491428250306113,0.18942926077534883,0.24532494414437078,3.467072781250001,5.154632781250001,4.702852781250002,0.0,-0.0,-2.515905,1.494293751612097,5.154632781250001,6.675631810887905
y_fixed,0.0,25.799999999999997,0.12823815620619072,0.1904356490020433,0.17374263689697378,0.0,-0.0,-0.09272735968649969,0.05551250552353351,0.1904356490020433,0.246468287579631,3.4895379999999987,5.182017999999999,4.727777999999999,0.0,-0.0,-2.5232399999999995,1.5105722292834127,5.182017999999999,6.706743770716585
y_fixed,0.0,25.875,0.12906640439047146,0.19144470385142826,0.17466128841380663,0.0,-0.0,-0.09299691596465813,0.05611339083553073,0.19144470385142826,0.24761430196874734,3.51207578125,5.20947578125,4.75277578125,0.0,-0.0,-2.530575,1.5269231515977097,5.20947578125,6.73792841090229
y_fixed,0.0,25.949999999999996,0.12989731919744246,0.1924564253235035,0.17558260655332975,0.0,-0.0,-0.09326647224281655,0.056716938475935064,0.1924564253235035,0.24876298727483714,3.5346861249999986,5.237006124999999,4.777846124999999,0.0,-0.0,-2.5379099999999997,1.543346519558607,5.237006124999999,6.769185730441391
y_fixed,0.0,26.025,0.1307309006271039,0.19347081341826916,0.1765065913155433,0.0,-0.0,-0.09353602852097498,0.057323148481212116,0.19347081341826916,0.2499143434614351,3.557369031249999,5.26460903125,4.80298903125,0.0,-0.0,-2.5452449999999995,1.5598423341583831,5.26460903125,6.800515728341615
y_fixed,0.0,26.1,0.13156714867945574,0.19448786813572522,0.17743324270044725,0.0,-0.0,-0.09380558479913342,0.05793202088741613,0.19448786813572516,0.25106837049248676,3.5801245,5.292284500000001,4.828204500000001,0.0,-0.0,-2.5525800000000003,1.5764105963781248,5.292284499999999,6.831918403621874
y_fixed,0.0,26.174999999999997,0.1324060633544979,0.19550758947587155,0.1783625607080415,0.0,-0.0,-0.09407514107729184,0.05854355573019609,0.19550758947587152,0.25222506833234326,3.6029525312499997,5.320032531249999,4.85349253125,0.0,-0.0,-2.5599149999999997,1.5930513071878898,5.320032531249998,6.863393755312108
y_fixed,0.0,26.25,0.13324764465223043,0.19652997743870837,0.17929454533832617,0.0,-0.0,-0.09434469735545027,0.05915775304480119,0.19652997743870837,0.2533844369457554,3.6258531249999995,5.347853125,4.878853125000001,0.0,-0.0,-2.56725,1.6097644675468579,5.347853125,6.8949417824531425
y_fixed,0.0,26.324999999999996,0.1340918925726533,0.1975550320242354,0.18022919659130113,0.0,-0.0,-0.09461425363360869,0.059774612866086534,0.19755503202423536,0.25454647629786786,3.6488262812499985,5.375746281249998,4.904286281249998,0.0,-0.0,-2.5745849999999995,1.6265500784034843,5.375746281249997,6.926562484096512
y_fixed,0.0,26.4,0.13493880711576664,0.19858275323245297,0.18116651446696658,0.0,-0.0,-0.09488380991176713,0.060394135228518754,0.19858275323245295,0.2557111863542144,3.671872,5.403712,4.929792,0.0,-0.0,-2.5819199999999998,1.6434081406956544,5.403711999999999,6.958255859304344
y_fixed,0.0,26.475,0.1357883882815703,0.19961314106336087,0.18210649896532236,0.0,-0.0,-0.09515336618992556,0.061016320166180985,0.1996131410633608,0.25687856708071166,3.69499028125,5.43175028125,4.9553702812500005,0.0,-0.0,-2.589255,1.6603386553508175,5.4317502812499985,6.990021907149183
y_fixed,0.0,26.549999999999997,0.13664063607006427,0.20064619551695906,0.18304915008636843,0.0,-0.0,-0.09542292246808398,0.06164116771277852,0.20064619551695906,0.25804861844365423,3.7181811249999983,5.459861124999999,4.981021124999999,0.0,-0.0,-2.5965899999999995,1.677341623286141,5.459861124999999,7.021860626713858
y_fixed,0.0,26.625,0.1374955504812487,0.20168191659324772,0.18399446783010498,0.0,-0.0,-0.09569247874624243,0.06226867790164404,0.20168191659324775,0.2592213404097097,3.7414445312499995,5.48804453125,5.00674453125,0.0,-0.0,-2.6039250000000003,1.6944170454086533,5.488044531250001,7.053772017091347
y_fixed,0.0,26.699999999999996,0.13835313151512343,0.20272030429222668,0.18494245219653183,0.0,-0.0,-0.09596203502440083,0.06289885076574248,0.20272030429222665,0.26039673294591276,3.7647804999999988,5.516300499999999,5.032540499999999,0.0,-0.0,-2.6112599999999992,1.7115649226153764,5.516300499999998,7.08575607738462
y_fixed,0.0,26.775,0.13921337917168858,0.20376135861389605,0.18589310318564908,0.0,-0.0,-0.09623159130255927,0.06353168633767634,0.20376135861389602,0.26157479601966127,3.7881890312499986,5.5446290312499995,5.058409031249999,0.0,-0.0,-2.618595,1.7287852557934695,5.544629031249999,7.117812806706527
y_fixed,0.0,26.85,0.14007629345094416,0.20480507955825586,0.18684642079745678,0.0,-0.0,-0.09650114758071772,0.0641671846496906,0.20480507955825583,0.2627555295987103,3.811670125000001,5.573030125000002,5.084350125000001,0.0,-0.0,-2.6259300000000003,1.7460780458203629,5.573030125000001,7.149942204179638
y_fixed,0.0,26.924999999999997,0.14094187435288996,0.2058514671253059,0.1878024050319547,0.0,-0.0,-0.09677070385887612,0.06480534573367726,0.20585146712530586,0.2639389336511674,3.8352237812499985,5.601503781249999,5.110363781249999,0.0,-0.0,-2.6332649999999993,1.7634432935638824,5.601503781249998,7.182144268936115
y_fixed,0.0,27.0,0.14181012187752629,0.20690052131504638,0.1887610558891431,0.0,-0.0,-0.09704026013703457,0.06544616962118083,0.20690052131504638,0.26512500814548856,3.858850000000001,5.63005,5.136450000000001,0.0,-0.0,-2.6406,1.7808809998823976,5.63005,7.214419000117603
y_fixed,0.0,27.074999999999996,0.14268103602485283,0.20795224212747715,0.18972237336902176,0.0,-0.0,-0.09730981641519298,0.06608965634340223,0.2079522421274771,0.2663137530504723,3.8825487812499984,5.658668781249998,5.162608781249999,0.0,-0.0,-2.6479349999999995,1.798391165624929,5.658668781249997,7.246766396875066
y_fixed,0.0,27.15,0.14355461679486986,0.2090066295625984,0.1906863574715909,0.0,-0.0,-0.09757937269335142,0.06673580593120436,0.2090066295625984,0.2675051683352564,3.9063201249999997,5.687360124999999,5.188840125,0.0,-0.0,-2.65527,1.8159737916312986,5.687360124999999,7.2791864583687005
y_fixed,0.0,27.225,0.14443086418757722,0.21006368362041006,0.1916530081968504,0.0,-0.0,-0.09784892897150986,0.06738461841511567,0.21006368362041003,0.26869925396931194,3.9301640312499995,5.716124031250001,5.21514403125,0.0,-0.0,-2.662605,1.8336288787322281,5.71612403125,7.311679183767771
y_fixed,0.0,27.299999999999997,0.14530977820297494,0.21112340430091195,0.19262232554480022,0.0,-0.0,-0.09811848524966828,0.06803609382533549,0.21112340430091195,0.2698960099224397,3.954080499999999,5.744960499999999,5.241520499999999,0.0,-0.0,-2.6699399999999995,1.8513564277494832,5.744960499999999,7.344244572250515
y_fixed,0.0,27.375,0.14619135884106307,0.2121857916041043,0.19359430951544046,0.0,-0.0,-0.09838804152782672,0.068690232191738,0.2121857916041043,0.2710954361647655,3.9780695312499996,5.77386953125,5.26796953125,0.0,-0.0,-2.6772750000000003,1.8691564394959816,5.77386953125,7.376882623004017
y_fixed,0.0,27.449999999999996,0.14707560610184148,0.21325084552998694,0.19456896010877098,0.0,-0.0,-0.09865759780598513,0.06934703354387668,0.21325084552998688,0.27229753266673573,4.002131124999997,5.802851124999998,5.294491124999999,0.0,-0.0,-2.6846099999999993,1.8870289147759143,5.802851124999997,7.409593335224081
y_fixed,0.0,27.525,0.14796251998531038,0.21431856607856006,0.195546277324792,0.0,-0.0,-0.09892715408414357,0.0700064979109889,0.21431856607856006,0.27350229939911347,4.026265281249999,5.831905281249999,5.321085281249999,0.0,-0.0,-2.691945,1.9049738543848709,5.831905281249999,7.442376708115128
y_fixed,0.0,27.599999999999994,0.14885210049146955,0.21538895324982346,0.19652626116350327,0.0,-0.0,-0.09919671036230199,0.07066862532199941,0.2153889532498234,0.27470973633297335,4.050471999999998,5.861031999999998,5.347751999999998,0.0,-0.0,-2.6992799999999995,1.922991259109934,5.861031999999997,7.4752327408900605
y_fixed,0.0,27.674999999999997,0.14974434762031918,0.21646200704377733,0.19750891162490503,0.0,-0.0,-0.09946626664046042,0.07133341580552544,0.21646200704377733,0.2759198434396988,4.074751281249999,5.890231281249999,5.37449128125,0.0,-0.0,-2.7066149999999998,1.9410811297298178,5.890231281249999,7.508161432770181
y_fixed,0.0,27.75,0.15063926137185915,0.21753772746042152,0.1984942287089971,0.0,-0.0,-0.09973582291861886,0.07200086938987982,0.21753772746042152,0.27713262069097644,4.099103124999999,5.919503125,5.401303125,0.0,-0.0,-2.71395,1.959243467014954,5.919503125,7.541162782985046
y_fixed,0.0,27.824999999999996,0.15153684174608945,0.21861611449975604,0.19948221241577951,0.0,-0.0,-0.10000537919677728,0.07267098610307586,0.21861611449975604,0.2783480680587931,4.123527531249998,5.948847531249999,5.428187531249999,0.0,-0.0,-2.7212849999999995,1.9774782717276236,5.948847531249999,7.574236790772374
y_fixed,0.0,27.9,0.1524370887430102,0.21969716816178098,0.20047286274525236,0.0,-0.0,-0.10027493547493571,0.07334376597283075,0.21969716816178095,0.2795661855154318,4.1480245,5.978264499999999,5.4551445,0.0,-0.0,-2.72862,1.9957855446220494,5.978264499999999,7.607383455377949
y_fixed,0.0,27.974999999999994,0.1533400023626212,0.2207808884464962,0.20146617969741548,0.0,-0.0,-0.10054449175309413,0.07401920902656953,0.22078088844649618,0.2807869730334671,4.172594031249998,6.0077540312499975,5.482174031249999,0.0,-0.0,-2.7359549999999992,2.0141652864445048,6.007754031249997,7.64060277605549
y_fixed,0.0,28.049999999999997,0.15424558260492272,0.22186727535390194,0.2024621632722691,0.0,-0.0,-0.10081404803125257,0.07469731529142926,0.2218672753539019,0.28201043058576253,4.197236125,6.037316124999999,5.5092761249999995,0.0,-0.0,-2.7432899999999996,2.032617497933427,6.0373161249999985,7.6738947520665715
y_fixed,0.0,28.125,0.15515382946991454,0.222956328883998,0.20346081346981304,0.0,-0.0,-0.101083604309411,0.0753780847942623,0.222956328883998,0.2832365581454652,4.22195078125,6.06695078125,5.53645078125,0.0,-0.0,-2.750625,2.0511421798195064,6.06695078125,7.707259382680492
y_fixed,0.0,28.199999999999996,0.15606474295759667,0.22404804903678435,0.20446213029004728,0.0,-0.0,-0.10135316058756942,0.07606151756164037,0.2240480490367844,0.2844653556860036,4.246737999999999,6.096657999999999,5.563697999999999,0.0,-0.0,-2.7579599999999993,2.069739332825795,6.096658,7.740696667174203
y_fixed,0.0,28.275,0.15697832306796927,0.22514243581226118,0.205466113732972,0.0,-0.0,-0.10162271686572787,0.07674761361985818,0.22514243581226123,0.28569682318108314,4.27159778125,6.12643778125,5.59101778125,0.0,-0.0,-2.765295,2.08840895766781,6.126437781250001,7.774206604832191
y_fixed,0.0,28.349999999999994,0.15789456980103211,0.22623948921042825,0.20647276379858695,0.0,-0.0,-0.10189227314388628,0.07743637299493669,0.22623948921042822,0.2869309606046824,4.296530124999998,6.156290124999997,5.618410124999998,0.0,-0.0,-2.7726299999999995,2.1071510550536168,6.156290124999996,7.807789194946379
y_fixed,0.0,28.424999999999997,0.15881348315678545,0.2273392092312858,0.2074820804868924,0.0,-0.0,-0.10216182942204471,0.0781277957126274,0.22733920923128584,0.2881677679310505,4.321535031249998,6.186215031249999,5.645875031249999,0.0,-0.0,-2.779965,2.1259656256839494,6.18621503125,7.841444436816048
y_fixed,0.0,28.5,0.15973506313522917,0.22844159587483376,0.20849406379788823,0.0,-0.0,-0.10243138570020316,0.07882188179841483,0.22844159587483373,0.28940724513470256,4.3466125,6.2162125,5.6734125,0.0,-0.0,-2.7873,2.144852670252277,6.216212499999999,7.8751723297477225
y_fixed,0.0,28.574999999999996,0.16065930973636317,0.22954664914107198,0.20950871373157434,0.0,-0.0,-0.10270094197836158,0.0795186312775207,0.229546649141072,0.29064939219041686,4.371762531249998,6.2462825312499985,5.701022531249999,0.0,-0.0,-2.7946349999999995,2.1638121894449176,6.246282531249999,7.908972873055081
y_fixed,0.0,28.65,0.1615862229601876,0.23065436903000064,0.2105260302879509,0.0,-0.0,-0.10297049825652001,0.0802180441749071,0.2306543690300006,0.2918942090732314,4.396985124999999,6.276425124999999,5.728705124999999,0.0,-0.0,-2.80197,2.182844183941125,6.2764251249999985,7.942846066058873
y_fixed,0.0,28.724999999999994,0.16251580280670236,0.23176475554161957,0.21154601346701774,0.0,-0.0,-0.10324005453467842,0.08092012051527983,0.23176475554161957,0.2931416957584403,4.422280281249998,6.306640281249997,5.756460281249998,0.0,-0.0,-2.8093049999999993,2.2019486544131768,6.306640281249997,7.97679190808682
y_fixed,0.0,28.799999999999997,0.1634480492759075,0.232877808675929,0.21256866326877502,0.0,-0.0,-0.10350961081283687,0.08162486032309155,0.23287780867592894,0.2943918522215909,4.447647999999998,6.3369279999999995,5.784287999999999,0.0,-0.0,-2.81664,2.221125601526465,6.336927999999998,8.01081039847353
y_fixed,0.0,28.875,0.1643829623678031,0.2339935284329288,0.21359397969322272,0.0,-0.0,-0.1037791670909953,0.08233226362254528,0.23399352843292884,0.2956446784384805,4.47308828125,6.3672882812500005,5.812188281250001,0.0,-0.0,-2.823975,2.2403750259395867,6.367288281250001,8.044901536560413
y_fixed,0.0,28.949999999999996,0.16532054208238894,0.23511191481261884,0.21462196274036066,0.0,-0.0,-0.10404872336915372,0.08304233043759707,0.23511191481261884,0.29690017438515254,4.498601124999999,6.397721124999999,5.840161124999999,0.0,-0.0,-2.8313099999999993,2.2596969283044195,6.397721124999999,8.079065321695579
y_fixed,0.0,29.025,0.16626078841966524,0.23623296781499936,0.21565261241018907,0.0,-0.0,-0.10431827964731216,0.08375506079195989,0.23623296781499936,0.29815834003789443,4.52418653125,6.428226531249999,5.868206531249999,0.0,-0.0,-2.838645,2.279091309266226,6.428226531249999,8.113301753233774
y_fixed,0.0,29.099999999999994,0.16720370137963184,0.23735668744007019,0.21668592870270778,0.0,-0.0,-0.10458783592547057,0.08447045470910597,0.23735668744007013,0.2994191753732336,4.549844499999998,6.4588044999999985,5.896324499999999,0.0,-0.0,-2.845979999999999,2.2985581694637185,6.458804499999997,8.147610830536276
y_fixed,0.0,29.174999999999997,0.16814928096228887,0.23848307368783145,0.21772191161791693,0.0,-0.0,-0.10485739220362901,0.08518851221227039,0.23848307368783134,0.30068268036793544,4.575575031249999,6.4894550312499995,5.9245150312499995,0.0,-0.0,-2.853315,2.318097509529155,6.489455031249996,8.181992552970843
y_fixed,0.0,29.25,0.1690975271676363,0.2396121265582831,0.21876056115581646,0.0,-0.0,-0.10512694848178745,0.08590923332445366,0.2396121265582831,0.3019488549989991,4.601378125,6.520178125,5.952778125000001,0.0,-0.0,-2.86065,2.337709330088412,6.520178125,8.216446919911588
y_fixed,0.0,29.324999999999996,0.17004843999567396,0.240743846051425,0.21980187731640624,0.0,-0.0,-0.10539650475994586,0.08663261806842483,0.240743846051425,0.3032176992436554,4.627253781249998,6.550973781249998,5.981113781249999,0.0,-0.0,-2.8679849999999996,2.3573936317610666,6.550973781249998,8.25097393073893
y_fixed,0.0,29.4,0.17100201944640211,0.24187823216725737,0.22084586009968651,0.0,-0.0,-0.1056660610381043,0.08735866646672463,0.24187823216725737,0.304489213079364,4.6532019999999985,6.581841999999999,6.009522,0.0,-0.0,-2.87532,2.3771504151604836,6.581841999999999,8.285573584839515
y_fixed,0.0,29.474999999999994,0.17195826551982057,0.24301528490578,0.22189250950565706,0.0,-0.0,-0.10593561731626272,0.08808737854166783,0.24301528490578,0.3057633964838098,4.679222781249998,6.612782781249997,6.038002781249998,0.0,-0.0,-2.8826549999999993,2.3969796808938786,6.612782781249997,8.320245881606118
y_fixed,0.0,29.549999999999997,0.17291717821592947,0.2441550042669932,0.2229418255343181,0.0,-0.0,-0.10620517359442115,0.08881875431534664,0.2441550042669932,0.30704024943490094,4.705316124999999,6.643796125,6.066556125,0.0,-0.0,-2.8899899999999996,2.4168814295624106,6.643796125,8.354990820437587
y_fixed,0.0,29.625,0.17387875753472873,0.24529739025089667,0.22399380818566947,0.0,-0.0,-0.1064747298725796,0.08955279380963269,0.24529739025089667,0.30831977191076554,4.73148203125,6.67488203125,6.09518203125,0.0,-0.0,-2.897325,2.4368556617612382,6.67488203125,8.389808400738762
y_fixed,0.0,29.699999999999996,0.17484300347621828,0.2464424428574904,0.2250484574597111,0.0,-0.0,-0.10674428615073801,0.0902894970461806,0.24644244285749034,0.3096019638897487,4.757720499999998,6.706040499999998,6.1238804999999985,0.0,-0.0,-2.90466,2.456902378079613,6.706040499999996,8.424698621920381
y_fixed,0.0,29.775,0.1758099160403983,0.2475901620867747,0.22610577335644327,0.0,-0.0,-0.10701384242889644,0.09102886404643046,0.2475901620867747,0.3108868253504111,4.784031531249999,6.73727153125,6.15265153125,0.0,-0.0,-2.9119949999999997,2.477021579100949,6.73727153125,8.459661483399051
y_fixed,0.0,29.849999999999994,0.1767794952272686,0.24874054793874917,0.22716575587586565,0.0,-0.0,-0.10728339870705486,0.0917708948316098,0.24874054793874917,0.3121743562715245,4.810415124999998,6.768575124999997,6.181495124999998,0.0,-0.0,-2.9193299999999995,2.4972132654028782,6.768575124999997,8.49469698459712
y_fixed,0.0,29.924999999999997,0.17775174103682934,0.24989360041341413,0.2282284050179785,0.0,-0.0,-0.1075529549852133,0.09251558942273716,0.2498936004134141,0.3134645566320706,4.836871281249999,6.7999512812499985,6.210411281249999,0.0,-0.0,-2.926665,2.5174774375573428,6.799951281249998,8.529805124942653
x_fixed,14.324999999999996,-10.0,0.056634978729803546,0.09116905176471005,0.08830774954011356,-0.01205377767361484,0.035940837087790584,-0.05148524912825999,0.01644425673457775,0.07049047837670346,0.14917704492334596,1.541116281249999,2.480836281249999,2.402976281249999,-0.32800000000000007,0.9780000000000001,-1.4009849999999995,0.4474710215327845,1.918143633772943,4.0593141884442705
x_fixed,14.324999999999996,-9.9,0.05616328280501793,0.09069735583992444,0.08783605361532795,-0.011933239896878691,0.03558142871691267,-0.05148524912825999,0.016021661805283655,0.07030060185820985,0.1483744285967768,1.5282807812499992,2.4680007812499993,2.3901407812499995,-0.32472000000000006,0.96822,-1.4009849999999995,0.43597162768616693,1.9129768304891699,4.03747388557466
x_fixed,14.324999999999996,-9.8,0.055696327542792974,0.09023040057769949,0.087369098353103,-0.011812702120142543,0.03522202034603477,-0.05148524912825999,0.015603052779904926,0.07011551172898159,0.14757726196470902,1.5155742812499993,2.4552942812499996,2.37743428125,-0.32144000000000006,0.95844,-1.4009849999999995,0.4245806958105297,1.9079402714924198,4.0157818764470505
x_fixed,14.324999999999996,-9.7,0.05523411294312867,0.08976818597803518,0.08690688375343869,-0.011692164343406393,0.03486261197515686,-0.05148524912825999,0.015188438578235238,0.06993518265389528,0.14678556144247207,1.5029967812499991,2.4427167812499992,2.3648567812499994,-0.31816000000000005,0.9486599999999998,-1.4009849999999995,0.41329846862582387,1.9030332673788646,3.9942386077453107
x_fixed,14.324999999999996,-9.6,0.05477663900602502,0.08931071204093152,0.08644940981633503,-0.011571626566670245,0.034503203604278956,-0.05148524912825999,0.014777827985840927,0.06975958893517363,0.14599934394227698,1.490548281249999,2.4302682812499987,2.352408281249999,-0.31488000000000005,0.9388799999999999,-1.4009849999999995,0.4021251851994883,1.8982551188763603,3.972844539674147
x_fixed,14.324999999999996,-9.5,0.054323905731482054,0.08885797876638857,0.08599667654179208,-0.011451088789934097,0.03414379523340105,-0.05148524912825999,0.014371229654657033,0.06958870449410573,0.14521862689089984,1.4782287812499995,2.4179487812499993,2.3400887812499995,-0.31160000000000004,0.9291,-1.4009849999999995,0.3910610809626692,1.893605116347032,3.951600146440295
x_fixed,14.324999999999996,-9.4,0.05387591311949972,0.08840998615440623,0.08554868392980974,-0.01133055101319795,0.03378438686252315,-0.05148524912825999,0.013968652103637806,0.06942250285203173,0.14444342824804612,1.466038281249999,2.4057582812499994,2.3278982812499995,-0.30832000000000004,0.91932,-1.4009849999999995,0.38010638772792116,1.889082539269839,3.9305059167522365
x_fixed,14.324999999999996,-9.3,0.05343266117007806,0.08796673420498458,0.08510543198038809,-0.011210013236461801,0.03342497849164524,-0.05148524912825999,0.013570103719458038,0.06926095711057209,0.14367376652542055,1.4539767812499993,2.393696781249999,2.3158367812499994,-0.3050400000000001,0.9095399999999999,-1.4009849999999995,0.36926133370829106,1.884686655702586,3.9095623543391196
x_fixed,14.324999999999996,-9.2,0.05299414988321705,0.08752822291812357,0.08466692069352708,-0.011089475459725651,0.03306557012076733,-0.05148524912825999,0.013175592757261516,0.0691040399310786,0.14290966080652764,1.442044281249999,2.3817642812499993,2.3039042812499995,-0.30176000000000003,0.8997599999999998,-1.4009849999999995,0.3585261435376851,1.8804167217227576,3.8887699784895564
x_fixed,14.324999999999996,-9.1,0.05256037925891672,0.08709445229382323,0.08423315006922674,-0.010968937682989503,0.032706161749889426,-0.05148524912825999,0.01278512734145349,0.06895172351328324,0.14215113076722996,1.4302407812499993,2.3699607812499996,2.29210078125,-0.29848,0.8899799999999999,-1.4009849999999995,0.34790103829243263,1.876271980846523,3.8681293246110426
x_fixed,14.324999999999996,-9.0,0.05213134929717703,0.08666542233208355,0.08380412010748706,-0.010848399906253355,0.03234675337901152,-0.05148524912825999,0.012398715466533696,0.06880397957312319,0.1413981966970907,1.4185662812499993,2.3582862812499994,2.2804262812499996,-0.2952000000000001,0.8802,-1.4009849999999995,0.3373862355139537,1.8722516634253237,3.8476409448107196
x_fixed,14.324999999999996,-8.9,0.05170705999799801,0.08624113303290451,0.08337983080830802,-0.010727862129517207,0.03198734500813362,-0.05148524912825999,0.012016364997967025,0.06866077931971595,0.14065087952152755,1.4070207812499993,2.346740781249999,2.268880781249999,-0.29192000000000007,0.8704200000000001,-1.4009849999999995,0.3269819492324515,1.868354986019336,3.82730540849821
x_fixed,14.324999999999996,-8.8,0.051287511361379635,0.08582158439628615,0.08296028217168966,-0.01060732435278106,0.031627936637255716,-0.05148524912825999,0.01163808367308871,0.06852209343146036,0.13990920082480646,1.3956042812499991,2.3353242812499992,2.2574642812499994,-0.28864000000000006,0.8606400000000001,-1.4009849999999995,0.31668838999154364,1.864581150747145,3.8071233030113114
x_fixed,14.324999999999996,-8.7,0.05087270338732192,0.08540677642222844,0.08254547419763195,-0.01048678657604491,0.031268528266377806,-0.05148524912825999,0.01126387910204116,0.06838789203123888,0.13917318287390232,1.3843167812499988,2.324036781249999,2.246176781249999,-0.28536,0.85086,-1.4009849999999995,0.30650576487375447,1.8609293446109658,3.787095234265278
x_fixed,14.324999999999996,-8.6,0.050462636075824886,0.0849967091107314,0.08213540688613491,-0.010366248799308761,0.0309091198954999,-0.05148524912825999,0.010893758768739955,0.06825814466069456,0.13844284864325668,1.3731582812499992,2.3128782812499993,2.2350182812499995,-0.28208000000000005,0.8410799999999999,-1.4009849999999995,0.29643427752680157,1.857398738796683,3.7672218274265132
x_fixed,14.324999999999996,-8.5,0.0500573094268885,0.08459138246179501,0.08173008023719852,-0.010245711022572613,0.030549711524621995,-0.05148524912825999,0.010527730031865872,0.06813282025355745,0.1377182218404587,1.3621287812499991,2.301848781249999,2.223988781249999,-0.27880000000000005,0.8313,-1.4009849999999995,0.28647412819058976,1.8539884879480257,3.747503727611382
x_fixed,14.324999999999996,-8.4,0.04965672344051277,0.08419079647541927,0.08132949425082278,-0.010125173245836465,0.03019030315374409,-0.05148524912825999,0.01016580012588093,0.06801188710799401,0.13699932693287992,1.3512282812499992,2.290948281249999,2.2130882812499992,-0.27552000000000004,0.82152,-1.4009849999999995,0.2766255137248594,1.8506977294141567,3.727941600610982
x_fixed,14.324999999999996,-8.3,0.04926087811669771,0.08379495115160421,0.08093364892700772,-0.010004635469100317,0.029830894782866185,-0.05148524912825999,0.009807976162065786,0.0678953128579537,0.13628618917529015,1.3404567812499992,2.280176781249999,2.202316781249999,-0.27224000000000004,0.81174,-1.4009849999999995,0.26688862763741505,1.8475255824699732,3.7085361336426086
x_fixed,14.324999999999996,-8.2,0.04886977345544329,0.08340384649034979,0.0805425442657533,-0.009884097692364167,0.029471486411988275,-0.05148524912825999,0.009454265129576025,0.06778306444348717,0.13557883463848322,1.3298142812499991,2.2695342812499986,2.191674281249999,-0.26896000000000003,0.8019599999999999,-1.4009849999999995,0.257263660112869,1.8444711475084248,3.6892880361287035
x_fixed,14.324999999999996,-8.1,0.04848340945674955,0.08301748249165605,0.08015618026705956,-0.00976355991562802,0.029112078041110368,-0.05148524912825999,0.009104673896515706,0.06767510808000948,0.1348772902389399,1.3193007812499993,2.259020781249999,2.181160781249999,-0.26568,0.7921799999999999,-1.4009849999999995,0.24775079804185343,1.8415335052041213,3.6701980405040207
x_fixed,14.324999999999996,-8.0,0.04810178612061646,0.08263585915552296,0.07977455693092647,-0.009643022138891871,0.028752669670232465,-0.05148524912825999,0.008759209211025213,0.06757140922648489,0.13418158376955575,1.3089162812499993,2.248636281249999,2.1707762812499993,-0.2624,0.7824,-1.4009849999999995,0.2383502250506229,1.8387117156475974,3.6512669030517757
x_fixed,14.324999999999996,-7.9,0.04772490344704403,0.08225897648195055,0.07939767425735406,-0.009522484362155723,0.02839326129935456,-0.05148524912825999,0.00841787770238229,0.06747193255250786,0.13349174393145838,1.2986607812499993,2.238380781249999,2.1605207812499994,-0.2591200000000001,0.7726200000000001,-1.4009849999999995,0.22906212153101452,1.8360048174495422,3.6324954047694384
x_fixed,14.324999999999996,-7.8,0.047352761436032266,0.08188683447093878,0.07902553224634229,-0.009401946585419573,0.02803385292847665,-0.05148524912825999,0.008080685882113695,0.06737664190425774,0.13280780036694204,1.2885342812499994,2.2282542812499995,2.1503942812499997,-0.25584,0.76284,-1.4009849999999995,0.219886664670698,1.8334118268143778,3.613884352264926
x_fixed,14.324999999999996,-7.699999999999999,0.04698536008758115,0.08151943312248766,0.07865813089789117,-0.009281408808683425,0.027674444557598744,-0.05148524912825999,0.007747640145115911,0.06728550026930562,0.1321297836935385,1.278536781249999,2.218256781249999,2.1403967812499993,-0.25256,0.75306,-1.4009849999999995,0.21082402848367154,1.8309317365826048,3.595434578683723
x_fixed,14.324999999999996,-7.6,0.046622699401690705,0.08115677243659722,0.07829547021200071,-0.009160871031947277,0.02731503618672084,-0.05148524912825999,0.007418746770783409,0.06719846974025366,0.13145772553925172,1.2686682812499994,2.2083882812499995,2.1305282812499993,-0.24928000000000003,0.7432799999999999,-1.4009849999999995,0.20187438384096354,1.8285635152413793,3.5771469446676596
x_fixed,14.324999999999996,-7.5,0.04626477937836091,0.08079885241326742,0.07793755018867092,-0.00904033325521113,0.026955627815842934,-0.05148524912825999,0.007094011924142172,0.0671155114771882,0.13079165857896888,1.2589287812499994,2.1986487812499993,2.120788781249999,-0.24600000000000005,0.7334999999999999,-1.4009849999999995,0.19303789850147718,1.8263061059028085,3.559022339345712
x_fixed,14.324999999999996,-7.4,0.04591160001759178,0.08044567305249828,0.07758437082790179,-0.008919795478474981,0.02659621944496503,-0.05148524912825999,0.0067734416569877245,0.06703658566893356,0.13013161657207048,1.2493182812499992,2.189038281249999,2.111178281249999,-0.24272000000000005,0.72372,-1.4009849999999995,0.18431473714295793,1.8241584252496148,3.5410616813574225
x_fixed,14.324999999999996,-7.3,0.04556316131938331,0.08009723435428981,0.07723593212969332,-0.008799257701738832,0.026236811074087124,-0.05148524912825999,0.0064570419090255165,0.0669616514930923,0.1294776344012486,1.2398367812499993,2.179556781249999,2.1016967812499994,-0.23944000000000001,0.71394,-1.4009849999999995,0.17570506139302502,1.8221193624477736,3.5232659199091985
x_fixed,14.324999999999996,-7.199999999999999,0.045219463283735495,0.079753536318642,0.0768922340940455,-0.008678719925002683,0.025877402703209217,-0.05148524912825999,0.006144818509012585,0.06689066707486567,0.12882974811254455,1.2304842812499994,2.1702042812499993,2.092344281249999,-0.23616,0.70416,-1.4009849999999995,0.16720902986023756,1.8201877780259619,3.5056360358637932
x_fixed,14.324999999999996,-7.1,0.04488050591064834,0.07941457894555484,0.07655327672095835,-0.008558182148266535,0.02551799433233131,-0.05148524912825999,0.005836777175899317,0.06682358944464964,0.12818799495661257,1.2212607812499994,2.1609807812499993,2.0831207812499994,-0.23288000000000003,0.6943799999999999,-1.4009849999999995,0.15882679816516335,1.818362502721688,3.488173042863146
x_fixed,14.324999999999996,-7.0,0.044546289200121846,0.07908036223502835,0.07621906001043185,-0.008437644371530387,0.025158585961453407,-0.05148524912825999,0.00553292351996942,0.06676037449440693,0.12755241343120569,1.2121662812499994,2.151886281249999,2.074026281249999,-0.22960000000000003,0.6846,-1.4009849999999995,0.15055851897139938,1.8166423362941126,3.470877988484485
x_fixed,14.324999999999996,-6.9,0.04421681315215601,0.07875088618706252,0.07588958396246602,-0.00831710659479424,0.024799177590575504,-0.05148524912825999,0.005233263043977771,0.06670097693282387,0.12692304332488288,1.2032007812499994,2.1429207812499995,2.0650607812499993,-0.22632000000000005,0.6748200000000001,-1.4009849999999995,0.142404342016534,1.8150260463038062,3.453751955429657
x_fixed,14.324999999999996,-6.8,0.04389207776675083,0.07842615080165734,0.07556484857706083,-0.00819656881805809,0.024439769219697594,-0.05148524912825999,0.004937801144284258,0.06664535023926352,0.12629992576192114,1.1943642812499993,2.134084281249999,2.056224281249999,-0.22304000000000002,0.66504,-1.4009849999999995,0.13436441414300046,1.8135123668597484,3.4367960627472462
x_fixed,14.324999999999996,-6.699999999999999,0.04357208304390632,0.07810615607881283,0.07524485385421634,-0.008076031041321942,0.024080360848819687,-0.05148524912825999,0.004646543111983094,0.06659344661653778,0.12568310324841464,1.1856567812499994,2.1253767812499995,2.0475167812499997,-0.21976,0.65526,-1.4009849999999995,0.12643887932880704,1.8120999973341922,3.420011467087
x_fixed,14.324999999999996,-6.6,0.043256828983622465,0.07779090201852898,0.07492959979393247,-0.007955493264585793,0.023720952477941783,-0.05148524912825999,0.004359494134026062,0.06654521694252759,0.12507261971953026,1.1770782812499994,2.1167982812499995,2.038938281249999,-0.21648000000000003,0.6454799999999999,-1.4009849999999995,0.11862787871810215,1.8107876010461827,3.4033993639857134
x_fixed,14.324999999999996,-6.5,0.042946315585899265,0.07748038862080578,0.07461908639620927,-0.007834955487849645,0.023361544107063877,-0.05148524912825999,0.004076659294339502,0.06650061072069123,0.1244685205878835,1.1686287812499994,2.1083487812499992,2.0304887812499994,-0.21320000000000003,0.6356999999999999,-1.4009849999999995,0.11093155065156907,1.8095738039148195,3.386960989183607
x_fixed,14.324999999999996,-6.4,0.042640542850736735,0.07717461588564324,0.07431331366104674,-0.007714417711113497,0.023002135736185973,-0.05148524912825999,0.0037980435749333107,0.06645957602951123,0.12387085279298214,1.1603082812499994,2.1000282812499993,2.022168281249999,-0.20992000000000005,0.62592,-1.4009849999999995,0.10335003069660338,1.8084571930836357,3.3706976199697585
x_fixed,14.324999999999996,-6.3,0.04233951077813485,0.07687358381304135,0.07401228158844486,-0.0075938799343773485,0.022642727365308066,-0.05148524912825999,0.003523651857001749,0.06642205947094229,0.12327966485167702,1.1521167812499993,2.091836781249999,2.0139767812499993,-0.20664000000000002,0.61614,-1.4009849999999995,0.09588345167726747,1.807436315517796,3.354610576554934
x_fixed,14.324999999999996,-6.199999999999999,0.04204321936809363,0.07657729240300014,0.07371599017840363,-0.0074733421576412,0.022283318994430156,-0.05148524912825999,0.003253488922014901,0.06638800611793874,0.12269500690954377,1.1440542812499992,2.0837742812499993,2.005914281249999,-0.20336,0.6063599999999999,-1.4009849999999995,0.0885319437039906,1.8065096765762454,3.3387012234697617
x_fixed,14.324999999999996,-6.1,0.041751668620613074,0.07628574165551957,0.07342443943092308,-0.0073528043809050515,0.021923910623552253,-0.05148524912825999,0.002987559452800295,0.06635735946115198,0.12211693079310346,1.1361207812499994,2.0758407812499993,1.9979807812499992,-0.20008000000000004,0.59658,-1.4009849999999995,0.08129563420300139,1.8056757385612727,3.3229709709857236
x_fixed,14.324999999999996,-6.0,0.04146485853569318,0.07599893157059968,0.07313762934600318,-0.0072322666041689035,0.02156450225267435,-0.05148524912825999,0.0027258680346137756,0.06633006135490913,0.12154549006277321,1.1283162812499994,2.0680362812499995,1.9901762812499992,-0.19680000000000003,0.5868,-1.4009849999999995,0.07417464794546763,1.8049329192485142,3.307421276556018
x_fixed,14.324999999999996,-5.8999999999999995,0.04118278911333394,0.07571686214824044,0.07285555992364395,-0.007111728827432755,0.02120509388179644,-0.05148524912825999,0.0024684191561992184,0.06630605196260035,0.12098074006641873,1.1206407812499994,2.0603607812499996,1.9825007812499995,-0.19352000000000003,0.5770199999999999,-1.4009849999999995,0.06716910707633271,1.8042795904008688,3.292053646272796
x_fixed,14.324999999999996,-5.8,0.04090546035353536,0.07543953338844187,0.07257823116384537,-0.0069911910506966065,0.020845685510918536,-0.05148524912825999,0.0022152172108362597,0.06628526970162617,0.12042273799336017,1.1130942812499995,2.0528142812499994,1.9749542812499996,-0.19024000000000002,0.56724,-1.4009849999999995,0.060279131142825695,1.8037140762704353,3.2768696363367376
x_fixed,14.324999999999996,-5.7,0.040632872256297435,0.07516694529120393,0.07230564306660744,-0.0068706532739604585,0.020486277140040633,-0.05148524912825999,0.001966266497375548,0.06626765118807602,0.11987154292865723,1.1056767812499995,2.045396781249999,1.9675367812499993,-0.18696000000000004,0.5574600000000001,-1.4009849999999995,0.05350483712263198,1.8032346520931422,3.2618708545342234
x_fixed,14.324999999999996,-5.6,0.040365024821620174,0.07489909785652668,0.07203779563193019,-0.00675011549722431,0.020126868769162726,-0.05148524912825999,0.0017215712212611525,0.06625313118133867,0.11932721590747733,1.0983882812499994,2.0381082812499995,1.9602482812499995,-0.18368,0.54768,-1.4009849999999995,0.046846339451714486,1.8028395425815178,3.247058961716769
x_fixed,14.324999999999996,-5.5,0.04010191804950357,0.07463599108441007,0.07177468885981358,-0.0066295777204881615,0.01976746039828482,-0.05148524912825999,0.0014811354955392793,0.06624164252886931,0.11878981996931857,1.0912287812499992,2.0309487812499993,1.9530887812499995,-0.18040000000000003,0.5378999999999999,-1.4009849999999995,0.04030375005176216,1.802526920421728,3.232435673276506
x_fixed,14.324999999999996,-5.3999999999999995,0.039843551939947625,0.07437762497485413,0.07151632275025763,-0.006509039943752013,0.019408052027406912,-0.05148524912825999,0.001244963341853392,0.06623311611137228,0.11825942021183367,1.0841982812499993,2.0239182812499994,1.946058281249999,-0.17712000000000003,0.5281199999999999,-1.4009849999999995,0.033877178357268646,1.802294904781922,3.2180027606108057
x_fixed,14.324999999999996,-5.3,0.03958992649295234,0.07412399952785885,0.07126269730326235,-0.006388502167015865,0.01904864365652901,-0.05148524912825999,0.0010130586914245774,0.06622748078868765,0.11773608384396139,1.0772967812499994,2.0170167812499993,1.939156781249999,-0.17384000000000002,0.51834,-1.4009849999999995,0.027566731342209345,1.8021415598397295,3.203762052568061
x_fixed,14.324999999999996,-5.199999999999999,0.039341041708517724,0.07387511474342423,0.07101381251882774,-0.006267964390279716,0.0186892352856511,-0.05148524912825999,0.0007854253860175011,0.06622466334670912,0.11721988023804303,1.0705242812499993,2.0102442812499994,1.9323842812499996,-0.17056000000000002,0.5085599999999999,-1.4009849999999995,0.021372513546326445,1.8020648933378263,3.1897154368658445
x_fixed,14.324999999999996,-5.1,0.03909689758664376,0.07363097062155027,0.07076966839695377,-0.006147426613543568,0.018329826914773195,-0.05148524912825999,0.0005620671788911204,0.06622458844569803,0.11671088098055865,1.0638807812499993,2.0036007812499994,1.9257407812499994,-0.16728,0.49877999999999995,-1.4009849999999995,0.01529462710099911,1.8020628551774833,3.175864861471516
x_fixed,14.324999999999996,-5.0,0.03885749412733045,0.07339156716223696,0.07053026493764046,-0.00602688883680742,0.017970418543895292,-0.05148524912825999,0.00034298773573389406,0.06622717857039835,0.11620915992107561,1.0573662812499993,1.9970862812499994,1.9192262812499992,-0.16400000000000003,0.48900000000000005,-1.4009849999999995,0.009333171754691852,1.802133336061129,3.1622123359341767
x_fixed,14.324999999999996,-4.8999999999999995,0.038622831330577805,0.0731569043654843,0.07029560214088781,-0.005906351060071271,0.01761101017301738,-0.05148524912825999,0.0001281906355834743,0.06623235398240443,0.11571479321896205,1.0509807812499992,1.990700781249999,1.9128407812499992,-0.16072,0.4792199999999999,-1.4009849999999995,0.0034882448979806128,1.8022741661962083,3.1487599326558096
x_fixed,14.324999999999996,-4.8,0.03839290919638582,0.07292698223129232,0.07006568000669583,-0.005785813283335123,0.017251601802139478,-0.05148524912825999,-8.232062826993416e-05,0.0662400326752787,0.11522785938736525,1.0447242812499993,1.984444281249999,1.9065842812499991,-0.15744000000000002,0.46943999999999997,-1.4009849999999995,-0.0022400584118655773,1.8024831140738744,3.13550978808799
x_fixed,14.324999999999996,-4.699999999999999,0.0381677277247545,0.07270180075966101,0.06984049853506451,-0.005665275506598974,0.01689219343126157,-0.05148524912825999,-0.000288542647396255,0.06625013033296598,0.11474843933391025,1.0385967812499994,1.9783167812499995,1.9004567812499993,-0.15416000000000002,0.45965999999999996,-1.4009849999999995,-0.007851645426739419,1.8027578853373827,3.122464103839354
x_fixed,14.324999999999996,-4.6,0.03794728691568383,0.07248135995059034,0.06962005772599383,-0.005544737729862826,0.016532785060383665,-0.05148524912825999,-0.0004904720973548485,0.06626256029210488,0.11427661639751802,1.0325982812499994,1.9723182812499993,1.894458281249999,-0.15088000000000001,0.4498799999999999,-1.4009849999999995,-0.013346425684002612,1.8030961217565333,3.1096251476774683
x_fixed,14.324999999999996,-4.5,0.037731586769173826,0.07226565980408034,0.06940435757948384,-0.005424199953126678,0.01617337668950576,-0.05148524912825999,-0.0006881057368406383,0.06627723350888902,0.11381247638068964,1.0267287812499994,1.9664487812499996,1.8885887812499993,-0.14760000000000004,0.4401,-1.4009849999999995,-0.01872431098325078,1.8034954003259176,3.0969952544073323
x_fixed,14.324999999999996,-4.3999999999999995,0.03752062728522448,0.07205470032013098,0.06919339809553449,-0.005303662176390529,0.015813968318627854,-0.05148524912825999,-0.000881440406847018,0.06629405853118951,0.11335610757654747,1.0209882812499993,1.9607082812499992,1.8828482812499994,-0.14432,0.43032,-1.4009849999999995,-0.023985215363535012,1.8039532325063337,3.0845768266072
x_fixed,14.324999999999996,-4.3,0.03731440846383579,0.07184848149874229,0.0689871792741458,-0.005183124399654381,0.01545455994774995,-0.05148524912825999,-0.0010704730298459631,0.06631294147670522,0.11290760078986459,1.0153767812499994,1.955096781249999,1.8772367812499993,-0.14104000000000003,0.42053999999999997,-1.4009849999999995,-0.02912905508105154,1.8044670636302234,3.072372335200825
x_fixed,14.324999999999996,-4.199999999999999,0.03711293030500776,0.07164700333991426,0.06878570111531776,-0.005062586622918232,0.01509515157687204,-0.05148524912825999,-0.0012552006089855282,0.06633378601796859,0.11246704935125666,1.0098942812499994,1.9496142812499992,1.871754281249999,-0.13776,0.4107599999999999,-1.4009849999999995,-0.03415574858730456,1.8050342724936614,3.060384319843639
x_fixed,14.324999999999996,-4.1,0.03691619280874039,0.07145026584364689,0.0685889636190504,-0.004942048846182084,0.014735743205994137,-0.05148524912825999,-0.001435620227304513,0.06635649337509021,0.11203454912365199,1.0045407812499993,1.944260781249999,1.8664007812499992,-0.13448000000000002,0.40097999999999995,-1.4009849999999995,-0.039065216507736186,1.8056521711589235,3.0486153890988104
x_fixed,14.324999999999996,-4.0,0.03672419597503368,0.07125826900994019,0.06839696678534368,-0.004821511069445936,0.014376334835116232,-0.05148524912825999,-0.0016117290469650142,0.06638096231718642,0.11161019850009608,0.9993162812499993,1.9390362812499993,1.861176281249999,-0.1312,0.3912,-1.4009849999999995,-0.043857381620843135,1.806318004993334,3.037068220377505
x_fixed,14.324999999999996,-3.8999999999999995,0.03653693980388763,0.07107101283879413,0.06820971061419764,-0.004700973292709787,0.014016926464238324,-0.05148524912825999,-0.0017835243085022809,0.0664070891734874,0.11119409839189437,0.9942207812499992,1.9339407812499991,1.8560807812499993,-0.12792,0.3814199999999999,-1.4009849999999995,-0.04853216883776422,1.8070289529715333,3.025745559616231
x_fixed,14.324999999999996,-3.8,0.03635442429530224,0.07088849733020874,0.06802719510561225,-0.004580435515973639,0.01365751809336042,-0.05148524912825999,-0.001951003330092797,0.06643476785517703,0.11078635220603905,0.9892542812499993,1.9289742812499993,1.8511142812499994,-0.12464000000000001,0.37163999999999997,-1.4009849999999995,-0.053089505182363925,1.80778212826977,3.014650220662593
x_fixed,14.324999999999996,-3.6999999999999993,0.03617664944927751,0.07071072248418402,0.06784942025958751,-0.00445989773923749,0.013298109722482512,-0.05148524912825999,-0.0021141635068397824,0.0664638898890646,0.11038706581082423,0.9844167812499993,1.9241367812499992,1.8462767812499992,-0.12136,0.3618599999999999,-1.4009849999999995,-0.05752931977178981,1.8085745791821533,3.0037850843396345
x_fixed,14.324999999999996,-3.5999999999999996,0.036003615265813436,0.07053768830071994,0.06767638607612345,-0.004339359962501342,0.012938701351604609,-0.05148524912825999,-0.002273002310076868,0.06649434446422825,0.10999634748850544,0.9797082812499993,1.919428281249999,1.8415682812499992,-0.11808,0.35208,-1.4009849999999995,-0.06185154379752463,1.809403290389889,2.9931530971576334
x_fixed,14.324999999999996,-3.5,0.035835321744910026,0.07036939477981653,0.06750809255522003,-0.004218822185765194,0.012579292980726704,-0.05148524912825999,-0.002427517286689835,0.06652601849280669,0.10961430787382974,0.9751287812499994,1.9148487812499992,1.8369887812499992,-0.11480000000000001,0.3423,-1.4009849999999995,-0.06605611050692989,1.8102651846155033,2.9827572696414246
x_fixed,14.324999999999996,-3.3999999999999995,0.03567176888656727,0.07020584192147378,0.06734453969687729,-0.004098284409029045,0.012219884609848795,-0.05148524912825999,-0.0025777060584562606,0.06655879668613716,0.10924105987723755,0.9706782812499992,1.910398281249999,1.8325382812499995,-0.11152000000000001,0.3325199999999999,-1.4009849999999995,-0.07014295518527662,1.8111571246946645,2.9726006742406135
x_fixed,14.324999999999996,-3.3,0.03551295669078518,0.07004702972569168,0.0671857275010952,-0.003977746632292897,0.011860476238970892,-0.05148524912825999,-0.0027235663214034947,0.06659256164744999,0.10887671859152546,0.9663567812499992,1.9060767812499992,1.8282167812499994,-0.10824000000000002,0.32273999999999997,-1.4009849999999995,-0.07411201513827519,1.8120759160985287,2.962686442789742
x_fixed,14.324999999999996,-3.1999999999999993,0.035358885157563746,0.06989295819247025,0.06703165596787375,-0.003857208855556748,0.011501067868092983,-0.05148524912825999,-0.002865095845184462,0.06662719398232733,0.1085214011807649,0.9621642812499993,1.9018842812499992,1.8240242812499992,-0.10496,0.3129599999999999,-1.4009849999999995,-0.07796322967508984,1.8130183099394763,2.953017763485612
x_fixed,14.324999999999996,-3.0999999999999996,0.03520955428690297,0.06974362732180947,0.06688232509721298,-0.0037366710788206,0.011141659497215078,-0.05148524912825999,-0.0030022924724721193,0.06666257242810944,0.10817522675028815,0.9581007812499993,1.897820781249999,1.8199607812499992,-0.10168,0.30317999999999995,-1.4009849999999995,-0.08169654009186113,1.813981006492436,2.9435978773494242
x_fixed,14.324999999999996,-3.0,0.03506496407880286,0.06959903711370936,0.06673773488911286,-0.0036161333020844517,0.010782251126337175,-0.05148524912825999,-0.003135154118371766,0.06669857400339702,0.10783831619659989,0.9541662812499994,1.8938862812499992,1.816026281249999,-0.09840000000000002,0.2934,-1.4009849999999995,-0.08531188965571411,1.8149606592630503,2.934430074142663
x_fixed,14.324999999999996,-2.8999999999999995,0.0349251145332634,0.0694591875681699,0.06659788534357342,-0.003495595525348303,0.010422842755459266,-0.05148524912825999,-0.003263678769851692,0.06673507417872739,0.10751079203613106,0.9503607812499992,1.8900807812499991,1.8122207812499993,-0.09512,0.2836199999999999,-1.4009849999999995,-0.08880922358926537,1.8159538796320112,2.925517687707253
x_fixed,14.324999999999996,-2.8,0.03479000565028461,0.06932407868519111,0.06646277646059462,-0.003375057748612155,0.010063434384581363,-0.05148524912825999,-0.0033878644851921833,0.06677194706941841,0.1071927782118442,0.9466842812499994,1.8864042812499993,1.8085442812499994,-0.09184,0.27384,-1.4009849999999995,-0.09218848905562979,1.816957242102611,2.916864090703019
x_fixed,14.324999999999996,-2.6999999999999993,0.03465963742986647,0.06919371046477298,0.06633240824017647,-0.003254519971876006,0.009704026013703454,-0.05148524912825999,-0.0035077093934527187,0.0668090656514542,0.10688439987681445,0.9431367812499992,1.8828567812499992,1.804996781249999,-0.08856,0.2640599999999999,-1.4009849999999995,-0.09544963514392221,1.81796729017529,2.90847268871863
x_fixed,14.324999999999996,-2.5999999999999996,0.034534009872009,0.0690680829069155,0.066206780682319,-0.003133982195139858,0.00934461764282555,-0.05148524912825999,-0.0036232116939572583,0.0668463020011392,0.10658578315406156,0.9397182812499995,1.8794382812499995,1.8015782812499992,-0.08528000000000001,0.25427999999999995,-1.4009849999999995,-0.09859261285525142,1.8189805428689592,2.90034691373629
x_fixed,14.324999999999996,-2.5,0.03441312297671218,0.0689471960116187,0.06608589378702219,-0.00301344441840371,0.008985209271947646,-0.05148524912825999,-0.0037343696557983063,0.06688352755906798,0.10629705487208338,0.9364287812499994,1.8761487812499995,1.7982887812499995,-0.08200000000000002,0.24450000000000002,-1.4009849999999995,-0.10161737508922497,1.819993501903982,2.8924902169352413
x_fixed,14.324999999999996,-2.3999999999999995,0.03429697674397602,0.06883104977888252,0.06596974755428603,-0.002892906641667561,0.008625800901069737,-0.05148524912825999,-0.0038411816173586294,0.06692061341874254,0.10601834227576064,0.9332682812499993,1.8729882812499992,1.7951282812499993,-0.07872,0.23471999999999993,-1.4009849999999995,-0.10452387663093454,1.8210026595558508,2.884906060825081
x_fixed,14.324999999999996,-2.3,0.03418557117380052,0.06871964420870702,0.06585834198411053,-0.002772368864931413,0.008266392530191832,-0.05148524912825999,-0.003943645985851545,0.06695743063992136,0.1057497727125482,0.9302367812499993,1.869956781249999,1.7920967812499993,-0.07544000000000001,0.22493999999999995,-1.4009849999999995,-0.10731207413844653,1.8220045071818516,2.877597910706591
x_fixed,14.324999999999996,-2.1999999999999993,0.034078906266185684,0.0686129793010922,0.0657516770764957,-0.002651831088195264,0.007906984159313925,-0.05148524912825999,-0.004041761236879521,0.06699385058649984,0.10549147329415326,0.9273342812499994,1.8670542812499995,1.7891942812499992,-0.07215999999999999,0.21515999999999993,-1.4009849999999995,-0.10998192613079083,1.8229955444152568,2.870569225465532
x_fixed,14.324999999999996,-2.0999999999999996,0.0339769820211315,0.06851105505603801,0.0656497528314415,-0.002531293311459116,0.00754757578843602,-0.05148524912825999,-0.004135525914010839,0.06702974528840269,0.1052435705342192,0.9245607812499993,1.8642807812499993,1.786420781249999,-0.06888,0.20537999999999995,-1.4009849999999995,-0.11253339297644151,1.82397228901292,2.8638234477135205
x_fixed,14.324999999999996,-2.0,0.03387979843863798,0.0684138714735445,0.06555256924894799,-0.002410755534722968,0.007188167417558116,-0.05148524912825999,-0.0042249386283744585,0.06706498782662135,0.10500618996288366,0.9219162812499992,1.8616362812499994,1.7837762812499993,-0.0656,0.1956,-1.4009849999999995,-0.11496643688229215,1.8249312873326766,2.8573639932996153
x_fixed,14.324999999999996,-1.9000000000000004,0.033787355518705126,0.06832142855361163,0.06546012632901513,-0.00229021775798682,0.006828759046680212,-0.05148524912825999,-0.004309998058273343,0.06709945274014663,0.10477945571945858,0.9194007812499994,1.8591207812499992,1.7812607812499992,-0.06232000000000002,0.18582000000000004,-1.4009849999999995,-0.11728102188313423,1.8258691254065478,2.851194240226584
x_fixed,14.324999999999996,-1.799999999999999,0.033699653261332924,0.06823372629623943,0.06537242407164293,-0.0021696799812506696,0.006469350675802301,-0.05148524912825999,-0.004390702948815526,0.06713301645314612,0.1045634901248847,0.9170142812499993,1.8567342812499992,1.7788742812499991,-0.05903999999999997,0.1760399999999999,-1.4009849999999995,-0.11947711383161776,1.8267824405648263,2.8453175170167895
x_fixed,14.324999999999996,-1.6999999999999993,0.033616691666521384,0.06815076470142789,0.0652894624768314,-0.002049142204514522,0.006109942304924397,-0.05148524912825999,-0.004467052111563805,0.06716555772031095,0.10435841323603345,0.9147567812499994,1.8544767812499994,1.7766167812499996,-0.05575999999999999,0.16625999999999994,-1.4009849999999995,-0.12155468038871897,1.8276679335545825,2.8397370905841326
x_fixed,14.324999999999996,-1.5999999999999996,0.0335384707342705,0.06807254376917701,0.06521124154458051,-0.001928604427778374,0.005750533934046492,-0.05148524912825999,-0.004539044424203231,0.06719695808786591,0.10416434238436532,0.9126282812499993,1.8523482812499994,1.7744882812499994,-0.05248,0.15647999999999995,-1.4009849999999995,-0.12351369101469231,1.8285223810843865,2.8344561536803035
x_fixed,14.324999999999996,-1.5,0.03346499046458028,0.06799906349948678,0.0651377612748903,-0.0018080666510422259,0.005391125563168587,-0.05148524912825999,-0.004606678830226947,0.06722710236729715,0.10398139170188714,0.9106287812499992,1.8503487812499992,1.7724887812499994,-0.04920000000000001,0.1467,-1.4009849999999995,-0.12535411696052165,1.8293426487150968,2.8294778119954223
x_fixed,14.324999999999996,-1.4000000000000004,0.03339625085745072,0.06793032389235723,0.06506902166776073,-0.0016875288743060778,0.005031717192290682,-0.05148524912825999,-0.004669954338639913,0.06725587911842723,0.10380967163778139,0.9087582812499994,1.8484782812499996,1.7706182812499993,-0.045920000000000016,0.13692000000000001,-1.4009849999999995,-0.1270759312598581,1.8301257040050023,2.824805071004855
x_fixed,14.324999999999996,-1.299999999999999,0.03333225191288181,0.06786632494778833,0.06500502272319182,-0.0015669910975699278,0.004672308821412772,-0.05148524912825999,-0.004728870023680899,0.0672831811380548,0.10364928846948811,0.9070167812499993,1.8467367812499995,1.7688767812499993,-0.04263999999999997,0.1271399999999999,-1.4009849999999995,-0.12867910872145535,1.8308686298063837,2.8204408226650712
x_fixed,14.324999999999996,-1.1999999999999993,0.03327299363087357,0.06780706666578007,0.06494576444118358,-0.0014464533208337798,0.004312900450534867,-0.05148524912825999,-0.004783425024562479,0.06730890594999935,0.10350034381240032,0.9054042812499994,1.845124281249999,1.7672642812499992,-0.03935999999999998,0.11735999999999992,-1.4009849999999995,-0.13016362592209424,1.831568637600312,2.8163878320717792
x_fixed,14.324999999999996,-1.0999999999999996,0.03321847601142598,0.06775254904633249,0.064891246821736,-0.001325915544097632,0.003953492079656963,-0.05148524912825999,-0.004833618545228838,0.06733295629205623,0.1033629341326671,0.9039207812499992,1.8436407812499993,1.7657807812499995,-0.036079999999999994,0.10757999999999997,-1.4009849999999995,-0.13152946119999254,1.8322230807473698,2.8126487242026212
x_fixed,14.324999999999996,-1.0,0.033168699054539064,0.06770277208944557,0.06484146986484907,-0.001205377767361484,0.003594083708779058,-0.05148524912825999,-0.004879449854132109,0.06735524059508699,0.10323715026787879,0.9025662812499994,1.8422862812499994,1.7644262812499991,-0.0328,0.0978,-1.4009849999999995,-0.1327765946487186,1.8328294675243626,2.809225970874353
x_fixed,14.324999999999996,-0.9000000000000004,0.033123662760212794,0.0676577357951193,0.06479643357052281,-0.0010848399906253359,0.0032346753379011535,-0.05148524912825999,-0.004920918284026105,0.0673756734492618,0.10312307696061919,0.9013407812499993,1.8410607812499993,1.7632007812499995,-0.029520000000000015,0.08802000000000003,-1.4009849999999995,-0.13390500811157882,1.8333854738114215,2.806121878050155
x_fixed,14.324999999999996,-0.7999999999999989,0.03308336712844719,0.06761744016335369,0.0647561379387572,-0.0009643022138891859,0.0028752669670232428,-0.05148524912825999,-0.0049580232317784625,0.06739417605233787,0.10302079240999874,0.9002442812499994,1.8399642812499992,1.7621042812499994,-0.02623999999999997,0.07823999999999989,-1.4009849999999995,-0.13491468517650543,1.8338889552902804,2.803338573636225
x_fixed,14.324999999999996,-0.6999999999999993,0.03304781215924224,0.06758188519414875,0.06472058296955224,-0.0008437644371530379,0.002515858596145338,-0.05148524912825999,-0.004990764158200614,0.06741067663481753,0.10293036784632625,0.8992767812499992,1.8389967812499992,1.761136781249999,-0.02295999999999998,0.06845999999999992,-1.4009849999999995,-0.13580561117143006,1.8343379590134183,2.8008779959080075
x_fixed,14.324999999999996,-0.5999999999999996,0.03301699785259796,0.06755107088750446,0.06468976866290796,-0.0007232266604168899,0.0021564502252674335,-0.05148524912825999,-0.005019140587895477,0.06742511085688678,0.10285186713401898,0.8984382812499994,1.8381582812499992,1.7602982812499992,-0.01967999999999999,0.05867999999999996,-1.4009849999999995,-0.1365777731601391,1.834730734205305,2.798741882704829
x_fixed,14.324999999999996,-0.5,0.03299092420851433,0.06752499724342084,0.06466369501882434,-0.000602688883680742,0.001797041854389529,-0.05148524912825999,-0.005043152109123574,0.06743742217219104,0.102785346407692,0.8977287812499993,1.8374487812499996,1.7595887812499993,-0.0164,0.0489,-1.4009849999999995,-0.1372311599386306,1.8350657421612453,2.7969317615273823
x_fixed,14.324999999999996,-0.3999999999999986,0.03296959122699136,0.06750366426189787,0.06464236203730137,-0.00048215110694459185,0.0014376334835116181,-0.05148524912825999,-0.005062798373686578,0.06744756215377261,0.10273085374610456,0.8971482812499993,1.8368682812499992,1.7590082812499992,-0.013119999999999956,0.03911999999999986,-1.4009849999999995,-0.13776576203194535,1.8353416651165886,2.7954489406653544
x_fixed,14.324999999999996,-0.29999999999999893,0.03295299890802905,0.06748707194293556,0.06462576971833905,-0.0003616133302084439,0.0010782251126337137,-0.05148524912825999,-0.005078079096829054,0.0674554907778593,0.10268842888827343,0.8966967812499993,1.8364167812499992,1.7585567812499991,-0.009839999999999967,0.029339999999999897,-1.4009849999999995,-0.13818157169149328,1.8355574139690107,2.7942945014724803
x_fixed,14.324999999999996,-0.1999999999999993,0.0329411472516274,0.06747522028653391,0.06461391806193742,-0.00024107555347229593,0.0007188167417558091,-0.05148524912825999,-0.005088994057157954,0.06746117666166246,0.10265810299559425,0.8963742812499993,1.8360942812499992,1.7582342812499994,-0.006559999999999978,0.01955999999999993,-1.4009849999999995,-0.1384785828928626,1.8357121347493284,2.793469291893533
x_fixed,14.324999999999996,-0.09999999999999964,0.03293403625778642,0.06746810929269292,0.06460680706809643,-0.00012053777673614796,0.00035940837087790453,-0.05148524912825999,-0.005095543096580047,0.06746459725190163,0.10263989846325418,0.8961807812499993,1.8359007812499992,1.7580407812499996,-0.003279999999999989,0.009779999999999966,-1.4009849999999995,-0.1386567913341174,1.8358052137515157,2.7929739213325995
x_fixed,14.324999999999996,0.0,0.032931665926506086,0.06746573896141259,0.0646044367368161,0.0,-0.0,-0.05148524912825999,-0.005097726120257329,0.06746573896141259,0.10263382878357952,0.8961162812499993,1.835836281249999,1.7579762812499993,0.0,-0.0,-1.4009849999999995,-0.13871619443458405,1.835836281249999,2.792808756934583
x_fixed,14.324999999999996,0.10000000000000142,0.03293403625778642,0.06746810929269292,0.06460680706809643,0.0001205377767361501,-0.00035940837087791093,-0.05148524912825999,-0.005095543096580054,0.06746459725190158,0.10263989846325419,0.8961807812499993,1.8359007812499992,1.7580407812499996,0.003280000000000047,-0.00978000000000014,-1.4009849999999995,-0.13865679133411757,1.8358052137515146,2.7929739213326
x_fixed,14.324999999999996,0.20000000000000107,0.0329411472516274,0.06747522028653391,0.06461391806193742,0.00024107555347229807,-0.0007188167417558155,-0.05148524912825999,-0.005088994057157951,0.06746117666166247,0.10265810299559425,0.8963742812499993,1.8360942812499992,1.7582342812499994,0.006560000000000036,-0.019560000000000105,-1.4009849999999995,-0.13847858289286252,1.8357121347493288,2.793469291893533
x_fixed,14.324999999999996,0.3000000000000007,0.03295299890802905,0.06748707194293556,0.06462576971833905,0.00036161333020844603,-0.00107822511263372,-0.05148524912825999,-0.005078079096829044,0.0674554907778593,0.10268842888827345,0.8966967812499993,1.8364167812499992,1.7585567812499991,0.009840000000000024,-0.029340000000000067,-1.4009849999999995,-0.138181571691493,1.8355574139690107,2.794294501472481
x_fixed,14.324999999999996,0.40000000000000036,0.03296959122699136,0.06750366426189787,0.06464236203730137,0.00048215110694459397,-0.0014376334835116244,-0.05148524912825999,-0.005062798373686578,0.06744756215377261,0.10273085374610456,0.8971482812499993,1.8368682812499992,1.7590082812499992,0.013120000000000014,-0.03912000000000003,-1.4009849999999995,-0.13776576203194535,1.8353416651165886,2.7954489406653544
x_fixed,14.324999999999996,0.5,0.03299092420851433,0.06752499724342084,0.06466369501882434,0.000602688883680742,-0.001797041854389529,-0.05148524912825999,-0.005043152109123574,0.06743742217219104,0.102785346407692,0.8977287812499993,1.8374487812499996,1.7595887812499993,0.0164,-0.0489,-1.4009849999999995,-0.1372311599386306,1.8350657421612453,2.7969317615273823
x_fixed,14.324999999999996,0.6000000000000014,0.03301699785259796,0.06755107088750446,0.06468976866290796,0.0007232266604168921,-0.00215645022526744,-0.05148524912825999,-0.005019140587895477,0.06742511085688686,0.10285186713401899,0.8984382812499994,1.8381582812499992,1.7602982812499992,0.019680000000000048,-0.058680000000000135,-1.4009849999999995,-0.1365777731601391,1.8347307342053072,2.7987418827048294
x_fixed,14.324999999999996,0.7000000000000011,0.03304781215924225,0.06758188519414876,0.06472058296955226,0.00084376443715304,-0.0025158585961453446,-0.05148524912825999,-0.004990764158200593,0.06741067663481756,0.10293036784632627,0.8992767812499994,1.8389967812499997,1.7611367812499994,0.02296000000000004,-0.0684600000000001,-1.4009849999999995,-0.1358056111714295,1.8343379590134192,2.800877995908008
x_fixed,14.324999999999996,0.8000000000000007,0.03308336712844719,0.06761744016335369,0.0647561379387572,0.0009643022138891879,-0.002875266967023249,-0.05148524912825999,-0.0049580232317784625,0.06739417605233786,0.10302079240999876,0.9002442812499994,1.8399642812499992,1.7621042812499994,0.026240000000000027,-0.07824000000000006,-1.4009849999999995,-0.13491468517650543,1.8338889552902802,2.803338573636225
x_fixed,14.324999999999996,0.9000000000000004,0.033123662760212794,0.0676577357951193,0.06479643357052281,0.0010848399906253359,-0.0032346753379011535,-0.05148524912825999,-0.004920918284026105,0.0673756734492618,0.10312307696061919,0.9013407812499993,1.8410607812499993,1.7632007812499995,0.029520000000000015,-0.08802000000000003,-1.4009849999999995,-0.13390500811157882,1.8333854738114215,2.806121878050155
x_fixed,14.324999999999996,1.0,0.033168699054539064,0.06770277208944557,0.06484146986484907,0.001205377767361484,-0.003594083708779058,-0.05148524912825999,-0.004879449854132109,0.06735524059508699,0.10323715026787879,0.9025662812499994,1.8422862812499994,1.7644262812499991,0.0328,-0.0978,-1.4009849999999995,-0.1327765946487186,1.8328294675243626,2.809225970874353
x_fixed,14.324999999999996,1.1000000000000014,0.03321847601142599,0.06775254904633249,0.064891246821736,0.001325915544097634,-0.003953492079656969,-0.05148524912825999,-0.004833618545228852,0.06733295629205624,0.10336293413266705,0.9039207812499994,1.8436407812499993,1.7657807812499995,0.03608000000000005,-0.10758000000000013,-1.4009849999999995,-0.1315294611999929,1.8322230807473703,2.8126487242026195
x_fixed,14.324999999999996,1.200000000000001,0.03327299363087357,0.06780706666578007,0.06494576444118358,0.001446453320833782,-0.004312900450534874,-0.05148524912825999,-0.004783425024562486,0.06730890594999936,0.1035003438124003,0.9054042812499994,1.845124281249999,1.7672642812499992,0.03936000000000004,-0.11736000000000012,-1.4009849999999995,-0.13016362592209443,1.8315686376003124,2.8163878320717783
x_fixed,14.324999999999996,1.3000000000000007,0.03333225191288181,0.06786632494778833,0.06500502272319182,0.00156699109756993,-0.004672308821412778,-0.05148524912825999,-0.004728870023680902,0.06728318113805487,0.10364928846948812,0.9070167812499993,1.8467367812499995,1.7688767812499993,0.04264000000000003,-0.12714000000000006,-1.4009849999999995,-0.12867910872145544,1.8308686298063854,2.8204408226650717
x_fixed,14.324999999999996,1.4000000000000004,0.03339625085745072,0.06793032389235723,0.06506902166776073,0.0016875288743060778,-0.005031717192290682,-0.05148524912825999,-0.004669954338639913,0.06725587911842723,0.10380967163778139,0.9087582812499994,1.8484782812499996,1.7706182812499993,0.045920000000000016,-0.13692000000000001,-1.4009849999999995,-0.1270759312598581,1.8301257040050023,2.824805071004855
x_fixed,14.324999999999996,1.5,0.03346499046458028,0.06799906349948678,0.0651377612748903,0.0018080666510422259,-0.005391125563168587,-0.05148524912825999,-0.004606678830226947,0.06722710236729715,0.10398139170188714,0.9106287812499992,1.8503487812499992,1.7724887812499994,0.04920000000000001,-0.1467,-1.4009849999999995,-0.12535411696052165,1.8293426487150968,2.8294778119954223
x_fixed,14.324999999999996,1.6000000000000014,0.0335384707342705,0.06807254376917701,0.06521124154458051,0.0019286044277783759,-0.005750533934046498,-0.05148524912825999,-0.0045390444242032375,0.06719695808786591,0.10416434238436531,0.9126282812499993,1.8523482812499994,1.7744882812499994,0.052480000000000054,-0.15648000000000012,-1.4009849999999995,-0.12351369101469249,1.8285223810843865,2.834456153680303
x_fixed,14.324999999999996,1.700000000000001,0.033616691666521384,0.06815076470142789,0.0652894624768314,0.002049142204514524,-0.006109942304924403,-0.05148524912825999,-0.004467052111563802,0.06716555772031096,0.10435841323603348,0.9147567812499994,1.8544767812499994,1.7766167812499996,0.05576000000000005,-0.1662600000000001,-1.4009849999999995,-0.12155468038871887,1.827667933554583,2.8397370905841335
x_fixed,14.324999999999996,1.8000000000000007,0.033699653261332924,0.06823372629623943,0.06537242407164293,0.0021696799812506717,-0.006469350675802307,-0.05148524912825999,-0.004390702948815526,0.06713301645314612,0.1045634901248847,0.9170142812499993,1.8567342812499992,1.7788742812499991,0.05904000000000003,-0.17604000000000006,-1.4009849999999995,-0.11947711383161776,1.8267824405648263,2.8453175170167895
x_fixed,14.324999999999996,1.9000000000000004,0.033787355518705126,0.06832142855361163,0.06546012632901513,0.00229021775798682,-0.006828759046680212,-0.05148524912825999,-0.004309998058273343,0.06709945274014663,0.10477945571945858,0.9194007812499994,1.8591207812499992,1.7812607812499992,0.06232000000000002,-0.18582000000000004,-1.4009849999999995,-0.11728102188313423,1.8258691254065478,2.851194240226584
x_fixed,14.324999999999996,2.0,0.03387979843863798,0.0684138714735445,0.06555256924894799,0.002410755534722968,-0.007188167417558116,-0.05148524912825999,-0.0042249386283744585,0.06706498782662135,0.10500618996288366,0.9219162812499992,1.8616362812499994,1.7837762812499993,0.0656,-0.1956,-1.4009849999999995,-0.11496643688229215,1.8249312873326766,2.8573639932996153
x_fixed,14.324999999999996,2.1000000000000014,0.03397698202113151,0.06851105505603802,0.06564975283144152,0.002531293311459118,-0.007547575788436027,-0.05148524912825999,-0.004135525914010829,0.06702974528840268,0.10524357053421923,0.9245607812499995,1.8642807812499995,1.7864207812499995,0.06888000000000007,-0.20538000000000015,-1.4009849999999995,-0.11253339297644122,1.8239722890129195,2.863823447713521
x_fixed,14.324999999999996,2.200000000000001,0.034078906266185684,0.0686129793010922,0.0657516770764957,0.002651831088195266,-0.007906984159313932,-0.05148524912825999,-0.004041761236879528,0.06699385058649987,0.10549147329415326,0.9273342812499994,1.8670542812499995,1.7891942812499992,0.07216000000000006,-0.21516000000000013,-1.4009849999999995,-0.10998192613079102,1.8229955444152577,2.870569225465532
x_fixed,14.324999999999996,2.3000000000000007,0.03418557117380052,0.06871964420870702,0.06585834198411053,0.0027723688649314137,-0.008266392530191836,-0.05148524912825999,-0.003943645985851545,0.06695743063992136,0.1057497727125482,0.9302367812499993,1.869956781249999,1.7920967812499993,0.07544000000000003,-0.22494000000000006,-1.4009849999999995,-0.10731207413844653,1.8220045071818516,2.877597910706591
x_fixed,14.324999999999996,2.4000000000000004,0.03429697674397602,0.06883104977888252,0.06596974755428603,0.0028929066416675617,-0.00862580090106974,-0.05148524912825999,-0.0038411816173586294,0.06692061341874254,0.10601834227576064,0.9332682812499993,1.8729882812499992,1.7951282812499993,0.07872000000000003,-0.23472000000000004,-1.4009849999999995,-0.10452387663093454,1.8210026595558508,2.884906060825081
x_fixed,14.324999999999996,2.5,0.03441312297671218,0.0689471960116187,0.06608589378702219,0.00301344441840371,-0.008985209271947646,-0.05148524912825999,-0.0037343696557983063,0.06688352755906798,0.10629705487208338,0.9364287812499994,1.8761487812499995,1.7982887812499995,0.08200000000000002,-0.24450000000000002,-1.4009849999999995,-0.10161737508922497,1.819993501903982,2.8924902169352413
x_fixed,14.324999999999996,2.6000000000000014,0.034534009872009,0.0690680829069155,0.066206780682319,0.00313398219513986,-0.009344617642825556,-0.05148524912825999,-0.0036232116939572583,0.06684630200113915,0.10658578315406154,0.9397182812499995,1.8794382812499995,1.8015782812499992,0.08528000000000006,-0.2542800000000001,-1.4009849999999995,-0.09859261285525142,1.818980542868958,2.9003469137362896
x_fixed,14.324999999999996,2.700000000000001,0.034659637429866476,0.06919371046477299,0.06633240824017649,0.003254519971876008,-0.009704026013703461,-0.05148524912825999,-0.0035077093934527013,0.06680906565145417,0.10688439987681451,0.9431367812499994,1.8828567812499997,1.8049967812499994,0.08856000000000006,-0.26406000000000013,-1.4009849999999995,-0.09544963514392174,1.8179672901752892,2.908472688718632
x_fixed,14.324999999999996,2.8000000000000007,0.03479000565028461,0.06932407868519111,0.06646277646059462,0.0033750577486121557,-0.010063434384581365,-0.05148524912825999,-0.0033878644851922006,0.06677194706941832,0.10719277821184417,0.9466842812499994,1.8864042812499993,1.8085442812499994,0.09184000000000003,-0.27384000000000003,-1.4009849999999995,-0.09218848905563026,1.8169572421026083,2.9168640907030183
x_fixed,14.324999999999996,2.9000000000000004,0.034925114533263406,0.0694591875681699,0.06659788534357342,0.0034955955253483037,-0.01042284275545927,-0.05148524912825999,-0.0032636787698516988,0.06673507417872739,0.10751079203613106,0.9503607812499995,1.8900807812499991,1.8122207812499993,0.09512000000000002,-0.28362000000000004,-1.4009849999999995,-0.08880922358926555,1.8159538796320112,2.925517687707253
x_fixed,14.324999999999996,3.0,0.03506496407880286,0.06959903711370936,0.06673773488911286,0.0036161333020844517,-0.010782251126337175,-0.05148524912825999,-0.003135154118371766,0.06669857400339702,0.10783831619659989,0.9541662812499994,1.8938862812499992,1.816026281249999,0.09840000000000002,-0.2934,-1.4009849999999995,-0.08531188965571411,1.8149606592630503,2.934430074142663
x_fixed,14.324999999999996,3.1000000000000014,0.03520955428690298,0.06974362732180948,0.06688232509721298,0.003736671078820602,-0.011141659497215085,-0.05148524912825999,-0.0030022924724721124,0.06666257242810945,0.10817522675028815,0.9581007812499994,1.8978207812499994,1.8199607812499992,0.10168000000000006,-0.3031800000000001,-1.4009849999999995,-0.08169654009186095,1.8139810064924364,2.9435978773494242
x_fixed,14.324999999999996,3.200000000000001,0.035358885157563746,0.06989295819247025,0.06703165596787375,0.00385720885555675,-0.01150106786809299,-0.05148524912825999,-0.0028650958451844656,0.06662719398232729,0.10852140118076486,0.9621642812499993,1.9018842812499992,1.8240242812499992,0.10496000000000005,-0.3129600000000001,-1.4009849999999995,-0.07796322967508992,1.8130183099394752,2.9530177634856107
x_fixed,14.324999999999996,3.3000000000000007,0.035512956690785184,0.07004702972569168,0.0671857275010952,0.003977746632292898,-0.011860476238970893,-0.05148524912825999,-0.0027235663214034843,0.06659256164745,0.10887671859152548,0.9663567812499995,1.9060767812499992,1.8282167812499994,0.10824000000000003,-0.32274,-1.4009849999999995,-0.07411201513827491,1.812075916098529,2.9626864427897424
x_fixed,14.324999999999996,3.4000000000000004,0.03567176888656727,0.07020584192147378,0.06734453969687729,0.004098284409029046,-0.012219884609848798,-0.05148524912825999,-0.00257770605845625,0.06655879668613714,0.10924105987723753,0.9706782812499992,1.910398281249999,1.8325382812499995,0.11152000000000002,-0.33252000000000004,-1.4009849999999995,-0.07014295518527634,1.8111571246946636,2.972600674240613
x_fixed,14.324999999999996,3.5,0.035835321744910026,0.07036939477981653,0.06750809255522003,0.004218822185765194,-0.012579292980726704,-0.05148524912825999,-0.002427517286689835,0.06652601849280669,0.10961430787382974,0.9751287812499994,1.9148487812499992,1.8369887812499992,0.11480000000000001,-0.3423,-1.4009849999999995,-0.06605611050692989,1.8102651846155033,2.9827572696414246
x_fixed,14.324999999999996,3.6000000000000014,0.03600361526581344,0.07053768830071995,0.06767638607612345,0.0043393599625013435,-0.012938701351604614,-0.05148524912825999,-0.002273002310076854,0.06649434446422828,0.10999634748850548,0.9797082812499995,1.9194282812499994,1.8415682812499992,0.11808000000000006,-0.3520800000000001,-1.4009849999999995,-0.06185154379752426,1.8094032903898896,2.993153097157635
x_fixed,14.324999999999996,3.700000000000001,0.03617664944927751,0.07071072248418402,0.06784942025958751,0.0044598977392374915,-0.013298109722482519,-0.05148524912825999,-0.0021141635068397824,0.06646388988906463,0.11038706581082422,0.9844167812499993,1.9241367812499992,1.8462767812499992,0.12136000000000005,-0.3618600000000001,-1.4009849999999995,-0.05752931977178981,1.808574579182154,3.003785084339634
x_fixed,14.324999999999996,3.8000000000000007,0.036354424295302244,0.07088849733020874,0.06802719510561225,0.00458043551597364,-0.013657518093360424,-0.05148524912825999,-0.00195100333009279,0.06643476785517703,0.11078635220603904,0.9892542812499995,1.9289742812499993,1.8511142812499994,0.12464000000000004,-0.3716400000000001,-1.4009849999999995,-0.05308950518236373,1.80778212826977,3.0146502206625927
x_fixed,14.324999999999996,3.9000000000000004,0.036536939803887634,0.07107101283879413,0.06820971061419764,0.004700973292709788,-0.014016926464238327,-0.05148524912825999,-0.0017835243085022807,0.06640708917348732,0.11119409839189434,0.9942207812499995,1.9339407812499991,1.8560807812499993,0.12792000000000003,-0.38142000000000004,-1.4009849999999995,-0.04853216883776422,1.8070289529715315,3.02574555961623
x_fixed,14.324999999999996,4.0,0.03672419597503368,0.07125826900994019,0.06839696678534368,0.004821511069445936,-0.014376334835116232,-0.05148524912825999,-0.0016117290469650142,0.06638096231718642,0.11161019850009608,0.9993162812499993,1.9390362812499993,1.861176281249999,0.1312,-0.3912,-1.4009849999999995,-0.043857381620843135,1.806318004993334,3.037068220377505
x_fixed,14.324999999999996,4.100000000000001,0.036916192808740395,0.0714502658436469,0.0685889636190504,0.0049420488461820854,-0.014735743205994143,-0.05148524912825999,-0.001435620227304506,0.06635649337509024,0.112034549123652,1.0045407812499993,1.9442607812499995,1.8664007812499992,0.13448000000000007,-0.4009800000000001,-1.4009849999999995,-0.039065216507736,1.8056521711589244,3.048615389098811
x_fixed,14.324999999999996,4.200000000000001,0.037112930305007764,0.07164700333991428,0.06878570111531777,0.0050625866229182335,-0.015095151576872048,-0.05148524912825999,-0.0012552006089855215,0.06633378601796863,0.1124670493512567,1.0098942812499996,1.9496142812499997,1.8717542812499994,0.13776000000000005,-0.41076000000000007,-1.4009849999999995,-0.03415574858730438,1.8050342724936628,3.06038431984364
x_fixed,14.324999999999996,4.300000000000001,0.03731440846383579,0.07184848149874229,0.0689871792741458,0.0051831243996543815,-0.015454559947749953,-0.05148524912825999,-0.0010704730298459631,0.06631294147670522,0.11290760078986459,1.0153767812499994,1.955096781249999,1.8772367812499993,0.14104000000000005,-0.4205400000000001,-1.4009849999999995,-0.02912905508105154,1.8044670636302234,3.072372335200825
x_fixed,14.324999999999996,4.4,0.03752062728522448,0.07205470032013098,0.06919339809553449,0.00530366217639053,-0.015813968318627858,-0.05148524912825999,-0.000881440406847018,0.06629405853118951,0.11335610757654747,1.0209882812499993,1.9607082812499992,1.8828482812499994,0.14432000000000003,-0.43032000000000004,-1.4009849999999995,-0.023985215363535012,1.8039532325063337,3.0845768266072
x_fixed,14.324999999999996,4.5,0.037731586769173826,0.07226565980408034,0.06940435757948384,0.005424199953126678,-0.01617337668950576,-0.05148524912825999,-0.0006881057368406383,0.06627723350888902,0.11381247638068964,1.0267287812499994,1.9664487812499996,1.8885887812499993,0.14760000000000004,-0.4401,-1.4009849999999995,-0.01872431098325078,1.8034954003259176,3.0969952544073323
x_fixed,14.324999999999996,4.600000000000001,0.03794728691568383,0.07248135995059034,0.06962005772599383,0.005544737729862827,-0.01653278506038367,-0.05148524912825999,-0.0004904720973548556,0.06626256029210485,0.11427661639751799,1.0325982812499994,1.9723182812499993,1.894458281249999,0.15088000000000007,-0.4498800000000001,-1.4009849999999995,-0.013346425684002803,1.8030961217565324,3.1096251476774674
x_fixed,14.324999999999996,4.700000000000001,0.0381677277247545,0.07270180075966101,0.06984049853506451,0.0056652755065989754,-0.01689219343126158,-0.05148524912825999,-0.000288542647396255,0.06625013033296594,0.11474843933391027,1.0385967812499994,1.9783167812499995,1.9004567812499993,0.15416000000000005,-0.4596600000000001,-1.4009849999999995,-0.007851645426739419,1.8027578853373816,3.1224641038393544
x_fixed,14.324999999999996,4.800000000000001,0.03839290919638583,0.07292698223129233,0.07006568000669583,0.0057858132833351235,-0.01725160180213948,-0.05148524912825999,-8.232062826993415e-05,0.0662400326752787,0.11522785938736524,1.0447242812499995,1.9844442812499994,1.9065842812499991,0.15744000000000005,-0.4694400000000001,-1.4009849999999995,-0.002240058411865577,1.8024831140738744,3.1355097880879894
x_fixed,14.324999999999996,4.9,0.03862283133057781,0.07315690436548432,0.07029560214088781,0.0059063510600712715,-0.017611010173017385,-0.05148524912825999,0.0001281906355834708,0.06623235398240444,0.11571479321896205,1.0509807812499994,1.9907007812499993,1.9128407812499992,0.16072000000000003,-0.47922,-1.4009849999999995,0.003488244897980517,1.8022741661962087,3.1487599326558096
x_fixed,14.324999999999996,5.0,0.03885749412733045,0.07339156716223696,0.07053026493764046,0.00602688883680742,-0.017970418543895292,-0.05148524912825999,0.00034298773573389406,0.06622717857039835,0.11620915992107561,1.0573662812499993,1.9970862812499994,1.9192262812499992,0.16400000000000003,-0.48900000000000005,-1.4009849999999995,0.009333171754691852,1.802133336061129,3.1622123359341767
x_fixed,14.324999999999996,5.100000000000001,0.03909689758664376,0.07363097062155027,0.07076966839695377,0.006147426613543569,-0.018329826914773202,-0.05148524912825999,0.0005620671788911204,0.06622458844569806,0.11671088098055868,1.0638807812499993,2.0036007812499994,1.9257407812499994,0.16728000000000007,-0.49878000000000017,-1.4009849999999995,0.01529462710099911,1.802062855177484,3.1758648614715166
x_fixed,14.324999999999996,5.200000000000001,0.039341041708517724,0.07387511474342423,0.07101381251882774,0.006267964390279717,-0.018689235285651105,-0.05148524912825999,0.000785425386017494,0.06622466334670916,0.117219880238043,1.0705242812499993,2.0102442812499994,1.9323842812499996,0.17056000000000004,-0.5085600000000001,-1.4009849999999995,0.02137251354632625,1.8020648933378274,3.1897154368658436
x_fixed,14.324999999999996,5.300000000000001,0.03958992649295235,0.07412399952785886,0.07126269730326236,0.0063885021670158654,-0.01904864365652901,-0.05148524912825999,0.0010130586914245913,0.06622748078868763,0.11773608384396138,1.0772967812499994,2.0170167812499997,1.9391567812499995,0.17384000000000005,-0.51834,-1.4009849999999995,0.027566731342209723,1.8021415598397292,3.2037620525680603
x_fixed,14.324999999999996,5.4,0.03984355193994763,0.07437762497485415,0.07151632275025764,0.0065090399437520135,-0.019408052027406916,-0.05148524912825999,0.001244963341853402,0.06623311611137231,0.1182594202118337,1.0841982812499995,2.0239182812499994,1.9460582812499994,0.17712000000000003,-0.52812,-1.4009849999999995,0.03387717835726892,1.8022949047819226,3.2180027606108066
x_fixed,14.324999999999996,5.5,0.04010191804950357,0.07463599108441007,0.07177468885981358,0.0066295777204881615,-0.01976746039828482,-0.05148524912825999,0.0014811354955392793,0.06624164252886931,0.11878981996931857,1.0912287812499992,2.0309487812499993,1.9530887812499995,0.18040000000000003,-0.5378999999999999,-1.4009849999999995,0.04030375005176216,1.802526920421728,3.232435673276506
x_fixed,14.324999999999996,5.600000000000001,0.040365024821620174,0.07489909785652668,0.07203779563193019,0.006750115497224311,-0.02012686876916273,-0.05148524912825999,0.0017215712212611525,0.06625313118133867,0.11932721590747733,1.0983882812499994,2.0381082812499995,1.9602482812499995,0.18368000000000007,-0.5476800000000001,-1.4009849999999995,0.046846339451714486,1.8028395425815178,3.247058961716769
x_fixed,14.324999999999996,5.700000000000001,0.040632872256297435,0.07516694529120393,0.07230564306660744,0.006870653273960459,-0.020486277140040636,-0.05148524912825999,0.0019662664973755612,0.06626765118807602,0.11987154292865726,1.1056767812499995,2.045396781249999,1.9675367812499993,0.18696000000000007,-0.5574600000000001,-1.4009849999999995,0.05350483712263235,1.8032346520931422,3.2618708545342243
x_fixed,14.324999999999996,5.800000000000001,0.04090546035353536,0.07543953338844187,0.07257823116384537,0.006991191050696607,-0.02084568551091854,-0.05148524912825999,0.0022152172108362597,0.06628526970162617,0.12042273799336015,1.1130942812499995,2.0528142812499994,1.9749542812499996,0.19024000000000005,-0.5672400000000001,-1.4009849999999995,0.060279131142825695,1.8037140762704353,3.2768696363367367
x_fixed,14.324999999999996,5.9,0.04118278911333394,0.07571686214824044,0.07285555992364395,0.0071117288274327554,-0.021205093881796443,-0.05148524912825999,0.0024684191561992184,0.06630605196260037,0.12098074006641873,1.1206407812499994,2.0603607812499996,1.9825007812499995,0.19352000000000005,-0.57702,-1.4009849999999995,0.06716910707633271,1.804279590400869,3.292053646272796
x_fixed,14.324999999999996,6.0,0.04146485853569318,0.07599893157059968,0.07313762934600318,0.0072322666041689035,-0.02156450225267435,-0.05148524912825999,0.0027258680346137756,0.06633006135490913,0.12154549006277321,1.1283162812499994,2.0680362812499995,1.9901762812499992,0.19680000000000003,-0.5868,-1.4009849999999995,0.07417464794546763,1.8049329192485142,3.307421276556018
x_fixed,14.324999999999996,6.100000000000001,0.04175166862061308,0.07628574165551959,0.07342443943092308,0.007352804380905053,-0.02192391062355226,-0.05148524912825999,0.0029875594528002945,0.06635735946115197,0.12211693079310348,1.1361207812499996,2.0758407812499993,1.9979807812499992,0.20008000000000006,-0.5965800000000001,-1.4009849999999995,0.08129563420300137,1.8056757385612723,3.3229709709857245
x_fixed,14.324999999999996,6.199999999999999,0.04204321936809363,0.07657729240300014,0.07371599017840363,0.0074733421576412,-0.022283318994430156,-0.05148524912825999,0.003253488922014901,0.06638800611793874,0.12269500690954377,1.1440542812499992,2.0837742812499993,2.005914281249999,0.20336,-0.6063599999999999,-1.4009849999999995,0.0885319437039906,1.8065096765762454,3.3387012234697617
x_fixed,14.324999999999996,6.300000000000001,0.04233951077813486,0.07687358381304137,0.07401228158844486,0.007593879934377349,-0.02264272736530807,-0.05148524912825999,0.003523651857001763,0.06642205947094229,0.1232796648516771,1.1521167812499995,2.0918367812499996,2.0139767812499993,0.20664000000000005,-0.6161400000000001,-1.4009849999999995,0.09588345167726785,1.807436315517796,3.3546105765549363
x_fixed,14.324999999999996,6.400000000000002,0.042640542850736735,0.07717461588564324,0.07431331366104674,0.0077144177111135,-0.02300213573618598,-0.05148524912825999,0.0037980435749333285,0.06645957602951125,0.12387085279298221,1.1603082812499994,2.1000282812499993,2.022168281249999,0.2099200000000001,-0.6259200000000003,-1.4009849999999995,0.10335003069660387,1.808457193083636,3.3706976199697603
x_fixed,14.324999999999996,6.5,0.042946315585899265,0.07748038862080578,0.07461908639620927,0.007834955487849645,-0.023361544107063877,-0.05148524912825999,0.004076659294339502,0.06650061072069123,0.1244685205878835,1.1686287812499994,2.1083487812499992,2.0304887812499994,0.21320000000000003,-0.6356999999999999,-1.4009849999999995,0.11093155065156907,1.8095738039148195,3.386960989183607
x_fixed,14.324999999999996,6.600000000000001,0.04325682898362247,0.07779090201852898,0.07492959979393249,0.007955493264585795,-0.023720952477941787,-0.05148524912825999,0.004359494134026059,0.06654521694252759,0.12507261971953024,1.1770782812499996,2.1167982812499995,2.0389382812499997,0.21648000000000006,-0.64548,-1.4009849999999995,0.11862787871810206,1.8107876010461827,3.4033993639857125
x_fixed,14.324999999999996,6.699999999999999,0.04357208304390632,0.07810615607881283,0.07524485385421634,0.008076031041321942,-0.024080360848819687,-0.05148524912825999,0.004646543111983094,0.06659344661653778,0.12568310324841464,1.1856567812499994,2.1253767812499995,2.0475167812499997,0.21976,-0.65526,-1.4009849999999995,0.12643887932880704,1.8120999973341922,3.420011467087
x_fixed,14.324999999999996,6.800000000000001,0.04389207776675084,0.07842615080165735,0.07556484857706085,0.008196568818058091,-0.024439769219697597,-0.05148524912825999,0.004937801144284254,0.0666453502392635,0.12629992576192114,1.1943642812499995,2.1340842812499994,2.0562242812499996,0.22304000000000004,-0.6650400000000001,-1.4009849999999995,0.13436441414300035,1.813512366859748,3.4367960627472462
x_fixed,14.324999999999996,6.900000000000002,0.04421681315215602,0.07875088618706252,0.07588958396246603,0.008317106594794241,-0.024799177590575507,-0.05148524912825999,0.005233263043977775,0.0667009769328239,0.12692304332488288,1.2032007812499994,2.1429207812499995,2.0650607812499997,0.2263200000000001,-0.6748200000000002,-1.4009849999999995,0.1424043420165341,1.815026046303807,3.453751955429657
x_fixed,14.324999999999996,7.0,0.044546289200121846,0.07908036223502835,0.07621906001043185,0.008437644371530387,-0.025158585961453407,-0.05148524912825999,0.00553292351996942,0.06676037449440693,0.12755241343120569,1.2121662812499994,2.151886281249999,2.074026281249999,0.22960000000000003,-0.6846,-1.4009849999999995,0.15055851897139938,1.8166423362941126,3.470877988484485
x_fixed,14.324999999999996,7.100000000000001,0.04488050591064834,0.07941457894555484,0.07655327672095835,0.008558182148266537,-0.025517994332331317,-0.05148524912825999,0.005836777175899317,0.06682358944464961,0.1281879949566126,1.2212607812499994,2.1609807812499993,2.0831207812499994,0.2328800000000001,-0.6943800000000001,-1.4009849999999995,0.15882679816516335,1.8183625027216872,3.488173042863147
x_fixed,14.324999999999996,7.199999999999999,0.045219463283735495,0.079753536318642,0.0768922340940455,0.008678719925002683,-0.025877402703209217,-0.05148524912825999,0.006144818509012585,0.06689066707486567,0.12882974811254455,1.2304842812499994,2.1702042812499993,2.092344281249999,0.23616,-0.70416,-1.4009849999999995,0.16720902986023756,1.8201877780259619,3.5056360358637932
x_fixed,14.324999999999996,7.300000000000001,0.04556316131938331,0.08009723435428981,0.07723593212969332,0.008799257701738833,-0.026236811074087128,-0.05148524912825999,0.0064570419090255165,0.0669616514930923,0.1294776344012486,1.2398367812499993,2.179556781249999,2.1016967812499994,0.23944000000000007,-0.7139400000000001,-1.4009849999999995,0.17570506139302502,1.8221193624477736,3.5232659199091985
x_fixed,14.324999999999996,7.400000000000002,0.04591160001759178,0.08044567305249828,0.07758437082790179,0.008919795478474983,-0.026596219444965038,-0.05148524912825999,0.0067734416569877305,0.06703658566893358,0.13013161657207056,1.2493182812499992,2.189038281249999,2.111178281249999,0.2427200000000001,-0.7237200000000003,-1.4009849999999995,0.1843147371429581,1.8241584252496155,3.5410616813574247
x_fixed,14.324999999999996,7.5,0.04626477937836091,0.08079885241326742,0.07793755018867092,0.00904033325521113,-0.026955627815842934,-0.05148524912825999,0.007094011924142172,0.0671155114771882,0.13079165857896888,1.2589287812499994,2.1986487812499993,2.120788781249999,0.24600000000000005,-0.7334999999999999,-1.4009849999999995,0.19303789850147718,1.8263061059028085,3.559022339345712
x_fixed,14.324999999999996,7.600000000000001,0.046622699401690705,0.08115677243659722,0.07829547021200073,0.00916087103194728,-0.027315036186720848,-0.05148524912825999,0.007418746770783412,0.06719846974025358,0.1314577255392517,1.2686682812499994,2.2083882812499995,2.1305282812499997,0.24928000000000008,-0.7432800000000002,-1.4009849999999995,0.20187438384096362,1.8285635152413768,3.5771469446676587
x_fixed,14.324999999999996,7.699999999999999,0.04698536008758115,0.08151943312248766,0.07865813089789117,0.009281408808683425,-0.027674444557598744,-0.05148524912825999,0.007747640145115911,0.06728550026930562,0.1321297836935385,1.278536781249999,2.218256781249999,2.1403967812499993,0.25256,-0.75306,-1.4009849999999995,0.21082402848367154,1.8309317365826048,3.595434578683723
x_fixed,14.324999999999996,7.800000000000001,0.047352761436032266,0.08188683447093878,0.07902553224634229,0.009401946585419575,-0.028033852928476655,-0.05148524912825999,0.008080685882113688,0.06737664190425774,0.132807800366942,1.2885342812499994,2.2282542812499995,2.1503942812499997,0.25584000000000007,-0.7628400000000001,-1.4009849999999995,0.2198866646706978,1.8334118268143778,3.6138843522649258
x_fixed,14.324999999999996,7.900000000000002,0.04772490344704403,0.08225897648195055,0.07939767425735406,0.009522484362155725,-0.028393261299354565,-0.05148524912825999,0.008417877702382299,0.06747193255250789,0.13349174393145846,1.2986607812499993,2.238380781249999,2.1605207812499994,0.2591200000000001,-0.7726200000000002,-1.4009849999999995,0.22906212153101474,1.836004817449543,3.6324954047694407
x_fixed,14.324999999999996,8.0,0.04810178612061646,0.08263585915552296,0.07977455693092647,0.009643022138891871,-0.028752669670232465,-0.05148524912825999,0.008759209211025213,0.06757140922648489,0.13418158376955575,1.3089162812499993,2.248636281249999,2.1707762812499993,0.2624,-0.7824,-1.4009849999999995,0.2383502250506229,1.8387117156475974,3.6512669030517757
x_fixed,14.324999999999996,8.100000000000001,0.04848340945674955,0.08301748249165605,0.08015618026705956,0.009763559915628021,-0.029112078041110375,-0.05148524912825999,0.009104673896515715,0.0676751080800095,0.13487729023893996,1.3193007812499993,2.259020781249999,2.181160781249999,0.2656800000000001,-0.7921800000000001,-1.4009849999999995,0.24775079804185368,1.8415335052041217,3.6701980405040224
x_fixed,14.324999999999996,8.2,0.04886977345544329,0.08340384649034979,0.0805425442657533,0.009884097692364167,-0.029471486411988275,-0.05148524912825999,0.009454265129576025,0.06778306444348717,0.13557883463848322,1.3298142812499991,2.2695342812499986,2.191674281249999,0.26896000000000003,-0.8019599999999999,-1.4009849999999995,0.257263660112869,1.8444711475084248,3.6892880361287035
x_fixed,14.324999999999996,8.3,0.04926087811669771,0.08379495115160421,0.08093364892700772,0.010004635469100317,-0.029830894782866185,-0.05148524912825999,0.009807976162065786,0.0678953128579537,0.13628618917529015,1.3404567812499992,2.280176781249999,2.202316781249999,0.27224000000000004,-0.81174,-1.4009849999999995,0.26688862763741505,1.8475255824699732,3.7085361336426086
x_fixed,14.324999999999996,8.400000000000002,0.049656723440512786,0.0841907964754193,0.08132949425082281,0.010125173245836467,-0.030190303153744096,-0.05148524912825999,0.010165800125880954,0.06801188710799402,0.13699932693287992,1.3512282812499994,2.2909482812499995,2.2130882812499997,0.2755200000000001,-0.8215200000000001,-1.4009849999999995,0.27662551372486005,1.8506977294141571,3.727941600610982
x_fixed,14.324999999999996,8.5,0.0500573094268885,0.08459138246179501,0.08173008023719852,0.010245711022572613,-0.030549711524621995,-0.05148524912825999,0.010527730031865872,0.06813282025355745,0.1377182218404587,1.3621287812499991,2.301848781249999,2.223988781249999,0.27880000000000005,-0.8313,-1.4009849999999995,0.28647412819058976,1.8539884879480257,3.747503727611382
x_fixed,14.324999999999996,8.600000000000001,0.050462636075824886,0.0849967091107314,0.08213540688613491,0.010366248799308763,-0.030909119895499906,-0.05148524912825999,0.010893758768739955,0.06825814466069456,0.13844284864325668,1.3731582812499992,2.3128782812499993,2.2350182812499995,0.2820800000000001,-0.8410800000000002,-1.4009849999999995,0.29643427752680157,1.857398738796683,3.7672218274265132
x_fixed,14.324999999999996,8.7,0.05087270338732192,0.08540677642222844,0.08254547419763195,0.01048678657604491,-0.031268528266377806,-0.05148524912825999,0.01126387910204116,0.06838789203123888,0.13917318287390232,1.3843167812499988,2.324036781249999,2.246176781249999,0.28536,-0.85086,-1.4009849999999995,0.30650576487375447,1.8609293446109658,3.787095234265278
x_fixed,14.324999999999996,8.8,0.051287511361379635,0.08582158439628615,0.08296028217168966,0.01060732435278106,-0.031627936637255716,-0.05148524912825999,0.01163808367308871,0.06852209343146036,0.13990920082480646,1.3956042812499991,2.3353242812499992,2.2574642812499994,0.28864000000000006,-0.8606400000000001,-1.4009849999999995,0.31668838999154364,1.864581150747145,3.8071233030113114
x_fixed,14.324999999999996,8.900000000000002,0.05170705999799801,0.08624113303290451,0.08337983080830802,0.010727862129517209,-0.031987345008133626,-0.05148524912825999,0.012016364997967028,0.06866077931971591,0.14065087952152755,1.4070207812499993,2.346740781249999,2.268880781249999,0.2919200000000001,-0.8704200000000002,-1.4009849999999995,0.3269819492324516,1.8683549860193347,3.82730540849821
x_fixed,14.324999999999996,9.0,0.05213134929717703,0.08666542233208355,0.08380412010748706,0.010848399906253355,-0.03234675337901152,-0.05148524912825999,0.012398715466533696,0.06880397957312319,0.1413981966970907,1.4185662812499993,2.3582862812499994,2.2804262812499996,0.2952000000000001,-0.8802,-1.4009849999999995,0.3373862355139537,1.8722516634253237,3.8476409448107196
x_fixed,14.324999999999996,9.100000000000001,0.05256037925891672,0.08709445229382323,0.08423315006922674,0.010968937682989505,-0.03270616174988943,-0.05148524912825999,0.01278512734145349,0.06895172351328323,0.14215113076722996,1.4302407812499993,2.3699607812499996,2.29210078125,0.2984800000000001,-0.8899800000000001,-1.4009849999999995,0.34790103829243263,1.8762719808465225,3.8681293246110426
x_fixed,14.324999999999996,9.200000000000003,0.05299414988321708,0.0875282229181236,0.0846669206935271,0.011089475459725655,-0.03306557012076734,-0.05148524912825999,0.01317559275726153,0.06910403993107857,0.14290966080652764,1.4420442812499998,2.3817642812499997,2.30390428125,0.30176000000000014,-0.8997600000000002,-1.4009849999999995,0.35852614353768547,1.8804167217227568,3.8887699784895564
x_fixed,14.324999999999996,9.3,0.05343266117007806,0.08796673420498458,0.08510543198038809,0.011210013236461801,-0.03342497849164524,-0.05148524912825999,0.013570103719458038,0.06926095711057209,0.14367376652542055,1.4539767812499993,2.393696781249999,2.3158367812499994,0.3050400000000001,-0.9095399999999999,-1.4009849999999995,0.36926133370829106,1.884686655702586,3.9095623543391196
x_fixed,14.324999999999996,9.400000000000002,0.053875913119499734,0.08840998615440623,0.08554868392980974,0.011330551013197951,-0.03378438686252316,-0.05148524912825999,0.013968652103637827,0.06942250285203172,0.14444342824804618,1.4660382812499995,2.4057582812499994,2.3278982812499995,0.3083200000000001,-0.9193200000000002,-1.4009849999999995,0.3801063877279217,1.8890825392698385,3.9305059167522383
x_fixed,14.324999999999996,9.5,0.054323905731482054,0.08885797876638857,0.08599667654179208,0.011451088789934097,-0.03414379523340105,-0.05148524912825999,0.014371229654657033,0.06958870449410573,0.14521862689089984,1.4782287812499995,2.4179487812499993,2.3400887812499995,0.31160000000000004,-0.9291,-1.4009849999999995,0.3910610809626692,1.893605116347032,3.951600146440295
x_fixed,14.324999999999996,9.600000000000001,0.05477663900602504,0.08931071204093155,0.08644940981633506,0.011571626566670247,-0.03450320360427896,-0.05148524912825999,0.01477782798584094,0.06975958893517367,0.14599934394227707,1.4905482812499995,2.4302682812499996,2.35240828125,0.3148800000000001,-0.9388800000000002,-1.4009849999999995,0.4021251851994887,1.8982551188763614,3.9728445396741496
x_fixed,14.324999999999996,9.700000000000003,0.05523411294312868,0.08976818597803518,0.08690688375343869,0.011692164343406397,-0.034862611975156874,-0.05148524912825999,0.01518843857823524,0.06993518265389528,0.14678556144247207,1.5029967812499996,2.4427167812499992,2.3648567812499994,0.3181600000000001,-0.9486600000000003,-1.4009849999999995,0.4132984686258239,1.9030332673788646,3.9942386077453107
x_fixed,14.324999999999996,9.8,0.055696327542792974,0.09023040057769949,0.087369098353103,0.011812702120142543,-0.03522202034603477,-0.05148524912825999,0.015603052779904926,0.07011551172898159,0.14757726196470902,1.5155742812499993,2.4552942812499996,2.37743428125,0.32144000000000006,-0.95844,-1.4009849999999995,0.4245806958105297,1.9079402714924198,4.0157818764470505
x_fixed,14.324999999999996,9.900000000000002,0.05616328280501794,0.09069735583992444,0.08783605361532795,0.011933239896878693,-0.03558142871691268,-0.05148524912825999,0.016021661805283666,0.07030060185820981,0.14837442859677683,1.5282807812499994,2.4680007812499993,2.3901407812499995,0.3247200000000001,-0.9682200000000001,-1.4009849999999995,0.4359716276861672,1.9129768304891688,4.037473885574661
x_fixed,2.549999999999997,-10.0,0.023729078671807877,0.029876505285351438,0.04120852627143641,-0.01205377767361484,0.035940837087790584,-0.009164913457386587,-0.001309059362457158,0.020005054285434865,0.07611811530561803,0.6457011250000001,0.8129811249999999,1.1213411249999998,-0.32800000000000007,0.9780000000000001,-0.2493899999999997,-0.03562131993074853,0.5443652590329255,2.0712794358978233
x_fixed,2.549999999999997,-9.9,0.02325738274702226,0.02940480936056582,0.04073683034665079,-0.011933239896878691,0.03558142871691267,-0.009164913457386587,-0.001410250934067698,0.019534205320856327,0.07527506806745027,0.6328656250000001,0.800145625,1.1085056249999998,-0.32472000000000006,0.96822,-0.2493899999999997,-0.038374882870681484,0.5315528059942555,2.048338951876427
x_fixed,2.549999999999997,-9.8,0.0227904274847973,0.028937854098340862,0.04026987508442584,-0.011812702120142543,0.03522202034603477,-0.009164913457386587,-0.0015068872012388218,0.01906813034622046,0.07443691352258235,0.6201591250000001,0.787439125,1.095799125,-0.32144000000000006,0.95844,-0.2493899999999997,-0.041004489662045424,0.5188702598398498,2.0255316048221954
x_fixed,2.549999999999997,-9.7,0.022328212885132995,0.028475639498676555,0.03980766048476153,-0.011692164343406393,0.03486261197515686,-0.009164913457386587,-0.0015989745115262668,0.01860683122008673,0.07360365616001058,0.607581625,0.7748616249999998,1.083221625,-0.31816000000000005,0.9486599999999998,-0.2493899999999997,-0.043510313030631236,0.5063176711436882,2.002857516886942
x_fixed,2.549999999999997,-9.6,0.021870738948029354,0.028018165561572914,0.03935018654765789,-0.011571626566670245,0.034503203604278956,-0.009164913457386587,-0.0016865195258040698,0.01815030993759236,0.07277530064547183,0.595133125,0.7624131249999998,1.0707731249999999,-0.31488000000000005,0.9388799999999999,-0.2493899999999997,-0.04589253422805507,0.4938950941962201,1.9803168150318338
x_fixed,2.549999999999997,-9.5,0.021418005673486375,0.027565432287029935,0.03889745327311491,-0.011451088789934097,0.03414379523340105,-0.009164913457386587,-0.0017695292395550051,0.017698568643052436,0.07195185183013375,0.5828136250000001,0.7500936249999999,1.058453625,-0.31160000000000004,0.9291,-0.2493899999999997,-0.04815134361110067,0.48160258734723155,1.957909631263868
x_fixed,2.549999999999997,-9.4,0.020970013061504054,0.027117439675047615,0.03844946066113259,-0.01133055101319795,0.03378438686252315,-0.009164913457386587,-0.0018480110060824085,0.017251609643969646,0.07113331475979705,0.5706231250000001,0.737903125,1.046263125,-0.30832000000000004,0.91932,-0.2493899999999997,-0.0502869412733453,0.46944021338706954,1.9356361028862765
x_fixed,2.549999999999997,-9.3,0.02052676111208239,0.02667418772562595,0.038006208711710926,-0.011210013236461801,0.03342497849164524,-0.009164913457386587,-0.0019219725618652757,0.0168094354266404,0.07031969468464414,0.5585616250000001,0.7258416249999999,1.034201625,-0.3050400000000001,0.9095399999999999,-0.2493899999999997,-0.05229953773510708,0.457408039971306,1.9134963727638008
x_fixed,2.549999999999997,-9.2,0.020088249825221383,0.026235676438764944,0.037567697424849916,-0.011089475459725651,0.03306557012076733,-0.009164913457386587,-0.001991422054308999,0.016372048673572188,0.06951099706957303,0.5466291249999999,0.7139091249999998,1.0222691249999998,-0.30176000000000003,0.8997599999999998,-0.2493899999999997,-0.05418935469858107,0.4455061400946883,1.8914905896038918
x_fixed,2.549999999999997,-9.1,0.01965447920092104,0.0258019058144646,0.037133926800549576,-0.010968937682989503,0.032706161749889426,-0.009164913457386587,-0.002056368072181476,0.015939452282960863,0.06870722760515584,0.534825625,0.7021056249999998,1.010465625,-0.29848,0.8899799999999999,-0.2493899999999997,-0.05595662587604787,0.4337345926211432,1.8696189082549046
x_fixed,2.549999999999997,-9.0,0.019225449239181357,0.025372875852724918,0.0367048968388099,-0.010848399906253355,0.03234675337901152,-0.009164913457386587,-0.0021168196790666755,0.01551164939051601,0.06790839221926684,0.523151125,0.6904311249999998,0.998791125,-0.2952000000000001,0.8802,-0.2493899999999997,-0.05760159790019166,0.4220934828776755,1.847881490022516
x_fixed,2.549999999999997,-8.9,0.018801159940002334,0.024948586553545895,0.036280607539630874,-0.010727862129517207,0.03198734500813362,-0.009164913457386587,-0.0021727864502179713,0.015088643393969493,0.06711449708942757,0.5116056250000001,0.6788856249999999,0.987245625,-0.29192000000000007,0.8704200000000001,-0.2493899999999997,-0.059124531326930393,0.4105829033212791,1.826278503005651
x_fixed,2.549999999999997,-8.8,0.01838161130338397,0.02452903791692753,0.035861058903012506,-0.01060732435278106,0.031627936637255716,-0.009164913457386587,-0.002224278513253129,0.014670437980657558,0.06632554865591958,0.5001891250000001,0.6674691249999999,0.975829125,-0.28864000000000006,0.8606400000000001,-0.2493899999999997,-0.06052570174278283,0.39920295428948505,1.804810122453298
x_fixed,2.549999999999997,-8.7,0.017966803329326257,0.024114229942869818,0.035446250928954794,-0.01048678657604491,0.031268528266377806,-0.009164913457386587,-0.002271306593202934,0.014257037158632808,0.06554155363572099,0.4889016249999999,0.6561816249999998,0.9645416249999998,-0.28536,0.85086,-0.2493899999999997,-0.06180540099070418,0.3879537448469606,1.7834765311437428
x_fixed,2.549999999999997,-8.6,0.017556736017829214,0.023704162631372774,0.03503618361745775,-0.010366248799308761,0.0309091198954999,-0.009164913457386587,-0.0023138820625080245,0.013848445291841083,0.06476251903732672,0.477743125,0.6450231249999998,0.9533831249999999,-0.28208000000000005,0.8410799999999999,-0.2493899999999997,-0.0629639385305692,0.37683539374272174,1.7622779197878482
x_fixed,2.549999999999997,-8.5,0.01715140936889283,0.02329883598243639,0.03463085696852136,-0.010245711022572613,0.030549711524621995,-0.009164913457386587,-0.0023520169966586525,0.013444667139992351,0.06398845217651689,0.466713625,0.6339936249999999,0.9423536249999999,-0.27880000000000005,0.8313,-0.2493899999999997,-0.06400164295320726,0.3658480304950747,1.7412144874581323
x_fixed,2.549999999999997,-8.4,0.016750823382517103,0.022898249996060663,0.034230270982145636,-0.010125173245836465,0.03019030315374409,-0.009164913457386587,-0.0023857242362893363,0.01304570790386781,0.06321936069314493,0.45581312500000004,0.6230931249999999,0.9314531249999999,-0.27552000000000004,0.82152,-0.2493899999999997,-0.06491886367008387,0.3549917966244855,1.7202864420455983
x_fixed,2.549999999999997,-8.3,0.01635497805870204,0.0225024046722456,0.03383442565833057,-0.010004635469100317,0.029830894782866185,-0.009164913457386587,-0.0024150174566837427,0.01265157327694171,0.06245525256902024,0.44504162500000016,0.612321625,0.920681625,-0.27224000000000004,0.81174,-0.2493899999999997,-0.06571597280462492,0.344266847058281,1.6994940007463442
x_fixed,2.549999999999997,-8.2,0.015963873397447623,0.022111300010991184,0.033443320997076156,-0.009884097692364167,0.029471486411988275,-0.009164913457386587,-0.0024399112458157505,0.012262269504361047,0.06169613614696966,0.43439912499999994,0.6016791249999998,0.9100391249999997,-0.26896000000000003,0.8019599999999999,-0.2493899999999997,-0.06639336731582215,0.3336733517355683,1.6788373905802532
x_fixed,2.549999999999997,-8.1,0.015577509398753877,0.021724936012297438,0.03305695699838242,-0.00976355991562802,0.029112078041110368,-0.009164913457386587,-0.002460421192259894,0.011877803450526954,0.06094202015116671,0.42388562500000004,0.5911656249999998,0.899525625,-0.26568,0.7921799999999999,-0.2493899999999997,-0.06695147139039828,0.32321149744621797,1.6583168489441813
x_fixed,2.549999999999997,-8.0,0.015195886062620786,0.021343312676164346,0.032675333662249326,-0.009643022138891871,0.028752669670232465,-0.009164913457386587,-0.002476563984557434,0.011498182676765528,0.06019291370882637,0.41350112499999997,0.5807811249999998,0.889141125,-0.2624,0.7824,-0.2493899999999997,-0.0673907391466954,0.31288148994439496,1.6379326242023005
x_fixed,2.549999999999997,-7.9,0.014819003389048357,0.020966430002591917,0.0322984509886769,-0.009522484362155723,0.02839326129935456,-0.009164913457386587,-0.0024883575239303055,0.011123415530874986,0.05944882637337251,0.403245625,0.5705256249999998,0.878885625,-0.2591200000000001,0.7726200000000001,-0.2493899999999997,-0.06771165770177787,0.3026835563852609,1.6176849763165173
x_fixed,2.549999999999997,-7.8,0.014446861378036586,0.020594287991580147,0.03192630897766512,-0.009401946585419573,0.02803385292847665,-0.009164913457386587,-0.0024958210526138803,0.010753511250703934,0.05870976814919179,0.393119125,0.5603991249999998,0.8687591249999999,-0.25584,0.76284,-0.2493899999999997,-0.06791475066354463,0.29261794814348224,1.5975741775200618
x_fixed,2.549999999999997,-7.699999999999999,0.014079460029585475,0.020226886643129036,0.03155890762921401,-0.009281408808683425,0.027674444557598744,-0.009164913457386587,-0.002498975300543108,0.010388480084369902,0.05797574951810173,0.38312162499999997,0.5504016249999998,0.8587616249999999,-0.25256,0.75306,-0.2493899999999997,-0.06800058212226245,0.2826849440845434,1.5776005130377186
x_fixed,2.549999999999997,-7.6,0.013716799343695026,0.019864225957238586,0.031196246943323562,-0.009160871031947277,0.02731503618672084,-0.009164913457386587,-0.0024978426537022418,0.010028333430291327,0.057246781467668095,0.373253125,0.5405331249999998,0.8488931249999999,-0.24928000000000003,0.7432799999999999,-0.2493899999999997,-0.06796976123159534,0.2728848543752111,1.5577642818563844
x_fixed,2.549999999999997,-7.5,0.013358879320365231,0.019506305933908792,0.030838326919993768,-0.00904033325521113,0.026955627815842934,-0.009164913457386587,-0.002492447348164486,0.009673084000909788,0.05652287552152248,0.36351362499999995,0.5307936249999998,0.8391536249999999,-0.24600000000000005,0.7334999999999999,-0.2493899999999997,-0.06782294748869236,0.26321802493864316,1.5380657975500485
x_fixed,2.549999999999997,-7.4,0.013005699959596103,0.019153126573139664,0.03048514755922464,-0.008919795478474981,0.02659621944496503,-0.009164913457386587,-0.002482815694742742,0.009322746014861069,0.055804043771842095,0.3539031250000001,0.5211831249999999,0.8295431249999999,-0.24272000000000005,0.72372,-0.2493899999999997,-0.06756085684724579,0.2536848426836299,1.5185053891636162
x_fixed,2.549999999999997,-7.3,0.012657261261387626,0.018804687874931187,0.030136708861016166,-0.008799257701738832,0.026236811074087124,-0.009164913457386587,-0.002468976340299479,0.008977335423464645,0.055090298914169805,0.34442162499999995,0.5117016249999998,0.8200616249999999,-0.23944000000000001,0.71394,-0.2493899999999997,-0.06718426882809503,0.24428574166768668,1.4990834021604078
x_fixed,2.549999999999997,-7.199999999999999,0.012313563225739812,0.018460989839283373,0.02979301082536835,-0.008678719925002683,0.025877402703209217,-0.009164913457386587,-0.0024509605731875684,0.008636870178809831,0.05438165428476929,0.3350691249999999,0.5023491249999997,0.8107091249999998,-0.23616,0.70416,-0.2493899999999997,-0.06669403483069507,0.23502121039204976,1.4798001994386454
x_fixed,2.549999999999997,-7.1,0.011974605852652661,0.018122032466196224,0.0294540534522812,-0.008558182148266535,0.02551799433233131,-0.009164913457386587,-0.0024288026821064415,0.008301370552509674,0.05367812390072687,0.325845625,0.4931256249999999,0.801485625,-0.23288000000000003,0.6943799999999999,-0.2493899999999997,-0.06609108789808998,0.22589180047541155,1.4606561624226788
x_fixed,2.549999999999997,-7.0,0.011640389142126168,0.01778781575566973,0.029119836741754702,-0.008437644371530387,0.025158585961453407,-0.009164913457386587,-0.002402540379976438,0.007970859516493645,0.0529797225030334,0.316751125,0.4840311249999999,0.7923911249999999,-0.22960000000000003,0.6846,-0.2493899999999997,-0.06537645425112162,0.21689813701581773,1.441651692235304
x_fixed,2.549999999999997,-6.9,0.011310913094160333,0.017458339707703895,0.028790360693788868,-0.00831710659479424,0.024799177590575504,-0.009164913457386587,-0.0023722153074209936,0.007645363200173719,0.05228646560290037,0.30778562500000006,0.47506562499999994,0.7834256249999999,-0.22632000000000005,0.6748200000000001,-0.2493899999999997,-0.06455126698887782,0.20804093103078994,1.422787210958088
x_fixed,2.549999999999997,-6.8,0.010986177708755155,0.017133604322298716,0.02846562530838369,-0.00819656881805809,0.024439769219697594,-0.009164913457386587,-0.002337873634316091,0.007324911442164747,0.0515983695315889,0.298949125,0.4662291249999998,0.7745891249999999,-0.22304000000000002,0.66504,-0.2493899999999997,-0.06361678245768686,0.1993209944704019,1.4040631629872844
x_fixed,2.549999999999997,-6.699999999999999,0.01066618298591064,0.016813609599454202,0.028145630585539178,-0.008076031041321942,0.024080360848819687,-0.009164913457386587,-0.0022995667829155946,0.00700953845976176,0.05091545149405782,0.290241625,0.4575216249999999,0.7658816249999999,-0.21976,0.65526,-0.2493899999999997,-0.06257439992836028,0.19073925843468506,1.3854800164936742
x_fixed,2.549999999999997,-6.6,0.010350928925626784,0.016498355539170347,0.027830376525255322,-0.007955493264585793,0.023720952477941783,-0.009164913457386587,-0.0022573523026922036,0.006699283665978332,0.05023772962676633,0.281663125,0.4489431249999999,0.757303125,-0.21648000000000003,0.6454799999999999,-0.2493899999999997,-0.06142568540182797,0.18229679540637483,1.3670382649954531
x_fixed,2.549999999999997,-6.5,0.010040415527903588,0.01618784214144715,0.027519863127532122,-0.007834955487849645,0.023361544107063877,-0.009164913457386587,-0.0022112949358023696,0.006394192672686119,0.04956522305999912,0.273213625,0.4404936249999999,0.7488536249999999,-0.21320000000000003,0.6356999999999999,-0.2493899999999997,-0.06017240060191551,0.17399484654772832,1.3487384290541873
x_fixed,2.549999999999997,-6.4,0.009734642792741052,0.015882069406284612,0.027214090392369588,-0.007714417711113497,0.023002135736185973,-0.009164913457386587,-0.002161467923761233,0.006094318530036764,0.048897951985119724,0.26489312500000006,0.4321731249999999,0.7405331249999999,-0.20992000000000005,0.62592,-0.2493899999999997,-0.058816538531780656,0.1658348554269122,1.3305810581048685
x_fixed,2.549999999999997,-6.3,0.009433610720139173,0.015581037333682733,0.02691305831976771,-0.0075938799343773485,0.022642727365308066,-0.009164913457386587,-0.002107954621572717,0.005799723267966113,0.04823593772719621,0.25670162500000004,0.42398162499999986,0.7323416249999999,-0.20664000000000002,0.61614,-0.2493899999999997,-0.05736036739663067,0.15781850996446967,1.3125667324321606
x_fixed,2.549999999999997,-6.199999999999999,0.009137319310097952,0.015284745923641513,0.02661676690972649,-0.0074733421576412,0.022283318994430156,-0.009164913457386587,-0.0020508505067051157,0.005510479826681604,0.04757920282348948,0.24863912499999996,0.4159191249999998,0.7242791249999999,-0.20336,0.6063599999999999,-0.2493899999999997,-0.055806485270733105,0.14994779496455812,1.294696065306175
x_fixed,2.549999999999997,-6.1,0.008845768562617394,0.014993195176160955,0.02632521616224593,-0.0073528043809050515,0.021923910623552253,-0.009164913457386587,-0.001990265699047732,0.005226674491729117,0.04692777110834291,0.24070562499999998,0.4079856249999998,0.7163456249999999,-0.20008000000000004,0.59658,-0.2493899999999997,-0.05415788866892915,0.14222505837649402,1.2769697052924354
x_fixed,2.549999999999997,-6.0,0.008558958477697496,0.014706385091241057,0.026038406077326035,-0.0072322666041689035,0.02156450225267435,-0.009164913457386587,-0.0019263281473079787,0.00494840998850498,0.04628166780506757,0.23290112500000004,0.40018112499999986,0.708541125,-0.19680000000000003,0.5868,-0.2493899999999997,-0.05241805925291587,0.13465309550071405,1.2593883387522011
x_fixed,2.549999999999997,-5.8999999999999995,0.008276889055338254,0.014424315668881815,0.02575633665496679,-0.007111728827432755,0.02120509388179644,-0.009164913457386587,-0.0018591876914044383,0.004675809445114032,0.04564091962547727,0.22522562499999996,0.3925056249999998,0.7008656249999998,-0.19352000000000003,0.5770199999999999,-0.2493899999999997,-0.05059107437459291,0.12723525682363673,1.2419526925509559
x_fixed,2.549999999999997,-5.8,0.007999560295539675,0.014146986909083236,0.025479007895168212,-0.0069911910506966065,0.020845685510918536,-0.009164913457386587,-0.0017890212851540059,0.004409021507149914,0.0450055548777952,0.217679125,0.38495912499999985,0.6933191249999999,-0.19024000000000002,0.56724,-0.2493899999999997,-0.04868174919261949,0.11997558719792445,1.2246635369946943
x_fixed,2.549999999999997,-5.7,0.007726972198301754,0.013874398811845315,0.025206419797930292,-0.0068706532739604585,0.020486277140040633,-0.009164913457386587,-0.0017160397670708382,0.0041482269914188685,0.044375603583729335,0.210261625,0.3775416249999998,0.685901625,-0.18696000000000004,0.5574600000000001,-0.2493899999999997,-0.046695820915239855,0.11287900689953158,1.207521689015708
x_fixed,2.549999999999997,-5.6,0.007459124763624491,0.013606551377168052,0.024938572363253027,-0.00675011549722431,0.020126868769162726,-0.009164913457386587,-0.001640496710373268,0.0038936476088239046,0.04375109760559493,0.20297312499999995,0.3702531249999998,0.6786131249999998,-0.18368,0.54768,-0.2493899999999997,-0.0446401896212397,0.10595154898947486,1.1905280156317644
x_fixed,2.549999999999997,-5.5,0.00719601799150789,0.013343444605051451,0.024675465591136425,-0.0066295777204881615,0.01976746039828482,-0.009164913457386587,-0.0015627000804639471,0.0036455574837034486,0.04313207078445625,0.195813625,0.3630936249999998,0.6714536249999998,-0.18040000000000003,0.5378999999999999,-0.2493899999999997,-0.04252323547614099,0.09920067277100664,1.1736834377051337
x_fixed,2.549999999999997,-5.3999999999999995,0.006937651881951947,0.013085078495495507,0.02441709948158048,-0.006509039943752013,0.019408052027406912,-0.009164913457386587,-0.0014830276956253957,0.003404298464293733,0.042518559090359564,0.18878312499999997,0.3560631249999998,0.6644231249999998,-0.17712000000000003,0.5281199999999999,-0.2493899999999997,-0.04035523943916017,0.09263568040852055,1.1569889340306383
x_fixed,2.549999999999997,-5.3,0.006684026434956665,0.012831453048500226,0.0241634740345852,-0.006388502167015865,0.01904864365652901,-0.009164913457386587,-0.0014019478389264684,0.0031703005711251064,0.04191060078584345,0.181881625,0.3491616249999998,0.6575216249999999,-0.17384000000000002,0.51834,-0.2493899999999997,-0.0381489441417563,0.08626827335676161,1.1404455457849942
x_fixed,2.549999999999997,-5.199999999999999,0.006435141650522041,0.012582568264065602,0.023914589250150577,-0.006267964390279716,0.0186892352856511,-0.009164913457386587,-0.0013200468060739973,0.0029441093667756935,0.04130823660403651,0.17510912499999998,0.3423891249999998,0.6507491249999998,-0.17056000000000002,0.5085599999999999,-0.2493899999999997,-0.03592030350286236,0.08011329712976455,1.1240543813730972
x_fixed,2.549999999999997,-5.1,0.006190997528648077,0.012338424142191638,0.023670445128276613,-0.006147426613543568,0.018329826914773195,-0.009164913457386587,-0.001238065646976705,0.0027264225033012605,0.040711509942791754,0.16846562499999998,0.3357456249999998,0.6441056249999999,-0.16728,0.49877999999999995,-0.2493899999999997,-0.033689482517772144,0.07418973580708409,1.1078166217106873
x_fixed,2.549999999999997,-5.0,0.005951594069334773,0.012099020682878334,0.023431041668963308,-0.00602688883680742,0.017970418543895292,-0.009164913457386587,-0.0011569486938090142,0.0025181380385273146,0.040120467076458124,0.161951125,0.32923112499999985,0.6375911249999998,-0.16400000000000003,0.48900000000000005,-0.2493899999999997,-0.03148217777402839,0.06852202678708137,1.091733525986947
x_fixed,2.549999999999997,-4.8999999999999995,0.005716931272582127,0.011864357886125687,0.02319637887221066,-0.005906351060071271,0.01761101017301738,-0.009164913457386587,-0.0010779061947688545,0.002320416838627923,0.03953515738705939,0.15556562499999996,0.3228456249999998,0.6312056249999998,-0.16072,0.4792199999999999,-0.2493899999999997,-0.029331321802798467,0.06314175884759882,1.0758064379551988
x_fixed,2.549999999999997,-4.8,0.005487009138390142,0.011634435751933703,0.022966456738018677,-0.005785813283335123,0.017251601802139478,-0.009164913457386587,-0.0010024913920030545,0.002134759403509198,0.03895563361683636,0.149309125,0.3165891249999998,0.6249491249999999,-0.15744000000000002,0.46943999999999997,-0.2493899999999997,-0.027279180476073278,0.05808976267114373,1.0600367928049288
x_fixed,2.549999999999997,-4.699999999999999,0.005261827666758815,0.011409254280302376,0.02274127526638735,-0.005665275506598974,0.01689219343126157,-0.009164913457386587,-0.0009326864442296505,0.0019630915133670673,0.038381952144311116,0.14318162499999995,0.3104616249999998,0.6188216249999998,-0.15416000000000002,0.45965999999999996,-0.2493899999999997,-0.025379691080330165,0.05341844140645238,1.044426124673877
x_fixed,2.549999999999997,-4.6,0.00504138685768815,0.01118881347123171,0.022520834457316688,-0.005544737729862826,0.016532785060383665,-0.009164913457386587,-0.000870977886864656,0.0018078393868437188,0.037814173286257496,0.137183125,0.3044631249999998,0.6128231249999999,-0.15088000000000001,0.4498799999999999,-0.2493899999999997,-0.02370051569118859,0.04919381582611455,1.028976074865074
x_fixed,2.549999999999997,-4.5,0.004825686711178143,0.010973113324721704,0.02230513431080668,-0.005424199953126678,0.01617337668950576,-0.009164913457386587,-0.0008203766870219259,0.0016719494055231882,0.03725236162820528,0.131313625,0.2985936249999998,0.6069536249999999,-0.14760000000000004,0.4401,-0.2493899999999997,-0.02232358689775764,0.04549606105744149,1.0136884008403162
x_fixed,2.549999999999997,-4.3999999999999995,0.004614727227228796,0.010762153840772356,0.022094174826857334,-0.005303662176390529,0.015813968318627854,-0.009164913457386587,-0.0007843027658826892,0.001558772274369298,0.036696586386371896,0.12557312499999998,0.2928531249999998,0.6012131249999999,-0.14432,0.43032,-0.2493899999999997,-0.021341965496230554,0.042416354427400146,0.9985649860688307
x_fixed,2.549999999999997,-4.3,0.004408508405840108,0.010555935019383669,0.021887956005468646,-0.005183124399654381,0.01545455994774995,-0.009164913457386587,-0.0007662348548544273,0.0014717124813439714,0.03614692180420287,0.119961625,0.28724162499999983,0.5956016249999999,-0.14104000000000003,0.42053999999999997,-0.2493899999999997,-0.020850312590582374,0.04004733677289221,0.9836078508176896
x_fixed,2.549999999999997,-4.199999999999999,0.004207030247012078,0.010354456860555639,0.021686477846640614,-0.005062586622918232,0.01509515157687204,-0.009164913457386587,-0.000769086041771773,0.001413603408968556,0.03560344758701155,0.11447912499999995,0.2817591249999998,0.5901191249999999,-0.13776,0.4107599999999999,-0.2493899999999997,-0.020927897339049775,0.038466108360088715,0.9688191639789606
x_fixed,2.549999999999997,-4.1,0.00401029275074471,0.01015771936428827,0.021489740350373245,-0.004942048846182084,0.014735743205994137,-0.009164913457386587,-0.000794453518239584,0.001385956605108608,0.03506624937853721,0.10912562499999998,0.2764056249999998,0.5847656249999998,-0.13448000000000002,0.40097999999999995,-0.2493899999999997,-0.021618181539301392,0.037713800501788595,0.9542012560375126
x_fixed,2.549999999999997,-4.0,0.003818295917038001,0.009965722530581563,0.021297743516666537,-0.004821511069445936,0.014376334835116232,-0.009164913457386587,-0.0008421043752953873,0.001388447055993263,0.03453541928358822,0.10390112499999998,0.27118112499999986,0.5795411249999999,-0.1312,0.3912,-0.2493899999999997,-0.022914827415599217,0.037781569122737606,0.9397566332928612
x_fixed,2.549999999999997,-3.8999999999999995,0.0036310397458919493,0.00977846635943551,0.021110487345520484,-0.004700973292709787,0.014016926464238324,-0.009164913457386587,-0.0009100256814281791,0.0014189626909800082,0.034011056441296095,0.09880562499999995,0.26608562499999977,0.5744456249999998,-0.12792,0.3814199999999999,-0.2493899999999997,-0.02476306031111061,0.038611941852903515,0.9254879934582061
x_fixed,2.549999999999997,-3.8,0.003448524237306561,0.009595950850850122,0.020927971836935098,-0.004580435515973639,0.01365751809336042,-0.009164913457386587,-0.0009950095239398922,0.0014741887951589194,0.03349326765387274,0.09383912500000001,0.26111912499999984,0.5694791249999999,-0.12464000000000001,0.37163999999999997,-0.2493899999999997,-0.02707558847436505,0.040114720704577035,0.9113982427697874
x_fixed,2.549999999999997,-3.6999999999999993,0.0032707493912818276,0.009418176004825389,0.020750196990910366,-0.00445989773923749,0.013298109722482512,-0.009164913457386587,-0.0010934152023414389,0.0015503695132333974,0.032982168076125626,0.08900162499999995,0.2562816249999998,0.5646416249999999,-0.12136,0.3618599999999999,-0.2493899999999997,-0.029753343398148016,0.042187703648598376,0.8974905147495493
x_fixed,2.549999999999997,-3.5999999999999996,0.0030977152078177565,0.009245141821361318,0.020577162807446293,-0.004339359962501342,0.012938701351604609,-0.009164913457386587,-0.001201764188890313,0.001643902054185618,0.03247788197133006,0.08429312499999995,0.2515731249999998,0.5599331249999999,-0.11808,0.35208,-0.2493899999999997,-0.032701669520490785,0.044732853747017944,0.8837681907734724
x_fixed,2.549999999999997,-3.5,0.002929421686914346,0.009076848300457907,0.020408869286542883,-0.004218822185765194,0.012579292980726704,-0.009164913457386587,-0.001317050963344837,0.0017516466978971298,0.031980543539362846,0.079713625,0.24699362499999983,0.5553536249999999,-0.11480000000000001,0.3423,-0.2493899999999997,-0.03583878246922694,0.04766473486298825,0.8702349226062385
x_fixed,2.549999999999997,-3.3999999999999995,0.0027658688285715923,0.008913295442115153,0.020245316428200127,-0.004098284409029045,0.012219884609848795,-0.009164913457386587,-0.0014368275785500316,0.0018710104541954436,0.03149029782324144,0.07526312499999996,0.2425431249999998,0.5509031249999998,-0.11152000000000001,0.3325199999999999,-0.2493899999999997,-0.03909807020881257,0.05091278813939365,0.8568946570694179
x_fixed,2.549999999999997,-3.3,0.0026070566327895,0.008754483246333062,0.020086504232418038,-0.003977746632292897,0.011860476238970892,-0.009164913457386587,-0.0015591645396873847,0.001999906950879329,0.031007301700348655,0.07094162499999998,0.23822162499999985,0.546581625,-0.10824000000000002,0.32273999999999997,-0.2493899999999997,-0.04242702851048151,0.054420240496413565,0.8437516630140677
x_fixed,2.549999999999997,-3.1999999999999993,0.0024529850995680647,0.008600411713111626,0.019932432699196603,-0.003857208855556748,0.011501067868092983,-0.009164913457386587,-0.0016825652200070024,0.002136669767278751,0.030531724964604552,0.06674912499999994,0.23402912499999978,0.5423891249999999,-0.10496,0.3129599999999999,-0.2493899999999997,-0.04578493208567632,0.05814174631754738,0.8308105607681288
x_fixed,2.549999999999997,-3.0999999999999996,0.0023036542289072916,0.008451080842450854,0.019783101828535828,-0.0037366710788206,0.011141659497215078,-0.009164913457386587,-0.0018058751508909824,0.002279960545172823,0.030063751505612142,0.06268562499999997,0.22996562499999984,0.5383256249999998,-0.10168,0.30317999999999995,-0.2493899999999997,-0.04914036624292638,0.062040887020311054,0.8180763542226153
x_fixed,2.549999999999997,-3.0,0.002159064020807178,0.00830649063435074,0.019638511620435714,-0.0036161333020844517,0.010782251126337175,-0.009164913457386587,-0.0019282029597638753,0.0024286886450963774,0.029603580590261126,0.058751124999999994,0.22603112499999986,0.5343911249999999,-0.09840000000000002,0.2934,-0.2493899999999997,-0.05246907549879207,0.0660879847929628,0.8055544657058289
x_fixed,2.549999999999997,-2.8999999999999995,0.0020192144752677215,0.008166641088811284,0.01949866207489626,-0.003495595525348303,0.010422842755459266,-0.009164913457386587,-0.002048857103760706,0.002581946491414728,0.02915142825132125,0.05494562499999995,0.22222562499999982,0.5305856249999998,-0.09512,0.2836199999999999,-0.2493899999999997,-0.05575224201326888,0.0702583432443597,0.793250773768909
x_fixed,2.549999999999997,-2.8,0.0018841055922889272,0.00803153220583249,0.019363553191917463,-0.003375057748612155,0.010063434384581363,-0.009164913457386587,-0.0021672973123091784,0.0027389595162992404,0.02870752878604882,0.051269124999999985,0.21854912499999984,0.5269091249999999,-0.09184,0.27384,-0.2493899999999997,-0.058975164275136736,0.0745308853101431,0.7811716539649934
x_fixed,2.549999999999997,-2.6999999999999993,0.0017537373718707907,0.007901163985414352,0.019233184971499326,-0.003254519971876006,0.009704026013703454,-0.009164913457386587,-0.002283098058197956,0.0028990480213859694,0.028272136365596445,0.047721624999999976,0.2150016249999998,0.5233616249999998,-0.08856,0.2640599999999999,-0.2493899999999997,-0.062126263099089765,0.07888711545560088,0.7693240226434882
x_fixed,2.549999999999997,-2.5999999999999996,0.0016281098140133138,0.007775536427556875,0.01910755741364185,-0.003133982195139858,0.00934461764282555,-0.009164913457386587,-0.0023959212990502946,0.00306159820142358,0.02784552675283878,0.044303124999999964,0.21158312499999982,0.5199431249999998,-0.08528000000000001,0.25427999999999995,-0.2493899999999997,-0.06519633988344689,0.0833103311889592,0.757715383694488
x_fixed,2.549999999999997,-2.5,0.0015072229187164973,0.007654649532260058,0.018986670518345034,-0.00301344441840371,0.008985209271947646,-0.009164913457386587,-0.0025054961604232405,0.0032260400078997016,0.027427999121845126,0.041013624999999984,0.20829362499999982,0.5166536249999999,-0.08200000000000002,0.24450000000000002,-0.2493899999999997,-0.0681780237591167,0.08778502069996896,0.7463538780591473
x_fixed,2.549999999999997,-2.3999999999999995,0.0013910766859803387,0.007538503299523901,0.018870524285608876,-0.002892906641667561,0.008625800901069737,-0.009164913457386587,-0.002611603748437077,0.003391830053216118,0.02701987796633408,0.03785312499999995,0.20513312499999983,0.5134931249999999,-0.07872,0.23471999999999993,-0.2493899999999997,-0.07106535832019138,0.09229639765881381,0.7352483356613774
x_fixed,2.549999999999997,-2.3,0.0012796711158048414,0.007427097729348403,0.018759118715433377,-0.002772368864931413,0.008266392530191832,-0.009164913457386587,-0.002714065735965386,0.0035584382198800574,0.026621515076671952,0.03482162499999998,0.20210162499999984,0.5104616249999999,-0.07544000000000001,0.22493999999999995,-0.2493899999999997,-0.07385349103835581,0.09683003683364222,0.7244083292047133
x_fixed,2.549999999999997,-2.1999999999999993,0.001173006208190002,0.007320432821733563,0.01865245380781854,-0.002651831088195264,0.007906984159313925,-0.009164913457386587,-0.002812735726750638,0.0037253370095595537,0.026233291554933195,0.03191912499999996,0.19919912499999978,0.5075591249999999,-0.07215999999999999,0.21515999999999993,-0.2493899999999997,-0.07653843826850137,0.10137158426359891,0.7138442290049023
x_fixed,2.549999999999997,-2.0999999999999996,0.001071081963135824,0.007218508576679385,0.01855052956276436,-0.002531293311459116,0.00754757578843602,-0.009164913457386587,-0.0029074926722493107,0.003891992950030861,0.025855619824797997,0.029145624999999984,0.19642562499999983,0.5047856249999998,-0.06888,0.20537999999999995,-0.2493899999999997,-0.07911690611195579,0.10590652342995203,0.7035672576820029
x_fixed,2.549999999999997,-2.0,0.0009738983806423045,0.007121324994185866,0.01845334598027084,-0.002410755534722968,0.007188167417558116,-0.009164913457386587,-0.002998235813918453,0.004057859591797984,0.02548894557721948,0.02650112499999999,0.19378112499999983,0.5021411249999999,-0.0656,0.1956,-0.2493899999999997,-0.08158615278908923,0.11041998468440214,0.6935895431046868
x_fixed,2.549999999999997,-1.9000000000000004,0.0008814554607094447,0.007028882074253007,0.018360903060337982,-0.00229021775798682,0.006828759046680212,-0.009164913457386587,-0.0030848807667777428,0.004222371788566878,0.02513374957351129,0.023985625,0.19126562499999986,0.4996256249999999,-0.06232000000000002,0.18582000000000004,-0.2493899999999997,-0.08394388206760878,0.1148965896128565,0.6839241674547519
x_fixed,2.549999999999997,-1.799999999999999,0.0007937532033372428,0.006941179816880805,0.01827320080296578,-0.0021696799812506696,0.006469350675802301,-0.009164913457386587,-0.0031673564631418457,0.004384941081702547,0.024790549204623136,0.021599124999999962,0.18887912499999981,0.4972391249999999,-0.05903999999999997,0.1760399999999999,-0.2493899999999997,-0.08618816009727921,0.11932032544010844,0.6745852096571707
x_fixed,2.549999999999997,-1.6999999999999993,0.0007107916085257013,0.006858218222069263,0.018190239208154237,-0.002049142204514522,0.006109942304924397,-0.009164913457386587,-0.0032456027496508134,0.004544952109386292,0.024459899679013727,0.019341624999999956,0.18662162499999982,0.4949816249999998,-0.05575999999999999,0.16625999999999994,-0.2493899999999997,-0.08831735002178898,0.12367444731802829,0.6655877777037604
x_fixed,2.549999999999997,-1.5999999999999996,0.0006325706762748203,0.006779997289818382,0.018112018275903356,-0.001928604427778374,0.005750533934046492,-0.009164913457386587,-0.003319568484358687,0.004701760044039299,0.024142394682315955,0.01721312499999997,0.18449312499999984,0.49285312499999984,-0.05248,0.15647999999999995,-0.2493899999999997,-0.0903300601978932,0.12794140859430692,0.6569480266035862
x_fixed,2.549999999999997,-1.5,0.0005590904065845988,0.00670651702012816,0.018038538006213134,-0.0018080666510422259,0.005391125563168587,-0.009164913457386587,-0.0033892100195765337,0.004854689131265725,0.023838666321236705,0.015213624999999991,0.18249362499999983,0.49085362499999985,-0.04920000000000001,0.1467,-0.2493899999999997,-0.09222510291146961,0.1321028210550716,0.6486831568563978
x_fixed,2.549999999999997,-1.4000000000000004,0.0004903507994550361,0.006637777412998598,0.017969798399083574,-0.0016875288743060778,0.005031717192290682,-0.009164913457386587,-0.003454489984599945,0.0050030324619875525,0.023549384134149594,0.013343124999999989,0.18062312499999986,0.4889831249999999,-0.045920000000000016,0.13692000000000001,-0.2493899999999997,-0.09400146125384623,0.13613944872435957,0.6408113875294863
x_fixed,2.549999999999997,-1.299999999999999,0.0004263518548861321,0.006573778468429693,0.01790579945451467,-0.0015669910975699278,0.004672308821412772,-0.009164913457386587,-0.00351537630335251,0.005146053156014786,0.023275252925168237,0.011601624999999966,0.1788816249999998,0.4872416249999999,-0.04263999999999997,0.1271399999999999,-0.2493899999999997,-0.09565826239051863,0.1400312400707039,0.6333518973198149
x_fixed,2.549999999999997,-1.1999999999999993,0.00036709357287788855,0.0065145201864214505,0.017846541172506426,-0.0014464533208337798,0.004312900450534867,-0.009164913457386587,-0.0035718413974486396,0.005282987167115267,0.023017009162139127,0.00998912499999997,0.17726912499999983,0.4856291249999999,-0.03935999999999998,0.11735999999999992,-0.2493899999999997,-0.09719475587538447,0.14375740433697148,0.6263247265384124
x_fixed,2.549999999999997,-1.0999999999999996,0.0003125759534303046,0.006460002566973867,0.017792023553058842,-0.001325915544097632,0.003953492079656963,-0.009164913457386587,-0.003623861536714772,0.00541304793170835,0.022775415678469437,0.008505624999999975,0.17578562499999983,0.4841456249999999,-0.036079999999999994,0.10757999999999997,-0.2493899999999997,-0.09861029597752528,0.14729653803776238,0.6197506329397626
x_fixed,2.549999999999997,-1.0,0.0002627989965433802,0.006410225610086941,0.017742246596171917,-0.001205377767361484,0.003594083708779058,-0.009164913457386587,-0.003671416307872365,0.005535433068934572,0.02255125444174003,0.007151124999999984,0.17443112499999983,0.4827911249999999,-0.0328,0.0978,-0.2493899999999997,-0.09990432722333412,0.15062680727759334,0.6136508949457404
x_fixed,2.549999999999997,-0.9000000000000004,0.000217762702217115,0.0063651893157606765,0.01769721030184565,-0.0010848399906253359,0.0032346753379011535,-0.009164913457386587,-0.0037144881786425263,0.005649333291602087,0.02234531720686389,0.005925624999999984,0.17320562499999984,0.4815656249999999,-0.029520000000000015,0.08802000000000003,-0.2493899999999997,-0.10107637253519826,0.15372619023010314,0.608047057305095
x_fixed,2.549999999999997,-0.7999999999999989,0.0001774670704515085,0.0063248936839950705,0.017656914670080046,-0.0009643022138891859,0.0028752669670232428,-0.009164913457386587,-0.0037530621395318675,0.0057539435986181855,0.022158393965440303,0.004829124999999962,0.17210912499999984,0.4804691249999999,-0.02623999999999997,0.07823999999999989,-0.2493899999999997,-0.10212602348399576,0.15657278169962957,0.6029606167843657
x_fixed,2.549999999999997,-0.6999999999999993,0.0001419121012465629,0.006289338714790125,0.0176213597008751,-0.0008437644371530379,0.002515858596145338,-0.009164913457386587,-0.0037871254094015054,0.0058484766860385645,0.021991259240274726,0.003861624999999978,0.17114162499999985,0.47950162499999993,-0.02295999999999998,0.06845999999999992,-0.2493899999999997,-0.10305293227721979,0.15914515805445126,0.5984126492227682
x_fixed,2.549999999999997,-0.5999999999999996,0.00011109779460227601,0.006258524408145838,0.017590545394230814,-0.0007232266604168899,0.0021564502252674335,-0.009164913457386587,-0.0038166671938991586,0.005932178337299741,0.02184465645357836,0.0030231249999999733,0.17030312499999983,0.4786631249999999,-0.01967999999999999,0.05867999999999996,-0.2493899999999997,-0.10385680518558117,0.16142279601634613,0.5944233841692351
x_fixed,2.549999999999997,-0.5,8.502415051864914e-05,0.006232450764062211,0.017564471750147186,-0.000602688883680742,0.001797041854389529,-0.009164913457386587,-0.0038416784881629812,0.006004344343115476,0.021719280809775546,0.002313624999999983,0.16959362499999983,0.4779536249999999,-0.0164,0.0489,-0.2493899999999997,-0.10453739717430612,0.16338653307442833,0.5910117390998774
x_fixed,2.549999999999997,-0.3999999999999986,6.3691168995681e-05,0.006211117782539242,0.01754313876862422,-0.00048215110694459185,0.0014376334835116181,-0.009164913457386587,-0.003862151917045558,0.006064338277395475,0.021615761359809225,0.0017331249999999712,0.16901312499999982,0.47737312499999995,-0.013119999999999956,0.03911999999999986,-0.2493899999999997,-0.10509450755540968,0.1650190511925378,0.5881948313628715
x_fixed,2.549999999999997,-0.29999999999999893,4.7098850033372875e-05,0.006194525463576935,0.01752654644966191,-0.0003616133302084439,0.0010782251126337137,-0.009164913457386587,-0.0038780816075773055,0.006111609246705056,0.021534643124144458,0.001281624999999974,0.16856162499999983,0.47692162499999985,-0.009839999999999967,0.029339999999999897,-0.2493899999999997,-0.10552797651724811,0.16630535979664304,0.5859874917206045
x_fixed,2.549999999999997,-0.1999999999999993,3.524719363172434e-05,0.006182673807175286,0.01751469479326026,-0.00024107555347229593,0.0007188167417558091,-0.009164913457386587,-0.003889463089581122,0.0061457085734474195,0.021476370310200967,0.0009591249999999794,0.16823912499999985,0.47659912499999985,-0.006559999999999978,0.01955999999999993,-0.2493899999999997,-0.10583768242010573,0.16723324974735765,0.5844018076727476
x_fixed,2.549999999999997,-0.09999999999999964,2.813619979073539e-05,0.0061755628133342965,0.017507583799419274,-0.00012053777673614796,0.00035940837087790453,-0.009164913457386587,-0.003896293221334971,0.0061663043040549575,0.02144127172982431,0.0007656249999999875,0.16804562499999984,0.47640562499999994,-0.003279999999999989,0.009779999999999966,-0.2493899999999997,-0.1060235397733707,0.16779368812793766,0.5834467266454325
x_fixed,2.549999999999997,0.0,2.5765868510405163e-05,0.006173192482053967,0.017505213468138943,0.0,-0.0,-0.009164913457386587,-0.0038985701380101706,0.006173192482053967,0.02142954947465952,0.0007011249999999743,0.16798112499999984,0.4763411249999999,0.0,-0.0,-0.2493899999999997,-0.1060854978324695,0.16798112499999984,0.5831277478324693
x_fixed,2.549999999999997,0.10000000000000142,2.813619979073539e-05,0.0061755628133342965,0.017507583799419274,0.0001205377767361501,-0.00035940837087791093,-0.009164913457386587,-0.00389629322133497,0.006166304304054952,0.021441271729824317,0.0007656249999999875,0.16804562499999984,0.47640562499999994,0.003280000000000047,-0.00978000000000014,-0.2493899999999997,-0.10602353977337069,0.16779368812793752,0.5834467266454327
x_fixed,2.549999999999997,0.20000000000000107,3.524719363172434e-05,0.006182673807175286,0.01751469479326026,0.00024107555347229807,-0.0007188167417558155,-0.009164913457386587,-0.0038894630895811217,0.006145708573447416,0.021476370310200978,0.0009591249999999794,0.16823912499999985,0.47659912499999985,0.006560000000000036,-0.019560000000000105,-0.2493899999999997,-0.10583768242010573,0.16723324974735754,0.5844018076727479
x_fixed,2.549999999999997,0.3000000000000007,4.709885003337331e-05,0.006194525463576935,0.01752654644966191,0.00036161333020844603,-0.00107822511263372,-0.009164913457386587,-0.003878081607577306,0.006111609246705063,0.02153464312414445,0.001281624999999986,0.16856162499999983,0.47692162499999985,0.009840000000000024,-0.029340000000000067,-0.2493899999999997,-0.10552797651724813,0.16630535979664324,0.5859874917206044
x_fixed,2.549999999999997,0.40000000000000036,6.369116899568143e-05,0.006211117782539243,0.01754313876862422,0.00048215110694459397,-0.0014376334835116244,-0.009164913457386587,-0.003862151917045558,0.0060643382773954806,0.021615761359809225,0.001733124999999983,0.16901312499999985,0.47737312499999995,0.013120000000000014,-0.03912000000000003,-0.2493899999999997,-0.10509450755540968,0.16501905119253793,0.5881948313628715
x_fixed,2.549999999999997,0.5,8.502415051864914e-05,0.006232450764062211,0.017564471750147186,0.000602688883680742,-0.001797041854389529,-0.009164913457386587,-0.0038416784881629812,0.006004344343115476,0.021719280809775546,0.002313624999999983,0.16959362499999983,0.4779536249999999,0.0164,-0.0489,-0.2493899999999997,-0.10453739717430612,0.16338653307442833,0.5910117390998774
x_fixed,2.549999999999997,0.6000000000000014,0.00011109779460227688,0.006258524408145838,0.017590545394230814,0.0007232266604168921,-0.00215645022526744,-0.009164913457386587,-0.003816667193899157,0.005932178337299737,0.02184465645357836,0.0030231249999999967,0.17030312499999983,0.4786631249999999,0.019680000000000048,-0.058680000000000135,-0.2493899999999997,-0.10385680518558113,0.16142279601634604,0.5944233841692351
x_fixed,2.549999999999997,0.7000000000000011,0.00014191210124656333,0.006289338714790125,0.0176213597008751,0.00084376443715304,-0.0025158585961453446,-0.009164913457386587,-0.003787125409401504,0.005848476686038563,0.02199125924027473,0.0038616249999999896,0.17114162499999985,0.47950162499999993,0.02296000000000004,-0.0684600000000001,-0.2493899999999997,-0.10305293227721976,0.15914515805445123,0.5984126492227683
x_fixed,2.549999999999997,0.8000000000000007,0.00017746707045150937,0.0063248936839950705,0.017656914670080046,0.0009643022138891879,-0.002875266967023249,-0.009164913457386587,-0.003753062139531867,0.005753943598618183,0.02215839396544031,0.004829124999999985,0.17210912499999984,0.4804691249999999,0.026240000000000027,-0.07824000000000006,-0.2493899999999997,-0.10212602348399574,0.15657278169962952,0.602960616784366
x_fixed,2.549999999999997,0.9000000000000004,0.000217762702217115,0.0063651893157606765,0.01769721030184565,0.0010848399906253359,-0.0032346753379011535,-0.009164913457386587,-0.0037144881786425263,0.005649333291602087,0.02234531720686389,0.005925624999999984,0.17320562499999984,0.4815656249999999,0.029520000000000015,-0.08802000000000003,-0.2493899999999997,-0.10107637253519826,0.15372619023010314,0.608047057305095
x_fixed,2.549999999999997,1.0,0.0002627989965433802,0.006410225610086941,0.017742246596171917,0.001205377767361484,-0.003594083708779058,-0.009164913457386587,-0.003671416307872365,0.005535433068934572,0.02255125444174003,0.007151124999999984,0.17443112499999983,0.4827911249999999,0.0328,-0.0978,-0.2493899999999997,-0.09990432722333412,0.15062680727759334,0.6136508949457404
x_fixed,2.549999999999997,1.1000000000000014,0.00031257595343030546,0.006460002566973867,0.017792023553058842,0.001325915544097634,-0.003953492079656969,-0.009164913457386587,-0.0036238615367147724,0.005413047931708345,0.022775415678469434,0.008505625,0.17578562499999983,0.4841456249999999,0.03608000000000005,-0.10758000000000013,-0.2493899999999997,-0.0986102959775253,0.14729653803776224,0.6197506329397626
x_fixed,2.549999999999997,1.200000000000001,0.0003670935728778894,0.0065145201864214505,0.017846541172506426,0.001446453320833782,-0.004312900450534874,-0.009164913457386587,-0.0035718413974486374,0.00528298716711526,0.02301700916213913,0.009989124999999993,0.17726912499999983,0.4856291249999999,0.03936000000000004,-0.11736000000000012,-0.2493899999999997,-0.09719475587538441,0.1437574043369713,0.6263247265384124
x_fixed,2.549999999999997,1.3000000000000007,0.00042635185488613296,0.006573778468429695,0.01790579945451467,0.00156699109756993,-0.004672308821412778,-0.009164913457386587,-0.0035153763033525087,0.005146053156014777,0.02327525292516823,0.01160162499999999,0.17888162499999985,0.4872416249999999,0.04264000000000003,-0.12714000000000006,-0.2493899999999997,-0.09565826239051858,0.14003124007070364,0.6333518973198147
x_fixed,2.549999999999997,1.4000000000000004,0.0004903507994550361,0.006637777412998598,0.017969798399083574,0.0016875288743060778,-0.005031717192290682,-0.009164913457386587,-0.003454489984599945,0.0050030324619875525,0.023549384134149594,0.013343124999999989,0.18062312499999986,0.4889831249999999,0.045920000000000016,-0.13692000000000001,-0.2493899999999997,-0.09400146125384623,0.13613944872435957,0.6408113875294863
x_fixed,2.549999999999997,1.5,0.0005590904065845988,0.00670651702012816,0.018038538006213134,0.0018080666510422259,-0.005391125563168587,-0.009164913457386587,-0.0033892100195765337,0.004854689131265725,0.023838666321236705,0.015213624999999991,0.18249362499999983,0.49085362499999985,0.04920000000000001,-0.1467,-0.2493899999999997,-0.09222510291146961,0.1321028210550716,0.6486831568563978
x_fixed,2.549999999999997,1.6000000000000014,0.000632570676274822,0.006779997289818384,0.01811201827590336,0.0019286044277783759,-0.005750533934046498,-0.009164913457386587,-0.003319568484358685,0.004701760044039296,0.024142394682315958,0.01721312500000002,0.18449312499999987,0.49285312499999995,0.052480000000000054,-0.15648000000000012,-0.2493899999999997,-0.09033006019789315,0.12794140859430683,0.6569480266035863
x_fixed,2.549999999999997,1.700000000000001,0.000710791608525703,0.006858218222069265,0.01819023920815424,0.002049142204514524,-0.006109942304924403,-0.009164913457386587,-0.003245602749650811,0.004544952109386286,0.02445989967901374,0.019341625,0.18662162499999987,0.4949816249999999,0.05576000000000005,-0.1662600000000001,-0.2493899999999997,-0.0883173500217889,0.12367444731802812,0.6655877777037608
x_fixed,2.549999999999997,1.8000000000000007,0.0007937532033372437,0.006941179816880805,0.01827320080296578,0.0021696799812506717,-0.006469350675802307,-0.009164913457386587,-0.0031673564631418457,0.004384941081702541,0.024790549204623123,0.021599124999999986,0.18887912499999981,0.4972391249999999,0.05904000000000003,-0.17604000000000006,-0.2493899999999997,-0.08618816009727921,0.11932032544010827,0.6745852096571704
x_fixed,2.549999999999997,1.9000000000000004,0.0008814554607094447,0.007028882074253007,0.018360903060337982,0.00229021775798682,-0.006828759046680212,-0.009164913457386587,-0.0030848807667777428,0.004222371788566878,0.02513374957351129,0.023985625,0.19126562499999986,0.4996256249999999,0.06232000000000002,-0.18582000000000004,-0.2493899999999997,-0.08394388206760878,0.1148965896128565,0.6839241674547519
x_fixed,2.549999999999997,2.0,0.0009738983806423045,0.007121324994185866,0.01845334598027084,0.002410755534722968,-0.007188167417558116,-0.009164913457386587,-0.002998235813918453,0.004057859591797984,0.02548894557721948,0.02650112499999999,0.19378112499999983,0.5021411249999999,0.0656,-0.1956,-0.2493899999999997,-0.08158615278908923,0.11041998468440214,0.6935895431046868
x_fixed,2.549999999999997,2.1000000000000014,0.0010710819631358256,0.007218508576679387,0.018550529562764363,0.002531293311459118,-0.007547575788436027,-0.009164913457386587,-0.0029074926722493077,0.003891992950030867,0.02585561982479802,0.02914562500000003,0.19642562499999988,0.5047856249999999,0.06888000000000007,-0.20538000000000015,-0.2493899999999997,-0.07911690611195571,0.10590652342995219,0.7035672576820036
x_fixed,2.549999999999997,2.200000000000001,0.0011730062081900037,0.007320432821733565,0.01865245380781854,0.002651831088195266,-0.007906984159313932,-0.009164913457386587,-0.002812735726750638,0.0037253370095595467,0.026233291554933195,0.031919125,0.19919912499999984,0.5075591249999999,0.07216000000000006,-0.21516000000000013,-0.2493899999999997,-0.07653843826850137,0.10137158426359871,0.7138442290049023
x_fixed,2.549999999999997,2.3000000000000007,0.0012796711158048423,0.007427097729348403,0.01875911871543338,0.0027723688649314137,-0.008266392530191836,-0.009164913457386587,-0.0027140657359653844,0.003558438219880049,0.02662151507667197,0.034821625,0.20210162499999984,0.5104616249999999,0.07544000000000003,-0.22494000000000006,-0.2493899999999997,-0.07385349103835576,0.09683003683364198,0.7244083292047138
x_fixed,2.549999999999997,2.4000000000000004,0.0013910766859803404,0.007538503299523902,0.018870524285608876,0.0028929066416675617,-0.00862580090106974,-0.009164913457386587,-0.002611603748437077,0.0033918300532161188,0.02701987796633408,0.037853125,0.20513312499999986,0.5134931249999999,0.07872000000000003,-0.23472000000000004,-0.2493899999999997,-0.07106535832019138,0.09229639765881384,0.7352483356613774
x_fixed,2.549999999999997,2.5,0.0015072229187164973,0.007654649532260058,0.018986670518345034,0.00301344441840371,-0.008985209271947646,-0.009164913457386587,-0.0025054961604232405,0.0032260400078997016,0.027427999121845126,0.041013624999999984,0.20829362499999982,0.5166536249999999,0.08200000000000002,-0.24450000000000002,-0.2493899999999997,-0.0681780237591167,0.08778502069996896,0.7463538780591473
x_fixed,2.549999999999997,2.6000000000000014,0.0016281098140133164,0.007775536427556878,0.019107557413641854,0.00313398219513986,-0.009344617642825556,-0.009164913457386587,-0.002395921299050291,0.003061598201423582,0.02784552675283878,0.04430312500000003,0.2115831249999999,0.519943125,0.08528000000000006,-0.2542800000000001,-0.2493899999999997,-0.0651963398834468,0.08331033118895925,0.757715383694488
x_fixed,2.549999999999997,2.700000000000001,0.0017537373718707924,0.007901163985414354,0.01923318497149933,0.003254519971876008,-0.009704026013703461,-0.009164913457386587,-0.0022830980581979555,0.0028990480213859694,0.02827213636559646,0.047721625000000024,0.21500162499999986,0.5233616249999999,0.08856000000000006,-0.26406000000000013,-0.2493899999999997,-0.06212626309908975,0.07888711545560088,0.7693240226434886
x_fixed,2.549999999999997,2.8000000000000007,0.001884105592288928,0.00803153220583249,0.019363553191917467,0.0033750577486121557,-0.010063434384581365,-0.009164913457386587,-0.002167297312309177,0.002738959516299239,0.02870752878604882,0.051269125000000006,0.21854912499999984,0.526909125,0.09184000000000003,-0.27384000000000003,-0.2493899999999997,-0.0589751642751367,0.07453088531014306,0.7811716539649934
x_fixed,2.549999999999997,2.9000000000000004,0.0020192144752677233,0.008166641088811285,0.01949866207489626,0.0034955955253483037,-0.01042284275545927,-0.009164913457386587,-0.002048857103760704,0.0025819464914147213,0.029151428251321252,0.054945625,0.22222562499999987,0.5305856249999998,0.09512000000000002,-0.28362000000000004,-0.2493899999999997,-0.055752242013268824,0.07025834324435952,0.7932507737689091
x_fixed,2.549999999999997,3.0,0.002159064020807178,0.00830649063435074,0.019638511620435714,0.0036161333020844517,-0.010782251126337175,-0.009164913457386587,-0.0019282029597638753,0.0024286886450963774,0.029603580590261126,0.058751124999999994,0.22603112499999986,0.5343911249999999,0.09840000000000002,-0.2934,-0.2493899999999997,-0.05246907549879207,0.0660879847929628,0.8055544657058289
x_fixed,2.549999999999997,3.1000000000000014,0.002303654228907294,0.008451080842450855,0.01978310182853583,0.003736671078820602,-0.011141659497215085,-0.009164913457386587,-0.001805875150890981,0.0022799605451728185,0.030063751505612135,0.06268562500000004,0.22996562499999987,0.5383256249999999,0.10168000000000006,-0.3031800000000001,-0.2493899999999997,-0.049140366242926344,0.06204088702031093,0.818076354222615
x_fixed,2.549999999999997,3.200000000000001,0.002452985099568068,0.00860041171311163,0.019932432699196603,0.00385720885555675,-0.01150106786809299,-0.009164913457386587,-0.0016825652200070005,0.0021366697672787495,0.030531724964604552,0.06674912500000003,0.23402912499999987,0.5423891249999999,0.10496000000000005,-0.3129600000000001,-0.2493899999999997,-0.045784932085676265,0.058141746317547344,0.8308105607681288
x_fixed,2.549999999999997,3.3000000000000007,0.002607056632789501,0.008754483246333062,0.020086504232418038,0.003977746632292898,-0.011860476238970893,-0.009164913457386587,-0.0015591645396873834,0.0019999069508793346,0.031007301700348665,0.07094162500000001,0.23822162499999985,0.546581625,0.10824000000000003,-0.32274,-0.2493899999999997,-0.042427028510481475,0.05442024049641372,0.843751663014068
x_fixed,2.549999999999997,3.4000000000000004,0.002765868828571594,0.008913295442115155,0.02024531642820013,0.004098284409029046,-0.012219884609848798,-0.009164913457386587,-0.0014368275785500266,0.0018710104541954417,0.031490297823241455,0.07526312500000001,0.24254312499999986,0.5509031249999999,0.11152000000000002,-0.33252000000000004,-0.2493899999999997,-0.03909807020881243,0.0509127881393936,0.8568946570694184
x_fixed,2.549999999999997,3.5,0.002929421686914346,0.009076848300457907,0.020408869286542883,0.004218822185765194,-0.012579292980726704,-0.009164913457386587,-0.001317050963344837,0.0017516466978971298,0.031980543539362846,0.079713625,0.24699362499999983,0.5553536249999999,0.11480000000000001,-0.3423,-0.2493899999999997,-0.03583878246922694,0.04766473486298825,0.8702349226062385
x_fixed,2.549999999999997,3.6000000000000014,0.00309771520781776,0.009245141821361321,0.020577162807446297,0.0043393599625013435,-0.012938701351604614,-0.009164913457386587,-0.0012017641888903096,0.001643902054185612,0.032477881971330044,0.08429312500000005,0.2515731249999999,0.5599331249999999,0.11808000000000006,-0.3520800000000001,-0.2493899999999997,-0.032701669520490695,0.04473285374701778,0.883768190773472
x_fixed,2.549999999999997,3.700000000000001,0.003270749391281831,0.009418176004825392,0.020750196990910366,0.0044598977392374915,-0.013298109722482519,-0.009164913457386587,-0.001093415202341438,0.0015503695132333911,0.03298216807612564,0.08900162500000004,0.2562816249999999,0.5646416249999999,0.12136000000000005,-0.3618600000000001,-0.2493899999999997,-0.029753343398147992,0.04218770364859821,0.8974905147495497
x_fixed,2.549999999999997,3.8000000000000007,0.0034485242373065617,0.009595950850850124,0.020927971836935098,0.00458043551597364,-0.013657518093360424,-0.009164913457386587,-0.0009950095239398937,0.0014741887951589183,0.033493267653872755,0.09383912500000002,0.2611191249999999,0.5694791249999999,0.12464000000000004,-0.3716400000000001,-0.2493899999999997,-0.02707558847436509,0.04011472070457701,0.9113982427697878
x_fixed,2.549999999999997,3.9000000000000004,0.003631039745891951,0.009778466359435512,0.021110487345520488,0.004700973292709788,-0.014016926464238327,-0.009164913457386587,-0.0009100256814281781,0.0014189626909800088,0.034011056441296095,0.098805625,0.2660856249999998,0.574445625,0.12792000000000003,-0.38142000000000004,-0.2493899999999997,-0.02476306031111058,0.03861194185290353,0.9254879934582061
x_fixed,2.549999999999997,4.0,0.003818295917038001,0.009965722530581563,0.021297743516666537,0.004821511069445936,-0.014376334835116232,-0.009164913457386587,-0.0008421043752953873,0.001388447055993263,0.03453541928358822,0.10390112499999998,0.27118112499999986,0.5795411249999999,0.1312,-0.3912,-0.2493899999999997,-0.022914827415599217,0.037781569122737606,0.9397566332928612
x_fixed,2.549999999999997,4.100000000000001,0.004010292750744713,0.010157719364288274,0.02148974035037325,0.0049420488461820854,-0.014735743205994143,-0.009164913457386587,-0.0007944535182395784,0.0013859566051086074,0.035066249378537195,0.10912562500000007,0.2764056249999999,0.5847656250000001,0.13448000000000007,-0.4009800000000001,-0.2493899999999997,-0.02161818153930124,0.03771380050178858,0.9542012560375123
x_fixed,2.549999999999997,4.200000000000001,0.004207030247012081,0.010354456860555642,0.021686477846640618,0.0050625866229182335,-0.015095151576872048,-0.009164913457386587,-0.0007690860417717722,0.0014136034089685609,0.03560344758701156,0.11447912500000004,0.2817591249999999,0.590119125,0.13776000000000005,-0.41076000000000007,-0.2493899999999997,-0.020927897339049754,0.038466108360088846,0.968819163978961
x_fixed,2.549999999999997,4.300000000000001,0.00440850840584011,0.01055593501938367,0.021887956005468646,0.0051831243996543815,-0.015454559947749953,-0.009164913457386587,-0.0007662348548544315,0.0014717124813439708,0.03614692180420287,0.11996162500000004,0.2872416249999999,0.5956016249999999,0.14104000000000005,-0.4205400000000001,-0.2493899999999997,-0.02085031259058249,0.0400473367728922,0.9836078508176896
x_fixed,2.549999999999997,4.4,0.004614727227228797,0.010762153840772358,0.022094174826857334,0.00530366217639053,-0.015813968318627858,-0.009164913457386587,-0.0007843027658826932,0.0015587722743692952,0.03669658638637189,0.12557312500000004,0.2928531249999999,0.6012131249999999,0.14432000000000003,-0.43032000000000004,-0.2493899999999997,-0.02134196549623066,0.04241635442740007,0.9985649860688305
x_fixed,2.549999999999997,4.5,0.004825686711178143,0.010973113324721704,0.02230513431080668,0.005424199953126678,-0.01617337668950576,-0.009164913457386587,-0.0008203766870219259,0.0016719494055231882,0.03725236162820528,0.131313625,0.2985936249999998,0.6069536249999999,0.14760000000000004,-0.4401,-0.2493899999999997,-0.02232358689775764,0.04549606105744149,1.0136884008403162
x_fixed,2.549999999999997,4.600000000000001,0.005041386857688155,0.011188813471231716,0.02252083445731669,0.005544737729862827,-0.01653278506038367,-0.009164913457386587,-0.0008709778868646599,0.0018078393868437219,0.03781417328625751,0.13718312500000013,0.30446312499999995,0.612823125,0.15088000000000007,-0.4498800000000001,-0.2493899999999997,-0.0237005156911887,0.04919381582611463,1.0289760748650745
x_fixed,2.549999999999997,4.700000000000001,0.00526182766675882,0.011409254280302381,0.022741275266387355,0.0056652755065989754,-0.01689219343126158,-0.009164913457386587,-0.0009326864442296511,0.001963091513367074,0.03838195214431113,0.1431816250000001,0.3104616249999999,0.6188216249999999,0.15416000000000005,-0.4596600000000001,-0.2493899999999997,-0.02537969108033018,0.053418441406452556,1.0444261246738775
x_fixed,2.549999999999997,4.800000000000001,0.005487009138390144,0.011634435751933705,0.02296645673801868,0.0057858132833351235,-0.01725160180213948,-0.009164913457386587,-0.0010024913920030519,0.0021347594035092013,0.03895563361683639,0.14930912500000001,0.31658912499999986,0.6249491249999999,0.15744000000000005,-0.4694400000000001,-0.2493899999999997,-0.02727918047607321,0.058089762671143824,1.0600367928049295
x_fixed,2.549999999999997,4.9,0.00571693127258213,0.011864357886125691,0.02319637887221067,0.0059063510600712715,-0.017611010173017385,-0.009164913457386587,-0.0010779061947688523,0.0023204168386279267,0.03953515738705939,0.15556562500000004,0.32284562499999986,0.631205625,0.16072000000000003,-0.47922,-0.2493899999999997,-0.029331321802798408,0.06314175884759891,1.0758064379551988
x_fixed,2.549999999999997,5.0,0.005951594069334773,0.012099020682878334,0.023431041668963308,0.00602688883680742,-0.017970418543895292,-0.009164913457386587,-0.0011569486938090142,0.0025181380385273146,0.040120467076458124,0.161951125,0.32923112499999985,0.6375911249999998,0.16400000000000003,-0.48900000000000005,-0.2493899999999997,-0.03148217777402839,0.06852202678708137,1.091733525986947
x_fixed,2.549999999999997,5.100000000000001,0.006190997528648082,0.012338424142191643,0.023670445128276617,0.006147426613543569,-0.018329826914773202,-0.009164913457386587,-0.001238065646976712,0.0027264225033012666,0.04071150994279177,0.16846562500000012,0.33574562499999994,0.644105625,0.16728000000000007,-0.49878000000000017,-0.2493899999999997,-0.03368948251777233,0.07418973580708425,1.1078166217106875
x_fixed,2.549999999999997,5.200000000000001,0.006435141650522044,0.012582568264065605,0.02391458925015058,0.006267964390279717,-0.018689235285651105,-0.009164913457386587,-0.001320046806073992,0.0029441093667756987,0.04130823660403653,0.17510912500000006,0.3423891249999999,0.6507491249999999,0.17056000000000004,-0.5085600000000001,-0.2493899999999997,-0.03592030350286221,0.08011329712976469,1.1240543813730977
x_fixed,2.549999999999997,5.300000000000001,0.006684026434956667,0.012831453048500228,0.024163474034585204,0.0063885021670158654,-0.01904864365652901,-0.009164913457386587,-0.0014019478389264617,0.0031703005711251025,0.041910600785843466,0.18188162500000005,0.34916162499999986,0.657521625,0.17384000000000005,-0.51834,-0.2493899999999997,-0.03814894414175612,0.08626827335676152,1.1404455457849947
x_fixed,2.549999999999997,5.4,0.0069376518819519485,0.01308507849549551,0.024417099481580485,0.0065090399437520135,-0.019408052027406916,-0.009164913457386587,-0.0014830276956253993,0.003404298464293734,0.04251855909035959,0.188783125,0.3560631249999998,0.6644231249999999,0.17712000000000003,-0.52812,-0.2493899999999997,-0.040355239439160265,0.09263568040852059,1.156988934030639
x_fixed,2.549999999999997,5.5,0.00719601799150789,0.013343444605051451,0.024675465591136425,0.0066295777204881615,-0.01976746039828482,-0.009164913457386587,-0.0015627000804639471,0.0036455574837034486,0.04313207078445625,0.195813625,0.3630936249999998,0.6714536249999998,0.18040000000000003,-0.5378999999999999,-0.2493899999999997,-0.04252323547614099,0.09920067277100664,1.1736834377051337
x_fixed,2.549999999999997,5.600000000000001,0.007459124763624496,0.013606551377168057,0.02493857236325303,0.006750115497224311,-0.02012686876916273,-0.009164913457386587,-0.0016404967103732686,0.003893647608823908,0.04375109760559496,0.2029731250000001,0.3702531249999999,0.6786131249999999,0.18368000000000007,-0.5476800000000001,-0.2493899999999997,-0.04464018962123972,0.10595154898947495,1.190528015631765
x_fixed,2.549999999999997,5.700000000000001,0.007726972198301756,0.013874398811845316,0.025206419797930292,0.006870653273960459,-0.020486277140040636,-0.009164913457386587,-0.0017160397670708519,0.004148226991418871,0.04437560358372934,0.21026162500000004,0.3775416249999999,0.685901625,0.18696000000000007,-0.5574600000000001,-0.2493899999999997,-0.04669582091524023,0.11287900689953165,1.2075216890157083
x_fixed,2.549999999999997,5.800000000000001,0.007999560295539677,0.014146986909083238,0.025479007895168215,0.006991191050696607,-0.02084568551091854,-0.009164913457386587,-0.0017890212851540128,0.004409021507149918,0.045005554877795215,0.21767912500000006,0.3849591249999999,0.693319125,0.19024000000000005,-0.5672400000000001,-0.2493899999999997,-0.04868174919261968,0.11997558719792456,1.2246635369946948
x_fixed,2.549999999999997,5.9,0.008276889055338256,0.014424315668881816,0.025756336654966794,0.0071117288274327554,-0.021205093881796443,-0.009164913457386587,-0.0018591876914044313,0.004675809445114034,0.045640919625477255,0.225225625,0.39250562499999986,0.7008656249999999,0.19352000000000005,-0.57702,-0.2493899999999997,-0.050591074374592725,0.1272352568236368,1.2419526925509554
x_fixed,2.549999999999997,6.0,0.008558958477697496,0.014706385091241057,0.026038406077326035,0.0072322666041689035,-0.02156450225267435,-0.009164913457386587,-0.0019263281473079787,0.00494840998850498,0.04628166780506757,0.23290112500000004,0.40018112499999986,0.708541125,0.19680000000000003,-0.5868,-0.2493899999999997,-0.05241805925291587,0.13465309550071405,1.2593883387522011
x_fixed,2.549999999999997,6.100000000000001,0.0088457685626174,0.01499319517616096,0.026325216162245937,0.007352804380905053,-0.02192391062355226,-0.009164913457386587,-0.0019902656990477396,0.0052266744917291216,0.0469277711083429,0.24070562500000012,0.40798562499999996,0.7163456250000001,0.20008000000000006,-0.5965800000000001,-0.2493899999999997,-0.05415788866892935,0.14222505837649413,1.276969705292435
x_fixed,2.549999999999997,6.199999999999999,0.009137319310097952,0.015284745923641513,0.02661676690972649,0.0074733421576412,-0.022283318994430156,-0.009164913457386587,-0.0020508505067051157,0.005510479826681604,0.04757920282348948,0.24863912499999996,0.4159191249999998,0.7242791249999999,0.20336,-0.6063599999999999,-0.2493899999999997,-0.055806485270733105,0.14994779496455812,1.294696065306175
x_fixed,2.549999999999997,6.300000000000001,0.009433610720139176,0.015581037333682737,0.026913058319767712,0.007593879934377349,-0.02264272736530807,-0.009164913457386587,-0.002107954621572708,0.005799723267966116,0.04823593772719622,0.2567016250000001,0.4239816249999999,0.732341625,0.20664000000000005,-0.6161400000000001,-0.2493899999999997,-0.05736036739663042,0.15781850996446975,1.3125667324321608
x_fixed,2.549999999999997,6.400000000000002,0.009734642792741057,0.01588206940628462,0.02721409039236959,0.0077144177111135,-0.02300213573618598,-0.009164913457386587,-0.002161467923761236,0.006094318530036771,0.04889795198511973,0.2648931250000002,0.43217312500000005,0.740533125,0.2099200000000001,-0.6259200000000003,-0.2493899999999997,-0.05881653853178074,0.1658348554269124,1.3305810581048687
x_fixed,2.549999999999997,6.5,0.010040415527903588,0.01618784214144715,0.027519863127532122,0.007834955487849645,-0.023361544107063877,-0.009164913457386587,-0.0022112949358023696,0.006394192672686119,0.04956522305999912,0.273213625,0.4404936249999999,0.7488536249999999,0.21320000000000003,-0.6356999999999999,-0.2493899999999997,-0.06017240060191551,0.17399484654772832,1.3487384290541873
x_fixed,2.549999999999997,6.600000000000001,0.01035092892562679,0.01649835553917035,0.027830376525255326,0.007955493264585795,-0.023720952477941787,-0.009164913457386587,-0.0022573523026922075,0.0066992836659783405,0.050237729626766314,0.2816631250000001,0.448943125,0.7573031250000001,0.21648000000000006,-0.64548,-0.2493899999999997,-0.06142568540182807,0.18229679540637508,1.3670382649954527
x_fixed,2.549999999999997,6.699999999999999,0.01066618298591064,0.016813609599454202,0.028145630585539178,0.008076031041321942,-0.024080360848819687,-0.009164913457386587,-0.0022995667829155946,0.00700953845976176,0.05091545149405782,0.290241625,0.4575216249999999,0.7658816249999999,0.21976,-0.65526,-0.2493899999999997,-0.06257439992836028,0.19073925843468506,1.3854800164936742
x_fixed,2.549999999999997,6.800000000000001,0.010986177708755158,0.01713360432229872,0.028465625308383695,0.008196568818058091,-0.024439769219697597,-0.009164913457386587,-0.0023378736343160826,0.00732491144216475,0.0515983695315889,0.2989491250000001,0.4662291249999999,0.774589125,0.22304000000000004,-0.6650400000000001,-0.2493899999999997,-0.06361678245768662,0.199320994470402,1.4040631629872844
x_fixed,2.549999999999997,6.900000000000002,0.011310913094160338,0.0174583397077039,0.028790360693788875,0.008317106594794241,-0.024799177590575507,-0.009164913457386587,-0.0023722153074209958,0.00764536320017373,0.05228646560290043,0.3077856250000002,0.475065625,0.7834256250000001,0.2263200000000001,-0.6748200000000002,-0.2493899999999997,-0.06455126698887788,0.20804093103079022,1.4227872109580892
x_fixed,2.549999999999997,7.0,0.011640389142126168,0.01778781575566973,0.029119836741754702,0.008437644371530387,-0.025158585961453407,-0.009164913457386587,-0.002402540379976438,0.007970859516493645,0.0529797225030334,0.316751125,0.4840311249999999,0.7923911249999999,0.22960000000000003,-0.6846,-0.2493899999999997,-0.06537645425112162,0.21689813701581773,1.441651692235304
x_fixed,2.549999999999997,7.100000000000001,0.011974605852652665,0.018122032466196227,0.0294540534522812,0.008558182148266537,-0.025517994332331317,-0.009164913457386587,-0.0024288026821064376,0.008301370552509672,0.05367812390072685,0.32584562500000014,0.493125625,0.801485625,0.2328800000000001,-0.6943800000000001,-0.2493899999999997,-0.06609108789808987,0.2258918004754115,1.4606561624226782
x_fixed,2.549999999999997,7.199999999999999,0.012313563225739812,0.018460989839283373,0.02979301082536835,0.008678719925002683,-0.025877402703209217,-0.009164913457386587,-0.0024509605731875684,0.008636870178809831,0.05438165428476929,0.3350691249999999,0.5023491249999997,0.8107091249999998,0.23616,-0.70416,-0.2493899999999997,-0.06669403483069507,0.23502121039204976,1.4798001994386454
x_fixed,2.549999999999997,7.300000000000001,0.01265726126138763,0.01880468787493119,0.030136708861016166,0.008799257701738833,-0.026236811074087128,-0.009164913457386587,-0.0024689763402994795,0.00897733542346465,0.05509029891416979,0.34442162500000006,0.5117016249999999,0.8200616249999999,0.23944000000000007,-0.7139400000000001,-0.2493899999999997,-0.06718426882809504,0.24428574166768682,1.4990834021604074
x_fixed,2.549999999999997,7.400000000000002,0.01300569995959611,0.01915312657313967,0.030485147559224646,0.008919795478474983,-0.026596219444965038,-0.009164913457386587,-0.002482815694742745,0.009322746014861074,0.05580404377184213,0.35390312500000026,0.5211831250000001,0.8295431250000002,0.2427200000000001,-0.7237200000000003,-0.2493899999999997,-0.06756085684724586,0.25368484268363006,1.518505389163617
x_fixed,2.549999999999997,7.5,0.013358879320365231,0.019506305933908792,0.030838326919993768,0.00904033325521113,-0.026955627815842934,-0.009164913457386587,-0.002492447348164486,0.009673084000909788,0.05652287552152248,0.36351362499999995,0.5307936249999998,0.8391536249999999,0.24600000000000005,-0.7334999999999999,-0.2493899999999997,-0.06782294748869236,0.26321802493864316,1.5380657975500485
x_fixed,2.549999999999997,7.600000000000001,0.013716799343695029,0.01986422595723859,0.03119624694332357,0.00916087103194728,-0.027315036186720848,-0.009164913457386587,-0.0024978426537022366,0.010028333430291322,0.0572467814676681,0.37325312500000013,0.540533125,0.8488931250000001,0.24928000000000008,-0.7432800000000002,-0.2493899999999997,-0.0679697612315952,0.27288485437521093,1.5577642818563844
x_fixed,2.549999999999997,7.699999999999999,0.014079460029585475,0.020226886643129036,0.03155890762921401,0.009281408808683425,-0.027674444557598744,-0.009164913457386587,-0.002498975300543108,0.010388480084369902,0.05797574951810173,0.38312162499999997,0.5504016249999998,0.8587616249999999,0.25256,-0.75306,-0.2493899999999997,-0.06800058212226245,0.2826849440845434,1.5776005130377186
x_fixed,2.549999999999997,7.800000000000001,0.01444686137803659,0.02059428799158015,0.03192630897766513,0.009401946585419575,-0.028033852928476655,-0.009164913457386587,-0.002495821052613893,0.01075351125070394,0.05870976814919178,0.39311912500000007,0.5603991249999999,0.8687591250000001,0.25584000000000007,-0.7628400000000001,-0.2493899999999997,-0.06791475066354498,0.2926179481434824,1.5975741775200616
x_fixed,2.549999999999997,7.900000000000002,0.014819003389048364,0.020966430002591924,0.0322984509886769,0.009522484362155725,-0.028393261299354565,-0.009164913457386587,-0.00248835752393031,0.011123415530874996,0.05944882637337251,0.40324562500000016,0.570525625,0.878885625,0.2591200000000001,-0.7726200000000002,-0.2493899999999997,-0.06771165770177799,0.3026835563852612,1.6176849763165173
x_fixed,2.549999999999997,8.0,0.015195886062620786,0.021343312676164346,0.032675333662249326,0.009643022138891871,-0.028752669670232465,-0.009164913457386587,-0.002476563984557434,0.011498182676765528,0.06019291370882637,0.41350112499999997,0.5807811249999998,0.889141125,0.2624,-0.7824,-0.2493899999999997,-0.0673907391466954,0.31288148994439496,1.6379326242023005
x_fixed,2.549999999999997,8.100000000000001,0.015577509398753884,0.021724936012297445,0.03305695699838242,0.009763559915628021,-0.029112078041110375,-0.009164913457386587,-0.0024604211922598963,0.011877803450526957,0.060942020151166676,0.4238856250000002,0.591165625,0.899525625,0.2656800000000001,-0.7921800000000001,-0.2493899999999997,-0.06695147139039834,0.323211497446218,1.6583168489441804
x_fixed,2.549999999999997,8.2,0.015963873397447623,0.022111300010991184,0.033443320997076156,0.009884097692364167,-0.029471486411988275,-0.009164913457386587,-0.0024399112458157505,0.012262269504361047,0.06169613614696966,0.43439912499999994,0.6016791249999998,0.9100391249999997,0.26896000000000003,-0.8019599999999999,-0.2493899999999997,-0.06639336731582215,0.3336733517355683,1.6788373905802532
x_fixed,2.549999999999997,8.3,0.01635497805870204,0.0225024046722456,0.03383442565833057,0.010004635469100317,-0.029830894782866185,-0.009164913457386587,-0.0024150174566837427,0.01265157327694171,0.06245525256902024,0.44504162500000016,0.612321625,0.920681625,0.27224000000000004,-0.81174,-0.2493899999999997,-0.06571597280462492,0.344266847058281,1.6994940007463442
x_fixed,2.549999999999997,8.400000000000002,0.01675082338251711,0.02289824999606067,0.03423027098214565,0.010125173245836467,-0.030190303153744096,-0.009164913457386587,-0.0023857242362893064,0.01304570790386783,0.06321936069314492,0.45581312500000026,0.623093125,0.9314531250000002,0.2755200000000001,-0.8215200000000001,-0.2493899999999997,-0.06491886367008305,0.354991796624486,1.7202864420455979
x_fixed,2.549999999999997,8.5,0.01715140936889283,0.02329883598243639,0.03463085696852136,0.010245711022572613,-0.030549711524621995,-0.009164913457386587,-0.0023520169966586525,0.013444667139992351,0.06398845217651689,0.466713625,0.6339936249999999,0.9423536249999999,0.27880000000000005,-0.8313,-0.2493899999999997,-0.06400164295320726,0.3658480304950747,1.7412144874581323
x_fixed,2.549999999999997,8.600000000000001,0.01755673601782922,0.02370416263137278,0.03503618361745776,0.010366248799308763,-0.030909119895499906,-0.009164913457386587,-0.002313882062508034,0.013848445291841085,0.06476251903732669,0.47774312500000016,0.645023125,0.9533831250000001,0.2820800000000001,-0.8410800000000002,-0.2493899999999997,-0.06296393853056946,0.3768353937427218,1.7622779197878473
x_fixed,2.549999999999997,8.7,0.017966803329326257,0.024114229942869818,0.035446250928954794,0.01048678657604491,-0.031268528266377806,-0.009164913457386587,-0.002271306593202934,0.014257037158632808,0.06554155363572099,0.4889016249999999,0.6561816249999998,0.9645416249999998,0.28536,-0.85086,-0.2493899999999997,-0.06180540099070418,0.3879537448469606,1.7834765311437428
x_fixed,2.549999999999997,8.8,0.01838161130338397,0.02452903791692753,0.035861058903012506,0.01060732435278106,-0.031627936637255716,-0.009164913457386587,-0.002224278513253129,0.014670437980657558,0.06632554865591958,0.5001891250000001,0.6674691249999999,0.975829125,0.28864000000000006,-0.8606400000000001,-0.2493899999999997,-0.06052570174278283,0.39920295428948505,1.804810122453298
x_fixed,2.549999999999997,8.900000000000002,0.01880115994000234,0.024948586553545902,0.036280607539630874,0.010727862129517209,-0.031987345008133626,-0.009164913457386587,-0.002172786450217963,0.015088643393969496,0.06711449708942757,0.5116056250000003,0.678885625,0.987245625,0.2919200000000001,-0.8704200000000002,-0.2493899999999997,-0.05912453132693017,0.4105829033212792,1.826278503005651
x_fixed,2.549999999999997,9.0,0.019225449239181357,0.025372875852724918,0.0367048968388099,0.010848399906253355,-0.03234675337901152,-0.009164913457386587,-0.0021168196790666755,0.01551164939051601,0.06790839221926684,0.523151125,0.6904311249999998,0.998791125,0.2952000000000001,-0.8802,-0.2493899999999997,-0.05760159790019166,0.4220934828776755,1.847881490022516
x_fixed,2.549999999999997,9.100000000000001,0.01965447920092105,0.02580190581446461,0.03713392680054958,0.010968937682989505,-0.03270616174988943,-0.009164913457386587,-0.0020563680721814664,0.015939452282960873,0.06870722760515584,0.5348256250000002,0.7021056250000001,1.0104656250000001,0.2984800000000001,-0.8899800000000001,-0.2493899999999997,-0.05595662587604761,0.4337345926211435,1.8696189082549046
x_fixed,2.549999999999997,9.200000000000003,0.0200882498252214,0.02623567643876496,0.03756769742484994,0.011089475459725655,-0.03306557012076734,-0.009164913457386587,-0.001991422054308973,0.016372048673572205,0.06951099706957306,0.5466291250000005,0.7139091250000003,1.0222691250000004,0.30176000000000014,-0.8997600000000002,-0.2493899999999997,-0.05418935469858036,0.44550614009468875,1.8914905896038925
x_fixed,2.549999999999997,9.3,0.02052676111208239,0.02667418772562595,0.038006208711710926,0.011210013236461801,-0.03342497849164524,-0.009164913457386587,-0.0019219725618652757,0.0168094354266404,0.07031969468464414,0.5585616250000001,0.7258416249999999,1.034201625,0.3050400000000001,-0.9095399999999999,-0.2493899999999997,-0.05229953773510708,0.457408039971306,1.9134963727638008
x_fixed,2.549999999999997,9.400000000000002,0.02097001306150406,0.027117439675047622,0.0384494606611326,0.011330551013197951,-0.03378438686252316,-0.009164913457386587,-0.001848011006082425,0.017251609643969656,0.07113331475979705,0.5706231250000003,0.7379031250000001,1.0462631250000003,0.3083200000000001,-0.9193200000000002,-0.2493899999999997,-0.050286941273345744,0.4694402133870698,1.9356361028862765
x_fixed,2.549999999999997,9.5,0.021418005673486375,0.027565432287029935,0.03889745327311491,0.011451088789934097,-0.03414379523340105,-0.009164913457386587,-0.0017695292395550051,0.017698568643052436,0.07195185183013375,0.5828136250000001,0.7500936249999999,1.058453625,0.31160000000000004,-0.9291,-0.2493899999999997,-0.04815134361110067,0.48160258734723155,1.957909631263868
x_fixed,2.549999999999997,9.600000000000001,0.02187073894802936,0.02801816556157292,0.0393501865476579,0.011571626566670247,-0.03450320360427896,-0.009164913457386587,-0.001686519525804062,0.018150309937592368,0.07277530064547186,0.5951331250000002,0.762413125,1.070773125,0.3148800000000001,-0.9388800000000002,-0.2493899999999997,-0.04589253422805485,0.49389509419622024,1.9803168150318344
x_fixed,2.549999999999997,9.700000000000003,0.022328212885133012,0.028475639498676573,0.039807660484761545,0.011692164343406397,-0.034862611975156874,-0.009164913457386587,-0.0015989745115262445,0.018606831220086745,0.07360365616001063,0.6075816250000005,0.7748616250000003,1.0832216250000002,0.3181600000000001,-0.9486600000000003,-0.2493899999999997,-0.04351031303063063,0.5063176711436885,2.002857516886943
x_fixed,2.549999999999997,9.8,0.0227904274847973,0.028937854098340862,0.04026987508442584,0.011812702120142543,-0.03522202034603477,-0.009164913457386587,-0.0015068872012388218,0.01906813034622046,0.07443691352258235,0.6201591250000001,0.787439125,1.095799125,0.32144000000000006,-0.95844,-0.2493899999999997,-0.041004489662045424,0.5188702598398498,2.0255316048221954
x_fixed,2.549999999999997,9.900000000000002,0.023257382747022267,0.029404809360565828,0.04073683034665081,0.011933239896878693,-0.03558142871691268,-0.009164913457386587,-0.0014102509340677054,0.01953420532085634,0.0752750680674503,0.6328656250000003,0.8001456250000001,1.1085056250000003,0.3247200000000001,-0.9682200000000001,-0.2493899999999997,-0.038374882870681686,0.5315528059942558,2.0483389518764272
x_fixed,0.0,-10.0,0.025261484063545243,0.025261484063545243,0.039667218356401995,-0.01205377767361484,0.035940837087790584,-0.0,-0.00695502458176314,0.026699338327171366,0.07044587273808427,0.6874,0.6874,1.0794,-0.32800000000000007,0.9780000000000001,-0.0,-0.18925586024469795,0.7265260077329712,1.916929852511727
x_fixed,0.0,-9.9,0.024789788138759625,0.024789788138759625,0.03919552243161638,-0.011933239896878691,0.03558142871691267,-0.0,-0.007055264186447002,0.02622727284100288,0.06960309005457974,0.6745645000000001,0.6745645000000001,1.0665645,-0.32472000000000006,0.96822,-0.0,-0.19198351884489567,0.7136804514554403,1.8939965673894552
x_fixed,0.0,-9.8,0.024322832876534667,0.024322832876534667,0.03872856716939142,-0.011812702120142543,0.03522202034603477,-0.0,-0.007150911308261891,0.025759937020017047,0.06876520721070559,0.6618580000000002,0.6618580000000002,1.0538580000000002,-0.32144000000000006,0.95844,-0.0,-0.19458620961991768,0.7009635959240089,1.8711966136959088
x_fixed,0.0,-9.7,0.02386061827687036,0.02386061827687036,0.038266352569727116,-0.011692164343406393,0.03486261197515686,-0.0,-0.007241970251218139,0.025297330427308695,0.06793222894737726,0.6492805,0.6492805,1.0412805,-0.31816000000000005,0.9486599999999998,-0.0,-0.19706404968785152,0.6883754292498815,1.8485301204379694
x_fixed,0.0,-9.6,0.02340314433976672,0.02340314433976672,0.03780887863262347,-0.011571626566670245,0.034503203604278956,-0.0,-0.007328445485306547,0.02483945260425461,0.06710416019320885,0.636832,0.636832,1.028832,-0.31488000000000005,0.9388799999999999,-0.0,-0.19941716068334342,0.6759159389532846,1.8259972217300586
x_fixed,0.0,-9.5,0.02295041106522374,0.02295041106522374,0.037356145358080496,-0.011451088789934097,0.03414379523340105,-0.0,-0.007410341654456608,0.024386303069217196,0.06628100607376738,0.6245125,0.6245125,1.0165125000000002,-0.31160000000000004,0.9291,-0.0,-0.20164566897415248,0.6635851119281917,1.8035980570459609
x_fixed,0.0,-9.4,0.02250241845324142,0.02250241845324142,0.036908152746098176,-0.01133055101319795,0.03378438686252315,-0.0,-0.007487663584949523,0.023937881316157966,0.06546277192137259,0.6123220000000001,0.6123220000000001,1.0043220000000002,-0.30832000000000004,0.91932,-0.0,-0.20374970589008065,0.6513829344045939,1.7813327714854876
x_fixed,0.0,-9.3,0.022059166503819755,0.022059166503819755,0.03646490079667651,-0.011210013236461801,0.03342497849164524,-0.0,-0.007560416294315926,0.023494186813153507,0.06464946328547844,0.6002605000000001,0.6002605000000001,0.9922605,-0.3050400000000001,0.9095399999999999,-0.0,-0.20572940796509195,0.639309391908118,1.759201516056974
x_fixed,0.0,-9.2,0.02162065521695875,0.02162065521695875,0.0360263895098155,-0.011089475459725651,0.03306557012076733,-0.0,-0.007628605000750754,0.023055219000806253,0.06384108594367749,0.588328,0.588328,0.9803279999999999,-0.30176000000000003,0.8997599999999998,-0.0,-0.20758491719350433,0.6273644692167805,1.7372044479767235
x_fixed,0.0,-9.1,0.021186884592658405,0.021186884592658405,0.03559261888551516,-0.010968937682989503,0.032706161749889426,-0.0,-0.007692235133079912,0.022620977290541362,0.06303764591337052,0.5765245,0.5765245,0.9685244999999999,-0.29848,0.8899799999999999,-0.0,-0.2093163813011964,0.615548150314644,1.7153417309865522
x_fixed,0.0,-9.0,0.020757854630918723,0.020757854630918723,0.03516358892377548,-0.010848399906253355,0.03234675337901152,-0.0,-0.007751312341316062,0.022191461062780523,0.06223914946414844,0.5648500000000001,0.5648500000000001,0.9568500000000001,-0.2952000000000001,0.8802,-0.0,-0.21092395403284492,0.6038604183421241,1.6936135356907203
x_fixed,0.0,-8.9,0.0203335653317397,0.0203335653317397,0.03473929962459646,-0.010727862129517207,0.03198734500813362,-0.0,-0.007805842507843608,0.021766669664982453,0.061445603130937027,0.5533045000000001,0.5533045000000001,0.9453045000000001,-0.29192000000000007,0.8704200000000001,-0.0,-0.21240779545628402,0.5923012555426678,1.672020039913617
x_fixed,0.0,-8.8,0.019914016695121335,0.019914016695121335,0.03431975098797809,-0.01060732435278106,0.031627936637255716,-0.0,-0.007855831759276457,0.021346602409539124,0.060657013727958085,0.541888,0.541888,0.933888,-0.28864000000000006,0.8606400000000001,-0.0,-0.21376807228517108,0.5808706432055072,1.650561429079664
x_fixed,0.0,-8.7,0.019499208721063623,0.019499208721063623,0.03390494301392038,-0.01048678657604491,0.031268528266377806,-0.0,-0.007901286479034944,0.020931258571515343,0.05987338836356723,0.5306004999999999,0.5306004999999999,0.9226004999999999,-0.28536,0.85086,-0.0,-0.21500495822122243,0.569568561604151,1.6292378966170713
x_fixed,0.0,-8.6,0.01908914140956658,0.01908914140956658,0.033494875702423335,-0.010366248799308761,0.0309091198954999,-0.0,-0.007942213320692232,0.02052063738621865,0.05909473445603007,0.519442,0.519442,0.911442,-0.28208000000000005,0.8410799999999999,-0.0,-0.21611863431738726,0.5583949899302573,1.6080496443871297
x_fixed,0.0,-8.5,0.018683814760630194,0.018683814760630194,0.03308954905348695,-0.010245711022572613,0.030549711524621995,-0.0,-0.007978619222144493,0.02011473804658482,0.05832105975030701,0.5084125,0.5084125,0.9004125,-0.27880000000000005,0.8313,-0.0,-0.21710928936343812,0.5473499062224897,1.5869968831409484
x_fixed,0.0,-8.4,0.018283228774254468,0.018283228774254468,0.03268896306711122,-0.010125173245836465,0.03019030315374409,-0.0,-0.008010511420663228,0.019713559700363096,0.0575523723359203,0.49751200000000007,0.49751200000000007,0.889512,-0.27552000000000004,0.82152,-0.0,-0.21797712029556515,0.5364332872899237,1.566079833005642
x_fixed,0.0,-8.3,0.017887383450439404,0.017887383450439404,0.03229311774329616,-0.010004635469100317,0.029830894782866185,-0.0,-0.008037897468893187,0.01931710144708367,0.05678868066598449,0.4867405000000002,0.4867405000000002,0.8787405,-0.27224000000000004,0.81174,-0.0,-0.21872233263170182,0.5256451086295274,1.545298724002175
x_fixed,0.0,-8.2,0.01749627878918499,0.01749627878918499,0.03190201308204174,-0.009884097692364167,0.029471486411988275,-0.0,-0.008060785251863685,0.018925362334788108,0.056029993577487294,0.47609799999999997,0.47609799999999997,0.8680979999999998,-0.26896000000000003,0.8019599999999999,-0.0,-0.2193451409344264,0.5149853443371925,1.5246537965972338
x_fixed,0.0,-8.1,0.017109914790491242,0.017109914790491242,0.031515649083348,-0.00976355991562802,0.029112078041110368,-0.0,-0.00807918300508755,0.018538341356501845,0.0552763203129162,0.4655845,0.4655845,0.8575845000000001,-0.26568,0.7921799999999999,-0.0,-0.21984576930345937,0.5044539670117448,1.5041453022917148
x_fixed,0.0,-8.0,0.01672829145435815,0.01672829145435815,0.03113402574721491,-0.009643022138891871,0.028752669670232465,-0.0,-0.008093099333827182,0.018156037446425206,0.05452767054333319,0.4552,0.4552,0.8472000000000001,-0.2624,0.7824,-0.0,-0.22022445189991963,0.4940509476512979,1.4837735042486218
x_fixed,0.0,-7.9,0.016351408780785722,0.016351408780785722,0.03075714307364248,-0.009522484362155723,0.02839326129935456,-0.0,-0.008102543233614102,0.01777844947581775,0.05378405439301029,0.4449445,0.4449445,0.8369445000000001,-0.2591200000000001,0.7726200000000001,-0.0,-0.2204814335046899,0.4837762555412597,1.4635386779634305
x_fixed,0.0,-7.8,0.015979266769773952,0.015979266769773952,0.030385001062630708,-0.009401946585419573,0.02803385292847665,-0.0,-0.008107524112115466,0.017405576248547577,0.053045482465746516,0.434818,0.434818,0.8268179999999999,-0.25584,0.76284,-0.0,-0.22061697011343484,0.47362985813322295,1.4434411119802124
x_fixed,0.0,-7.699999999999999,0.01561186542132284,0.01561186542132284,0.030017599714179596,-0.009281408808683425,0.027674444557598744,-0.0,-0.008108051812448738,0.017037416496274663,0.052311965872999355,0.4248205,0.4248205,0.8168205,-0.25256,0.75306,-0.0,-0.22063132957102566,0.4636117209138974,1.4234811086571282
x_fixed,0.0,-7.6,0.015249204735432391,0.015249204735432391,0.029654939028289147,-0.009160871031947277,0.02731503618672084,-0.0,-0.008104136638054033,0.016673968873233982,0.05158351626397398,0.41495200000000004,0.41495200000000004,0.806952,-0.24928000000000003,0.7432799999999999,-0.0,-0.22052479224835092,0.4537218072631512,1.4036589849851997
x_fixed,0.0,-7.5,0.014891284712102599,0.014891284712102599,0.029297019004959353,-0.00904033325521113,0.026955627815842934,-0.0,-0.008095789379243407,0.016315231950580548,0.050860145857827416,0.40521250000000003,0.40521250000000003,0.7972125,-0.24600000000000005,0.7334999999999999,-0.0,-0.22029765176475977,0.44396007830013146,1.3839750734646283
x_fixed,0.0,-7.4,0.014538105351333468,0.014538105351333468,0.028943839644190224,-0.008919795478474981,0.02659621944496503,-0.0,-0.008083021341555526,0.015961204210254636,0.05014186747815805,0.39560200000000006,0.39560200000000006,0.787602,-0.24272000000000005,0.72372,-0.0,-0.2199502157596315,0.4343264927163287,1.364429723043303
x_fixed,0.0,-7.3,0.014189666653124993,0.014189666653124993,0.02859540094598175,-0.008799257701738832,0.026236811074087124,-0.0,-0.008065844376056137,0.01561188403832085,0.049428694589967036,0.38612050000000003,0.38612050000000003,0.7781205,-0.23944000000000001,0.71394,-0.0,-0.2194828067168936,0.42482100659432354,1.3450233001225704
x_fixed,0.0,-7.199999999999999,0.013845968617477177,0.013845968617477177,0.028251702910333933,-0.008678719925002683,0.025877402703209217,-0.0,-0.008044270911736122,0.015267269717729827,0.04872064133929459,0.37676799999999994,0.37676799999999994,0.7687679999999999,-0.23616,0.70416,-0.0,-0.21889576284661763,0.4154435732108225,1.325756189635795
x_fixed,0.0,-7.1,0.013507011244390027,0.013507011244390027,0.027912745537246784,-0.008558182148266535,0.02551799433233131,-0.0,-0.008018313990171966,0.014927359420445777,0.04801772259575303,0.3675445,0.3675445,0.7595445000000001,-0.23288000000000003,0.6943799999999999,-0.0,-0.21818943902817858,0.4061941428224376,1.3066287962057412
x_fixed,0.0,-7.0,0.013172794533863533,0.013172794533863533,0.027578528826720287,-0.008437644371530387,0.025158585961453407,-0.0,-0.007987987302628634,0.014592151198876724,0.04731995399819926,0.35845000000000005,0.35845000000000005,0.75045,-0.22960000000000003,0.6846,-0.0,-0.2173642078198756,0.39707266243249134,1.2876415453873842
x_fixed,0.0,-6.9,0.012843318485897698,0.012843318485897698,0.027249052778754453,-0.00831710659479424,0.024799177590575504,-0.0,-0.007953305229798969,0.014261642976537545,0.04662735200381129,0.34948450000000003,0.34948450000000003,0.7414845,-0.22632000000000005,0.6748200000000001,-0.0,-0.2164204605402961,0.3880790755369451,1.2687948850033515
x_fixed,0.0,-6.8,0.01251858310049252,0.01251858310049252,0.026924317393349276,-0.00819656881805809,0.024439769219697594,-0.0,-0.00791428288439243,0.013935832537867815,0.04593993394085893,0.34064799999999995,0.34064799999999995,0.732648,-0.22304000000000002,0.66504,-0.0,-0.2153586084272144,0.3792133218473283,1.2500892865798858
x_fixed,0.0,-6.699999999999999,0.012198588377648005,0.012198588377648005,0.026604322670504763,-0.008076031041321942,0.024080360848819687,-0.0,-0.00787093615680345,0.01361471751711793,0.0452577180654863,0.33194049999999997,0.33194049999999997,0.7239405,-0.21976,0.65526,-0.0,-0.21417908388029105,0.37047533698831475,1.2315252468919764
x_fixed,0.0,-6.6,0.01188333431736415,0.01188333431736415,0.026289068610220907,-0.007955493264585793,0.023720952477941783,-0.0,-0.007823281764110599,0.013298295386206836,0.04458072362285297,0.323362,0.323362,0.715362,-0.21648000000000003,0.6454799999999999,-0.0,-0.21288234179440788,0.36186505216731435,1.2131032896270937
x_fixed,0.0,-6.5,0.011572820919640953,0.011572820919640953,0.025978555212497707,-0.007834955487849645,0.023361544107063877,-0.0,-0.007771337302679673,0.012986563441443853,0.04390897091301543,0.31491250000000004,0.31491250000000004,0.7069124999999999,-0.21320000000000003,0.6356999999999999,-0.0,-0.21146886099107112,0.35338239381315584,1.1948239671779153
x_fixed,0.0,-6.4,0.011267048184478417,0.011267048184478417,0.025672782477335173,-0.007714417711113497,0.023002135736185973,-0.0,-0.00771512130466867,0.012679518788994397,0.043242481361966276,0.30659200000000003,0.30659200000000003,0.698592,-0.20992000000000005,0.62592,-0.0,-0.20993914575599001,0.3450272831805885,1.1766878625754016
x_fixed,0.0,-6.3,0.010966016111876538,0.010966016111876538,0.025371750404733294,-0.0075938799343773485,0.022642727365308066,-0.0,-0.007654653298758087,0.012377158328955345,0.0425812775982891,0.2984005,0.2984005,0.6904005,-0.20664000000000002,0.61614,-0.0,-0.20829372749163247,0.3367996359169513,1.1586955915746808
x_fixed,0.0,-6.199999999999999,0.010669724701835318,0.010669724701835318,0.025075458994692074,-0.0074733421576412,0.022283318994430156,-0.0,-0.007589953875460081,0.01207947873789002,0.04192538353593278,0.290338,0.290338,0.682338,-0.20336,0.6063599999999999,-0.0,-0.20653316649437775,0.3286993615869249,1.140847804907453
x_fixed,0.0,-6.1,0.01037817395435476,0.01037817395435476,0.024783908247211515,-0.0073528043809050515,0.021923910623552253,-0.0,-0.007521044757390488,0.011786476449654653,0.041274824463656865,0.2824045,0.2824045,0.6744045,-0.20008000000000004,0.59658,-0.0,-0.20465805386671568,0.32072636315079406,1.1231451907159213
x_fixed,0.0,-6.0,0.010091363869434862,0.010091363869434862,0.02449709816229162,-0.0072322666041689035,0.02156450225267435,-0.0,-0.007447948874922607,0.011498147634328089,0.04062962714175585,0.2746,0.2746,0.6666000000000001,-0.19680000000000003,0.5868,-0.0,-0.20266901357589082,0.3128805363910948,1.105588477184796
x_fixed,0.0,-5.8999999999999995,0.00980929444707562,0.00980929444707562,0.024215028739932375,-0.007111728827432755,0.02120509388179644,-0.0,-0.007370690447678879,0.011214488175033564,0.039989819906728924,0.26692449999999995,0.26692449999999995,0.6589244999999999,-0.19352000000000003,0.5770199999999999,-0.0,-0.2005667046714042,0.30516176928190336,1.0881784353895005
x_fixed,0.0,-5.8,0.00953196568727704,0.00953196568727704,0.023937699980133797,-0.0069911910506966065,0.020845685510918536,-0.0,-0.007289295072356854,0.010935493642415427,0.03935543278462931,0.259378,0.259378,0.651378,-0.19024000000000002,0.56724,-0.0,-0.1983518236748794,0.29756994129431236,1.0709158823805671
x_fixed,0.0,-5.7,0.00925937759003912,0.00925937759003912,0.023665111882895877,-0.0068706532739604585,0.020486277140040633,-0.0,-0.007203789817430242,0.010661159266504338,0.03872649761390001,0.2519605,0.2519605,0.6439605,-0.18696000000000004,0.5574600000000001,-0.0,-0.1960251071570097,0.29010492263084364,1.053801684526166
x_fixed,0.0,-5.6,0.008991530155361856,0.008991530155361856,0.023397264448218612,-0.00675011549722431,0.020126868769162726,-0.0,-0.007114203325313137,0.010391479905671361,0.038103048178584106,0.24467199999999995,0.24467199999999995,0.6366719999999999,-0.18368,0.54768,-0.0,-0.19358733451758797,0.28276657338064637,1.0368367611369416
x_fixed,0.0,-5.5,0.008728423383245256,0.008728423383245256,0.023134157676102014,-0.0066295777204881615,0.01976746039828482,-0.0,-0.007020565922627281,0.010126450012333452,0.037485120352886356,0.2375125,0.2375125,0.6295125,-0.18040000000000003,0.5378999999999999,-0.0,-0.19103933098603204,0.27555474258629553,1.0200220883997366
x_fixed,0.0,-5.3999999999999995,0.008470057273689312,0.008470057273689312,0.022875791566546066,-0.006509039943752013,0.019408052027406912,-0.0,-0.006922909739267366,0.009866063595030262,0.0368727522581618,0.23048199999999996,0.23048199999999996,0.6224819999999999,-0.17712000000000003,0.5281199999999999,-0.0,-0.18838197086131636,0.2684692672118494,1.0033587036494669
x_fixed,0.0,-5.3,0.00821643182669403,0.00821643182669403,0.02262216611955079,-0.006388502167015865,0.01904864365652901,-0.0,-0.006821268837019109,0.009610314176443507,0.03626598443351445,0.2235805,0.2235805,0.6155805,-0.17384000000000002,0.51834,-0.0,-0.18561618101184832,0.26150997100049833,0.98684771001135
x_fixed,0.0,-5.199999999999999,0.007967547042259406,0.007967547042259406,0.022373281335116162,-0.006267964390279716,0.0186892352856511,-0.0,-0.006715679348548352,0.009359194746874933,0.0356648600213084,0.21680799999999997,0.21680799999999997,0.6088079999999999,-0.17056000000000002,0.5085599999999999,-0.0,-0.18274294465755428,0.2546766632086357,0.9704902814489186
x_fixed,0.0,-5.1,0.007723402920385443,0.007723402920385443,0.0221291372132422,-0.006147426613543568,0.018329826914773195,-0.0,-0.0066061796276472625,0.009112697712636368,0.03506942496902399,0.21016449999999998,0.21016449999999998,0.6021645,-0.16728,0.49877999999999995,-0.0,-0.17976330545828684,0.24796913720147956,0.9542876682568074
x_fixed,0.0,-5.0,0.0074839994610721395,0.0074839994610721395,0.021889733753928897,-0.00602688883680742,0.017970418543895292,-0.0,-0.0064928104116950365,0.008870814838733941,0.03447972824903427,0.20365000000000003,0.20365000000000003,0.59565,-0.16400000000000003,0.48900000000000005,-0.0,-0.176678371934606,0.241387168893431,0.9382412030411749
x_fixed,0.0,-4.8999999999999995,0.007249336664319493,0.007249336664319493,0.02165507095717625,-0.005906351060071271,0.01761101017301738,-0.0,-0.006375614997365698,0.008633537185147604,0.03389582209803334,0.19726449999999998,0.19726449999999998,0.5892645,-0.16072,0.4792199999999999,-0.0,-0.17348932224903177,0.23493051501415146,0.9223523072348805
x_fixed,0.0,-4.8,0.007019414530127509,0.007019414530127509,0.021425148822984266,-0.005785813283335123,0.017251601802139478,-0.0,-0.006254639430693516,0.008400855035914952,0.033317762278017846,0.191008,0.191008,0.583008,-0.15744000000000002,0.46943999999999997,-0.0,-0.17019740937798775,0.22859891117883513,0.9066224981991526
x_fixed,0.0,-4.699999999999999,0.006794233058496181,0.006794233058496181,0.021199967351352936,-0.005665275506598974,0.01689219343126157,-0.0,-0.006129932712686221,0.00817275782012372,0.03274560836090779,0.18488049999999995,0.18488049999999995,0.5768804999999999,-0.15416000000000002,0.45965999999999996,-0.0,-0.16680396670682174,0.22239206973830544,0.8910533969685159
x_fixed,0.0,-4.6,0.006573792249425516,0.006573792249425516,0.020979526542282273,-0.005544737729862826,0.016532785060383665,-0.0,-0.006001547021756915,0.00794923402379828,0.032179424039091936,0.17888199999999999,0.17888199999999999,0.570882,-0.15088000000000001,0.4498799999999999,-0.0,-0.16331041408248637,0.21630967738132437,0.8756467367011619
x_fixed,0.0,-4.5,0.0063580921029155095,0.0063580921029155095,0.020763826395772265,-0.005424199953126678,0.01617337668950576,-0.0,-0.005869537954324831,0.007730271091530441,0.031619277464397674,0.1730125,0.1730125,0.5650124999999999,-0.14760000000000004,0.4401,-0.0,-0.15971826436061926,0.21035139245783008,0.8604043719027892
x_fixed,0.0,-4.3999999999999995,0.006147132618966161,0.006147132618966161,0.02055286691182292,-0.005303662176390529,0.015813968318627854,-0.0,-0.005733964785010494,0.007515855316551561,0.031065241618214185,0.16727199999999998,0.16727199999999998,0.559272,-0.14432,0.43032,-0.0,-0.1560291304858141,0.20451684198764694,0.8453282884981674
x_fixed,0.0,-4.3,0.005940913797577474,0.005940913797577474,0.02034664809043423,-0.005183124399654381,0.01545455994774995,-0.0,-0.0055948907479196315,0.007305971717769399,0.03051739471573941,0.16166049999999998,0.16166049999999998,0.5536605,-0.14104000000000003,0.42053999999999997,-0.0,-0.15224473314574577,0.19880561831448754,0.8304206148312582
x_fixed,0.0,-4.199999999999999,0.005739435638749444,0.005739435638749444,0.0201451699316062,-0.005062586622918232,0.01509515157687204,-0.0,-0.005452383340566836,0.007100603902096431,0.0299758206475755,0.15617799999999998,0.15617799999999998,0.5481779999999999,-0.13776,0.4107599999999999,-0.0,-0.1483669090413545,0.19321727535971553,0.8156836336816391
x_fixed,0.0,-4.1,0.005542698142482076,0.005542698142482076,0.019948432435338833,-0.004942048846182084,0.014735743205994137,-0.0,-0.005306514652029882,0.006899733910174884,0.02944060946215798,0.1508245,0.1508245,0.5428245,-0.13448000000000002,0.40097999999999995,-0.0,-0.14439761981637975,0.18775132442430983,0.8011197953920698
x_fixed,0.0,-4.0,0.005350701308775367,0.005350701308775367,0.019756435601632122,-0.004821511069445936,0.014376334835116232,-0.0,-0.00515736171693999,0.006703342043353669,0.028911857892769177,0.1456,0.1456,0.5376,-0.1312,0.3912,-0.0,-0.1403389616899259,0.18240722948066712,0.7867317322092587
x_fixed,0.0,-3.8999999999999995,0.005163445137629316,0.005163445137629316,0.019569179430486073,-0.004700973292709787,0.014016926464238324,-0.0,-0.005005006896893878,0.006511406669492494,0.028389669933146087,0.14050449999999998,0.14050449999999998,0.5325044999999999,-0.12792,0.3814199999999999,-0.0,-0.13619317583521315,0.1771844018882626,0.7725222739469505
x_fixed,0.0,-3.8,0.004980929629043927,0.004980929629043927,0.019386663921900683,-0.004580435515973639,0.01365751809336042,-0.0,-0.004849538290806362,0.006323904004855244,0.027874157465939655,0.13553800000000002,0.13553800000000002,0.527538,-0.12464000000000001,0.37163999999999997,-0.0,-0.13196265954584038,0.1720821944586664,0.758494465087174
x_fixed,0.0,-3.6999999999999993,0.004803154783019194,0.004803154783019194,0.01920888907587595,-0.00445989773923749,0.013298109722482512,-0.0,-0.004691050175593306,0.006140807869007055,0.027365440948500595,0.13070049999999997,0.13070049999999997,0.5227005,-0.12136,0.3618599999999999,-0.0,-0.12764997822737928,0.16709989478595347,0.7446515834414259
x_fixed,0.0,-3.5999999999999996,0.004630120599555123,0.004630120599555123,0.01903585489241188,-0.004339359962501342,0.012938701351604609,-0.0,-0.004529643478363503,0.005962089409245951,0.026863650160639678,0.125992,0.125992,0.5179919999999999,-0.11808,0.35208,-0.0,-0.12325787824636987,0.16223671774810597,0.7309971604982638
x_fixed,0.0,-3.5,0.004461827078651712,0.004461827078651712,0.018867561371508468,-0.004218822185765194,0.012579292980726704,-0.0,-0.004365426280980363,0.005787716790680247,0.026368925019112012,0.1214125,0.1214125,0.5134124999999999,-0.11480000000000001,0.3423,-0.0,-0.11878930066014358,0.1574917970735903,0.7175350035865534
x_fixed,0.0,-3.3999999999999995,0.004298274220308958,0.004298274220308958,0.018704008513165716,-0.004098284409029045,0.012219884609848795,-0.0,-0.004198514357400255,0.00561765484760963,0.025881416463574263,0.11696199999999997,0.11696199999999997,0.508962,-0.11152000000000001,0.3325199999999999,-0.0,-0.11424739583854443,0.1528641758549525,0.704269219983592
x_fixed,0.0,-3.3,0.004139462024526866,0.004139462024526866,0.018545196317383623,-0.003977746632292897,0.011860476238970892,-0.0,-0.004029031743566475,0.00545186469138499,0.025401287418618836,0.11264049999999999,0.11264049999999999,0.5046405,-0.10824000000000002,0.32273999999999997,-0.0,-0.10963553897153382,0.14835279587814112,0.6912042430933926
x_fixed,0.0,-3.1999999999999993,0.003985390491305431,0.003985390491305431,0.01839112478416219,-0.003857208855556748,0.011501067868092983,-0.0,-0.003857111338791857,0.005290303269418537,0.02492871383614637,0.10844799999999997,0.10844799999999997,0.500448,-0.10496,0.3129599999999999,-0.0,-0.10495734643364509,0.14395648562256091,0.678344860811084
x_fixed,0.0,-3.0999999999999996,0.0038360596206446582,0.0038360596206446582,0.018241793913501413,-0.0037366710788206,0.011141659497215078,-0.0,-0.0036828955364445596,0.005132922869505372,0.024463885821729918,0.10438449999999999,0.10438449999999999,0.49638449999999995,-0.10168,0.30317999999999995,-0.0,-0.10021669294581809,0.13967394677297573,0.6656962461728423
x_fixed,0.0,-3.0,0.003691469412544544,0.003691469412544544,0.0180972037054013,-0.0036161333020844517,0.010782251126337175,-0.0,-0.0035065368802968786,0.004979670563122078,0.02400700884766519,0.10045,0.10045,0.49244999999999994,-0.09840000000000002,0.2934,-0.0,-0.09541772943556015,0.13550373907089142,0.6532639903646688
x_fixed,0.0,-2.8999999999999995,0.003551619867005088,0.003551619867005088,0.017957354159861844,-0.003495595525348303,0.010422842755459266,-0.0,-0.0033281987410318323,0.004830487580918446,0.023558305053985408,0.09664449999999998,0.09664449999999998,0.4886445,-0.09512,0.2836199999999999,-0.0,-0.09056490144562818,0.13144426332082004,0.641054138124808
x_fixed,0.0,-2.8,0.003416510984026293,0.003416510984026293,0.017822245276883048,-0.003375057748612155,0.010063434384581363,-0.0,-0.003148056005041367,0.004685308613260524,0.023118014636716477,0.092968,0.092968,0.48496799999999995,-0.09184,0.27384,-0.0,-0.08566296787718257,0.12749374235708652,0.629073225520096
x_fixed,0.0,-2.6999999999999993,0.0032861427636081565,0.0032861427636081565,0.017691877056464914,-0.003254519971876006,0.009704026013703454,-0.0,-0.0029662957646992187,0.004544061028479031,0.022686397319901415,0.08942049999999999,0.08942049999999999,0.48142050000000003,-0.08856,0.2640599999999999,-0.0,-0.08071701977306878,0.12365019977128439,0.6173283200017844
x_fixed,0.0,-2.5999999999999996,0.0031605152057506804,0.0031605152057506804,0.017566249498607436,-0.003133982195139858,0.00934461764282555,-0.0,-0.0027831179956495627,0.004406664001512284,0.022263733904246075,0.086002,0.086002,0.478002,-0.08528000000000001,0.25427999999999995,-0.0,-0.0757324987477802,0.11991143620144179,0.6058270625463383
x_fixed,0.0,-2.5,0.0030396283104538635,0.0030396283104538635,0.01744536260331062,-0.00301344441840371,0.008985209271947646,-0.0,-0.002598736202217282,0.004273027546020292,0.02185032788041534,0.0827125,0.0827125,0.4747125,-0.08200000000000002,0.24450000000000002,-0.0,-0.07071521454996643,0.11627500299450443,0.5945777115554621
x_fixed,0.0,-2.3999999999999995,0.0029234820777177054,0.0029234820777177054,0.01732921637057446,-0.002892906641667561,0.008625800901069737,-0.0,-0.0024133780067225005,0.004143051443935029,0.021446507088797338,0.07955199999999998,0.07955199999999998,0.47155199999999997,-0.07872,0.23471999999999993,-0.0,-0.06567136109849858,0.11273817307791438,0.583589188020584
x_fixed,0.0,-2.3,0.0028120765075422076,0.0028120765075422076,0.017217810800398962,-0.002772368864931413,0.008266392530191832,-0.0,-0.002227285652198445,0.004016624067990391,0.021052625399691438,0.07652049999999999,0.07652049999999999,0.46852049999999995,-0.07544000000000001,0.22493999999999995,-0.0,-0.06060753016211917,0.1092979089190181,0.5728711212431012
x_fixed,0.0,-2.1999999999999993,0.0027054115999273686,0.0027054115999273686,0.017111145892784126,-0.002651831088195264,0.007906984159313925,-0.0,-0.0020407163807378784,0.003893621095280666,0.020669064378096076,0.07361799999999999,0.07361799999999999,0.465618,-0.07215999999999999,0.21515999999999993,-0.0,-0.055530721654773116,0.10595082751920905,0.5624338941355641
x_fixed,0.0,-2.0999999999999996,0.0026034873548731897,0.0026034873548731897,0.017009221647729948,-0.002531293311459116,0.00754757578843602,-0.0,-0.001853942641472055,0.0037739041136159563,0.02029623488533243,0.07084449999999999,0.07084449999999999,0.46284450000000005,-0.06888,0.20537999999999995,-0.0,-0.05044834929500334,0.10269316249092676,0.5522886868040766
x_fixed,0.0,-2.0,0.0025063037723796703,0.0025063037723796703,0.016912038065236428,-0.002410755534722968,0.007188167417558116,-0.0,-0.0016672520731714094,0.0036573191277137745,0.019934578555453407,0.0682,0.0682,0.46020000000000005,-0.0656,0.1956,-0.0,-0.045368240132491466,0.09952072340905943,0.5424475167234322
x_fixed,0.0,-1.9000000000000004,0.0024138608524468105,0.0024138608524468105,0.016819595145303567,-0.00229021775798682,0.006828759046680212,-0.0,-0.0014809471969659956,0.00354369497946586,0.019584569067697323,0.0656845,0.0656845,0.4576845,-0.06232000000000002,0.18582000000000004,-0.0,-0.04029862618655498,0.09642885282421403,0.5329232733623409
x_fixed,0.0,-1.799999999999999,0.0023261585950746086,0.0023261585950746086,0.016731892887931366,-0.0021696799812506696,0.006469350675802301,-0.0,-0.0012953447452558236,0.0034328417060439445,0.01924671311729246,0.06329799999999997,0.06329799999999997,0.455298,-0.05903999999999997,0.1760399999999999,-0.0,-0.03524812618486715,0.09341238158449817,0.5237297446003688
x_fixed,0.0,-1.6999999999999993,0.002243197000263068,0.002243197000263068,0.016648931293119826,-0.002049142204514522,0.006109942304924397,-0.0,-0.0011107745443475281,0.003324548871830675,0.01892155096616282,0.061040499999999984,0.061040499999999984,0.4530405,-0.05575999999999999,0.16625999999999994,-0.0,-0.030225715158451915,0.09046558344504815,0.5148816317134038
x_fixed,0.0,-1.5999999999999996,0.0021649760680121865,0.0021649760680121865,0.01657071036086894,-0.001928604427778374,0.005750533934046492,-0.0,-0.0009275778619019505,0.003218583925363297,0.01860965643343197,0.05891199999999999,0.05891199999999999,0.4509119999999999,-0.05248,0.15647999999999995,-0.0,-0.02524067947344169,0.08758213035818889,0.5063945491152527
x_fixed,0.0,-1.5,0.0020914957983219646,0.0020914957983219646,0.016497230091178722,-0.0018080666510422259,0.005391125563168587,-0.0,-0.0007461051275017953,0.0031146906507464917,0.018311636164577955,0.0569125,0.0569125,0.44891250000000005,-0.04920000000000001,0.1467,-0.0,-0.020302554804563475,0.08475505033423049,0.49828500447033297
x_fixed,0.0,-1.4000000000000004,0.0020227561911924023,0.0020227561911924023,0.01642849048404916,-0.0016875288743060778,0.005031717192290682,-0.0,-0.0005667129375589563,0.0030125878040801212,0.018028127999912796,0.05504200000000001,0.05504200000000001,0.447042,-0.045920000000000016,0.13692000000000001,-0.0,-0.015421044634515239,0.081976690336777,0.4905703542977382
x_fixed,0.0,-1.299999999999999,0.0019587572466234983,0.0019587572466234983,0.016364491539480254,-0.0015669910975699278,0.004672308821412772,-0.0,-0.00038976026674027457,0.002911968048598753,0.01775979825086877,0.05330049999999999,0.05330049999999999,0.44530049999999993,-0.04263999999999997,0.1271399999999999,-0.0,-0.010605917161608922,0.07923868730639662,0.4832687298552122
x_fixed,0.0,-1.1999999999999993,0.0018994989646152548,0.0018994989646152548,0.01630523325747201,-0.0014464533208337798,0.004312900450534867,-0.0,-0.00021560382963472933,0.002812497325957247,0.017507337690380008,0.05168799999999999,0.05168799999999999,0.44368799999999997,-0.03935999999999998,0.11735999999999992,-0.0,-0.005866879084304813,0.07653195105243106,0.47639892803187384
x_fixed,0.0,-1.0999999999999996,0.0018449813451676708,0.0018449813451676708,0.016250715638024427,-0.001325915544097632,0.003953492079656963,-0.0,-4.459257089378949e-05,0.0027138148230317423,0.017271456076221815,0.05020449999999999,0.05020449999999999,0.4422045,-0.036079999999999994,0.10757999999999997,-0.0,-0.001213425670292508,0.07384666334960431,0.4699802623206881
x_fixed,0.0,-1.0,0.0017952043882807462,0.0017952043882807462,0.016200938681137502,-0.001205377767361484,0.003594083708779058,-0.0,0.00012293868874375588,0.0026155337103037613,0.01705287505865148,0.04885,0.04885,0.44084999999999996,-0.0328,0.0978,-0.0,0.0033453321439816386,0.07117229803047773,0.4640323698255407
x_fixed,0.0,-0.9000000000000004,0.0017501680939544812,0.0017501680939544812,0.01615590238681124,-0.0010848399906253359,0.0032346753379011535,-0.0,0.00028667635893992187,0.00251724283488905,0.016852319380891226,0.0476245,0.0476245,0.43962450000000003,-0.029520000000000015,0.08802000000000003,-0.0,0.007800861130707709,0.06849766705511173,0.4585749718141805
x_fixed,0.0,-0.7999999999999989,0.001709872462188875,0.001709872462188875,0.01611560675504563,-0.0009643022138891859,0.0028752669670232428,-0.0,0.0004463357697783552,0.002418509543330084,0.016670506366314945,0.046527999999999986,0.046527999999999986,0.438528,-0.02623999999999997,0.07823999999999989,-0.0,0.0121454150268392,0.06581099732316296,0.4536275876499979
x_fixed,0.0,-0.6999999999999993,0.0016743174929839289,0.0016743174929839289,0.016080051785840686,-0.0008437644371530379,0.002515858596145338,-0.0,0.0006016691905206023,0.0023188837810165057,0.016508133800271437,0.04556049999999999,0.04556049999999999,0.4375605,-0.02295999999999998,0.06845999999999992,-0.0,0.016372252735567052,0.06310004222479719,0.4492092050396358
x_fixed,0.0,-0.5999999999999996,0.0016435031863396424,0.0016435031863396424,0.0160492374791964,-0.0007232266604168899,0.0021564502252674335,-0.0,0.0007524738361733348,0.00221790356205056,0.016365866453651786,0.044722,0.044722,0.436722,-0.01967999999999999,0.05867999999999996,-0.0,0.02047585619611291,0.0603522304833104,0.4453379133205766
x_fixed,0.0,-0.5,0.0016174295422560154,0.0016174295422560154,0.01602316383511277,-0.000602688883680742,0.001797041854389529,-0.0,0.0008985994458678207,0.0021151018233522083,0.016244321650404774,0.0440125,0.0440125,0.43601249999999997,-0.0164,0.0489,-0.0,0.024452136601940053,0.05755485266483042,0.4420305107332295
x_fixed,0.0,-0.3999999999999986,0.0015960965607330472,0.0015960965607330472,0.016001830853589805,-0.00048215110694459185,0.0014376334835116181,-0.0,0.0010399549665818528,0.0020100145714714297,0.016144054437002613,0.04343199999999999,0.04343199999999999,0.435432,-0.013119999999999956,0.03911999999999986,-0.0,0.028298616274092338,0.054695282864373126,0.43930210086153443
x_fixed,0.0,-0.29999999999999893,0.001579504241770739,0.001579504241770739,0.015985238534627494,-0.0003616133302084439,0.0010782251126337137,-0.0,0.0011765138635172164,0.001902190106770126,0.01606554304788163,0.04298049999999999,0.04298049999999999,0.43498049999999994,-0.009839999999999967,0.029339999999999897,-0.0,0.032014573163926585,0.05176122970861905,0.43716569712745434
x_fixed,0.0,-0.1999999999999993,0.0015676525853690905,0.0015676525853690905,0.015973386878225845,-0.00024107555347229593,0.0007188167417558091,-0.0,0.001308317615286822,0.0017911989798352907,0.016009175453841916,0.042657999999999995,0.042657999999999995,0.43465799999999993,-0.006559999999999978,0.01955999999999993,-0.0,0.035601135961999646,0.04874100728371777,0.43563185675428256
x_fixed,0.0,-0.09999999999999964,0.0015605415915281014,0.0015605415915281014,0.01596627588438486,-0.00012053777673614796,0.00035940837087790453,-0.0,0.0014354770426846866,0.0016766442164901664,0.015975237808266207,0.0424645,0.0424645,0.43446450000000003,-0.003279999999999989,0.009779999999999966,-0.0,0.03906132025574161,0.04562381337201584,0.4347083663722425
x_fixed,0.0,0.0,0.0015581712602477716,0.0015581712602477716,0.015963905553104528,0.0,-0.0,-0.0,0.0015581712602477716,0.0015581712602477716,0.015963905553104528,0.0424,0.0424,0.4344,0.0,-0.0,-0.0,0.0424,0.0424,0.4344
x_fixed,0.0,0.10000000000000142,0.0015605415915281014,0.0015605415915281014,0.01596627588438486,0.0001205377767361501,-0.00035940837087791093,-0.0,0.0014354770426846845,0.0016766442164901686,0.015975237808266207,0.0424645,0.0424645,0.43446450000000003,0.003280000000000047,-0.00978000000000014,-0.0,0.03906132025574155,0.045623813372015896,0.4347083663722425
x_fixed,0.0,0.20000000000000107,0.0015676525853690908,0.0015676525853690908,0.015973386878225845,0.00024107555347229807,-0.0007188167417558155,-0.0,0.0013083176152868198,0.0017911989798352927,0.016009175453841912,0.042658,0.042658,0.43465799999999993,0.006560000000000036,-0.019560000000000105,-0.0,0.03560113596199958,0.048741007283717816,0.4356318567542825
x_fixed,0.0,0.3000000000000007,0.0015795042417707395,0.0015795042417707395,0.015985238534627497,0.00036161333020844603,-0.00107822511263372,-0.0,0.0011765138635172142,0.0019021901067701281,0.016065543047881634,0.042980500000000005,0.042980500000000005,0.43498050000000005,0.009840000000000024,-0.029340000000000067,-0.0,0.03201457316392652,0.05176122970861911,0.4371656971274544
x_fixed,0.0,0.40000000000000036,0.0015960965607330476,0.0015960965607330476,0.016001830853589805,0.00048215110694459397,-0.0014376334835116244,-0.0,0.0010399549665818506,0.002010014571471431,0.01614405443700262,0.043432,0.043432,0.435432,0.013120000000000014,-0.03912000000000003,-0.0,0.02829861627409228,0.05469528286437316,0.4393021008615346
x_fixed,0.0,0.5,0.0016174295422560154,0.0016174295422560154,0.01602316383511277,0.000602688883680742,-0.001797041854389529,-0.0,0.0008985994458678207,0.0021151018233522083,0.016244321650404774,0.0440125,0.0440125,0.43601249999999997,0.0164,-0.0489,-0.0,0.024452136601940053,0.05755485266483042,0.4420305107332295
x_fixed,0.0,0.6000000000000014,0.0016435031863396429,0.0016435031863396429,0.0160492374791964,0.0007232266604168921,-0.00215645022526744,-0.0,0.000752473836173332,0.0022179035620505617,0.016365866453651793,0.04472200000000001,0.04472200000000001,0.436722,0.019680000000000048,-0.058680000000000135,-0.0,0.02047585619611283,0.06035223048331045,0.44533791332057676
x_fixed,0.0,0.7000000000000011,0.0016743174929839295,0.0016743174929839295,0.016080051785840686,0.00084376443715304,-0.0025158585961453446,-0.0,0.0006016691905205996,0.0023188837810165074,0.016508133800271434,0.04556050000000001,0.04556050000000001,0.4375605,0.02296000000000004,-0.0684600000000001,-0.0,0.016372252735566976,0.06310004222479723,0.4492092050396357
x_fixed,0.0,0.8000000000000007,0.0017098724621888756,0.0017098724621888756,0.01611560675504563,0.0009643022138891879,-0.002875266967023249,-0.0,0.0004463357697783526,0.0024185095433300855,0.01667050636631495,0.04652800000000001,0.04652800000000001,0.438528,0.026240000000000027,-0.07824000000000006,-0.0,0.012145415026839131,0.065810997323163,0.45362758764999794
x_fixed,0.0,0.9000000000000004,0.0017501680939544812,0.0017501680939544812,0.01615590238681124,0.0010848399906253359,-0.0032346753379011535,-0.0,0.00028667635893992187,0.00251724283488905,0.016852319380891226,0.0476245,0.0476245,0.43962450000000003,0.029520000000000015,-0.08802000000000003,-0.0,0.007800861130707709,0.06849766705511173,0.4585749718141805
x_fixed,0.0,1.0,0.0017952043882807462,0.0017952043882807462,0.016200938681137502,0.001205377767361484,-0.003594083708779058,-0.0,0.00012293868874375588,0.0026155337103037613,0.01705287505865148,0.04885,0.04885,0.44084999999999996,0.0328,-0.0978,-0.0,0.0033453321439816386,0.07117229803047773,0.4640323698255407
x_fixed,0.0,1.1000000000000014,0.0018449813451676717,0.0018449813451676717,0.016250715638024427,0.001325915544097634,-0.003953492079656969,-0.0,-4.459257089379231e-05,0.002713814823031745,0.017271456076221818,0.05020450000000002,0.05020450000000002,0.4422045,0.03608000000000005,-0.10758000000000013,-0.0,-0.0012134256702925849,0.07384666334960438,0.46998026232068824
x_fixed,0.0,1.200000000000001,0.0018994989646152558,0.0018994989646152558,0.01630523325747201,0.001446453320833782,-0.004312900450534874,-0.0,-0.00021560382963473258,0.0028124973259572488,0.01750733769038001,0.05168800000000002,0.05168800000000002,0.44368799999999997,0.03936000000000004,-0.11736000000000012,-0.0,-0.005866879084304902,0.0765319510524311,0.47639892803187395
x_fixed,0.0,1.3000000000000007,0.001958757246623499,0.001958757246623499,0.016364491539480254,0.00156699109756993,-0.004672308821412778,-0.0,-0.0003897602667402777,0.002911968048598755,0.017759798250868774,0.05330050000000001,0.05330050000000001,0.44530049999999993,0.04264000000000003,-0.12714000000000006,-0.0,-0.010605917161609007,0.07923868730639667,0.4832687298552123
x_fixed,0.0,1.4000000000000004,0.0020227561911924023,0.0020227561911924023,0.01642849048404916,0.0016875288743060778,-0.005031717192290682,-0.0,-0.0005667129375589563,0.0030125878040801212,0.018028127999912796,0.05504200000000001,0.05504200000000001,0.447042,0.045920000000000016,-0.13692000000000001,-0.0,-0.015421044634515239,0.081976690336777,0.4905703542977382
x_fixed,0.0,1.5,0.0020914957983219646,0.0020914957983219646,0.016497230091178722,0.0018080666510422259,-0.005391125563168587,-0.0,-0.0007461051275017953,0.0031146906507464917,0.018311636164577955,0.0569125,0.0569125,0.44891250000000005,0.04920000000000001,-0.1467,-0.0,-0.020302554804563475,0.08475505033423049,0.49828500447033297
x_fixed,0.0,1.6000000000000014,0.0021649760680121878,0.0021649760680121878,0.016570710360868945,0.0019286044277783759,-0.005750533934046498,-0.0,-0.0009275778619019533,0.0032185839253632996,0.018609656433431973,0.05891200000000003,0.05891200000000003,0.45091200000000004,0.052480000000000054,-0.15648000000000012,-0.0,-0.025240679473441767,0.08758213035818896,0.5063945491152528
x_fixed,0.0,1.700000000000001,0.0022431970002630692,0.0022431970002630692,0.016648931293119826,0.002049142204514524,-0.006109942304924403,-0.0,-0.0011107745443475318,0.003324548871830677,0.01892155096616282,0.06104050000000002,0.06104050000000002,0.4530405,0.05576000000000005,-0.1662600000000001,-0.0,-0.030225715158452012,0.09046558344504821,0.5148816317134038
x_fixed,0.0,1.8000000000000007,0.0023261585950746103,0.0023261585950746103,0.016731892887931366,0.0021696799812506717,-0.006469350675802307,-0.0,-0.0012953447452558272,0.003432841706043947,0.019246713117292466,0.06329800000000002,0.06329800000000002,0.455298,0.05904000000000003,-0.17604000000000006,-0.0,-0.035248126184867244,0.09341238158449824,0.523729744600369
x_fixed,0.0,1.9000000000000004,0.0024138608524468105,0.0024138608524468105,0.016819595145303567,0.00229021775798682,-0.006828759046680212,-0.0,-0.0014809471969659956,0.00354369497946586,0.019584569067697323,0.0656845,0.0656845,0.4576845,0.06232000000000002,-0.18582000000000004,-0.0,-0.04029862618655498,0.09642885282421403,0.5329232733623409
x_fixed,0.0,2.0,0.0025063037723796703,0.0025063037723796703,0.016912038065236428,0.002410755534722968,-0.007188167417558116,-0.0,-0.0016672520731714094,0.0036573191277137745,0.019934578555453407,0.0682,0.0682,0.46020000000000005,0.0656,-0.1956,-0.0,-0.045368240132491466,0.09952072340905943,0.5424475167234322
x_fixed,0.0,2.1000000000000014,0.0026034873548731914,0.0026034873548731914,0.017009221647729948,0.002531293311459118,-0.007547575788436027,-0.0,-0.0018539426414720594,0.003773904113615957,0.020296234885332432,0.07084450000000003,0.07084450000000003,0.46284450000000005,0.06888000000000007,-0.20538000000000015,-0.0,-0.050448349295003456,0.10269316249092679,0.5522886868040767
x_fixed,0.0,2.200000000000001,0.0027054115999273704,0.0027054115999273704,0.017111145892784126,0.002651831088195266,-0.007906984159313932,-0.0,-0.0020407163807378815,0.0038936210952806674,0.020669064378096083,0.07361800000000003,0.07361800000000003,0.465618,0.07216000000000006,-0.21516000000000013,-0.0,-0.0555307216547732,0.10595082751920908,0.5624338941355642
x_fixed,0.0,2.3000000000000007,0.002812076507542209,0.002812076507542209,0.017217810800398966,0.0027723688649314137,-0.008266392530191836,-0.0,-0.002227285652198446,0.004016624067990392,0.021052625399691438,0.07652050000000003,0.07652050000000003,0.46852050000000006,0.07544000000000003,-0.22494000000000006,-0.0,-0.06060753016211921,0.10929790891901811,0.5728711212431012
x_fixed,0.0,2.4000000000000004,0.0029234820777177062,0.0029234820777177062,0.01732921637057446,0.0028929066416675617,-0.00862580090106974,-0.0,-0.002413378006722502,0.004143051443935029,0.021446507088797345,0.07955200000000001,0.07955200000000001,0.47155199999999997,0.07872000000000003,-0.23472000000000004,-0.0,-0.06567136109849862,0.11273817307791438,0.5835891880205841
x_fixed,0.0,2.5,0.0030396283104538635,0.0030396283104538635,0.01744536260331062,0.00301344441840371,-0.008985209271947646,-0.0,-0.002598736202217282,0.004273027546020292,0.02185032788041534,0.0827125,0.0827125,0.4747125,0.08200000000000002,-0.24450000000000002,-0.0,-0.07071521454996643,0.11627500299450443,0.5945777115554621
x_fixed,0.0,2.6000000000000014,0.003160515205750682,0.003160515205750682,0.01756624949860744,0.00313398219513986,-0.009344617642825556,-0.0,-0.002783117995649566,0.004406664001512285,0.022263733904246075,0.08600200000000004,0.08600200000000004,0.47800200000000004,0.08528000000000006,-0.2542800000000001,-0.0,-0.07573249874778029,0.11991143620144185,0.6058270625463383
x_fixed,0.0,2.700000000000001,0.003286142763608158,0.003286142763608158,0.017691877056464914,0.003254519971876008,-0.009704026013703461,-0.0,-0.002966295764699222,0.004544061028479033,0.022686397319901415,0.08942050000000003,0.08942050000000003,0.48142050000000003,0.08856000000000006,-0.26406000000000013,-0.0,-0.08071701977306887,0.12365019977128443,0.6173283200017844
x_fixed,0.0,2.8000000000000007,0.0034165109840262942,0.0034165109840262942,0.01782224527688305,0.0033750577486121557,-0.010063434384581365,-0.0,-0.0031480560050413686,0.004685308613260526,0.023118014636716484,0.09296800000000002,0.09296800000000002,0.48496800000000007,0.09184000000000003,-0.27384000000000003,-0.0,-0.08566296787718262,0.12749374235708658,0.6290732255200961
x_fixed,0.0,2.9000000000000004,0.003551619867005089,0.003551619867005089,0.017957354159861844,0.0034955955253483037,-0.01042284275545927,-0.0,-0.0033281987410318323,0.0048304875809184475,0.023558305053985415,0.09664450000000001,0.09664450000000001,0.4886445,0.09512000000000002,-0.28362000000000004,-0.0,-0.09056490144562818,0.13144426332082007,0.6410541381248083
x_fixed,0.0,3.0,0.003691469412544544,0.003691469412544544,0.0180972037054013,0.0036161333020844517,-0.010782251126337175,-0.0,-0.0035065368802968786,0.004979670563122078,0.02400700884766519,0.10045,0.10045,0.49244999999999994,0.09840000000000002,-0.2934,-0.0,-0.09541772943556015,0.13550373907089142,0.6532639903646688
x_fixed,0.0,3.1000000000000014,0.003836059620644661,0.003836059620644661,0.018241793913501416,0.003736671078820602,-0.011141659497215085,-0.0,-0.003682895536444564,0.005132922869505375,0.024463885821729925,0.10438450000000006,0.10438450000000006,0.4963845,0.10168000000000006,-0.3031800000000001,-0.0,-0.1002166929458182,0.13967394677297582,0.6656962461728425
x_fixed,0.0,3.200000000000001,0.003985390491305434,0.003985390491305434,0.018391124784162192,0.00385720885555675,-0.01150106786809299,-0.0,-0.0038571113387918586,0.005290303269418538,0.02492871383614638,0.10844800000000004,0.10844800000000004,0.5004480000000001,0.10496000000000005,-0.3129600000000001,-0.0,-0.10495734643364514,0.14395648562256097,0.6783448608110844
x_fixed,0.0,3.3000000000000007,0.0041394620245268675,0.0041394620245268675,0.018545196317383623,0.003977746632292898,-0.011860476238970893,-0.0,-0.004029031743566475,0.0054518646913849925,0.025401287418618843,0.11264050000000005,0.11264050000000005,0.5046405,0.10824000000000003,-0.32274,-0.0,-0.10963553897153382,0.14835279587814118,0.6912042430933928
x_fixed,0.0,3.4000000000000004,0.00429827422030896,0.00429827422030896,0.018704008513165716,0.004098284409029046,-0.012219884609848798,-0.0,-0.0041985143574002565,0.0056176548476096315,0.025881416463574263,0.11696200000000002,0.11696200000000002,0.508962,0.11152000000000002,-0.33252000000000004,-0.0,-0.11424739583854449,0.15286417585495254,0.704269219983592
x_fixed,0.0,3.5,0.004461827078651712,0.004461827078651712,0.018867561371508468,0.004218822185765194,-0.012579292980726704,-0.0,-0.004365426280980363,0.005787716790680247,0.026368925019112012,0.1214125,0.1214125,0.5134124999999999,0.11480000000000001,-0.3423,-0.0,-0.11878930066014358,0.1574917970735903,0.7175350035865534
x_fixed,0.0,3.6000000000000014,0.004630120599555126,0.004630120599555126,0.019035854892411882,0.0043393599625013435,-0.012938701351604614,-0.0,-0.004529643478363507,0.005962089409245954,0.02686365016063968,0.12599200000000005,0.12599200000000005,0.517992,0.11808000000000006,-0.3520800000000001,-0.0,-0.12325787824636997,0.16223671774810608,0.7309971604982639
x_fixed,0.0,3.700000000000001,0.004803154783019198,0.004803154783019198,0.019208889075875955,0.0044598977392374915,-0.013298109722482519,-0.0,-0.004691050175593313,0.006140807869007059,0.027365440948500606,0.13070050000000008,0.13070050000000008,0.5227005000000001,0.12136000000000005,-0.3618600000000001,-0.0,-0.12764997822737947,0.16709989478595355,0.7446515834414261
x_fixed,0.0,3.8000000000000007,0.0049809296290439274,0.0049809296290439274,0.019386663921900683,0.00458043551597364,-0.013657518093360424,-0.0,-0.004849538290806366,0.006323904004855246,0.02787415746593966,0.13553800000000002,0.13553800000000002,0.527538,0.12464000000000004,-0.3716400000000001,-0.0,-0.13196265954584052,0.1720821944586665,0.7584944650871741
x_fixed,0.0,3.9000000000000004,0.005163445137629318,0.005163445137629318,0.019569179430486073,0.004700973292709788,-0.014016926464238327,-0.0,-0.005005006896893881,0.006511406669492498,0.02838966993314609,0.14050450000000003,0.14050450000000003,0.5325044999999999,0.12792000000000003,-0.38142000000000004,-0.0,-0.13619317583521323,0.17718440188826268,0.7725222739469506
x_fixed,0.0,4.0,0.005350701308775367,0.005350701308775367,0.019756435601632122,0.004821511069445936,-0.014376334835116232,-0.0,-0.00515736171693999,0.006703342043353669,0.028911857892769177,0.1456,0.1456,0.5376,0.1312,-0.3912,-0.0,-0.1403389616899259,0.18240722948066712,0.7867317322092587
x_fixed,0.0,4.100000000000001,0.0055426981424820795,0.0055426981424820795,0.019948432435338836,0.0049420488461820854,-0.014735743205994143,-0.0,-0.0053065146520298815,0.006899733910174887,0.029440609462158,0.15082450000000008,0.15082450000000008,0.5428245,0.13448000000000007,-0.4009800000000001,-0.0,-0.14439761981637972,0.18775132442430992,0.8011197953920703
x_fixed,0.0,4.200000000000001,0.005739435638749448,0.005739435638749448,0.020145169931606203,0.0050625866229182335,-0.015095151576872048,-0.0,-0.005452383340566843,0.0071006039020964345,0.029975820647575507,0.15617800000000007,0.15617800000000007,0.548178,0.13776000000000005,-0.41076000000000007,-0.0,-0.1483669090413547,0.19321727535971564,0.8156836336816392
x_fixed,0.0,4.300000000000001,0.005940913797577475,0.005940913797577475,0.02034664809043423,0.0051831243996543815,-0.015454559947749953,-0.0,-0.00559489074791963,0.007305971717769401,0.030517394715739415,0.16166050000000004,0.16166050000000004,0.5536605,0.14104000000000005,-0.4205400000000001,-0.0,-0.15224473314574571,0.1988056183144876,0.8304206148312584
x_fixed,0.0,4.4,0.006147132618966163,0.006147132618966163,0.02055286691182292,0.00530366217639053,-0.015813968318627858,-0.0,-0.005733964785010499,0.007515855316551564,0.03106524161821418,0.16727200000000003,0.16727200000000003,0.559272,0.14432000000000003,-0.43032000000000004,-0.0,-0.1560291304858142,0.204516841987647,0.8453282884981673
x_fixed,0.0,4.5,0.0063580921029155095,0.0063580921029155095,0.020763826395772265,0.005424199953126678,-0.01617337668950576,-0.0,-0.005869537954324831,0.007730271091530441,0.031619277464397674,0.1730125,0.1730125,0.5650124999999999,0.14760000000000004,-0.4401,-0.0,-0.15971826436061926,0.21035139245783008,0.8604043719027892
x_fixed,0.0,4.600000000000001,0.00657379224942552,0.00657379224942552,0.020979526542282276,0.005544737729862827,-0.01653278506038367,-0.0,-0.006001547021756916,0.007949234023798286,0.03217942403909195,0.17888200000000012,0.17888200000000012,0.5708820000000001,0.15088000000000007,-0.4498800000000001,-0.0,-0.1633104140824864,0.2163096773813245,0.8756467367011622
x_fixed,0.0,4.700000000000001,0.0067942330584961855,0.0067942330584961855,0.02119996735135294,0.0056652755065989754,-0.01689219343126158,-0.0,-0.006129932712686221,0.008172757820123722,0.0327456083609078,0.1848805000000001,0.1848805000000001,0.5768805,0.15416000000000005,-0.4596600000000001,-0.0,-0.16680396670682174,0.2223920697383055,0.8910533969685162
x_fixed,0.0,4.800000000000001,0.00701941453012751,0.00701941453012751,0.021425148822984266,0.0057858132833351235,-0.01725160180213948,-0.0,-0.006254639430693523,0.008400855035914952,0.03331776227801786,0.19100800000000004,0.19100800000000004,0.583008,0.15744000000000005,-0.4694400000000001,-0.0,-0.17019740937798794,0.22859891117883513,0.906622498199153
x_fixed,0.0,4.9,0.007249336664319496,0.007249336664319496,0.021655070957176253,0.0059063510600712715,-0.017611010173017385,-0.0,-0.006375614997365698,0.008633537185147606,0.033895822098033344,0.19726450000000004,0.19726450000000004,0.5892645000000001,0.16072000000000003,-0.47922,-0.0,-0.17348932224903177,0.2349305150141515,0.9223523072348806
x_fixed,0.0,5.0,0.0074839994610721395,0.0074839994610721395,0.021889733753928897,0.00602688883680742,-0.017970418543895292,-0.0,-0.0064928104116950365,0.008870814838733941,0.03447972824903427,0.20365000000000003,0.20365000000000003,0.59565,0.16400000000000003,-0.48900000000000005,-0.0,-0.176678371934606,0.241387168893431,0.9382412030411749
x_fixed,0.0,5.100000000000001,0.007723402920385447,0.007723402920385447,0.022129137213242202,0.006147426613543569,-0.018329826914773202,-0.0,-0.006606179627647266,0.009112697712636371,0.035069424969024,0.21016450000000012,0.21016450000000012,0.6021645,0.16728000000000007,-0.49878000000000017,-0.0,-0.17976330545828692,0.24796913720147964,0.9542876682568078
x_fixed,0.0,5.200000000000001,0.00796754704225941,0.00796754704225941,0.022373281335116166,0.006267964390279717,-0.018689235285651105,-0.0,-0.006715679348548349,0.009359194746874936,0.03566486002130839,0.21680800000000006,0.21680800000000006,0.608808,0.17056000000000004,-0.5085600000000001,-0.0,-0.18274294465755417,0.2546766632086358,0.9704902814489185
x_fixed,0.0,5.300000000000001,0.008216431826694032,0.008216431826694032,0.02262216611955079,0.0063885021670158654,-0.01904864365652901,-0.0,-0.006821268837019106,0.00961031417644351,0.036265984433514434,0.22358050000000004,0.22358050000000004,0.6155805,0.17384000000000005,-0.51834,-0.0,-0.18561618101184826,0.26150997100049844,0.9868477100113495
x_fixed,0.0,5.4,0.008470057273689314,0.008470057273689314,0.02287579156654607,0.0065090399437520135,-0.019408052027406916,-0.0,-0.006922909739267364,0.009866063595030264,0.036872752258161806,0.230482,0.230482,0.622482,0.17712000000000003,-0.52812,-0.0,-0.1883819708613163,0.26846926721184944,1.003358703649467
x_fixed,0.0,5.5,0.008728423383245256,0.008728423383245256,0.023134157676102014,0.0066295777204881615,-0.01976746039828482,-0.0,-0.007020565922627281,0.010126450012333452,0.037485120352886356,0.2375125,0.2375125,0.6295125,0.18040000000000003,-0.5378999999999999,-0.0,-0.19103933098603204,0.27555474258629553,1.0200220883997366
x_fixed,0.0,5.600000000000001,0.008991530155361862,0.008991530155361862,0.02339726444821862,0.006750115497224311,-0.02012686876916273,-0.0,-0.007114203325313128,0.010391479905671366,0.03810304817858409,0.24467200000000008,0.24467200000000008,0.6366720000000001,0.18368000000000007,-0.5476800000000001,-0.0,-0.19358733451758775,0.2827665733806465,1.0368367611369413
x_fixed,0.0,5.700000000000001,0.009259377590039121,0.009259377590039121,0.023665111882895877,0.006870653273960459,-0.020486277140040636,-0.0,-0.007203789817430246,0.010661159266504341,0.03872649761390003,0.25196050000000003,0.25196050000000003,0.6439605,0.18696000000000007,-0.5574600000000001,-0.0,-0.1960251071570098,0.29010492263084375,1.0538016845261662
x_fixed,0.0,5.800000000000001,0.009531965687277042,0.009531965687277042,0.0239376999801338,0.006991191050696607,-0.02084568551091854,-0.0,-0.007289295072356866,0.010935493642415427,0.03935543278462932,0.25937800000000005,0.25937800000000005,0.6513780000000001,0.19024000000000005,-0.5672400000000001,-0.0,-0.19835182367487972,0.29756994129431236,1.0709158823805676
x_fixed,0.0,5.9,0.009809294447075621,0.009809294447075621,0.02421502873993238,0.0071117288274327554,-0.021205093881796443,-0.0,-0.007370690447678881,0.011214488175033566,0.03998981990672894,0.2669245,0.2669245,0.6589245,0.19352000000000005,-0.57702,-0.0,-0.20056670467140422,0.3051617692819034,1.088178435389501
x_fixed,0.0,6.0,0.010091363869434862,0.010091363869434862,0.02449709816229162,0.0072322666041689035,-0.02156450225267435,-0.0,-0.007447948874922607,0.011498147634328089,0.04062962714175585,0.2746,0.2746,0.6666000000000001,0.19680000000000003,-0.5868,-0.0,-0.20266901357589082,0.3128805363910948,1.105588477184796
x_fixed,0.0,6.100000000000001,0.010378173954354765,0.010378173954354765,0.024783908247211522,0.007352804380905053,-0.02192391062355226,-0.0,-0.007521044757390485,0.011786476449654656,0.04127482446365688,0.2824045000000001,0.2824045000000001,0.6744045000000002,0.20008000000000006,-0.5965800000000001,-0.0,-0.2046580538667156,0.32072636315079417,1.1231451907159218
x_fixed,0.0,6.199999999999999,0.010669724701835318,0.010669724701835318,0.025075458994692074,0.0074733421576412,-0.022283318994430156,-0.0,-0.007589953875460081,0.01207947873789002,0.04192538353593278,0.290338,0.290338,0.682338,0.20336,-0.6063599999999999,-0.0,-0.20653316649437775,0.3286993615869249,1.140847804907453
x_fixed,0.0,6.300000000000001,0.010966016111876541,0.010966016111876541,0.025371750404733297,0.007593879934377349,-0.02264272736530807,-0.0,-0.0076546532987580886,0.01237715832895535,0.04258127759828913,0.2984005000000001,0.2984005000000001,0.6904005000000001,0.20664000000000005,-0.6161400000000001,-0.0,-0.20829372749163252,0.3367996359169514,1.1586955915746817
x_fixed,0.0,6.400000000000002,0.011267048184478422,0.011267048184478422,0.025672782477335176,0.0077144177111135,-0.02300213573618598,-0.0,-0.0077151213046686646,0.0126795187889944,0.043242481361966276,0.3065920000000002,0.3065920000000002,0.6985920000000001,0.2099200000000001,-0.6259200000000003,-0.0,-0.20993914575598988,0.3450272831805886,1.1766878625754016
x_fixed,0.0,6.5,0.011572820919640953,0.011572820919640953,0.025978555212497707,0.007834955487849645,-0.023361544107063877,-0.0,-0.007771337302679673,0.012986563441443853,0.04390897091301543,0.31491250000000004,0.31491250000000004,0.7069124999999999,0.21320000000000003,-0.6356999999999999,-0.0,-0.21146886099107112,0.35338239381315584,1.1948239671779153
x_fixed,0.0,6.600000000000001,0.011883334317364155,0.011883334317364155,0.02628906861022091,0.007955493264585795,-0.023720952477941787,-0.0,-0.007823281764110599,0.01329829538620684,0.04458072362285298,0.32336200000000015,0.32336200000000015,0.7153620000000002,0.21648000000000006,-0.64548,-0.0,-0.21288234179440788,0.3618650521673145,1.213103289627094
x_fixed,0.0,6.699999999999999,0.012198588377648005,0.012198588377648005,0.026604322670504763,0.008076031041321942,-0.024080360848819687,-0.0,-0.00787093615680345,0.01361471751711793,0.0452577180654863,0.33194049999999997,0.33194049999999997,0.7239405,0.21976,-0.65526,-0.0,-0.21417908388029105,0.37047533698831475,1.2315252468919764
x_fixed,0.0,6.800000000000001,0.012518583100492524,0.012518583100492524,0.02692431739334928,0.008196568818058091,-0.024439769219697597,-0.0,-0.007914282884392426,0.01393583253786782,0.045939933940858935,0.34064800000000006,0.34064800000000006,0.7326480000000001,0.22304000000000004,-0.6650400000000001,-0.0,-0.21535860842721427,0.3792133218473284,1.250089286579886
x_fixed,0.0,6.900000000000002,0.012843318485897703,0.012843318485897703,0.02724905277875446,0.008317106594794241,-0.024799177590575507,-0.0,-0.007953305229798958,0.01426164297653755,0.046627352003811275,0.3494845000000002,0.3494845000000002,0.7414845000000002,0.2263200000000001,-0.6748200000000002,-0.0,-0.2164204605402958,0.38807907553694526,1.268794885003351
x_fixed,0.0,7.0,0.013172794533863533,0.013172794533863533,0.027578528826720287,0.008437644371530387,-0.025158585961453407,-0.0,-0.007987987302628634,0.014592151198876724,0.04731995399819926,0.35845000000000005,0.35845000000000005,0.75045,0.22960000000000003,-0.6846,-0.0,-0.2173642078198756,0.39707266243249134,1.2876415453873842
x_fixed,0.0,7.100000000000001,0.01350701124439003,0.01350701124439003,0.027912745537246784,0.008558182148266537,-0.025517994332331317,-0.0,-0.00801831399017196,0.01492735942044578,0.048017722595753015,0.3675445000000001,0.3675445000000001,0.7595445000000001,0.2328800000000001,-0.6943800000000001,-0.0,-0.2181894390281784,0.4061941428224377,1.3066287962057408
x_fixed,0.0,7.199999999999999,0.013845968617477177,0.013845968617477177,0.028251702910333933,0.008678719925002683,-0.025877402703209217,-0.0,-0.008044270911736122,0.015267269717729827,0.04872064133929459,0.37676799999999994,0.37676799999999994,0.7687679999999999,0.23616,-0.70416,-0.0,-0.21889576284661763,0.4154435732108225,1.325756189635795
x_fixed,0.0,7.300000000000001,0.014189666653124997,0.014189666653124997,0.02859540094598175,0.008799257701738833,-0.026236811074087128,-0.0,-0.008065844376056147,0.015611884038320851,0.049428694589967036,0.3861205000000001,0.3861205000000001,0.7781205,0.23944000000000007,-0.7139400000000001,-0.0,-0.2194828067168939,0.4248210065943236,1.3450233001225704
x_fixed,0.0,7.400000000000002,0.014538105351333475,0.014538105351333475,0.02894383964419023,0.008919795478474983,-0.026596219444965038,-0.0,-0.008083021341555526,0.015961204210254643,0.05014186747815807,0.39560200000000023,0.39560200000000023,0.7876020000000002,0.2427200000000001,-0.7237200000000003,-0.0,-0.2199502157596315,0.43432649271632895,1.3644297230433033
x_fixed,0.0,7.5,0.014891284712102599,0.014891284712102599,0.029297019004959353,0.00904033325521113,-0.026955627815842934,-0.0,-0.008095789379243407,0.016315231950580548,0.050860145857827416,0.40521250000000003,0.40521250000000003,0.7972125,0.24600000000000005,-0.7334999999999999,-0.0,-0.22029765176475977,0.44396007830013146,1.3839750734646283
x_fixed,0.0,7.600000000000001,0.015249204735432396,0.015249204735432396,0.029654939028289154,0.00916087103194728,-0.027315036186720848,-0.0,-0.008104136638054035,0.016673968873233986,0.051583516263974005,0.41495200000000015,0.41495200000000015,0.8069520000000002,0.24928000000000008,-0.7432800000000002,-0.0,-0.22052479224835098,0.4537218072631513,1.4036589849852006
x_fixed,0.0,7.699999999999999,0.01561186542132284,0.01561186542132284,0.030017599714179596,0.009281408808683425,-0.027674444557598744,-0.0,-0.008108051812448738,0.017037416496274663,0.052311965872999355,0.4248205,0.4248205,0.8168205,0.25256,-0.75306,-0.0,-0.22063132957102566,0.4636117209138974,1.4234811086571282
x_fixed,0.0,7.800000000000001,0.015979266769773955,0.015979266769773955,0.03038500106263071,0.009401946585419575,-0.028033852928476655,-0.0,-0.008107524112115466,0.01740557624854758,0.0530454824657465,0.4348180000000001,0.4348180000000001,0.826818,0.25584000000000007,-0.7628400000000001,-0.0,-0.22061697011343484,0.47362985813322306,1.443441111980212
x_fixed,0.0,7.900000000000002,0.01635140878078573,0.01635140878078573,0.03075714307364249,0.009522484362155725,-0.028393261299354565,-0.0,-0.008102543233614104,0.01777844947581776,0.05378405439301029,0.4449445000000002,0.4449445000000002,0.8369445000000003,0.2591200000000001,-0.7726200000000002,-0.0,-0.22048143350468996,0.4837762555412599,1.4635386779634305
x_fixed,0.0,8.0,0.01672829145435815,0.01672829145435815,0.03113402574721491,0.009643022138891871,-0.028752669670232465,-0.0,-0.008093099333827182,0.018156037446425206,0.05452767054333319,0.4552,0.4552,0.8472000000000001,0.2624,-0.7824,-0.0,-0.22022445189991963,0.4940509476512979,1.4837735042486218
x_fixed,0.0,8.100000000000001,0.01710991479049125,0.01710991479049125,0.031515649083348,0.009763559915628021,-0.029112078041110375,-0.0,-0.008079183005087549,0.018538341356501852,0.0552763203129162,0.46558450000000023,0.46558450000000023,0.8575845000000001,0.2656800000000001,-0.7921800000000001,-0.0,-0.2198457693034593,0.504453967011745,1.5041453022917148
x_fixed,0.0,8.2,0.01749627878918499,0.01749627878918499,0.03190201308204174,0.009884097692364167,-0.029471486411988275,-0.0,-0.008060785251863685,0.018925362334788108,0.056029993577487294,0.47609799999999997,0.47609799999999997,0.8680979999999998,0.26896000000000003,-0.8019599999999999,-0.0,-0.2193451409344264,0.5149853443371925,1.5246537965972338
x_fixed,0.0,8.3,0.017887383450439404,0.017887383450439404,0.03229311774329616,0.010004635469100317,-0.029830894782866185,-0.0,-0.008037897468893187,0.01931710144708367,0.05678868066598449,0.4867405000000002,0.4867405000000002,0.8787405,0.27224000000000004,-0.81174,-0.0,-0.21872233263170182,0.5256451086295274,1.545298724002175
x_fixed,0.0,8.400000000000002,0.018283228774254475,0.018283228774254475,0.032688963067111235,0.010125173245836467,-0.030190303153744096,-0.0,-0.008010511420663233,0.019713559700363103,0.05755237233592031,0.49751200000000023,0.49751200000000023,0.8895120000000003,0.2755200000000001,-0.8215200000000001,-0.0,-0.2179771202955653,0.5364332872899238,1.566079833005642
x_fixed,0.0,8.5,0.018683814760630194,0.018683814760630194,0.03308954905348695,0.010245711022572613,-0.030549711524621995,-0.0,-0.007978619222144493,0.02011473804658482,0.05832105975030701,0.5084125,0.5084125,0.9004125,0.27880000000000005,-0.8313,-0.0,-0.21710928936343812,0.5473499062224897,1.5869968831409484
x_fixed,0.0,8.600000000000001,0.019089141409566586,0.019089141409566586,0.03349487570242334,0.010366248799308763,-0.030909119895499906,-0.0,-0.007942213320692233,0.020520637386218656,0.059094734456030085,0.5194420000000002,0.5194420000000002,0.9114420000000002,0.2820800000000001,-0.8410800000000002,-0.0,-0.21611863431738731,0.5583949899302575,1.6080496443871302
x_fixed,0.0,8.7,0.019499208721063623,0.019499208721063623,0.03390494301392038,0.01048678657604491,-0.031268528266377806,-0.0,-0.007901286479034944,0.020931258571515343,0.05987338836356723,0.5306004999999999,0.5306004999999999,0.9226004999999999,0.28536,-0.85086,-0.0,-0.21500495822122243,0.569568561604151,1.6292378966170713
x_fixed,0.0,8.8,0.019914016695121335,0.019914016695121335,0.03431975098797809,0.01060732435278106,-0.031627936637255716,-0.0,-0.007855831759276457,0.021346602409539124,0.060657013727958085,0.541888,0.541888,0.933888,0.28864000000000006,-0.8606400000000001,-0.0,-0.21376807228517108,0.5808706432055072,1.650561429079664
x_fixed,0.0,8.900000000000002,0.020333565331739707,0.020333565331739707,0.03473929962459646,0.010727862129517209,-0.031987345008133626,-0.0,-0.007805842507843609,0.02176666966498246,0.06144560313093701,0.5533045000000002,0.5533045000000002,0.9453045000000001,0.2919200000000001,-0.8704200000000002,-0.0,-0.21240779545628405,0.5923012555426679,1.6720200399136165
x_fixed,0.0,9.0,0.020757854630918723,0.020757854630918723,0.03516358892377548,0.010848399906253355,-0.03234675337901152,-0.0,-0.007751312341316062,0.022191461062780523,0.06223914946414844,0.5648500000000001,0.5648500000000001,0.9568500000000001,0.2952000000000001,-0.8802,-0.0,-0.21092395403284492,0.6038604183421241,1.6936135356907203
x_fixed,0.0,9.100000000000001,0.021186884592658415,0.021186884592658415,0.03559261888551517,0.010968937682989505,-0.03270616174988943,-0.0,-0.007692235133079917,0.022620977290541373,0.06303764591337055,0.5765245000000002,0.5765245000000002,0.9685245000000001,0.2984800000000001,-0.8899800000000001,-0.0,-0.20931638130119654,0.6155481503146444,1.7153417309865528
x_fixed,0.0,9.200000000000003,0.021620655216958766,0.021620655216958766,0.03602638950981552,0.011089475459725655,-0.03306557012076734,-0.0,-0.007628605000750742,0.02305521900080627,0.06384108594367753,0.5883280000000004,0.5883280000000004,0.9803280000000004,0.30176000000000014,-0.8997600000000002,-0.0,-0.207584917193504,0.6273644692167809,1.7372044479767246
x_fixed,0.0,9.3,0.022059166503819755,0.022059166503819755,0.03646490079667651,0.011210013236461801,-0.03342497849164524,-0.0,-0.007560416294315926,0.023494186813153507,0.06464946328547844,0.6002605000000001,0.6002605000000001,0.9922605,0.3050400000000001,-0.9095399999999999,-0.0,-0.20572940796509195,0.639309391908118,1.759201516056974
x_fixed,0.0,9.400000000000002,0.022502418453241427,0.022502418453241427,0.03690815274609818,0.011330551013197951,-0.03378438686252316,-0.0,-0.00748766358494953,0.02393788131615797,0.0654627719213726,0.6123220000000003,0.6123220000000003,1.0043220000000004,0.3083200000000001,-0.9193200000000002,-0.0,-0.20374970589008085,0.651382934404594,1.7813327714854879
x_fixed,0.0,9.5,0.02295041106522374,0.02295041106522374,0.037356145358080496,0.011451088789934097,-0.03414379523340105,-0.0,-0.007410341654456608,0.024386303069217196,0.06628100607376738,0.6245125,0.6245125,1.0165125000000002,0.31160000000000004,-0.9291,-0.0,-0.20164566897415248,0.6635851119281917,1.8035980570459609
x_fixed,0.0,9.600000000000001,0.023403144339766726,0.023403144339766726,0.037808878632623485,0.011571626566670247,-0.03450320360427896,-0.0,-0.007328445485306544,0.02483945260425462,0.06710416019320886,0.6368320000000002,0.6368320000000002,1.0288320000000002,0.3148800000000001,-0.9388800000000002,-0.0,-0.19941716068334334,0.675915938953285,1.825997221730059
x_fixed,0.0,9.700000000000003,0.023860618276870377,0.023860618276870377,0.03826635256972713,0.011692164343406397,-0.034862611975156874,-0.0,-0.007241970251218125,0.025297330427308716,0.0679322289473773,0.6492805000000005,0.6492805000000005,1.0412805000000003,0.3181600000000001,-0.9486600000000003,-0.0,-0.19706404968785113,0.6883754292498822,1.8485301204379705
x_fixed,0.0,9.8,0.024322832876534667,0.024322832876534667,0.03872856716939142,0.011812702120142543,-0.03522202034603477,-0.0,-0.007150911308261891,0.025759937020017047,0.06876520721070559,0.6618580000000002,0.6618580000000002,1.0538580000000002,0.32144000000000006,-0.95844,-0.0,-0.19458620961991768,0.7009635959240089,1.8711966136959088
x_fixed,0.0,9.900000000000002,0.024789788138759632,0.024789788138759632,0.03919552243161639,0.011933239896878693,-0.03558142871691268,-0.0,-0.007055264186447,0.026227272841002888,0.06960309005457976,0.6745645000000003,0.6745645000000003,1.0665645000000004,0.3247200000000001,-0.9682200000000001,-0.0,-0.1919835188448956,0.7136804514554406,1.8939965673894559
x_fixed,-2.5500000000000007,-10.0,0.029876505285351445,0.023729078671807877,0.04120852627143642,-0.01205377767361484,0.035940837087790584,0.009164913457386601,-0.010234405778701279,0.03558990103702276,0.06945861497027425,0.8129811250000001,0.6457011250000001,1.121341125,-0.32800000000000007,0.9780000000000001,0.24939000000000008,-0.27849236864241206,0.9684505435749151,1.890065200067497
x_fixed,-2.5500000000000007,-9.9,0.029404809360565828,0.02325738274702226,0.0407368303466508,-0.011933239896878691,0.03558142871691267,0.009164913457386601,-0.010337997004225283,0.035100220122784125,0.06863679933568005,0.8001456250000001,0.6328656250000001,1.108505625,-0.32472000000000006,0.96822,0.24939000000000008,-0.281311229491841,0.9551256470802791,1.8677024574115624
x_fixed,-2.5500000000000007,-9.8,0.02893785409834087,0.0227904274847973,0.04026987508442584,-0.011812702120142543,0.03522202034603477,0.009164913457386601,-0.01043700960299025,0.03461478841849591,0.06782037785205836,0.7874391250000001,0.6201591250000001,1.095799125,-0.32144000000000006,0.95844,0.24939000000000008,-0.28400549956005355,0.9419163774788444,1.84548649708121
x_fixed,-2.5500000000000007,-9.7,0.028475639498676562,0.022328212885132995,0.03980766048476153,-0.011692164343406393,0.03486261197515686,0.009164913457386601,-0.010531447090109546,0.03413358876347933,0.0670093711952013,0.774861625,0.607581625,1.083221625,-0.31816000000000005,0.9486599999999998,0.24939000000000008,-0.28657527449815723,0.9288222678047519,1.823417881693405
x_fixed,-2.5500000000000007,-9.6,0.02801816556157292,0.021870738948029354,0.039350186547657894,-0.011571626566670245,0.034503203604278956,0.009164913457386601,-0.010621313080141104,0.03365660329351462,0.06620380084388663,0.762413125,0.595133125,1.0707731249999999,-0.31488000000000005,0.9388799999999999,0.24939000000000008,-0.2890206526632841,0.9158428319478182,1.8014971957154655
x_fixed,-2.5500000000000007,-9.5,0.027565432287029942,0.021418005673486375,0.03889745327311492,-0.011451088789934097,0.03414379523340105,0.009164913457386601,-0.010706611290517963,0.03318381340950669,0.0654036891146425,0.7500936250000001,0.5828136250000001,1.058453625,-0.31160000000000004,0.9291,0.24939000000000008,-0.29134173521194034,0.9029775638008826,1.779725046411058
x_fixed,-2.5500000000000007,-9.4,0.027117439675047622,0.020970013061504054,0.0384494606611326,-0.01133055101319795,0.03378438686252315,0.009164913457386601,-0.010787345545116893,0.032715199744797904,0.06460905919800325,0.7379031250000001,0.5706231250000001,1.0462631250000003,-0.30832000000000004,0.91932,0.24939000000000008,-0.29353862619711374,0.8902259363703438,1.75810206482677
x_fixed,-2.5500000000000007,-9.3,0.026674187725625957,0.02052676111208239,0.038006208711710926,-0.011210013236461801,0.03342497849164524,0.009164913457386601,-0.010863519777971425,0.03225074213108893,0.06381993519630176,0.725841625,0.5585616250000001,1.034201625,-0.3050400000000001,0.9095399999999999,0.24939000000000008,-0.2956114326693102,0.877587400848819,1.7366289068204912
x_fixed,-2.5500000000000007,-9.2,0.02623567643876495,0.020088249825221383,0.03756769742484992,-0.011089475459725651,0.03306557012076733,0.009164913457386601,-0.01093513803713551,0.03179041956293014,0.0630363421630416,0.713909125,0.5466291249999999,1.022269125,-0.30176000000000003,0.8997599999999998,0.24939000000000008,-0.29756026478168945,0.865061385648905,1.7153062541327837
x_fixed,-2.5500000000000007,-9.1,0.025801905814464607,0.01965447920092104,0.03713392680054958,-0.010968937682989503,0.032706161749889426,0.009164913457386601,-0.01100220448870528,0.03133421016074951,0.062258306143890996,0.702105625,0.534825625,1.0104656250000001,-0.29848,0.8899799999999999,0.24939000000000008,-0.2993852358995023,0.8526472953971167,1.6941348155023856
x_fixed,-2.5500000000000007,-9.0,0.025372875852724925,0.019225449239181357,0.0367048968388099,-0.010848399906253355,0.03234675337901152,0.009164913457386601,-0.011064723421005703,0.030882091132386134,0.06148585421933574,0.690431125,0.523151125,0.998791125,-0.2952000000000001,0.8802,0.24939000000000008,-0.30108646271401585,0.84034450988716,1.6731153278268556
x_fixed,-2.5500000000000007,-8.9,0.024948586553545902,0.018801159940002334,0.036280607539630874,-0.010727862129517207,0.03198734500813362,0.009164913457386601,-0.011122699248949855,0.03043403873310327,0.06071901454902569,0.678885625,0.5116056250000001,0.987245625,-0.29192000000000007,0.8704200000000001,0.24939000000000008,-0.30266406536113516,0.8281523829918324,1.6522485573693029
x_fixed,-2.5500000000000007,-8.8,0.024529037916927537,0.01838161130338397,0.03586105890301251,-0.01060732435278106,0.031627936637255716,0.009164913457386601,-0.01117613651857907,0.029990028224060147,0.059957816417842924,0.6674691250000001,0.5001891250000001,0.9758291250000002,-0.28864000000000006,0.8606400000000001,0.24939000000000008,-0.3041181675449467,0.8160702415329821,1.6315353010119644
x_fixed,-2.5500000000000007,-8.7,0.024114229942869825,0.017966803329326257,0.0354462509289548,-0.01048678657604491,0.031268528266377806,0.009164913457386601,-0.011225039911792033,0.02955003382922855,0.059202290283714376,0.6561816249999999,0.4889016249999999,0.964541625,-0.28536,0.85086,0.24939000000000008,-0.30544889666640407,0.8040973841091499,1.6109763875572543
x_fixed,-2.5500000000000007,-8.6,0.02370416263137278,0.017556736017829214,0.03503618361745775,-0.010366248799308761,0.0309091198954999,0.009164913457386601,-0.011269414251271967,0.029114028690747997,0.05845246782718372,0.645023125,0.477743125,0.9533831249999999,-0.28208000000000005,0.8410799999999999,0.24939000000000008,-0.30665638395740313,0.79223307988072,1.590572679076683
x_fixed,-2.5500000000000007,-8.5,0.023298835982436397,0.01715140936889283,0.03463085696852137,-0.010245711022572613,0.030549711524621995,0.009164913457386601,-0.011309264505620817,0.028681984822722884,0.05770838200274853,0.633993625,0.466713625,0.942353625,-0.27880000000000005,0.8313,0.24939000000000008,-0.30774076462049055,0.780476567312678,1.5703250723078128
x_fixed,-2.5500000000000007,-8.4,0.02289824999606067,0.016750823382517103,0.03423027098214564,-0.010125173245836465,0.03019030315374409,0.009164913457386601,-0.011344595794710864,0.028253873063475987,0.05697006709195828,0.623093125,0.45581312500000004,0.9314531250000001,-0.27552000000000004,0.82152,0.24939000000000008,-0.3087021779744885,0.7688270528753612,1.550234500099127
x_fixed,-2.5500000000000007,-8.3,0.022502404672245607,0.01635497805870204,0.03383442565833058,-0.010004635469100317,0.029830894782866185,0.009164913457386601,-0.011375413395263207,0.027829663026285544,0.05623755875825588,0.6123216250000002,0.44504162500000016,0.9206816250000002,-0.27224000000000004,0.81174,0.24939000000000008,-0.30954076760629284,0.7572837097039472,1.530301932902346
x_fixed,-2.5500000000000007,-8.2,0.02211130001099119,0.015963873397447623,0.03344332099707616,-0.009884097692364167,0.029471486411988275,0.009164913457386601,-0.011401722746664737,0.0274093230486482,0.05551089410353151,0.601679125,0.43439912499999994,0.910039125,-0.26896000000000003,0.8019599999999999,0.24939000000000008,-0.3102566815291613,0.7458456762178275,1.5105283803113336
x_fixed,-2.5500000000000007,-8.1,0.021724936012297445,0.015577509398753877,0.03305695699838242,-0.00976355991562802,0.029112078041110368,0.009164913457386601,-0.011423529457034225,0.026992820140127424,0.05479011172634053,0.591165625,0.42388562500000004,0.899525625,-0.26568,0.7921799999999999,0.24939000000000008,-0.31085007234777984,0.7345120547014913,1.4909148926462885
x_fixed,-2.5500000000000007,-8.0,0.021343312676164357,0.01519588606262079,0.032675333662249326,-0.009643022138891871,0.028752669670232465,0.009164913457386601,-0.011440839309550314,0.02658011992886665,0.054075251781718146,0.5807811250000001,0.4135011250000001,0.889141125,-0.2624,0.7824,0.24939000000000008,-0.3113210974304562,0.7232819098490735,1.4714625625813833
x_fixed,-2.5500000000000007,-7.9,0.020966430002591928,0.01481900338904836,0.0322984509886769,-0.009522484362155723,0.02839326129935456,0.009164913457386601,-0.011453658269053067,0.0261711866068693,0.05336635604250095,0.5705256250000001,0.4032456250000001,0.878885625,-0.2591200000000001,0.7726200000000001,0.24939000000000008,-0.31166991908875735,0.7121542672753486,1.452172526813409
x_fixed,-2.5500000000000007,-7.8,0.020594287991580154,0.014446861378036586,0.03192630897766513,-0.009401946585419573,0.02803385292847665,0.009164913457386601,-0.011461992488933204,0.025765982874173483,0.052663467962041584,0.560399125,0.393119125,0.8687591250000001,-0.25584,0.76284,0.24939000000000008,-0.3118967047649747,0.7011281119966467,1.433045967768328
x_fixed,-2.5500000000000007,-7.699999999999999,0.020226886643129043,0.014079460029585475,0.03155890762921401,-0.009281408808683425,0.027674444557598744,0.009164913457386601,-0.011465848318322374,0.02536446988207828,0.051966632738172626,0.550401625,0.38312162499999997,0.8587616249999999,-0.25256,0.75306,0.24939000000000008,-0.3120016272277821,0.6902023868859617,1.4140841153418202
x_fixed,-2.5500000000000007,-7.6,0.019864225957238593,0.013716799343695026,0.031196246943323565,-0.009160871031947277,0.02731503618672084,0.009164913457386601,-0.0114652323095994,0.02496660717561146,0.05127589737824513,0.5405331250000001,0.373253125,0.848893125,-0.24928000000000003,0.7432799999999999,0.24939000000000008,-0.31198486477649034,0.679375991107419,1.3952882486690716
x_fixed,-2.5500000000000007,-7.5,0.0195063059339088,0.013358879320365231,0.030838326919993775,-0.00904033325521113,0.026955627815842934,0.009164913457386601,-0.011460151226227918,0.02457235263546533,0.05059131076503041,0.5307936249999999,0.36351362499999995,0.839153625,-0.24600000000000005,0.7334999999999999,0.24939000000000008,-0.31184660145432086,0.6686477785362682,1.376659697918053
x_fixed,-2.5500000000000007,-7.4,0.01915312657313967,0.013005699959596103,0.030485147559224643,-0.008919795478474981,0.02659621944496503,0.009164913457386601,-0.011450612050941854,0.024181662419668477,0.04991292372323379,0.5211831250000001,0.3539031250000001,0.829543125,-0.24272000000000005,0.72372,0.24939000000000008,-0.31158702727114357,0.6580165561716916,1.358199846099452
x_fixed,-2.5500000000000007,-7.3,0.018804687874931194,0.012657261261387626,0.030136708861016166,-0.008799257701738832,0.026236811074087124,0.009164913457386601,-0.011436621994295489,0.02379449090530703,0.04924078908632344,0.5117016249999999,0.34442162499999995,0.8200616249999999,-0.23944000000000001,0.71394,0.24939000000000008,-0.3112063384361361,0.6474810825509583,1.3399101308851777
x_fixed,-2.5500000000000007,-7.199999999999999,0.01846098983928338,0.012313563225739812,0.029793010825368352,-0.008678719925002683,0.025877402703209217,0.009164913457386601,-0.011418188503596775,0.023410790630659525,0.04857496176332879,0.502349125,0.3350691249999999,0.8107091249999999,-0.23616,0.70416,0.24939000000000008,-0.3107047376008716,0.6370400661748333,1.321792046426038
x_fixed,-2.5500000000000007,-7.1,0.01812203246619623,0.01197460585265266,0.0294540534522812,-0.008558182148266535,0.02551799433233131,0.009164913457386601,-0.011395319272242617,0.023030512238165164,0.04791549880520754,0.49312562500000007,0.32584562499999997,0.801485625,-0.23288000000000003,0.6943799999999999,0.24939000000000008,-0.3100824341133447,0.6266921639556658,1.303847145157679
x_fixed,-2.5500000000000007,-7.0,0.017787815755669737,0.011640389142126166,0.02911983674175471,-0.008437644371530387,0.025158585961453407,0.009164913457386601,-0.011368022249476278,0.022653604418706178,0.04726245947032072,0.4840311250000001,0.316751125,0.7923911250000001,-0.22960000000000003,0.6846,0.24939000000000008,-0.30933964428348437,0.6164359797012342,1.2860770395822505
x_fixed,-2.5500000000000007,-6.9,0.017458339707703902,0.011310913094160331,0.028790360693788875,-0.00831710659479424,0.024799177590575504,0.009164913457386601,-0.011336305650588224,0.022280013857751378,0.04661590528848995,0.4750656250000001,0.307785625,0.7834256250000001,-0.22632000000000005,0.6748200000000001,0.24939000000000008,-0.30847659166073244,0.6062700626492379,1.2684834040114947
x_fixed,-2.5500000000000007,-6.8,0.017133604322298723,0.010986177708755155,0.028465625308383695,-0.00819656881805809,0.024439769219697594,0.009164913457386601,-0.011300177967582961,0.021909685183979385,0.04597590012304114,0.46622912499999997,0.298949125,0.774589125,-0.22304000000000002,0.66504,0.24939000000000008,-0.30749350732430364,0.5961929060692637,1.2510679762550396
x_fixed,-2.5500000000000007,-6.699999999999999,0.01681360959945421,0.010666182985910638,0.028145630585539178,-0.008076031041321942,0.024080360848819687,0.009164913457386601,-0.011259647980335137,0.021542560921077283,0.04534251023016188,0.45752162500000004,0.29024162499999995,0.7658816249999999,-0.21976,0.65526,0.24939000000000008,-0.3063906301867581,0.586202945951161,1.233832559235597
x_fixed,-2.5500000000000007,-6.6,0.016498355539170353,0.010350928925626782,0.027830376525255322,-0.007955493264585793,0.023720952477941783,0.009164913457386601,-0.011214724768260298,0.02117858144349215,0.0447158043148206,0.44894312500000005,0.28166312499999996,0.757303125,-0.21648000000000003,0.6454799999999999,0.24939000000000008,-0.30516820731157923,0.576298559800979,1.2167790225106
x_fixed,-2.5500000000000007,-6.5,0.016187842141447157,0.010040415527903586,0.02751986312753213,-0.007834955487849645,0.023361544107063877,0.009164913457386601,-0.011165417722526513,0.020817684936999727,0.04409585358240966,0.44049362500000006,0.27321362499999996,0.7488536250000001,-0.21320000000000003,0.6356999999999999,0.24939000000000008,-0.3038264942454686,0.566478065567986,1.1999093036774828
x_fixed,-2.5500000000000007,-6.4,0.01588206940628462,0.009734642792741052,0.02721409039236959,-0.007714417711113497,0.023002135736185973,0.009164913457386601,-0.011111736558835038,0.02045980736504483,0.04348273178518547,0.43217312500000005,0.26489312500000006,0.740533125,-0.20992000000000005,0.62592,0.24939000000000008,-0.30236575536612575,0.5567397207287449,1.183225409637381
x_fixed,-2.5500000000000007,-6.3,0.01558103733368274,0.009433610720139173,0.026913058319767712,-0.0075938799343773485,0.022642727365308066,0.009164913457386601,-0.011053691330799127,0.02010488244190184,0.04287651526248691,0.42398162500000003,0.25670162500000004,0.732341625,-0.20664000000000002,0.61614,0.24939000000000008,-0.3007862642463041,0.5470817215567734,1.1667294176895309
x_fixed,-2.5500000000000007,-6.199999999999999,0.01528474592364152,0.009137319310097952,0.026616766909726492,-0.0074733421576412,0.022283318994430156,0.009164913457386601,-0.010991292443952975,0.01975284161379889,0.04227728297362005,0.415919125,0.24863912499999996,0.7242791249999999,-0.20336,0.6063599999999999,0.24939000000000008,-0.2990883040350138,0.5375022026089065,1.1504234764261072
x_fixed,-2.5500000000000007,-6.1,0.014993195176160962,0.008845768562617394,0.026325216162245934,-0.0073528043809050515,0.021923910623552253,0.009164913457386601,-0.010924550670423519,0.019403614049245305,0.0416851165222025,0.407985625,0.24070562499999998,0.716345625,-0.20008000000000004,0.59658,0.24939000000000008,-0.2972721678567615,0.5279992364620932,1.1343098063946682
x_fixed,-2.5500000000000007,-6.0,0.014706385091241066,0.008558958477697495,0.026038406077326035,-0.0072322666041689035,0.02156450225267435,0.009164913457386601,-0.010853477164300539,0.019057126639895734,0.04110010017066941,0.4001811250000001,0.232901125,0.708541125,-0.19680000000000003,0.5868,0.24939000000000008,-0.2953381592297925,0.5185708337369103,1.1183907004928826
x_fixed,-2.5500000000000007,-5.8999999999999995,0.014424315668881822,0.008276889055338254,0.025756336654966794,-0.007111728827432755,0.02120509388179644,0.009164913457386601,-0.010778083477742527,0.018713304013374604,0.040522320843554796,0.39250562499999997,0.22522562499999996,0.7008656249999999,-0.19352000000000003,0.5770199999999999,0.24939000000000008,-0.2932865925043535,0.5092149434465337,1.1026685240578198
x_fixed,-2.5500000000000007,-5.8,0.014146986909083243,0.007999560295539675,0.025479007895168215,-0.0069911910506966065,0.020845685510918536,0.009164913457386601,-0.010698381577858032,0.018372068559567672,0.03995186811808149,0.384959125,0.217679125,0.693319125,-0.19024000000000002,0.56724,0.24939000000000008,-0.29111779332205745,0.4999294537121683,1.087145714609889
x_fixed,-2.5500000000000007,-5.7,0.013874398811845323,0.007726972198301755,0.025206419797930295,-0.0068706532739604585,0.020486277140040633,0.009164913457386601,-0.010614383864405136,0.01803334047196065,0.039388834200521854,0.37754162500000005,0.210261625,0.6859016250000001,-0.18696000000000004,0.5574600000000001,0.24939000000000008,-0.28883209909751084,0.4907121928879287,1.071824781209582
x_fixed,-2.5500000000000007,-5.6,0.013606551377168062,0.007459124763624492,0.02493857236325303,-0.00675011549722431,0.020126868769162726,0.009164913457386601,-0.010526103188354202,0.017697037805663684,0.03883331388673611,0.37025312500000007,0.20297312499999998,0.6786131249999999,-0.18368,0.54768,0.24939000000000008,-0.286429859523432,0.4815609311397664,1.0567083033836657
x_fixed,-2.5500000000000007,-5.5,0.01334344460505146,0.007196017991507891,0.024675465591136432,-0.0066295777204881615,0.01976746039828482,0.009164913457386601,-0.010433552871362417,0.017363076553801524,0.03828540450525668,0.3630936250000001,0.19581362500000002,0.671453625,-0.18040000000000003,0.5378999999999999,0.24939000000000008,-0.28391143710057987,0.4724733825241515,1.0417989295764285
x_fixed,-2.5500000000000007,-5.3999999999999995,0.013085078495495516,0.006937651881951946,0.02441709948158049,-0.006509039943752013,0.019408052027406912,0.009164913457386601,-0.010336746726211904,0.017031370743966493,0.03774520584127336,0.35606312500000004,0.18878312499999994,0.664423125,-0.17712000000000003,0.5281199999999999,0.24939000000000008,-0.2812772076939041,0.4634472076126922,1.0270993750812119
x_fixed,-2.5500000000000007,-5.3,0.012831453048500235,0.006684026434956666,0.024163474034585207,-0.006388502167015865,0.01904864365652901,0.009164913457386601,-0.010235699078267314,0.01670183255642096,0.03721282003988846,0.3491616250000001,0.18188162500000002,0.657521625,-0.17384000000000002,0.51834,0.24939000000000008,-0.27852756111643523,0.4544800167085879,1.0126124194078474
x_fixed,-2.5500000000000007,-5.199999999999999,0.012582568264065608,0.00643514165052204,0.02391458925015058,-0.006267964390279716,0.0186892352856511,0.009164913457386601,-0.010130424788012985,0.016374372465691393,0.036688351487059824,0.342389125,0.17510912499999995,0.6507491249999999,-0.17056000000000002,0.5085599999999999,0.24939000000000008,-0.2756629017425524,0.44556937369959937,0.9983409030429531
x_fixed,-2.5500000000000007,-5.1,0.012338424142191648,0.006190997528648078,0.023670445128276617,-0.006147426613543568,0.018329826914773195,0.009164913457386601,-0.010020939274734384,0.016048899407112148,0.036171906666738585,0.3357456250000001,0.168465625,0.644105625,-0.16728,0.49877999999999995,0.24939000000000008,-0.2726836491523882,0.43671280058993645,0.984287723562452
x_fixed,-2.5500000000000007,-5.0,0.012099020682878343,0.005951594069334774,0.023431041668963315,-0.00602688883680742,0.017970418543895292,0.009164913457386601,-0.009907258541414384,0.01572532096974834,0.03566359399284247,0.32923112500000007,0.16195112500000003,0.637591125,-0.16400000000000003,0.48900000000000005,0.24939000000000008,-0.2695902388092905,0.42790778274995667,0.9704558310593338
x_fixed,-2.5500000000000007,-4.8999999999999995,0.011864357886125696,0.005716931272582128,0.02319637887221067,-0.005906351060071271,0.01761101017301738,0.009164913457386601,-0.009789399200921119,0.015403543616947676,0.035163523614891945,0.322845625,0.15556562499999999,0.631205625,-0.16072,0.4792199999999999,0.24939000000000008,-0.26638312277243087,0.41915177491768624,0.9568482228547449
x_fixed,-2.5500000000000007,-4.8,0.011634435751933712,0.005487009138390143,0.022966456738018684,-0.005785813283335123,0.017251601802139478,0.009164913457386601,-0.009667378503571097,0.01508347293553688,0.03467180719637675,0.316589125,0.14930912500000001,0.624949125,-0.15744000000000002,0.46943999999999997,0.24939000000000008,-0.26306277044683457,0.41044220797980047,0.943467937467034
x_fixed,-2.5500000000000007,-4.699999999999999,0.011409254280302386,0.005261827666758816,0.022741275266387355,-0.005665275506598974,0.01689219343126157,0.009164913457386601,-0.00954121436615989,0.01476501391438533,0.034188557665223114,0.3104616250000001,0.14318162499999998,0.6188216249999999,-0.15416000000000002,0.45965999999999996,0.24939000000000008,-0.2596296693733463,0.40177649655172637,0.9303180478216199
x_fixed,-2.5500000000000007,-4.6,0.01118881347123172,0.005041386857688151,0.02252083445731669,-0.005544737729862826,0.016532785060383665,0.009164913457386601,-0.009410925402562272,0.014448071252703988,0.033713888936094845,0.30446312500000006,0.137183125,0.612823125,-0.15088000000000001,0.4498799999999999,0.24939000000000008,-0.2560843260613021,0.3931520473668839,0.9174016536944183
x_fixed,-2.5500000000000007,-4.5,0.010973113324721714,0.004825686711178144,0.022305134310806683,-0.005424199953126678,0.01617337668950576,0.009164913457386601,-0.009276530956015097,0.0141325496980319,0.03324791560468973,0.2985936250000001,0.13131362500000002,0.6069536249999999,-0.14760000000000004,0.4401,0.24939000000000008,-0.25242726686699113,0.3845662684737671,0.904721873393224
x_fixed,-2.5500000000000007,-4.3999999999999995,0.010762153840772365,0.004614727227228795,0.022094174826857334,-0.005303662176390529,0.015813968318627854,0.009164913457386601,-0.009138051133209682,0.013818354413386417,0.032790752614681756,0.29285312500000005,0.12557312499999995,0.6012131249999999,-0.14432,0.43032,0.24939000000000008,-0.248659038921357,0.3760165792266107,0.8922818346947462
x_fixed,-2.5500000000000007,-4.3,0.010555935019383678,0.004408508405840107,0.021887956005468646,-0.005183124399654381,0.01545455994774995,0.009164913457386601,-0.008995506840336504,0.013505391372521457,0.03234251489850747,0.28724162500000006,0.11996162499999997,0.5956016249999999,-0.14104000000000003,0.42053999999999997,0.24939000000000008,-0.2447802111108237,0.36750042104091535,0.8800846650699082
x_fixed,-2.5500000000000007,-4.199999999999999,0.010354456860555649,0.004207030247012079,0.02168647784664062,-0.005062586622918232,0.01509515157687204,0.009164913457386601,-0.008848919821244663,0.013193567781658389,0.031903316993794624,0.28175912500000005,0.11447912499999997,0.5901191250000001,-0.13776,0.4107599999999999,0.24939000000000008,-0.2407913751156676,0.3590152688693295,0.8681334812463383
x_fixed,-2.5500000000000007,-4.1,0.01015771936428828,0.004010292750744711,0.02148974035037325,-0.004942048846182084,0.014735743205994137,0.009164913457386601,-0.008698312697901344,0.012882792525437288,0.031473272637870295,0.27640562500000004,0.109125625,0.5847656250000001,-0.13448000000000002,0.40097999999999995,0.24939000000000008,-0.2366931465109754,0.3505586433366012,0.8564313781743742
x_fixed,-2.5500000000000007,-4.0,0.009965722530581572,0.0038182959170380013,0.021297743516666544,-0.004821511069445936,0.014376334835116232,0.009164913457386601,-0.008543709013365547,0.012572976634196596,0.03105249434345507,0.2711811250000001,0.103901125,0.5795411250000001,-0.1312,0.3912,0.24939000000000008,-0.23248616593601892,0.34212812345490573,0.8449814174811134
x_fixed,-2.5500000000000007,-3.8999999999999995,0.009778466359435519,0.0036310397458919506,0.02111048734552049,-0.004700973292709787,0.014016926464238324,0.009164913457386601,-0.008385133277525193,0.012264033769046173,0.03064109295932698,0.26608562500000005,0.09880562499999998,0.574445625,-0.12792,0.3814199999999999,0.24939000000000008,-0.22817110033882532,0.3337213598233554,0.83378661551547
x_fixed,-2.5500000000000007,-3.8,0.009595950850850129,0.0034485242373065604,0.0209279718369351,-0.004580435515973639,0.01365751809336042,0.009164913457386601,-0.008222611015889617,0.011955880720573069,0.03023917722040835,0.261119125,0.093839125,0.569479125,-0.12464000000000001,0.37163999999999997,0.24939000000000008,-0.22374864430388813,0.3253360881984751,0.8228499311054134
x_fixed,-2.5500000000000007,-3.6999999999999993,0.009418176004825397,0.003270749391281829,0.02075019699091037,-0.00445989773923749,0.013298109722482512,0.009164913457386601,-0.008056168821783779,0.011648437916437392,0.029846853292363987,0.256281625,0.08900162499999997,0.564641625,-0.12136,0.3618599999999999,0.24939000000000008,-0.21921952147244447,0.31697014330658957,0.812174253165855
x_fixed,-2.5500000000000007,-3.5999999999999996,0.009245141821361328,0.003097715207817758,0.0205771628074463,-0.004339359962501342,0.012938701351604609,0.009164913457386601,-0.00788583441235739,0.011341629932605193,0.02946422431637758,0.25157312500000006,0.084293125,0.559933125,-0.11808,0.35208,0.24939000000000008,-0.21458448606656075,0.30862147275517876,0.801762388311382
x_fixed,-2.5500000000000007,-3.5,0.009076848300457916,0.0029294216869143463,0.020408869286542886,-0.004218822185765194,0.012579292980726704,0.009164913457386601,-0.007711636688907331,0.011035386002556536,0.02909138996026595,0.24699362500000008,0.07971362500000001,0.555353625,-0.11480000000000001,0.3423,0.24939000000000008,-0.20984432453058938,0.3002881508891354,0.7916170486414542
x_fixed,-2.5500000000000007,-3.3999999999999995,0.008913295442115162,0.0027658688285715927,0.020245316428200134,-0.004098284409029045,0.012219884609848795,0.009164913457386601,-0.007533605802119566,0.010729640518531118,0.02872844598247534,0.24254312500000005,0.07526312499999997,0.550903125,-0.11152000000000001,0.3325199999999999,0.24939000000000008,-0.20499985730649173,0.2919683924303532,0.7817408398761386
x_fixed,-2.5500000000000007,-3.3,0.008754483246333069,0.0026070566327895004,0.02008650423241804,-0.003977746632292897,0.011860476238970892,0.009164913457386601,-0.007351773222974312,0.01042433351876322,0.028375483815751695,0.23822162500000005,0.070941625,0.546581625,-0.10824000000000002,0.32273999999999997,0.24939000000000008,-0.20005194076326605,0.2836605657360652,0.7721362500272008
x_fixed,-2.5500000000000007,-3.1999999999999993,0.008600411713111634,0.002452985099568066,0.019932432699196607,-0.003857208855556748,0.011501067868092983,0.009164913457386601,-0.007166171820235987,0.0101194111547426,0.0280325901773697,0.234029125,0.06674912499999998,0.542389125,-0.10496,0.3129599999999999,0.24939000000000008,-0.1950014693055563,0.27536320551366034,0.7628056387918961
x_fixed,-2.5500000000000007,-3.0999999999999996,0.008451080842450862,0.002303654228907292,0.019783101828535835,-0.0037366710788206,0.011141659497215078,0.009164913457386601,-0.0069768359456786316,0.009814826132849218,0.027699846712723408,0.22996562500000006,0.06268562499999998,0.538325625,-0.10168,0.30317999999999995,0.24939000000000008,-0.1898493776927542,0.2670750248381768,0.7537512278545776
x_fixed,-2.5500000000000007,-3.0,0.008306490634350749,0.0021590640208071785,0.01963851162043572,-0.0036161333020844517,0.010782251126337175,0.009164913457386601,-0.006783801528497978,0.009510538125275726,0.027377329678815905,0.22603112500000008,0.058751125,0.5343911250000001,-0.09840000000000002,0.2934,0.24939000000000008,-0.18459664360808223,0.25879492633407236,0.7449750922740102
x_fixed,-2.5500000000000007,-2.8999999999999995,0.00816664108881129,0.002019214475267722,0.019498662074896263,-0.003495595525348303,0.010422842755459266,0.009164913457386601,-0.00658710618075555,0.009206514146000927,0.0270651096737299,0.222225625,0.05494562499999996,0.530585625,-0.09512,0.2836199999999999,0.24939000000000008,-0.1792442905278741,0.2505220124059836,0.7364791531218905
x_fixed,-2.5500000000000007,-2.8,0.008031532205832498,0.0018841055922889276,0.019363553191917467,-0.003375057748612155,0.010063434384581363,0.009164913457386601,-0.006386789316223189,0.00890272888874098,0.026763251417521096,0.2185491250000001,0.051269125,0.526909125,-0.09184,0.27384,0.24939000000000008,-0.17379339095549878,0.24225559443484634,0.7282651715206524
x_fixed,-2.5500000000000007,-2.6999999999999993,0.00790116398541436,0.0017537373718707911,0.019233184971499333,-0.003254519971876006,0.009704026013703454,0.009164913457386601,-0.006182892285695687,0.008599165025317646,0.026471813589162528,0.21500162500000006,0.04772162499999998,0.523361625,-0.08856,0.2640599999999999,0.24939000000000008,-0.16824507010340492,0.23399520089690964,0.7203347442064955
x_fixed,-2.5500000000000007,-2.5999999999999996,0.0077755364275568836,0.0016281098140133142,0.019107557413641854,-0.003133982195139858,0.00934461764282555,0.009164913457386601,-0.005975458532782179,0.008295813464792696,0.026190848723201536,0.21158312500000004,0.04430312499999998,0.519943125,-0.08528000000000001,0.25427999999999995,0.24939000000000008,-0.1626005101324206,0.22574058441514203,0.7126893007172787
x_fixed,-2.5500000000000007,-2.5,0.007654649532260067,0.0015072229187164977,0.018986670518345038,-0.00301344441840371,0.008985209271947646,0.009164913457386601,-0.005764533775471017,0.007992673576094438,0.025920403168698182,0.20829362500000007,0.04101362499999999,0.516653625,-0.08200000000000002,0.24450000000000002,0.24939000000000008,-0.1568609550923853,0.2174917278172079,0.7053301022751775
x_fixed,-2.5500000000000007,-2.3999999999999995,0.0075385032995239085,0.0013910766859803391,0.01887052428560888,-0.002892906641667561,0.008625800901069737,0.009164913457386601,-0.005550166220529375,0.0076897533798132335,0.02566051711182927,0.20513312500000003,0.03785312499999997,0.513493125,-0.07872,0.23471999999999993,0.24939000000000008,-0.15102771675626023,0.20924884935448956,0.6982582424017707
x_fixed,-2.5500000000000007,-2.3,0.007427097729348411,0.0012796711158048419,0.018759118715433384,-0.002772368864931413,0.008266392530191832,0.009164913457386601,-0.005332406820254935,0.007387069718537731,0.025411224662303847,0.20210162500000006,0.03482162499999999,0.510461625,-0.07544000000000001,0.22493999999999995,0.24939000000000008,-0.14510218160669774,0.20101240733717204,0.691474649269526
x_fixed,-2.5500000000000007,-2.1999999999999993,0.007320432821733572,0.0011730062081900024,0.018652453807818544,-0.002651831088195264,0.007906984159313925,0.009164913457386601,-0.005111309584553436,0.00708464841981144,0.025172554002484113,0.19919912500000003,0.031919124999999965,0.507559125,-0.07215999999999999,0.21515999999999993,0.24939000000000008,-0.139085819328104,0.19278310456851763,0.6849800897595864
x_fixed,-2.5500000000000007,-2.0999999999999996,0.007218508576679394,0.0010710819631358243,0.018550529562764366,-0.002531293311459116,0.00754757578843602,0.009164913457386601,-0.004886931966241659,0.006782524471938549,0.024944527596882697,0.19642562500000005,0.029145624999999994,0.504785625,-0.06888,0.20537999999999995,0.24939000000000008,-0.13298019329126737,0.18456189312878565,0.6787751751624819
x_fixed,-2.5500000000000007,-2.0,0.007121324994185874,0.000973898380642305,0.018453345980270847,-0.002410755534722968,0.007188167417558116,0.009164913457386601,-0.0046593353445934585,0.006480742241141485,0.024727162458550996,0.19378112500000005,0.026501125,0.5021411250000001,-0.0656,0.1956,0.24939000000000008,-0.1267869737113162,0.17634998028439083,0.6728603684269254
x_fixed,-2.5500000000000007,-1.9000000000000004,0.0070288820742530145,0.0008814554607094452,0.018360903060337986,-0.00229021775798682,0.006828759046680212,0.009164913457386601,-0.004428585642588416,0.006179355770067653,0.024520470467821208,0.19126562500000008,0.02398562500000001,0.499625625,-0.06232000000000002,0.18582000000000004,0.24939000000000008,-0.12050795444391035,0.1681488366106855,0.6672359928332249
x_fixed,-2.5500000000000007,-1.799999999999999,0.006941179816880813,0.0007937532033372432,0.018273200802965784,-0.0021696799812506696,0.006469350675802301,0.009164913457386601,-0.004194754128895971,0.005878429214135403,0.024324458737944407,0.18887912500000004,0.021599124999999976,0.497239125,-0.05903999999999997,0.1760399999999999,0.24939000000000008,-0.1141450748083412,0.15996020786553816,0.661902241942803
x_fixed,-2.5500000000000007,-1.6999999999999993,0.006858218222069271,0.0007107916085257017,0.018190239208154244,-0.002049142204514522,0.006109942304924397,0.009164913457386601,-0.003957918479276456,0.00557803749662143,0.02413913002140424,0.18662162500000004,0.019341624999999966,0.49498162500000004,-0.05575999999999999,0.16625999999999994,0.24939000000000008,-0.10770044846972508,0.1517861328151697,0.6568591906545553
x_fixed,-2.5500000000000007,-1.5999999999999996,0.00677999728981839,0.0006325706762748207,0.018112018275903363,-0.001928604427778374,0.005750533934046492,0.009164913457386601,-0.0037181642087121356,0.005278267300615658,0.023964483150093047,0.18449312500000004,0.017213124999999982,0.49285312500000006,-0.05248,0.15647999999999995,0.24939000000000008,-0.10117640240927425,0.1436289702266211,0.6521068071826531
x_fixed,-2.5500000000000007,-1.5,0.006706517020128169,0.0005590904065845993,0.01803853800621314,-0.0018080666510422259,0.005391125563168587,0.009164913457386601,-0.0034755866435811954,0.004979218574383504,0.023800513502123595,0.18249362500000008,0.015213625000000003,0.490853625,-0.04920000000000001,0.1467,0.24939000000000008,-0.09457553058988494,0.13549143983074724,0.6476449657591377
x_fixed,-2.5500000000000007,-1.4000000000000004,0.006637777412998606,0.0004903507994550365,0.017969798399083577,-0.0016875288743060778,0.005031717192290682,0.009164913457386601,-0.0032302936972753208,0.004681006820998641,0.023647213487813894,0.18062312500000008,0.013343125,0.488983125,-0.045920000000000016,0.13692000000000001,0.24939000000000008,-0.08790076948453938,0.12737668462629842,0.6434734598582409
x_fixed,-2.5500000000000007,-1.299999999999999,0.006573778468429702,0.00042635185488613253,0.017905799454514672,-0.0015669910975699278,0.004672308821412772,0.009164913457386601,-0.0029824098694687775,0.004383766599983094,0.023504573047316197,0.17888162500000004,0.011601624999999978,0.48724162499999996,-0.04263999999999997,0.1271399999999999,0.24939000000000008,-0.08115550690196155,0.11928836616440154,0.6395920157375602
x_fixed,-2.5500000000000007,-1.1999999999999993,0.006514520186421458,0.000367093572877889,0.01784654117250643,-0.0014464533208337798,0.004312900450534867,0.009164913457386601,-0.0027320821585926857,0.004087656937946612,0.023372580152451854,0.17726912500000006,0.00998912499999998,0.485629125,-0.03935999999999998,0.11735999999999992,0.24939000000000008,-0.07434374287323821,0.11123081177955786,0.6360003060936804
x_fixed,-2.5500000000000007,-1.0999999999999996,0.006460002566973874,0.000312575953430305,0.017792023553058846,-0.001325915544097632,0.003953492079656963,0.009164913457386601,-0.0024794890556815033,0.003792869823602642,0.023251221305541886,0.17578562500000006,0.008505624999999987,0.484145625,-0.036079999999999994,0.10757999999999997,0.24939000000000008,-0.06747033438684943,0.10320924575080387,0.6326979636360456
x_fixed,-2.5500000000000007,-1.0,0.00641022561008695,0.00026279899654338065,0.01774224659617192,-0.001205377767361484,0.003594083708779058,0.009164913457386601,-0.0022248546714667005,0.003499643845902386,0.02314048202836657,0.17443112500000005,0.007151124999999996,0.482791125,-0.0328,0.0978,0.24939000000000008,-0.06054137980647112,0.09523016041424473,0.6296845943922266
x_fixed,-2.5500000000000007,-0.9000000000000004,0.006365189315760685,0.00021776270221711544,0.017697210301845658,-0.0010848399906253359,0.0032346753379011535,0.009164913457386601,-0.0019684717529324203,0.0032082867379310443,0.023040347334824834,0.17320562500000009,0.005925624999999995,0.48156562500000005,-0.029520000000000015,0.08802000000000003,0.24939000000000008,-0.053564845183361146,0.08730192961372252,0.6269597905696387
x_fixed,-2.5500000000000007,-0.7999999999999989,0.006324893683995078,0.00017746707045150894,0.01765691467008005,-0.0009643022138891859,0.0028752669670232428,0.009164913457386601,-0.0017107408004359112,0.002919214043593381,0.02295080218136917,0.17210912500000003,0.004829124999999973,0.480469125,-0.02623999999999997,0.07823999999999989,0.24939000000000008,-0.046551628687432255,0.07943586087493193,0.6245231428125003
x_fixed,-2.5500000000000007,-0.6999999999999993,0.006289338714790133,0.00014191210124656333,0.017621359700875104,-0.0008437644371530379,0.002515858596145338,0.009164913457386601,-0.00145223991203377,0.002633018539101592,0.022871831889843982,0.17114162500000005,0.0038616249999999896,0.479501625,-0.02295999999999998,0.06845999999999992,0.24939000000000008,-0.03951746116819055,0.07164808446034047,0.6223742517078502
x_fixed,-2.5500000000000007,-0.5999999999999996,0.006258524408145846,0.00011109779460227644,0.017590545394230817,-0.0007232266604168899,0.0021564502252674335,0.009164913457386601,-0.0011938569787622137,0.002350602037808655,0.0228034225379325,0.17030312500000006,0.003023124999999985,0.478663125,-0.01967999999999999,0.05867999999999996,0.24939000000000008,-0.03248650337156689,0.0639631399614178,0.6205127384101492
x_fixed,-2.5500000000000007,-0.5,0.0062324507640622185,8.502415051864958e-05,0.01756447175014719,-0.000602688883680742,0.001797041854389529,0.009164913457386601,-0.0009370578371113888,0.0020734431888364655,0.022745561313002982,0.16959362500000005,0.0023136249999999945,0.477953625,-0.0164,0.0489,0.24939000000000008,-0.02549864274046811,0.05642126347054209,0.6189382542699261
x_fixed,-2.5500000000000007,-0.3999999999999986,0.006211117782539251,6.369116899568143e-05,0.017543138768624223,-0.00048215110694459185,0.0014376334835116181,0.009164913457386601,-0.0006844765215634726,0.0018041874159992932,0.02269823682572334,0.16901312500000004,0.001733124999999983,0.477373125,-0.013119999999999956,0.03911999999999986,0.24939000000000008,-0.018625555004573986,0.049094440636907793,0.6176504893676664
x_fixed,-2.5500000000000007,-0.29999999999999893,0.006194525463576943,4.709885003337331e-05,0.017526546449661916,-0.0003616133302084439,0.0010782251126337137,0.009164913457386601,-0.00044133955542924455,0.001548070938326133,0.022661439380375355,0.16856162500000005,0.001281624999999986,0.47692162500000007,-0.009839999999999967,0.029339999999999897,0.24939000000000008,-0.012009461108417803,0.04212515623898147,0.6166491798694367
x_fixed,-2.5500000000000007,-0.1999999999999993,0.006182673807175294,3.524719363172477e-05,0.017514694793260267,-0.00024107555347229593,0.0007188167417558091,0.009164913457386601,-0.00021919616305294556,0.0013166507577831812,0.022635161199337044,0.16823912500000004,0.0009591249999999912,0.47659912500000007,-0.006559999999999978,0.01955999999999993,0.24939000000000008,-0.005964631456472265,0.03582789232111093,0.6159341141353613
x_fixed,-2.5500000000000007,-0.09999999999999964,0.006175562813334305,2.8136199790735825e-05,0.017507583799419277,-0.00012053777673614796,0.00035940837087790453,0.009164913457386601,-4.5382837133319696e-05,0.0011372690499653296,0.0226193965997123,0.16804562500000006,0.0007656249999999993,0.47640562500000005,-0.003279999999999989,0.009779999999999966,0.24939000000000008,-0.001234929910173529,0.030946667384214407,0.615505137525959
x_fixed,-2.5500000000000007,0.0,0.006173192482053975,2.5765868510405597e-05,0.017505213468138946,0.0,-0.0,0.009164913457386601,2.5765868510406464e-05,0.0010642638296231297,0.022614142120569797,0.16798112500000006,0.0007011249999999862,0.476341125,0.0,-0.0,0.24939000000000008,0.0007011250000000098,0.028960094135509346,0.6153621558644908
x_fixed,-2.5500000000000007,0.10000000000000142,0.006175562813334305,2.8136199790735825e-05,0.017507583799419277,0.0001205377767361501,-0.00035940837087791093,0.009164913457386601,-4.538283713331708e-05,0.001137269049965331,0.0226193965997123,0.16804562500000006,0.0007656249999999993,0.47640562500000005,0.003280000000000047,-0.00978000000000014,0.24939000000000008,-0.0012349299101734577,0.030946667384214446,0.615505137525959
x_fixed,-2.5500000000000007,0.20000000000000107,0.006182673807175294,3.524719363172477e-05,0.017514694793260267,0.00024107555347229807,-0.0007188167417558155,0.009164913457386601,-0.00021919616305294762,0.0013166507577831842,0.02263516119933704,0.16823912500000004,0.0009591249999999912,0.47659912500000007,0.006560000000000036,-0.019560000000000105,0.24939000000000008,-0.0059646314564723215,0.03582789232111101,0.6159341141353611
x_fixed,-2.5500000000000007,0.3000000000000007,0.0061945254635769435,4.709885003337374e-05,0.017526546449661916,0.00036161333020844603,-0.00107822511263372,0.009164913457386601,-0.0004413395554292596,0.001548070938326139,0.022661439380375348,0.16856162500000008,0.0012816249999999976,0.47692162500000007,0.009840000000000024,-0.029340000000000067,0.24939000000000008,-0.012009461108418213,0.04212515623898163,0.6166491798694366
x_fixed,-2.5500000000000007,0.40000000000000036,0.006211117782539251,6.369116899568187e-05,0.017543138768624223,0.00048215110694459397,-0.0014376334835116244,0.009164913457386601,-0.0006844765215634815,0.0018041874159992948,0.022698236825723344,0.16901312500000004,0.0017331249999999949,0.477373125,0.013120000000000014,-0.03912000000000003,0.24939000000000008,-0.01862555500457423,0.049094440636907835,0.6176504893676665
x_fixed,-2.5500000000000007,0.5,0.0062324507640622185,8.502415051864958e-05,0.01756447175014719,0.000602688883680742,-0.001797041854389529,0.009164913457386601,-0.0009370578371113888,0.0020734431888364655,0.022745561313002982,0.16959362500000005,0.0023136249999999945,0.477953625,0.0164,-0.0489,0.24939000000000008,-0.02549864274046811,0.05642126347054209,0.6189382542699261
x_fixed,-2.5500000000000007,0.6000000000000014,0.006258524408145847,0.00011109779460227731,0.017590545394230817,0.0007232266604168921,-0.00215645022526744,0.009164913457386601,-0.0011938569787622152,0.0023506020378086592,0.022803422537932494,0.17030312500000008,0.0030231250000000084,0.478663125,0.019680000000000048,-0.058680000000000135,0.24939000000000008,-0.03248650337156693,0.0639631399614179,0.620512738410149
x_fixed,-2.5500000000000007,0.7000000000000011,0.0062893387147901336,0.00014191210124656376,0.017621359700875104,0.00084376443715304,-0.0025158585961453446,0.009164913457386601,-0.0014522399120337757,0.0026330185391015937,0.022871831889843982,0.17114162500000007,0.0038616250000000018,0.479501625,0.02296000000000004,-0.0684600000000001,0.24939000000000008,-0.03951746116819071,0.07164808446034052,0.6223742517078502
x_fixed,-2.5500000000000007,0.8000000000000007,0.006324893683995079,0.0001774670704515098,0.01765691467008005,0.0009643022138891879,-0.002875266967023249,0.009164913457386601,-0.0017107408004359175,0.0029192140435933835,0.022950802181369176,0.17210912500000006,0.0048291249999999975,0.480469125,0.026240000000000027,-0.07824000000000006,0.24939000000000008,-0.04655162868743243,0.07943586087493201,0.6245231428125005
x_fixed,-2.5500000000000007,0.9000000000000004,0.006365189315760685,0.00021776270221711544,0.017697210301845658,0.0010848399906253359,-0.0032346753379011535,0.009164913457386601,-0.0019684717529324203,0.0032082867379310443,0.023040347334824834,0.17320562500000009,0.005925624999999995,0.48156562500000005,0.029520000000000015,-0.08802000000000003,0.24939000000000008,-0.053564845183361146,0.08730192961372252,0.6269597905696387
x_fixed,-2.5500000000000007,1.0,0.00641022561008695,0.00026279899654338065,0.01774224659617192,0.001205377767361484,-0.003594083708779058,0.009164913457386601,-0.0022248546714667005,0.003499643845902386,0.02314048202836657,0.17443112500000005,0.007151124999999996,0.482791125,0.0328,-0.0978,0.24939000000000008,-0.06054137980647112,0.09523016041424473,0.6296845943922266
x_fixed,-2.5500000000000007,1.1000000000000014,0.006460002566973875,0.0003125759534303059,0.017792023553058846,0.001325915544097634,-0.003953492079656969,0.009164913457386601,-0.0024794890556815107,0.003792869823602647,0.023251221305541886,0.17578562500000008,0.008505625000000011,0.484145625,0.03608000000000005,-0.10758000000000013,0.24939000000000008,-0.06747033438684963,0.103209245750804,0.6326979636360456
x_fixed,-2.5500000000000007,1.200000000000001,0.006514520186421459,0.00036709357287788985,0.01784654117250643,0.001446453320833782,-0.004312900450534874,0.009164913457386601,-0.002732082158592697,0.004087656937946617,0.02337258015245186,0.17726912500000008,0.009989125000000005,0.485629125,0.03936000000000004,-0.11736000000000012,0.24939000000000008,-0.07434374287323851,0.111230811779558,0.6360003060936806
x_fixed,-2.5500000000000007,1.3000000000000007,0.006573778468429703,0.0004263518548861334,0.017905799454514676,0.00156699109756993,-0.004672308821412778,0.009164913457386601,-0.0029824098694687835,0.004383766599983098,0.0235045730473162,0.17888162500000007,0.011601625,0.48724162500000007,0.04264000000000003,-0.12714000000000006,0.24939000000000008,-0.08115550690196172,0.11928836616440164,0.6395920157375603
x_fixed,-2.5500000000000007,1.4000000000000004,0.006637777412998606,0.0004903507994550365,0.017969798399083577,0.0016875288743060778,-0.005031717192290682,0.009164913457386601,-0.0032302936972753208,0.004681006820998641,0.023647213487813894,0.18062312500000008,0.013343125,0.488983125,0.045920000000000016,-0.13692000000000001,0.24939000000000008,-0.08790076948453938,0.12737668462629842,0.6434734598582409
x_fixed,-2.5500000000000007,1.5,0.006706517020128169,0.0005590904065845993,0.01803853800621314,0.0018080666510422259,-0.005391125563168587,0.009164913457386601,-0.0034755866435811954,0.004979218574383504,0.023800513502123595,0.18249362500000008,0.015213625000000003,0.490853625,0.04920000000000001,-0.1467,0.24939000000000008,-0.09457553058988494,0.13549143983074724,0.6476449657591377
x_fixed,-2.5500000000000007,1.6000000000000014,0.006779997289818392,0.0006325706762748224,0.018112018275903363,0.0019286044277783759,-0.005750533934046498,0.009164913457386601,-0.0037181642087121386,0.005278267300615662,0.02396448315009305,0.1844931250000001,0.01721312500000003,0.49285312500000006,0.052480000000000054,-0.15648000000000012,0.24939000000000008,-0.10117640240927434,0.14362897022662124,0.6521068071826532
x_fixed,-2.5500000000000007,1.700000000000001,0.006858218222069273,0.0007107916085257035,0.018190239208154244,0.002049142204514524,-0.006109942304924403,0.009164913457386601,-0.003957918479276463,0.005578037496621433,0.024139130021404248,0.18662162500000007,0.019341625000000015,0.49498162500000004,0.05576000000000005,-0.1662600000000001,0.24939000000000008,-0.10770044846972528,0.1517861328151698,0.6568591906545556
x_fixed,-2.5500000000000007,1.8000000000000007,0.0069411798168808134,0.0007937532033372441,0.018273200802965784,0.0021696799812506717,-0.006469350675802307,0.009164913457386601,-0.004194754128895971,0.005878429214135408,0.02432445873794441,0.18887912500000006,0.021599125,0.497239125,0.05904000000000003,-0.17604000000000006,0.24939000000000008,-0.1141450748083412,0.1599602078655383,0.6619022419428031
x_fixed,-2.5500000000000007,1.9000000000000004,0.0070288820742530145,0.0008814554607094452,0.018360903060337986,0.00229021775798682,-0.006828759046680212,0.009164913457386601,-0.004428585642588416,0.006179355770067653,0.024520470467821208,0.19126562500000008,0.02398562500000001,0.499625625,0.06232000000000002,-0.18582000000000004,0.24939000000000008,-0.12050795444391035,0.1681488366106855,0.6672359928332249
x_fixed,-2.5500000000000007,2.0,0.007121324994185874,0.000973898380642305,0.018453345980270847,0.002410755534722968,-0.007188167417558116,0.009164913457386601,-0.0046593353445934585,0.006480742241141485,0.024727162458550996,0.19378112500000005,0.026501125,0.5021411250000001,0.0656,-0.1956,0.24939000000000008,-0.1267869737113162,0.17634998028439083,0.6728603684269254
x_fixed,-2.5500000000000007,2.1000000000000014,0.007218508576679395,0.001071081963135826,0.018550529562764366,0.002531293311459118,-0.007547575788436027,0.009164913457386601,-0.0048869319662416645,0.006782524471938559,0.024944527596882697,0.1964256250000001,0.029145625000000043,0.504785625,0.06888000000000007,-0.20538000000000015,0.24939000000000008,-0.1329801932912675,0.18456189312878593,0.6787751751624819
x_fixed,-2.5500000000000007,2.200000000000001,0.0073204328217335735,0.0011730062081900042,0.018652453807818544,0.002651831088195266,-0.007906984159313932,0.009164913457386601,-0.005111309584553438,0.007084648419811445,0.025172554002484117,0.1991991250000001,0.03191912500000001,0.507559125,0.07216000000000006,-0.21516000000000013,0.24939000000000008,-0.13908581932810407,0.19278310456851777,0.6849800897595865
x_fixed,-2.5500000000000007,2.3000000000000007,0.007427097729348412,0.0012796711158048427,0.018759118715433384,0.0027723688649314137,-0.008266392530191836,0.009164913457386601,-0.0053324068202549365,0.007387069718537731,0.025411224662303847,0.2021016250000001,0.034821625000000016,0.510461625,0.07544000000000003,-0.22494000000000006,0.24939000000000008,-0.14510218160669777,0.20101240733717204,0.691474649269526
x_fixed,-2.5500000000000007,2.4000000000000004,0.00753850329952391,0.0013910766859803409,0.018870524285608883,0.0028929066416675617,-0.00862580090106974,0.009164913457386601,-0.005550166220529371,0.007689753379813237,0.02566051711182927,0.20513312500000008,0.037853125000000015,0.5134931250000001,0.07872000000000003,-0.23472000000000004,0.24939000000000008,-0.15102771675626012,0.20924884935448965,0.6982582424017707
x_fixed,-2.5500000000000007,2.5,0.007654649532260067,0.0015072229187164977,0.018986670518345038,0.00301344441840371,-0.008985209271947646,0.009164913457386601,-0.005764533775471017,0.007992673576094438,0.025920403168698182,0.20829362500000007,0.04101362499999999,0.516653625,0.08200000000000002,-0.24450000000000002,0.24939000000000008,-0.1568609550923853,0.2174917278172079,0.7053301022751775
x_fixed,-2.5500000000000007,2.6000000000000014,0.007775536427556886,0.0016281098140133168,0.019107557413641858,0.00313398219513986,-0.009344617642825556,0.009164913457386601,-0.0059754585327821816,0.008295813464792702,0.026190848723201543,0.21158312500000012,0.04430312500000005,0.5199431250000001,0.08528000000000006,-0.2542800000000001,0.24939000000000008,-0.1626005101324207,0.22574058441514216,0.7126893007172788
x_fixed,-2.5500000000000007,2.700000000000001,0.007901163985414362,0.0017537373718707928,0.019233184971499333,0.003254519971876008,-0.009704026013703461,0.009164913457386601,-0.006182892285695696,0.008599165025317653,0.02647181358916253,0.21500162500000009,0.04772162500000003,0.523361625,0.08856000000000006,-0.26406000000000013,0.24939000000000008,-0.16824507010340517,0.23399520089690984,0.7203347442064956
x_fixed,-2.5500000000000007,2.8000000000000007,0.008031532205832498,0.0018841055922889285,0.01936355319191747,0.0033750577486121557,-0.010063434384581365,0.009164913457386601,-0.006386789316223188,0.008902728888740984,0.026763251417521103,0.2185491250000001,0.05126912500000002,0.5269091250000001,0.09184000000000003,-0.27384000000000003,0.24939000000000008,-0.17379339095549876,0.24225559443484643,0.7282651715206525
x_fixed,-2.5500000000000007,2.9000000000000004,0.008166641088811294,0.0020192144752677237,0.019498662074896263,0.0034955955253483037,-0.01042284275545927,0.009164913457386601,-0.006587106180755551,0.009206514146000936,0.027065109673729895,0.2222256250000001,0.05494562500000001,0.530585625,0.09512000000000002,-0.28362000000000004,0.24939000000000008,-0.17924429052787413,0.2505220124059838,0.7364791531218904
x_fixed,-2.5500000000000007,3.0,0.008306490634350749,0.0021590640208071785,0.01963851162043572,0.0036161333020844517,-0.010782251126337175,0.009164913457386601,-0.006783801528497978,0.009510538125275726,0.027377329678815905,0.22603112500000008,0.058751125,0.5343911250000001,0.09840000000000002,-0.2934,0.24939000000000008,-0.18459664360808223,0.25879492633407236,0.7449750922740102
x_fixed,-2.5500000000000007,3.1000000000000014,0.008451080842450864,0.0023036542289072946,0.019783101828535835,0.003736671078820602,-0.011141659497215085,0.009164913457386601,-0.006976835945678634,0.00981482613284922,0.0276998467127234,0.22996562500000012,0.06268562500000005,0.538325625,0.10168000000000006,-0.3031800000000001,0.24939000000000008,-0.18984937769275426,0.26707502483817686,0.7537512278545775
x_fixed,-2.5500000000000007,3.200000000000001,0.008600411713111638,0.0024529850995680686,0.01993243269919661,0.00385720885555675,-0.01150106786809299,0.009164913457386601,-0.0071661718202359935,0.01011941115474261,0.028032590177369705,0.23402912500000012,0.06674912500000005,0.5423891250000001,0.10496000000000005,-0.3129600000000001,0.24939000000000008,-0.1950014693055565,0.27536320551366056,0.7628056387918962
x_fixed,-2.5500000000000007,3.3000000000000007,0.008754483246333072,0.002607056632789502,0.02008650423241804,0.003977746632292898,-0.011860476238970893,0.009164913457386601,-0.007351773222974315,0.010424333518763228,0.0283754838157517,0.23822162500000013,0.07094162500000005,0.546581625,0.10824000000000003,-0.32274,0.24939000000000008,-0.20005194076326613,0.28366056573606535,0.7721362500272009
x_fixed,-2.5500000000000007,3.4000000000000004,0.008913295442115162,0.0027658688285715936,0.020245316428200134,0.004098284409029046,-0.012219884609848798,0.009164913457386601,-0.007533605802119562,0.010729640518531121,0.028728445982475335,0.24254312500000005,0.075263125,0.550903125,0.11152000000000002,-0.33252000000000004,0.24939000000000008,-0.20499985730649165,0.2919683924303533,0.7817408398761385
x_fixed,-2.5500000000000007,3.5,0.009076848300457916,0.0029294216869143463,0.020408869286542886,0.004218822185765194,-0.012579292980726704,0.009164913457386601,-0.007711636688907331,0.011035386002556536,0.02909138996026595,0.24699362500000008,0.07971362500000001,0.555353625,0.11480000000000001,-0.3423,0.24939000000000008,-0.20984432453058938,0.3002881508891354,0.7916170486414542
x_fixed,-2.5500000000000007,3.6000000000000014,0.00924514182136133,0.0030977152078177604,0.0205771628074463,0.0043393599625013435,-0.012938701351604614,0.009164913457386601,-0.007885834412357396,0.011341629932605199,0.02946422431637759,0.2515731250000001,0.08429312500000007,0.559933125,0.11808000000000006,-0.3520800000000001,0.24939000000000008,-0.21458448606656091,0.30862147275517887,0.8017623883113824
x_fixed,-2.5500000000000007,3.700000000000001,0.0094181760048254,0.0032707493912818323,0.020750196990910373,0.0044598977392374915,-0.013298109722482519,0.009164913457386601,-0.008056168821783782,0.011648437916437394,0.029846853292363994,0.2562816250000001,0.08900162500000007,0.564641625,0.12136000000000005,-0.3618600000000001,0.24939000000000008,-0.21921952147244456,0.3169701433065896,0.8121742531658552
x_fixed,-2.5500000000000007,3.8000000000000007,0.009595950850850132,0.003448524237306562,0.0209279718369351,0.00458043551597364,-0.013657518093360424,0.009164913457386601,-0.008222611015889615,0.011955880720573069,0.030239177220408336,0.2611191250000001,0.09383912500000004,0.569479125,0.12464000000000004,-0.3716400000000001,0.24939000000000008,-0.22374864430388808,0.3253360881984751,0.822849931105413
x_fixed,-2.5500000000000007,3.9000000000000004,0.009778466359435523,0.0036310397458919523,0.02111048734552049,0.004700973292709788,-0.014016926464238327,0.009164913457386601,-0.008385133277525193,0.012264033769046178,0.030641092959326988,0.2660856250000001,0.09880562500000004,0.574445625,0.12792000000000003,-0.38142000000000004,0.24939000000000008,-0.22817110033882532,0.33372135982335555,0.8337866155154701
x_fixed,-2.5500000000000007,4.0,0.009965722530581572,0.0038182959170380013,0.021297743516666544,0.004821511069445936,-0.014376334835116232,0.009164913457386601,-0.008543709013365547,0.012572976634196596,0.03105249434345507,0.2711811250000001,0.103901125,0.5795411250000001,0.1312,-0.3912,0.24939000000000008,-0.23248616593601892,0.34212812345490573,0.8449814174811134
x_fixed,-2.5500000000000007,4.100000000000001,0.010157719364288283,0.004010292750744714,0.021489740350373255,0.0049420488461820854,-0.014735743205994143,0.009164913457386601,-0.008698312697901334,0.012882792525437297,0.031473272637870295,0.27640562500000015,0.10912562500000009,0.5847656250000001,0.13448000000000007,-0.4009800000000001,0.24939000000000008,-0.23669314651097512,0.35055864333660147,0.8564313781743742
x_fixed,-2.5500000000000007,4.200000000000001,0.010354456860555653,0.004207030247012082,0.02168647784664062,0.0050625866229182335,-0.015095151576872048,0.009164913457386601,-0.00884891982124466,0.013193567781658392,0.031903316993794624,0.28175912500000017,0.11447912500000007,0.5901191250000001,0.13776000000000005,-0.41076000000000007,0.24939000000000008,-0.2407913751156675,0.35901526886932955,0.8681334812463383
x_fixed,-2.5500000000000007,4.300000000000001,0.010555935019383678,0.004408508405840109,0.02188795600546865,0.0051831243996543815,-0.015454559947749953,0.009164913457386601,-0.008995506840336506,0.013505391372521457,0.032342514898507486,0.28724162500000006,0.11996162500000003,0.595601625,0.14104000000000005,-0.4205400000000001,0.24939000000000008,-0.24478021111082374,0.36750042104091535,0.8800846650699086
x_fixed,-2.5500000000000007,4.4,0.010762153840772365,0.0046147272272287964,0.022094174826857337,0.00530366217639053,-0.015813968318627858,0.009164913457386601,-0.009138051133209672,0.013818354413386417,0.032790752614681756,0.29285312500000005,0.125573125,0.601213125,0.14432000000000003,-0.43032000000000004,0.24939000000000008,-0.2486590389213567,0.3760165792266107,0.8922818346947462
x_fixed,-2.5500000000000007,4.5,0.010973113324721714,0.004825686711178144,0.022305134310806683,0.005424199953126678,-0.01617337668950576,0.009164913457386601,-0.009276530956015097,0.0141325496980319,0.03324791560468973,0.2985936250000001,0.13131362500000002,0.6069536249999999,0.14760000000000004,-0.4401,0.24939000000000008,-0.25242726686699113,0.3845662684737671,0.904721873393224
x_fixed,-2.5500000000000007,4.600000000000001,0.011188813471231723,0.005041386857688154,0.022520834457316695,0.005544737729862827,-0.01653278506038367,0.009164913457386601,-0.009410925402562265,0.014448071252703991,0.03371388893609485,0.3044631250000001,0.1371831250000001,0.6128231250000001,0.15088000000000007,-0.4498800000000001,0.24939000000000008,-0.2560843260613019,0.39315204736688397,0.9174016536944184
x_fixed,-2.5500000000000007,4.700000000000001,0.01140925428030239,0.005261827666758819,0.022741275266387362,0.0056652755065989754,-0.01689219343126158,0.009164913457386601,-0.009541214366159888,0.014765013914385337,0.03418855766522312,0.31046162500000013,0.14318162500000006,0.6188216250000002,0.15416000000000005,-0.4596600000000001,0.24939000000000008,-0.2596296693733463,0.4017764965517266,0.93031804782162
x_fixed,-2.5500000000000007,4.800000000000001,0.011634435751933715,0.005487009138390145,0.022966456738018684,0.0057858132833351235,-0.01725160180213948,0.009164913457386601,-0.009667378503571099,0.015083472935536883,0.03467180719637676,0.31658912500000014,0.14930912500000004,0.624949125,0.15744000000000005,-0.4694400000000001,0.24939000000000008,-0.2630627704468346,0.4104422079798006,0.9434679374670343
x_fixed,-2.5500000000000007,4.9,0.0118643578861257,0.005716931272582129,0.02319637887221067,0.0059063510600712715,-0.017611010173017385,0.009164913457386601,-0.009789399200921117,0.015403543616947677,0.03516352361489193,0.32284562500000014,0.155565625,0.631205625,0.16072000000000003,-0.47922,0.24939000000000008,-0.2663831227724308,0.41915177491768624,0.9568482228547445
x_fixed,-2.5500000000000007,5.0,0.012099020682878343,0.005951594069334774,0.023431041668963315,0.00602688883680742,-0.017970418543895292,0.009164913457386601,-0.009907258541414384,0.01572532096974834,0.03566359399284247,0.32923112500000007,0.16195112500000003,0.637591125,0.16400000000000003,-0.48900000000000005,0.24939000000000008,-0.2695902388092905,0.42790778274995667,0.9704558310593338
x_fixed,-2.5500000000000007,5.100000000000001,0.012338424142191651,0.006190997528648081,0.023670445128276624,0.006147426613543569,-0.018329826914773202,0.009164913457386601,-0.010020939274734375,0.016048899407112155,0.036171906666738585,0.33574562500000016,0.1684656250000001,0.6441056250000001,0.16728000000000007,-0.49878000000000017,0.24939000000000008,-0.27268364915238796,0.43671280058993667,0.984287723562452
x_fixed,-2.5500000000000007,5.200000000000001,0.012582568264065612,0.0064351416505220435,0.023914589250150584,0.006267964390279717,-0.018689235285651105,0.009164913457386601,-0.010130424788012998,0.0163743724656914,0.03668835148705984,0.34238912500000007,0.17510912500000003,0.650749125,0.17056000000000004,-0.5085600000000001,0.24939000000000008,-0.27566290174255276,0.4455693736995996,0.9983409030429534
x_fixed,-2.5500000000000007,5.300000000000001,0.012831453048500238,0.006684026434956668,0.024163474034585207,0.0063885021670158654,-0.01904864365652901,0.009164913457386601,-0.010235699078267317,0.016701832556420968,0.03721282003988846,0.34916162500000014,0.18188162500000007,0.657521625,0.17384000000000005,-0.51834,0.24939000000000008,-0.2785275611164353,0.4544800167085881,1.0126124194078474
x_fixed,-2.5500000000000007,5.4,0.01308507849549552,0.006937651881951949,0.02441709948158049,0.0065090399437520135,-0.019408052027406916,0.009164913457386601,-0.010336746726211902,0.017031370743966497,0.03774520584127337,0.35606312500000015,0.18878312500000002,0.664423125,0.17712000000000003,-0.52812,0.24939000000000008,-0.281277207693904,0.4634472076126923,1.027099375081212
x_fixed,-2.5500000000000007,5.5,0.01334344460505146,0.007196017991507891,0.024675465591136432,0.0066295777204881615,-0.01976746039828482,0.009164913457386601,-0.010433552871362417,0.017363076553801524,0.03828540450525668,0.3630936250000001,0.19581362500000002,0.671453625,0.18040000000000003,-0.5378999999999999,0.24939000000000008,-0.28391143710057987,0.4724733825241515,1.0417989295764285
x_fixed,-2.5500000000000007,5.600000000000001,0.013606551377168066,0.007459124763624497,0.024938572363253038,0.006750115497224311,-0.02012686876916273,0.009164913457386601,-0.010526103188354206,0.01769703780566369,0.038833313886736116,0.3702531250000002,0.20297312500000012,0.6786131250000002,0.18368000000000007,-0.5476800000000001,0.24939000000000008,-0.28642985952343203,0.4815609311397666,1.056708303383666
x_fixed,-2.5500000000000007,5.700000000000001,0.013874398811845327,0.0077269721983017564,0.0252064197979303,0.006870653273960459,-0.020486277140040636,0.009164913457386601,-0.010614383864405138,0.018033340471960653,0.03938883420052187,0.37754162500000016,0.21026162500000006,0.6859016250000002,0.18696000000000007,-0.5574600000000001,0.24939000000000008,-0.2888320990975109,0.49071219288792883,1.0718247812095825
x_fixed,-2.5500000000000007,5.800000000000001,0.014146986909083246,0.007999560295539675,0.025479007895168215,0.006991191050696607,-0.02084568551091854,0.009164913457386601,-0.010698381577858027,0.01837206855956768,0.03995186811808148,0.3849591250000001,0.217679125,0.693319125,0.19024000000000005,-0.5672400000000001,0.24939000000000008,-0.2911177933220573,0.49992945371216846,1.0871457146098886
x_fixed,-2.5500000000000007,5.9,0.014424315668881825,0.008276889055338254,0.025756336654966794,0.0071117288274327554,-0.021205093881796443,0.009164913457386601,-0.010778083477742536,0.018713304013374604,0.040522320843554796,0.3925056250000001,0.22522562499999996,0.7008656249999999,0.19352000000000005,-0.57702,0.24939000000000008,-0.29328659250435374,0.5092149434465337,1.1026685240578198
x_fixed,-2.5500000000000007,6.0,0.014706385091241066,0.008558958477697495,0.026038406077326035,0.0072322666041689035,-0.02156450225267435,0.009164913457386601,-0.010853477164300539,0.019057126639895734,0.04110010017066941,0.4001811250000001,0.232901125,0.708541125,0.19680000000000003,-0.5868,0.24939000000000008,-0.2953381592297925,0.5185708337369103,1.1183907004928826
x_fixed,-2.5500000000000007,6.100000000000001,0.014993195176160969,0.008845768562617397,0.026325216162245937,0.007352804380905053,-0.02192391062355226,0.009164913457386601,-0.010924550670423519,0.01940361404924531,0.041685116522202505,0.4079856250000002,0.2407056250000001,0.7163456250000001,0.20008000000000006,-0.5965800000000001,0.24939000000000008,-0.2972721678567615,0.5279992364620933,1.1343098063946684
x_fixed,-2.5500000000000007,6.199999999999999,0.01528474592364152,0.009137319310097952,0.026616766909726492,0.0074733421576412,-0.022283318994430156,0.009164913457386601,-0.010991292443952975,0.01975284161379889,0.04227728297362005,0.415919125,0.24863912499999996,0.7242791249999999,0.20336,-0.6063599999999999,0.24939000000000008,-0.2990883040350138,0.5375022026089065,1.1504234764261072
x_fixed,-2.5500000000000007,6.300000000000001,0.015581037333682744,0.009433610720139176,0.026913058319767716,0.007593879934377349,-0.02264272736530807,0.009164913457386601,-0.011053691330799113,0.020104882441901843,0.0428765152624869,0.42398162500000014,0.2567016250000001,0.7323416250000001,0.20664000000000005,-0.6161400000000001,0.24939000000000008,-0.3007862642463038,0.5470817215567734,1.1667294176895304
x_fixed,-2.5500000000000007,6.400000000000002,0.015882069406284626,0.009734642792741055,0.0272140903923696,0.0077144177111135,-0.02300213573618598,0.009164913457386601,-0.011111736558835053,0.02045980736504484,0.04348273178518548,0.43217312500000027,0.2648931250000002,0.7405331250000002,0.2099200000000001,-0.6259200000000003,0.24939000000000008,-0.3023657553661262,0.5567397207287451,1.1832254096373815
x_fixed,-2.5500000000000007,6.5,0.016187842141447157,0.010040415527903586,0.02751986312753213,0.007834955487849645,-0.023361544107063877,0.009164913457386601,-0.011165417722526513,0.020817684936999727,0.04409585358240966,0.44049362500000006,0.27321362499999996,0.7488536250000001,0.21320000000000003,-0.6356999999999999,0.24939000000000008,-0.3038264942454686,0.566478065567986,1.1999093036774828
x_fixed,-2.5500000000000007,6.600000000000001,0.016498355539170357,0.01035092892562679,0.02783037652525533,0.007955493264585795,-0.023720952477941787,0.009164913457386601,-0.011214724768260296,0.021178581443492158,0.044715804314820605,0.44894312500000016,0.2816631250000001,0.7573031250000002,0.21648000000000006,-0.64548,0.24939000000000008,-0.3051682073115792,0.5762985598009792,1.2167790225106003
x_fixed,-2.5500000000000007,6.699999999999999,0.01681360959945421,0.010666182985910638,0.028145630585539178,0.008076031041321942,-0.024080360848819687,0.009164913457386601,-0.011259647980335137,0.021542560921077283,0.04534251023016188,0.45752162500000004,0.29024162499999995,0.7658816249999999,0.21976,-0.65526,0.24939000000000008,-0.3063906301867581,0.586202945951161,1.233832559235597
x_fixed,-2.5500000000000007,6.800000000000001,0.017133604322298726,0.010986177708755158,0.0284656253083837,0.008196568818058091,-0.024439769219697597,0.009164913457386601,-0.011300177967582967,0.02190968518397939,0.045975900123041154,0.4662291250000001,0.2989491250000001,0.7745891250000001,0.22304000000000004,-0.6650400000000001,0.24939000000000008,-0.30749350732430375,0.5961929060692638,1.25106797625504
x_fixed,-2.5500000000000007,6.900000000000002,0.017458339707703906,0.011310913094160338,0.028790360693788878,0.008317106594794241,-0.024799177590575507,0.009164913457386601,-0.011336305650588232,0.02228001385775138,0.04661590528848998,0.4750656250000002,0.3077856250000002,0.7834256250000001,0.2263200000000001,-0.6748200000000002,0.24939000000000008,-0.30847659166073266,0.606270062649238,1.2684834040114954
x_fixed,-2.5500000000000007,7.0,0.017787815755669737,0.011640389142126166,0.02911983674175471,0.008437644371530387,-0.025158585961453407,0.009164913457386601,-0.011368022249476278,0.022653604418706178,0.04726245947032072,0.4840311250000001,0.316751125,0.7923911250000001,0.22960000000000003,-0.6846,0.24939000000000008,-0.30933964428348437,0.6164359797012342,1.2860770395822505
x_fixed,-2.5500000000000007,7.100000000000001,0.018122032466196234,0.011974605852652663,0.029454053452281206,0.008558182148266537,-0.025517994332331317,0.009164913457386601,-0.011395319272242615,0.023030512238165168,0.047915498805207554,0.4931256250000002,0.3258456250000001,0.8014856250000002,0.2328800000000001,-0.6943800000000001,0.24939000000000008,-0.3100824341133447,0.626692163955666,1.3038471451576792
x_fixed,-2.5500000000000007,7.199999999999999,0.01846098983928338,0.012313563225739812,0.029793010825368352,0.008678719925002683,-0.025877402703209217,0.009164913457386601,-0.011418188503596775,0.023410790630659525,0.04857496176332879,0.502349125,0.3350691249999999,0.8107091249999999,0.23616,-0.70416,0.24939000000000008,-0.3107047376008716,0.6370400661748333,1.321792046426038
x_fixed,-2.5500000000000007,7.300000000000001,0.018804687874931197,0.01265726126138763,0.030136708861016173,0.008799257701738833,-0.026236811074087128,0.009164913457386601,-0.011436621994295489,0.023794490905307032,0.049240789086323455,0.511701625,0.34442162500000006,0.8200616250000001,0.23944000000000007,-0.7139400000000001,0.24939000000000008,-0.3112063384361361,0.6474810825509583,1.339910130885178
x_fixed,-2.5500000000000007,7.400000000000002,0.019153126573139678,0.01300569995959611,0.03048514755922465,0.008919795478474983,-0.026596219444965038,0.009164913457386601,-0.01145061205094186,0.024181662419668484,0.049912923723233804,0.5211831250000003,0.35390312500000026,0.8295431250000003,0.2427200000000001,-0.7237200000000003,0.24939000000000008,-0.3115870272711438,0.6580165561716919,1.3581998460994524
x_fixed,-2.5500000000000007,7.5,0.0195063059339088,0.013358879320365231,0.030838326919993775,0.00904033325521113,-0.026955627815842934,0.009164913457386601,-0.011460151226227918,0.02457235263546533,0.05059131076503041,0.5307936249999999,0.36351362499999995,0.839153625,0.24600000000000005,-0.7334999999999999,0.24939000000000008,-0.31184660145432086,0.6686477785362682,1.376659697918053
x_fixed,-2.5500000000000007,7.600000000000001,0.019864225957238597,0.013716799343695029,0.03119624694332357,0.00916087103194728,-0.027315036186720848,0.009164913457386601,-0.011465232309599387,0.024966607175611465,0.05127589737824511,0.5405331250000002,0.37325312500000013,0.8488931250000001,0.24928000000000008,-0.7432800000000002,0.24939000000000008,-0.31198486477648996,0.6793759911074191,1.395288248669071
x_fixed,-2.5500000000000007,7.699999999999999,0.020226886643129043,0.014079460029585475,0.03155890762921401,0.009281408808683425,-0.027674444557598744,0.009164913457386601,-0.011465848318322374,0.02536446988207828,0.051966632738172626,0.550401625,0.38312162499999997,0.8587616249999999,0.25256,-0.75306,0.24939000000000008,-0.3120016272277821,0.6902023868859617,1.4140841153418202
x_fixed,-2.5500000000000007,7.800000000000001,0.020594287991580158,0.01444686137803659,0.03192630897766513,0.009401946585419575,-0.028033852928476655,0.009164913457386601,-0.011461992488933223,0.025765982874173487,0.05266346796204162,0.5603991250000001,0.39311912500000007,0.8687591250000001,0.25584000000000007,-0.7628400000000001,0.24939000000000008,-0.3118967047649753,0.7011281119966467,1.433045967768329
x_fixed,-2.5500000000000007,7.900000000000002,0.020966430002591935,0.014819003389048367,0.03229845098867691,0.009522484362155725,-0.028393261299354565,0.009164913457386601,-0.011453658269053077,0.026171186606869307,0.05336635604250098,0.5705256250000003,0.4032456250000003,0.8788856250000003,0.2591200000000001,-0.7726200000000002,0.24939000000000008,-0.31166991908875763,0.7121542672753488,1.4521725268134096
x_fixed,-2.5500000000000007,8.0,0.021343312676164357,0.01519588606262079,0.032675333662249326,0.009643022138891871,-0.028752669670232465,0.009164913457386601,-0.011440839309550314,0.02658011992886665,0.054075251781718146,0.5807811250000001,0.4135011250000001,0.889141125,0.2624,-0.7824,0.24939000000000008,-0.3113210974304562,0.7232819098490735,1.4714625625813833
x_fixed,-2.5500000000000007,8.100000000000001,0.02172493601229745,0.015577509398753884,0.033056956998382424,0.009763559915628021,-0.029112078041110375,0.009164913457386601,-0.011423529457034228,0.026992820140127435,0.05479011172634055,0.5911656250000002,0.4238856250000002,0.8995256250000002,0.2656800000000001,-0.7921800000000001,0.24939000000000008,-0.31085007234777995,0.7345120547014915,1.4909148926462892
x_fixed,-2.5500000000000007,8.2,0.02211130001099119,0.015963873397447623,0.03344332099707616,0.009884097692364167,-0.029471486411988275,0.009164913457386601,-0.011401722746664737,0.0274093230486482,0.05551089410353151,0.601679125,0.43439912499999994,0.910039125,0.26896000000000003,-0.8019599999999999,0.24939000000000008,-0.3102566815291613,0.7458456762178275,1.5105283803113336
x_fixed,-2.5500000000000007,8.3,0.022502404672245607,0.01635497805870204,0.03383442565833058,0.010004635469100317,-0.029830894782866185,0.009164913457386601,-0.011375413395263207,0.027829663026285544,0.05623755875825588,0.6123216250000002,0.44504162500000016,0.9206816250000002,0.27224000000000004,-0.81174,0.24939000000000008,-0.30954076760629284,0.7572837097039472,1.530301932902346
x_fixed,-2.5500000000000007,8.400000000000002,0.022898249996060677,0.01675082338251711,0.03423027098214565,0.010125173245836467,-0.030190303153744096,0.009164913457386601,-0.011344595794710859,0.02825387306347599,0.056970067091958315,0.6230931250000002,0.45581312500000026,0.9314531250000002,0.2755200000000001,-0.8215200000000001,0.24939000000000008,-0.30870217797448835,0.7688270528753613,1.550234500099128
x_fixed,-2.5500000000000007,8.5,0.023298835982436397,0.01715140936889283,0.03463085696852137,0.010245711022572613,-0.030549711524621995,0.009164913457386601,-0.011309264505620817,0.028681984822722884,0.05770838200274853,0.633993625,0.466713625,0.942353625,0.27880000000000005,-0.8313,0.24939000000000008,-0.30774076462049055,0.780476567312678,1.5703250723078128
x_fixed,-2.5500000000000007,8.600000000000001,0.023704162631372788,0.01755673601782922,0.035036183617457764,0.010366248799308763,-0.030909119895499906,0.009164913457386601,-0.01126941425127195,0.029114028690748004,0.058452467827183725,0.6450231250000001,0.47774312500000016,0.9533831250000002,0.2820800000000001,-0.8410800000000002,0.24939000000000008,-0.3066563839574027,0.7922330798807202,1.5905726790766832
x_fixed,-2.5500000000000007,8.7,0.024114229942869825,0.017966803329326257,0.0354462509289548,0.01048678657604491,-0.031268528266377806,0.009164913457386601,-0.011225039911792033,0.02955003382922855,0.059202290283714376,0.6561816249999999,0.4889016249999999,0.964541625,0.28536,-0.85086,0.24939000000000008,-0.30544889666640407,0.8040973841091499,1.6109763875572543
x_fixed,-2.5500000000000007,8.8,0.024529037916927537,0.01838161130338397,0.03586105890301251,0.01060732435278106,-0.031627936637255716,0.009164913457386601,-0.01117613651857907,0.029990028224060147,0.059957816417842924,0.6674691250000001,0.5001891250000001,0.9758291250000002,0.28864000000000006,-0.8606400000000001,0.24939000000000008,-0.3041181675449467,0.8160702415329821,1.6315353010119644
x_fixed,-2.5500000000000007,8.900000000000002,0.02494858655354591,0.01880115994000234,0.03628060753963088,0.010727862129517209,-0.031987345008133626,0.009164913457386601,-0.01112269924894985,0.03043403873310328,0.060719014549025695,0.6788856250000003,0.5116056250000003,0.9872456250000002,0.2919200000000001,-0.8704200000000002,0.24939000000000008,-0.302664065361135,0.8281523829918326,1.652248557369303
x_fixed,-2.5500000000000007,9.0,0.025372875852724925,0.019225449239181357,0.0367048968388099,0.010848399906253355,-0.03234675337901152,0.009164913457386601,-0.011064723421005703,0.030882091132386134,0.06148585421933574,0.690431125,0.523151125,0.998791125,0.2952000000000001,-0.8802,0.24939000000000008,-0.30108646271401585,0.84034450988716,1.6731153278268556
x_fixed,-2.5500000000000007,9.100000000000001,0.025801905814464617,0.01965447920092105,0.03713392680054959,0.010968937682989505,-0.03270616174988943,0.009164913457386601,-0.011002204488705286,0.03133421016074952,0.06225830614389102,0.7021056250000003,0.5348256250000002,1.0104656250000001,0.2984800000000001,-0.8899800000000001,0.24939000000000008,-0.29938523589950244,0.8526472953971169,1.6941348155023863
x_fixed,-2.5500000000000007,9.200000000000003,0.026235676438764968,0.0200882498252214,0.037567697424849944,0.011089475459725655,-0.03306557012076734,0.009164913457386601,-0.01093513803713551,0.03179041956293016,0.06303634216304166,0.7139091250000005,0.5466291250000005,1.0222691250000004,0.30176000000000014,-0.8997600000000002,0.24939000000000008,-0.29756026478168945,0.8650613856489056,1.7153062541327853
x_fixed,-2.5500000000000007,9.3,0.026674187725625957,0.02052676111208239,0.038006208711710926,0.011210013236461801,-0.03342497849164524,0.009164913457386601,-0.010863519777971425,0.03225074213108893,0.06381993519630176,0.725841625,0.5585616250000001,1.034201625,0.3050400000000001,-0.9095399999999999,0.24939000000000008,-0.2956114326693102,0.877587400848819,1.7366289068204912
x_fixed,-2.5500000000000007,9.400000000000002,0.02711743967504763,0.02097001306150406,0.0384494606611326,0.011330551013197951,-0.03378438686252316,0.009164913457386601,-0.010787345545116891,0.03271519974479791,0.06460905919800326,0.7379031250000003,0.5706231250000003,1.0462631250000003,0.3083200000000001,-0.9193200000000002,0.24939000000000008,-0.2935386261971137,0.890225936370344,1.7581020648267704
x_fixed,-2.5500000000000007,9.5,0.027565432287029942,0.021418005673486375,0.03889745327311492,0.011451088789934097,-0.03414379523340105,0.009164913457386601,-0.010706611290517963,0.03318381340950669,0.0654036891146425,0.7500936250000001,0.5828136250000001,1.058453625,0.31160000000000004,-0.9291,0.24939000000000008,-0.29134173521194034,0.9029775638008826,1.779725046411058
x_fixed,-2.5500000000000007,9.600000000000001,0.028018165561572928,0.02187073894802936,0.0393501865476579,0.011571626566670247,-0.03450320360427896,0.009164913457386601,-0.010621313080141104,0.03365660329351463,0.06620380084388666,0.7624131250000002,0.5951331250000002,1.070773125,0.3148800000000001,-0.9388800000000002,0.24939000000000008,-0.2890206526632841,0.9158428319478183,1.8014971957154662
x_fixed,-2.5500000000000007,9.700000000000003,0.02847563949867658,0.022328212885133012,0.03980766048476155,0.011692164343406397,-0.034862611975156874,0.009164913457386601,-0.010531447090109546,0.03413358876347934,0.06700937119520134,0.7748616250000004,0.6075816250000005,1.0832216250000004,0.3181600000000001,-0.9486600000000003,0.24939000000000008,-0.28657527449815723,0.9288222678047523,1.8234178816934061
x_fixed,-2.5500000000000007,9.8,0.02893785409834087,0.0227904274847973,0.04026987508442584,0.011812702120142543,-0.03522202034603477,0.009164913457386601,-0.01043700960299025,0.03461478841849591,0.06782037785205836,0.7874391250000001,0.6201591250000001,1.095799125,0.32144000000000006,-0.95844,0.24939000000000008,-0.28400549956005355,0.9419163774788444,1.84548649708121
x_fixed,-2.5500000000000007,9.900000000000002,0.029404809360565835,0.023257382747022267,0.04073683034665081,0.011933239896878693,-0.03558142871691268,0.009164913457386601,-0.01033799700422529,0.035100220122784125,0.0686367993356801,0.8001456250000003,0.6328656250000003,1.1085056250000003,0.3247200000000001,-0.9682200000000001,0.24939000000000008,-0.2813112294918412,0.9551256470802791,1.8677024574115635
