x,V11,V22,V33,V44,V12,V23,V34
-15,0.0648,0.1325,0.3928,0.57,1.39754867824e-52,4.04540074152e-115,8.32449416274e-171
-14.9625468165,0.0642617963501,0.131938903618,0.391542695226,0.568502994852,2.86537344407e-52,1.18830154688e-114,3.10758857294e-170
-14.925093633,0.0637258370857,0.131379209976,0.390287634838,0.567008234089,5.8616623096e-52,3.48270789926e-114,1.157482555e-169
-14.8876404494,0.0631921222068,0.130820919076,0.389034818836,0.565515717712,1.1964254273e-51,1.01843359093e-113,4.30160638865e-169
-14.8501872659,0.0626606517134,0.130264030916,0.387784247219,0.564025445721,2.436552365e-51,2.97148577238e-113,1.59504212935e-168
-14.8127340824,0.0621314256056,0.129708545498,0.386535919988,0.562537418115,4.95097963805e-51,8.65047331805e-113,5.90118084623e-168
-14.7752808989,0.0616044438833,0.12915446282,0.385289837142,0.561051634895,1.00376444165e-50,2.51264632447e-112,2.17836658024e-167
-14.7378277154,0.0610797065466,0.128601782884,0.384045998681,0.55956809606,2.03047547857e-50,7.28195732749e-112,8.02321227572e-167
-14.7003745318,0.0605572135954,0.128050505688,0.382804404607,0.55808680161,4.09816053751e-50,2.10566933543e-111,2.94843036852e-166
-14.6629213483,0.0600369650297,0.127500631233,0.381565054917,0.556607751547,8.25287867877e-50,6.07515679677e-111,1.08108226891e-165
-14.6254681648,0.0595189608495,0.12695215952,0.380327949614,0.555130945868,1.65823940198e-49,1.74884003135e-110,3.95504918622e-165
-14.5880149813,0.0590032010549,0.126405090547,0.379093088695,0.553656384575,3.32440766992e-49,5.02305526083e-110,1.44367790265e-164
-14.5505617978,0.0584896856458,0.125859424315,0.377860472163,0.552184067668,6.64976957614e-49,1.43949812003e-109,5.25792037614e-164
-14.5131086142,0.0579784146222,0.125315160824,0.376630100015,0.550713995147,1.3271627798e-48,4.11603940424e-109,1.91065808652e-163
-14.4756554307,0.0574693879841,0.124772300074,0.375401972254,0.54924616701,2.64281684295e-48,1.17428421014e-108,6.92751100197e-163
-14.4382022472,0.0569626057316,0.124230842065,0.374176088878,0.54778058326,5.25091773355e-48,3.34265992351e-108,2.50609048376e-162
-14.4007490637,0.0564580678646,0.123690786797,0.372952449887,0.546317243895,1.04094704878e-47,9.49372053765e-108,9.04568679521e-162
-14.3632958801,0.0559557743831,0.12315213427,0.371731055282,0.544856148915,2.05895729046e-47,2.69033256257e-107,3.25770399941e-161
-14.3258426966,0.0554557252872,0.122614884484,0.370511905062,0.543397298321,4.06341625456e-47,7.60677847062e-107,1.17059582668e-160
-14.2883895131,0.0549579205768,0.122079037439,0.369294999228,0.541940692112,8.0013001971e-47,2.14595615704e-106,4.19689010734e-160
-14.2509363296,0.0544623602519,0.121544593135,0.36808033778,0.540486330289,1.57200923063e-46,6.04040692574e-106,1.50132079324e-159
-14.2134831461,0.0539690443126,0.121011551572,0.366867920717,0.539034212852,3.08159027299e-46,1.69643343963e-105,5.35851779507e-159
-14.1760299625,0.0534779727588,0.12047991275,0.36565774804,0.5375843398,6.02726065139e-46,4.75371048124e-105,1.90827574709e-158
-14.138576779,0.0529891455905,0.119949676668,0.364449819748,0.536136711134,1.1762247875e-45,1.3290885214e-104,6.78051779267e-158
-14.1011235955,0.0525025628077,0.119420843328,0.363244135841,0.534691326853,2.29026616644e-45,3.70766393246e-104,2.40386384119e-157
-14.063670412,0.0520182244105,0.118893412728,0.362040696321,0.533248186957,4.4494554541e-45,1.03198193021e-103,8.50319513487e-157
-14.0262172285,0.0515361303988,0.11836738487,0.360839501185,0.531807291447,8.62487966921e-45,2.86595323418e-103,3.00109471473e-156
-13.9887640449,0.0510562807726,0.117842759753,0.359640550436,0.530368640323,1.66810929355e-44,7.94129595684e-103,1.05682367596e-155
-13.9513108614,0.050578675532,0.117319537376,0.358443844071,0.528932233584,3.21900191441e-44,2.19552779523e-102,3.71321966793e-155
-13.9138576779,0.0501033146769,0.11679771774,0.357249382093,0.527498071231,6.19788114632e-44,6.05636126753e-102,1.30173932774e-154
-13.8764044944,0.0496301982073,0.116277300846,0.356057164499,0.526066153263,1.19066757894e-43,1.66690129044e-101,4.55326246567e-154
-13.8389513109,0.0491593261232,0.115758286692,0.354867191292,0.524636479681,2.28224933135e-43,4.57755180525e-101,1.58908314212e-153
-13.8014981273,0.0486906984247,0.115240675279,0.35367946247,0.523209050485,4.36476558665e-43,1.25424370207e-100,5.53344797849e-153
-13.7640449438,0.0482243151117,0.114724466608,0.352493978033,0.521783865674,8.32883073849e-43,3.42890825938e-100,1.92251757233e-152
-13.7265917603,0.0477601761843,0.114209660677,0.351310737982,0.520360925248,1.58574161558e-42,9.35308924201e-100,6.66453848988e-152
-13.6891385768,0.0472982816423,0.113696257487,0.350129742316,0.518940229208,3.01235455454e-42,2.54553789316e-99,2.30512838545e-151
-13.6516853933,0.0468386314859,0.113184257038,0.348950991036,0.517521777553,5.70959135357e-42,6.91240746186e-99,7.95509614008e-151
-13.6142322097,0.046381225715,0.11267365933,0.347774484142,0.516105570284,1.07976498728e-41,1.87285592839e-98,2.73918283993e-150
-13.5767790262,0.0459260643297,0.112164464363,0.346600221633,0.514691607401,2.03741139757e-41,5.06296220647e-98,9.41069910707e-150
-13.5393258427,0.0454731473299,0.111656672137,0.34542820351,0.513279888903,3.83577829722e-41,1.36562128349e-97,3.22587866998e-149
-13.5018726592,0.0450224747156,0.111150282652,0.344258429772,0.511870414791,7.20532441809e-41,3.67520140341e-97,1.10331480493e-148
-13.4644194757,0.0445740464868,0.110645295908,0.343090900419,0.510463185064,1.3504510826e-40,9.86863954214e-97,3.76509673239e-148
-13.4269662921,0.0441278626436,0.110141711905,0.341925615453,0.509058199722,2.5253957826e-40,2.6439832826e-96,1.28197072256e-147
-13.3895131086,0.0436839231859,0.109639530643,0.340762574871,0.507655458766,4.71200041597e-40,7.06781867378e-96,4.35517239846e-147
-13.3520599251,0.0432422281137,0.109138752122,0.339601778676,0.506254962196,8.77215839868e-40,1.88511291596e-95,1.47624306714e-146
-13.3146067416,0.0428027774271,0.108639376341,0.338443226865,0.504856710011,1.62941941173e-39,5.01665938389e-95,4.99270224936e-146
-13.2771535581,0.042365571126,0.108141403302,0.337286919441,0.503460702212,3.01984451287e-39,1.33203960029e-94,1.68476269738e-145
-13.2397003745,0.0419306092104,0.107644833004,0.336132856401,0.502066938798,5.58420759061e-39,3.52894535461e-94,5.67240309531e-145
-13.202247191,0.0414978916803,0.107149665446,0.334981037748,0.50067541977,1.0303002439e-38,9.32820338104e-94,1.90555157732e-144
-13.1647940075,0.0410674185358,0.10665590063,0.33383146348,0.499286145128,1.89666804109e-38,2.46023365436e-93,6.38703957234e-144
-13.127340824,0.0406391897768,0.106163538554,0.332684133597,0.49789911487,3.48372709163e-38,6.47410858976e-93,2.13601245816e-143
-13.0898876404,0.0402132054034,0.10567257922,0.3315390481,0.496514328999,6.38443105094e-38,1.69984326838e-92,7.12743444471e-143
-13.0524344569,0.0397894654154,0.105183022626,0.330396206988,0.495131787513,1.16741576051e-37,4.45310623219e-92,2.37294655819e-142
-13.0149812734,0.039367969813,0.104694868774,0.329255610262,0.493751490412,2.12987530877e-37,1.16397193068e-91,7.88257223254e-142
-12.9775280899,0.0389487185961,0.104208117662,0.328117257922,0.492373437697,3.87710962998e-37,3.03561880715e-91,2.61260188916e-141
-12.9400749064,0.0385317117648,0.103722769291,0.326981149967,0.490997629368,7.04185794188e-37,7.89909320024e-91,8.63980199876e-141
-12.9026217228,0.038116949319,0.103238823661,0.325847286398,0.489624065424,1.27612058304e-36,2.05084348296e-90,2.85075318783e-140
-12.8651685393,0.0377044312587,0.102756280773,0.324715667214,0.488252745865,2.30739232318e-36,5.31267283098e-90,9.38513930519e-140
-12.8277153558,0.0372941575839,0.102275140625,0.323586292415,0.486883670693,4.16271280416e-36,1.37315291168e-89,3.08281244649e-139
-12.7902621723,0.0368861282947,0.101795403218,0.322459162003,0.485516839905,7.49301721046e-36,3.54119635345e-89,1.0103660852e-138
-12.7528089888,0.036480343391,0.101317068552,0.321334275975,0.484152253503,1.34574348847e-35,9.11184640265e-89,3.30396693059e-138
-12.7153558052,0.0360768028728,0.100840136627,0.320211634333,0.482789911487,2.41153250339e-35,2.33931145782e-88,1.07799786193e-137
-12.6779026217,0.0356755067402,0.100364607443,0.319091237077,0.481429813856,4.31170687531e-35,5.99231978001e-88,3.50933948544e-137
-12.6404494382,0.0352764549931,0.0998904809999,0.317973084207,0.480071960611,7.69184656734e-35,1.53153593269e-87,1.13987739723e-136
-12.6029962547,0.0348796476315,0.0994177572978,0.316857175721,0.478716351751,1.36910662689e-34,3.90557224323e-87,3.69416404446e-136
-12.5655430712,0.0344850846554,0.0989464363366,0.315743511622,0.477362987277,2.43147163931e-34,9.93727792406e-87,1.19453667369e-135
-12.5280898876,0.0340927660649,0.0984765181164,0.314632091908,0.476011867188,4.30850319973e-34,2.52275730673e-86,3.85396773136e-135
-12.4906367041,0.0337026918599,0.0980080026372,0.313522916579,0.474662991485,7.61743763099e-34,6.39011663133e-86,1.24062902153e-134
-12.4531835206,0.0333148620404,0.0975408898989,0.312415985636,0.473316360168,1.3437444083e-33,1.61498083472e-85,3.98474995258e-134
-12.4157303371,0.0329292766065,0.0970751799015,0.311311299078,0.471971973236,2.36510109293e-33,4.07240757443e-85,1.27698409409e-133
-12.3782771536,0.0325459355581,0.0966108726451,0.310208856906,0.470629830689,4.15344078591e-33,1.02461421312e-84,4.08314852015e-133
-12.34082397,0.0321648388952,0.0961479681297,0.30910865912,0.469289932528,7.27765750795e-33,2.5721411128e-84,1.3026571944e-132
-12.3033707865,0.0317859866179,0.0956864663553,0.308010705719,0.467952278753,1.27233208607e-32,6.44250081421e-84,4.146583195e-132
-12.265917603,0.031409378726,0.0952263673217,0.306914996704,0.466616869363,2.21939509165e-32,1.61005031724e-83,1.31697005428e-131
-12.2284644195,0.0310350152197,0.0947676710292,0.305821532074,0.465283704358,3.86272720852e-32,4.01466850733e-83,4.17336810231e-131
-12.191011236,0.030662896099,0.0943103774776,0.304730311829,0.463952783739,6.70777878995e-32,9.9881535315e-83,1.31954060986e-130
-12.1535580524,0.0302930213637,0.0938544866669,0.30364133597,0.462624107506,1.16222095331e-31,2.47939661168e-82,4.16278618314e-130
-12.1161048689,0.029925391014,0.0933999985973,0.302554604497,0.461297675658,2.00920359087e-31,6.14090067555e-82,1.31029994885e-129
-12.0786516854,0.0295600050499,0.0929469132685,0.301470117409,0.459973488196,3.46564812835e-31,1.5175514307e-81,4.11512109332e-129
-12.0411985019,0.0291968634712,0.0924952306808,0.300387874707,0.458651545119,5.96444807916e-31,3.7417954252e-81,1.28949538041e-128
-12.0037453184,0.0288359662781,0.0920449508339,0.29930787639,0.457331846428,1.0241918942e-30,9.20538457062e-81,4.03164456843e-128
-11.9662921348,0.0284773134705,0.0915960737281,0.298230122459,0.456014392122,1.75475982242e-30,2.25958721766e-80,1.25767943673e-127
-11.9288389513,0.0281209050485,0.0911485993632,0.297154612914,0.454699182202,2.99971023954e-30,5.53403061936e-80,3.91456004088e-127
-11.8913857678,0.0277667410119,0.0907025277392,0.296081347754,0.453386216667,5.11642019891e-30,1.3523194111e-79,1.21568548889e-126
-11.8539325843,0.0274148213609,0.0902578588562,0.295010326979,0.452075495518,8.70719718671e-30,3.29717715302e-79,3.76690599794e-126
-11.8164794007,0.0270651460955,0.0898145927142,0.29394155059,0.450767018755,1.47848128167e-29,8.02103769885e-79,1.16459147934e-125
-11.7790262172,0.0267177152155,0.0893727293131,0.292875018586,0.449460786377,2.50483173524e-29,1.94690207935e-78,3.59242499731e-125
-11.7415730337,0.0263725287211,0.0889322686529,0.291810730968,0.448156798384,4.23415311825e-29,4.71501345218e-78,1.10567397352e-124
-11.7041198502,0.0260295866122,0.0884932107338,0.290748687736,0.446855054777,7.14134208524e-29,1.13932345729e-77,3.39540621881e-124
-11.6666666667,0.0256888888889,0.0880555555556,0.289688888889,0.445555555556,1.20176178835e-28,2.74685932056e-77,1.04035526264e-123
-11.6292134831,0.0253504355511,0.0876193031183,0.288631334427,0.44425830072,2.01781906183e-28,6.60771148828e-77,3.18051078647e-123
-11.5917602996,0.0250142265988,0.087184453422,0.287576024352,0.442963290269,3.38042516139e-28,1.5859555182e-76,9.70146570876e-123
-11.5543071161,0.024680262032,0.0867510064666,0.286522958661,0.441670524204,5.65048474266e-28,3.79801091302e-76,2.95258975736e-122
-11.5168539326,0.0243485418508,0.0863189622522,0.285472137356,0.440380002525,9.42378487009e-28,9.07500117546e-76,8.96590515651e-122
-11.4794007491,0.0240190660551,0.0858883207788,0.284423560437,0.439091725231,1.56815972533e-27,2.1635276376e-75,2.71650461936e-121
-11.4419475655,0.0236918346449,0.0854590820463,0.283377227903,0.437805692323,2.60363741593e-27,5.14639931472e-75,8.21205843464e-121
-11.404494382,0.0233668476202,0.0850312460548,0.282333139755,0.4365219038,4.31316416167e-27,1.22143339414e-74,2.47695941039e-120
-11.3670411985,0.0230441049811,0.0846048128042,0.281291295992,0.435240359663,7.12913350519e-27,2.89242012192e-74,7.45437136054e-120
-11.329588015,0.0227236067275,0.0841797822946,0.280251696615,0.433961059911,1.17571696032e-26,6.83405130105e-74,2.23835226218e-119
-11.2921348315,0.0224053528595,0.0837561545259,0.279214341624,0.432684004545,1.93461296709e-26,1.6110921099e-73,6.70611692136e-119
-11.2546816479,0.022089343377,0.0833339294982,0.278179231017,0.431409193564,3.17622076987e-26,3.78955123105e-73,2.00465242174e-118
-11.2172284644,0.02177557828,0.0829131072115,0.277146364797,0.430136626969,5.20298464329e-26,8.89365893051e-73,5.97905186399e-118
-11.1797752809,0.0214640575685,0.0824936876657,0.276115742962,0.42886630476,8.50393011545e-26,2.0825643694e-72,1.77930678162e-117
-11.1423220974,0.0211547812425,0.0820756708609,0.275087365512,0.427598226935,1.38679445583e-25,4.8656590442e-72,5.28317045827e-117
-11.1048689139,0.0208477493021,0.081659056797,0.274061232448,0.426332393497,2.25647115768e-25,1.1342536562e-71,1.56517783127e-116
-11.0674157303,0.0205429617473,0.0812438454741,0.27303734377,0.425068804444,3.66330224771e-25,2.63817729616e-71,4.62655818852e-116
-11.0299625468,0.0202404185779,0.0808300368921,0.272015699477,0.423807459776,5.93391053068e-25,6.12241895575e-71,1.36451289768e-115
-10.9925093633,0.0199401197941,0.0804176310511,0.270996299569,0.422548359494,9.59035119394e-25,1.41764466261e-70,4.01534196043e-115
-10.9550561798,0.0196420653958,0.080006627951,0.269979144047,0.421291503598,1.54651203511e-24,3.27519381391e-70,1.17894272022e-114
-10.9176029963,0.019346255383,0.0795970275919,0.268964232911,0.420036892087,2.48826925115e-24,7.54973831668e-70,3.45372813699e-114
-10.8801498127,0.0190526897558,0.0791888299738,0.26795156616,0.418784524962,3.99453947437e-24,1.73640915973e-69,1.0095059154e-113
-10.8426966292,0.0187613685141,0.0787820350966,0.266941143795,0.417534402222,6.39825194636e-24,3.98471728112e-69,2.94411563243e-113
-10.8052434457,0.0184722916579,0.0783766429603,0.265932965815,0.416286523868,1.02254218393e-23,9.12364196676e-69,8.56694806563e-113
-10.7677902622,0.0181854591873,0.0779726535651,0.264927032221,0.415040889899,1.63052103205e-23,2.08431920841e-68,2.48726856295e-112
-10.7303370787,0.0179008711021,0.0775700669107,0.263923343012,0.413797500316,2.59416056171e-23,4.75100517286e-68,7.20517449712e-112
-10.6928838951,0.0176185274025,0.0771688829974,0.262921898189,0.412556355118,4.11805910692e-23,1.08051811292e-67,2.08253160596e-111
-10.6554307116,0.0173384280885,0.076769101825,0.261922697751,0.411317454306,6.52249229523e-23,2.45190633287e-67,6.00570471387e-111
-10.6179775281,0.01706057316,0.0763707233935,0.260925741699,0.410080797879,1.03076544137e-22,5.55138023745e-67,1.72807117009e-110
-10.5805243446,0.016784962617,0.075973747703,0.259931030033,0.408846385838,1.62529200838e-22,1.25407453843e-66,4.96117504124e-110
-10.543071161,0.0165115964595,0.0755781747535,0.258938562752,0.407614218182,2.55698526959e-22,2.82664326199e-66,1.4211265439e-109
-10.5056179775,0.0162404746875,0.0751840045449,0.257948339856,0.406384294912,4.01375008787e-22,6.35687875936e-66,4.061684898e-109
-10.468164794,0.0159715973011,0.0747912370772,0.256960361346,0.405156616028,6.28633767571e-22,1.42640263076e-65,1.158257126e-108
-10.4307116105,0.0157049643002,0.0743998723506,0.255974627222,0.403931181529,9.82359296086e-22,3.19349036031e-65,3.29555837793e-108
-10.393258427,0.0154405756849,0.0740099103649,0.254991137483,0.402707991415,1.53168087069e-21,7.13369215024e-65,9.35574364587e-108
-10.3558052434,0.0151784314551,0.0736213511201,0.254009892129,0.401487045687,2.38282140865e-21,1.58996803627e-64,2.6500428308e-107
-10.3183520599,0.0149185316108,0.0732341946163,0.253030891161,0.400268344345,3.69862221726e-21,3.5358000635e-64,7.48949868434e-107
-10.2808988764,0.014660876152,0.0728484408534,0.252054134579,0.399051887388,5.72814140656e-21,7.84534923052e-64,2.11192202876e-106
-10.2434456929,0.0144054650788,0.0724640898315,0.251079622382,0.397837674817,8.85141621391e-21,1.73684929954e-63,5.94194034491e-106
-10.2059925094,0.0141522983911,0.0720811415506,0.250107354571,0.396625706631,1.36469962026e-20,3.83651827031e-63,1.66803043366e-105
-10.1685393258,0.0139013760889,0.0716995960106,0.249137331145,0.39541598283,2.09935872507e-20,8.45546856695e-63,4.67202253427e-105
-10.1310861423,0.0136526981722,0.0713194532116,0.248169552105,0.394208503416,3.22226692757e-20,1.85935948606e-62,1.30566319835e-104
-10.0936329588,0.0134062646411,0.0709407131535,0.24720401745,0.393003268386,4.93471015504e-20,4.07956938478e-62,3.64068138571e-104
-10.0561797753,0.0131620754955,0.0705633758364,0.246240727181,0.391800277743,7.54027282562e-20,8.93080403356e-62,1.01288341301e-103
-10.0187265918,0.0129201307355,0.0701874412602,0.245279681297,0.390599531485,1.14957615446e-19,1.95070713067e-61,2.81165170243e-103
-9.98127340824,0.0126804303609,0.069812909425,0.244320879799,0.389401029612,1.74869355394e-19,4.25127167225e-61,7.78733500618e-103
-9.94382022472,0.0124429743719,0.0694397803308,0.243364322687,0.388204772125,2.65408573228e-19,9.24423382501e-61,2.15199605715e-102
-9.9063670412,0.0122077627684,0.0690680539775,0.242410009959,0.387010759023,4.01921706135e-19,2.00561819527e-60,5.93361494901e-102
-9.86891385768,0.0119747955505,0.0686977303651,0.241457941618,0.385818990307,6.07285974406e-19,4.34161066701e-60,1.6323847346e-101
-9.83146067416,0.0117440727181,0.0683288094938,0.240508117662,0.384629465977,9.15525228629e-19,9.3773206367e-60,4.48075259665e-101
-9.79400749064,0.0115155942712,0.0679612913633,0.239560538091,0.383442186032,1.37712276503e-18,2.02084001179e-59,1.22716986295e-100
-9.75655430712,0.0112893602099,0.0675951759739,0.238615202906,0.382257150472,2.06680866937e-18,4.34520603492e-59,3.35338697483e-100
-9.7191011236,0.011065370534,0.0672304633253,0.237672112107,0.381074359298,3.09494665069e-18,9.32210717583e-59,9.14298359947e-100
-9.68164794007,0.0108436252437,0.0668671534178,0.236731265693,0.37989381251,4.62414384821e-18,1.99546026892e-58,2.48723880104e-99
-9.64419475655,0.010624124339,0.0665052462512,0.235792663665,0.378715510107,6.89342063535e-18,4.26184209053e-58,6.75106521409e-99
-9.60674157303,0.0104068678197,0.0661447418255,0.234856306022,0.377539452089,1.02532961114e-17,9.08190383751e-58,1.82832079164e-98
-9.56928838951,0.010191855686,0.0657856401408,0.233922192765,0.376365638458,1.52165954828e-17,1.93099753669e-57,4.94035058023e-98
-9.53183520599,0.00997908793783,0.0654279411971,0.232990323893,0.375194069211,2.253184562e-17,4.09648921826e-57,1.3319515116e-97
-9.49438202247,0.00976856457518,0.0650716449943,0.232060699407,0.37402474435,3.32890433051e-17,8.67096011011e-57,3.5829796139e-97
-9.45692883895,0.00956028559806,0.0647167515325,0.231133319306,0.372857663875,4.90717037835e-17,1.83125083697e-56,9.61668819549e-97
-9.41947565543,0.00935425100647,0.0643632608116,0.230208183591,0.371692827785,7.21749074666e-17,3.85881323881e-56,2.57532479157e-96
-9.38202247191,0.0091504608004,0.0640111728317,0.229285292261,0.370530236081,1.05917228984e-16,8.11306507029e-56,6.88119330294e-96
-9.34456928839,0.00894891497987,0.0636604875928,0.228364645317,0.369369888763,1.55085880601e-16,1.70192898376e-55,1.83451295538e-95
-9.30711610487,0.00874961354487,0.0633112050948,0.227446242758,0.36821178583,2.26570407787e-16,3.56224007601e-55,4.87981192469e-95
-9.26966292135,0.00855255649539,0.0629633253377,0.226530084585,0.367055927282,3.3026259424e-16,7.43926812704e-55,1.29512193991e-94
-9.23220973783,0.00835774383145,0.0626168483216,0.225616170798,0.36590231312,4.80331275427e-16,1.55010998679e-54,3.42960033501e-94
-9.19475655431,0.00816517555303,0.0622717740465,0.224704501396,0.364750943343,6.97023817976e-16,3.22270158307e-54,9.06153226228e-94
-9.15730337079,0.00797485166014,0.0619281025123,0.223795076379,0.363601817952,1.0092055903e-15,6.68502362333e-54,2.38882890214e-93
-9.11985018727,0.00778677215279,0.0615858337191,0.222887895748,0.362454936947,1.45793093877e-15,1.3836016649e-53,6.28338577493e-93
-9.08239700375,0.00760093703096,0.0612449676668,0.221982959503,0.361310300327,2.10145228101e-15,2.85722526237e-53,1.64902667084e-92
-9.04494382022,0.00741734629466,0.0609055043555,0.221080267643,0.360167908092,3.02222914108e-15,5.8871237158e-53,4.31804248428e-92
-9.0074906367,0.00723599994389,0.0605674437852,0.220179820169,0.359027760244,4.33671139139e-15,1.210283519e-52,1.12816187155e-91
-8.97003745318,0.00705689797865,0.0602307859558,0.21928161708,0.35788985678,6.20896094996e-15,2.4825405554e-52,2.940906386e-91
-8.93258426966,0.00688004039894,0.0598955308673,0.218385658376,0.356754197702,8.86957094531e-15,5.08078550053e-52,7.64920426924e-91
-8.89513108614,0.00670542720476,0.0595616785198,0.217491944059,0.35562078301,1.26418773067e-14,1.03750606575e-51,1.98507350514e-90
-8.85767790262,0.00653305839611,0.0592292289133,0.216600474126,0.354489612703,1.79781833799e-14,2.11385748634e-51,5.13998915546e-90
-8.8202247191,0.00636293397298,0.0588981820477,0.21571124858,0.353360686782,2.55096979687e-14,4.29720467951e-51,1.32792359696e-89
-8.78277153558,0.00619505393539,0.0585685379231,0.214824267419,0.352234005246,3.6115206555e-14,8.71608890352e-51,3.42301852623e-89
-8.74531835206,0.00602941828333,0.0582402965394,0.213939530643,0.351109568096,5.10152671505e-14,1.76393484125e-50,8.80381051742e-89
-8.70786516854,0.00586602701679,0.0579134578967,0.213057038253,0.349987375331,7.19010947954e-14,3.56179320767e-50,2.25921415067e-88
-8.67041198502,0.00570488013579,0.057588021995,0.212176790248,0.348867426952,1.01110467135e-13,7.17596216113e-50,5.78454745404e-88
-8.6329588015,0.00554597764031,0.0572639888342,0.211298786629,0.347749722959,1.41867202948e-13,1.44250342961e-49,1.47776934254e-87
-8.59550561798,0.00538931953036,0.0569413584143,0.210423027396,0.346634263351,1.98606368959e-13,2.89320258535e-49,3.76677077856e-87
-8.55805243446,0.00523490580594,0.0566201307355,0.209549512548,0.345521048128,2.77414790755e-13,5.78983397482e-49,9.5798124892e-87
-8.52059925094,0.00508273646706,0.0563003057975,0.208678242085,0.344410077291,3.86626242798e-13,1.15605541424e-48,2.43091682823e-86
-8.48314606742,0.0049328115137,0.0559818836006,0.207809216008,0.34330135084,5.37623596066e-13,2.30311948392e-48,6.15472237091e-86
-8.4456928839,0.00478513094587,0.0556648641445,0.206942434317,0.342194868774,7.45917145085e-13,4.57803978458e-48,1.55479133111e-85
-8.40823970037,0.00463969476357,0.0553492474295,0.206077897011,0.341090631093,1.03259051997e-12,9.07962540561e-48,3.9188715558e-85
-8.37078651685,0.0044965029668,0.0550350334554,0.20521560409,0.339988637798,1.42623455117e-12,1.79672485642e-47,9.85542197388e-85
-8.33333333333,0.00435555555556,0.0547222222222,0.204355555556,0.338888888889,1.96552715674e-12,3.54748441669e-47,2.47294634854e-84
-8.29588014981,0.00421685252984,0.05441081373,0.203497751406,0.337791384365,2.70266625906e-12,6.98851163412e-47,6.19126567278e-84
-8.25842696629,0.00408039388966,0.0541008079788,0.202642191642,0.336696124227,3.70792607242e-12,1.3736439078e-46,1.54656957494e-83
-8.22097378277,0.00394617963501,0.0537922049685,0.201788876264,0.335603108474,5.07568882986e-12,2.69394616079e-46,3.85464830759e-83
-8.18352059925,0.00381420976588,0.0534850046992,0.200937805272,0.334512337107,6.93240916581e-12,5.27143596598e-46,9.58573311291e-83
-8.14606741573,0.00368448428229,0.0531792071708,0.200088978664,0.333423810125,9.44710325125e-12,1.02918686402e-45,2.37843442554e-82
-8.10861423221,0.00355700318422,0.0528748123834,0.199242396443,0.332337527529,1.28451272773e-11,2.00486350034e-45,5.88819666664e-82
-8.07116104869,0.00343176647169,0.0525718203369,0.198398058607,0.331253489318,1.74262298303e-11,3.89673309459e-45,1.45444970419e-81
-8.03370786517,0.00330877414468,0.0522702310314,0.197555965156,0.330171695493,2.35881422932e-11,7.55686713179e-45,3.58459738799e-81
-7.99625468165,0.0031880262032,0.0519700444669,0.196716116091,0.329092146053,3.18573257346e-11,1.46220474346e-44,8.81469594059e-81
-7.95880149813,0.00306952264725,0.0516712606433,0.195878511411,0.328014840999,4.29289403954e-11,2.82292842177e-44,2.16271635209e-80
-7.92134831461,0.00295326347683,0.0513738795607,0.195043151117,0.326939780331,5.7718667676e-11,5.4377197353e-44,5.2944038728e-80
-7.88389513109,0.00283924869194,0.051077901219,0.194210035209,0.325866964048,7.74297223746e-11,1.04510289144e-43,1.29318258321e-79
-7.84644194757,0.00272747829258,0.0507833256183,0.193379163686,0.32479639215,1.03639278819e-10,2.00413307025e-43,3.15157685158e-79
-7.80898876404,0.00261795227875,0.0504901527585,0.192550536548,0.323728064638,1.38409639715e-10,3.83459353089e-43,7.66339537854e-79
-7.77153558052,0.00251067065045,0.0501983826397,0.191724153797,0.322661981512,1.84430850849e-10,7.32044348018e-43,1.85925877267e-78
-7.734082397,0.00240563340768,0.0499080152618,0.19090001543,0.321598142771,2.45203168174e-10,1.39437864927e-42,4.50073789043e-78
-7.69662921348,0.00230284055044,0.0496190506249,0.190078121449,0.320536548416,3.25269888182e-10,2.65002110277e-42,1.0870584086e-77
-7.65917602996,0.00220229207872,0.049331488729,0.189258471854,0.319477198446,4.30513643467e-10,5.02508273099e-42,2.61967438471e-77
-7.62172284644,0.00210398799254,0.049045329574,0.188441066644,0.318420092861,5.68532444879e-10,9.50741334665e-42,6.29893349663e-77
-7.58426966292,0.00200792829188,0.04876057316,0.18762590582,0.317365231663,7.49115640015e-10,1.79476177441e-41,1.5111654249e-76
-7.5468164794,0.00191411297676,0.0484772194869,0.186812989381,0.316312614849,9.84844696456e-10,3.38046561102e-41,3.61728118599e-76
-7.50936329588,0.00182254204716,0.0481952685548,0.186002317328,0.315262242422,1.2918494731e-09,6.35289253837e-41,8.63928510474e-76
-7.47191011236,0.00173321550309,0.0479147203636,0.18519388966,0.314214114379,1.690757607e-09,1.19121943866e-40,2.05872633002e-75
-7.43445692884,0.00164613334456,0.0476355749134,0.184387706378,0.313168230723,2.20788304019e-09,2.22862660165e-40,4.89490995716e-75
-7.39700374532,0.00156129557155,0.0473578322041,0.183583767482,0.312124591452,2.87670979848e-09,4.16014170648e-40,1.16122418227e-74
-7.3595505618,0.00147870218407,0.0470814922358,0.182782072971,0.311083196566,3.73973920746e-09,7.74826051059e-40,2.7486073986e-74
-7.32209737828,0.00139835318212,0.0468065550085,0.181982622845,0.310044046066,4.85078312612e-09,1.43987761383e-39,6.49134403232e-74
-7.28464419476,0.0013202485657,0.0465330205221,0.181185417105,0.309007139951,6.27780287463e-09,2.66975999457e-39,1.52961388795e-73
-7.24719101124,0.00124438833481,0.0462608887767,0.180390455751,0.307972478222,8.106413758e-09,4.93905813595e-39,3.59628652001e-73
-7.20973782772,0.00117077248944,0.0459901597722,0.179597738782,0.306940060879,1.04441989157e-08,9.1167769803e-39,8.43630024959e-73
-7.17228464419,0.00109940102961,0.0457208335087,0.178807266198,0.305909887921,1.34260041863e-08,1.67905065919e-38,1.97458142171e-72
-7.13483146067,0.00103027395531,0.0454529099861,0.178019038,0.304881959349,1.72204183395e-08,3.08540048836e-38,4.61129961325e-72
-7.09737827715,0.000963391266535,0.0451863892045,0.177233054188,0.303856275162,2.20376810271e-08,5.65697896724e-38,1.07447647403e-71
-7.05992509363,0.00089875296329,0.0449212711639,0.176449314761,0.30283283536,2.81393048001e-08,1.03486300051e-37,2.49801911183e-71
-7.02247191011,0.000836359045575,0.0446575558642,0.17566781972,0.301811639944,3.58497482588e-08,1.88888897386e-37,5.79455218364e-71
-6.98501872659,0.000776209513389,0.0443952433054,0.174888569064,0.300792688914,4.55705355765e-08,3.43997494039e-37,1.34112505353e-70
-6.94756554307,0.000718304366733,0.0441343334876,0.174111562794,0.299775982269,5.77972840368e-08,6.25071074162e-37,3.09701956315e-70
-6.91011235955,0.000662643605605,0.0438748264108,0.173336800909,0.29876152001,7.31401766258e-08,1.13325801883e-36,7.13582018116e-70
-6.87265917603,0.000609227230007,0.0436167220749,0.17256428341,0.297749302136,9.23485018615e-08,2.04999817943e-36,1.64047313301e-69
-6.83520599251,0.000558055239939,0.04336002048,0.171794010296,0.296739328648,1.16339978663e-07,3.7000144973e-36,3.7628735339e-69
-6.79775280899,0.0005091276354,0.0431047216261,0.171025981568,0.295731599546,1.46235690782e-07,6.66313560334e-36,8.61182901498e-69
-6.76029962547,0.00046244441639,0.0428508255131,0.170260197225,0.294726114828,1.8340157369e-07,1.19723430839e-35,1.96651131799e-68
-6.72284644195,0.000418005582909,0.042598332141,0.169496657268,0.293722874497,2.29497527222e-07,2.1463716888e-35,4.48046178885e-68
-6.68539325843,0.000375811134958,0.0423472415099,0.168735361697,0.292721878551,2.86535369893e-07,3.83933479301e-35,1.01853130355e-67
-6.64794007491,0.000335861072536,0.0420975536198,0.167976310511,0.29172312699,3.5694700557e-07,6.852236023e-35,2.31020894037e-67
-6.61048689139,0.000298155395643,0.0418492684706,0.16721950371,0.290726619815,4.43664339661e-07,1.22020814191e-34,5.22821471407e-67
-6.57303370787,0.00026269410428,0.0416023860624,0.166464941295,0.289732357026,5.50212659446e-07,2.16800759409e-34,1.18054037733e-66
-6.53558052434,0.000229477198446,0.0413569063951,0.165712623266,0.288740338622,6.80819380274e-07,3.84337672211e-34,2.65970550325e-66
-6.49812734082,0.000198504678141,0.0411128294688,0.164962549622,0.287750564603,8.40540254292e-07,6.79814443618e-34,5.97876569496e-66
-6.4606741573,0.000169776543366,0.0408701552834,0.164214720364,0.28676303497,1.03540533872e-06,1.19975645543e-33,1.34095681492e-65
-6.42322097378,0.00014329279412,0.040628883839,0.163469135491,0.285777749723,1.27258722315e-06,2.11261850207e-33,3.00084335237e-65
-6.38576779026,0.000119053430403,0.0403890151356,0.162725795003,0.284794708861,1.56059421599e-06,3.71171257546e-33,6.70034453067e-65
-6.34831460674,9.70584522156e-05,0.0401505491731,0.161984698902,0.283813912385,1.90949138402e-06,6.50658149048e-33,1.49271267207e-64
-6.31086142322,7.73078595576e-05,0.0399134859515,0.161245847185,0.282835360294,2.33115252002e-06,1.13803779166e-32,3.31803207892e-64
-6.2734082397,5.98016524288e-05,0.039677825471,0.160509239855,0.281859052589,2.83954627502e-06,1.98602984621e-32,7.3588545161e-64
-6.23595505618,4.45398308294e-05,0.0394435677313,0.159774876909,0.280884989269,3.45105982525e-06,3.4581205855e-32,1.62841513184e-63
-6.19850187266,3.15223947594e-05,0.0392107127327,0.15904275835,0.279913170335,4.18486354034e-06,6.00785954912e-32,3.59538429795e-63
-6.16104868914,2.07493442186e-05,0.038979260475,0.158312884176,0.278943595786,5.06332016899e-06,1.04141705345e-31,7.92046686056e-63
-6.12359550562,1.22206792072e-05,0.0387492109582,0.157585254387,0.277976265623,6.11244204833e-06,1.80117070441e-31,1.74093084814e-62
-6.0861423221,5.93639972506e-06,0.0385205641824,0.156859868984,0.277011179845,7.36239976256e-06,3.10820990432e-31,3.81801417161e-62
-6.04868913858,1.89650577228e-06,0.0382933201476,0.156136727966,0.276048338453,8.8480855107e-06,5.3516916311e-31,8.35446852377e-62
-6.01123595506,1.0099734882e-07,0.0380674788537,0.155415831334,0.275087741447,1.06097341787e-05,9.19384331161e-31,1.82400235164e-61
-5.97378277154,5.49874454684e-07,0.0378430403007,0.154697179088,0.274129388826,1.26936047324e-05,1.57589903827e-30,3.97335378842e-61
-5.93632958801,3.24313708987e-06,0.0376200044888,0.153980771227,0.27317328059,1.51527240417e-05,2.69516252169e-30,8.63603422444e-61
-5.89887640449,8.18078525439e-06,0.0373983714178,0.153266607752,0.27221941674,1.80476945933e-05,4.59903593401e-30,1.87282306277e-60
-5.86142322097,1.53628189482e-05,0.0371781410877,0.152554688662,0.271267797276,2.14475667447e-05,7.83021925065e-30,4.05232639712e-60
-5.82397003745,2.47892381714e-05,0.0369593134986,0.151845013957,0.270318422197,2.5430775187e-05,1.3301674565e-29,8.74857590361e-60
-5.78651685393,3.64600429239e-05,0.0367418886504,0.151137583638,0.269371291504,3.00861381254e-05,2.25457137976e-29,1.88449758597e-59
-5.74906367041,5.03752332057e-05,0.0365258665432,0.150432397705,0.268426405196,3.55139163279e-05,3.8128255628e-29,4.05022437039e-59
-5.71161048689,6.65348090168e-05,0.036311247177,0.149729456157,0.267483763273,4.1826927638e-05,6.43361635123e-29,8.68536062088e-59
-5.67415730337,8.49387703573e-05,0.0360980305517,0.149028758995,0.266543365737,4.91517107916e-05,1.08315013482e-28,1.8583260028e-58
-5.63670411985,0.000105587117227,0.0358862166674,0.148330306218,0.265605212585,5.76297304149e-05,1.81948061299e-28,3.96717380925e-58
-5.59925093633,0.000128479849626,0.035675805524,0.147634097827,0.26466930382,6.74186129334e-05,3.04951997559e-28,8.45017743336e-58
-5.56179775281,0.000153616967555,0.0354667971216,0.146940133821,0.263735639439,7.86934007798e-05,5.09965514058e-28,1.79587334265e-57
-5.52434456929,0.000180998471012,0.0352591914601,0.146248414201,0.262804219445,9.1647809793e-05,8.50893899342e-28,3.80812201913e-57
-5.48689138577,0.000210624359999,0.0350529885396,0.145558938967,0.261875043836,0.000106495472062,1.41656102076e-27,8.0569613966e-57
-5.44943820225,0.000242494634516,0.0348481883601,0.144871708118,0.260948112612,0.000123471143733,2.35299194414e-27,1.70081464159e-56
-5.41198501873,0.000276609294562,0.0346447909215,0.144186721654,0.260023425774,0.000142831854483,3.8996970426e-27,3.58234958716e-56
-5.37453183521,0.000312968340137,0.0344427962238,0.143503979576,0.259100983321,0.000164857972576,6.44861684939e-27,7.52842657693e-56
-5.33707865169,0.000351571771241,0.0342422042671,0.142823481884,0.258180785254,0.000189854156636,1.06396552008e-26,1.57857692244e-55
-5.29962546816,0.000392419587875,0.0340430150514,0.142145228577,0.257262831573,0.00021815016262,1.75151479474e-26,3.30257398463e-55
-5.26217228464,0.000435511790038,0.0338452285766,0.141469219655,0.256347122277,0.000250101472061,2.87690381338e-26,6.89389456912e-55
-5.22471910112,0.00048084837773,0.0336488448428,0.140795455119,0.255433657366,0.000286089705422,4.71478778248e-26,1.4358266002e-54
-5.1872659176,0.000528429350952,0.03345386385,0.140123934969,0.254522436842,0.000326522782633,7.70946485171e-26,2.98376508802e-54
-5.14981273408,0.000578254709703,0.0332602855981,0.139454659204,0.253613460702,0.000371834791511,1.25780000422e-25,6.18660712139e-54
-5.11235955056,0.000630324453983,0.0330681100871,0.138787627825,0.252706728948,0.000422485523965,2.04750149089e-25,1.27986959498e-53
-5.07490636704,0.000684638583793,0.0328773373171,0.138122840831,0.25180224158,0.000478959639763,3.32553970352e-25,2.64182583226e-53
-5.03745318352,0.000741197099132,0.0326879672881,0.137460298223,0.250899998597,0.000541765418228,5.3892126875e-25,5.44086460581e-53
-5,0.0008,0.0325,0.1368,0.25,0.000611433059675,8.7139243565e-25,1.11803894259e-52
-4.96254681648,0.000861047286398,0.0323134354529,0.136141946163,0.249102245788,0.000688512500807,1.40581289759e-24,2.29229875525e-52
-4.92509363296,0.000924338958325,0.0321282736467,0.135486136711,0.248206735962,0.000773570711609,2.26290612002e-24,4.68932984768e-52
-4.88764044944,0.000989875015781,0.0319445145815,0.134832571645,0.247313470521,0.000867188445777,3.6343841207e-24,9.57140341837e-52
-4.85018726592,0.00105765545877,0.0317621582572,0.134181250964,0.246422449466,0.000969956422192,5.82398692573e-24,1.949241892e-51
-4.8127340824,0.00112768028728,0.0315812046739,0.133532174669,0.245533672797,0.00108247092165,9.31183414721e-24,3.96078371044e-51
-4.77528089888,0.00119994950133,0.0314016538316,0.13288534276,0.244647140513,0.00120532879081,1.48550921e-23,8.03011553317e-51
-4.73782771536,0.0012744631009,0.0312235057302,0.132240755236,0.243762852614,0.00133912185426,2.36450774578e-23,1.62438038285e-50
-4.70037453184,0.001351221086,0.0310467603698,0.131598412097,0.242880809101,0.00148443074534,3.75518561926e-23,3.27852843e-50
-4.66292134831,0.00143022345663,0.0308714177503,0.130958313344,0.242001009973,0.0016418181775,5.95041633048e-23,6.60230294302e-50
-4.62546816479,0.0015114702128,0.0306974778718,0.130320458977,0.241123455232,0.00181182168926,9.40781075055e-23,1.32659152159e-49
-4.58801498127,0.00159496135449,0.0305249407342,0.129684848995,0.240248144875,0.00199494590863,1.48407232958e-22,2.65952613594e-49
-4.55056179775,0.00168069688171,0.0303538063376,0.129051483399,0.239375078904,0.00219165439509,2.33586015645e-22,5.31981566091e-49
-4.51310861423,0.00176867679446,0.0301840746819,0.128420362188,0.238504257319,0.00240236113103,3.66829188976e-22,1.06173022384e-48
-4.47565543071,0.00185890109274,0.0300157457672,0.127791485362,0.237635680119,0.00262742174681,5.74786035283e-22,2.11425347436e-48
-4.43820224719,0.00195136977654,0.0298488195935,0.127164852923,0.236769347305,0.00286712457713,8.98615295423e-22,4.20073418684e-48
-4.40074906367,0.00204608284588,0.0296832961607,0.126540464868,0.235905258876,0.00312168165812,1.40173746314e-21,8.32757639025e-48
-4.36329588015,0.00214304030075,0.0295191754689,0.1259183212,0.235043414833,0.00339121978628,2.18164875394e-21,1.64716583237e-47
-4.32584269663,0.00224224214114,0.029356457518,0.125298421916,0.234183815175,0.00367577177029,3.3878818476e-21,3.25073300365e-47
-4.28838951311,0.00234368836707,0.0291951423081,0.124680767019,0.233326459903,0.00397526801548,5.24924637753e-21,6.40104015768e-47
-4.25093632959,0.00244737897852,0.0290352298391,0.124065356507,0.232471349016,0.00428952858757,8.11504503381e-21,1.2576073845e-46
-4.21348314607,0.00255331397551,0.0288767201111,0.12345219038,0.231618482515,0.00461825590681,1.25172863393e-20,2.46527221839e-46
-4.17602996255,0.00266149335802,0.028719613124,0.122841268639,0.230767860399,0.00496102822587,1.92643657724e-20,4.82180852111e-46
-4.13857677903,0.00277191712606,0.0285639088779,0.122232591283,0.229919482669,0.00531729404456,2.95817947816e-20,9.40979829999e-46
-4.10112359551,0.00288458527964,0.0284096073728,0.121626158313,0.229073349325,0.0056863676107,4.53230992651e-20,1.83221293315e-45
-4.06367041199,0.00299949781874,0.0282567086086,0.121021969729,0.228229460366,0.00606742565063,6.92851171695e-20,3.55956436328e-45
-4.02621722846,0.00311665474337,0.0281052125854,0.12042002553,0.227387815792,0.00645950546271,1.05678243774e-19,6.89990373536e-45
-3.98876404494,0.00323605605353,0.0279551193031,0.119820325716,0.226548415604,0.00686150449508,1.60826086695e-19,1.33448743484e-44
-3.95131086142,0.00335770174922,0.0278064287618,0.119222870289,0.225711259802,0.00727218151268,2.44203946208e-19,2.57520153152e-44
-3.9138576779,0.00348159183044,0.0276591409614,0.118627659246,0.224876348385,0.00769015944008,3.69976497282e-19,4.95830491705e-44
-3.87640449438,0.00360772629718,0.027513255902,0.118034692589,0.224043681353,0.00811392994483,5.59269159304e-19,9.52534063152e-44
-3.83895131086,0.00373610514946,0.0273687735836,0.117443970318,0.223213258708,0.00854185980204,8.43515138551e-19,1.82579946508e-43
-3.80149812734,0.00386672838727,0.0272256940061,0.116855492432,0.222385080447,0.00897219905446,1.26937566221e-18,3.49181246932e-43
-3.76404494382,0.0039995960106,0.0270840171695,0.116269258932,0.221559146572,0.00940309095439,1.90595537947e-18,6.6630645908e-43
-3.7265917603,0.00413470801947,0.026943743074,0.115685269817,0.220735457083,0.00983258364416,2.85535799696e-18,1.26859329247e-42
-3.68913857678,0.00427206441386,0.0268048717193,0.115103525088,0.219914011979,0.0102586435018,4.26809109328e-18,2.40988364363e-42
-3.65168539326,0.00441166519379,0.0266674031057,0.114524024744,0.219094811261,0.0106791700482,6.36549335304e-18,4.56767308285e-42
-3.61423220974,0.00455351035924,0.026531337233,0.113946768786,0.218277854929,0.0110920122829,9.47230631432e-18,8.63811989825e-42
-3.57677902622,0.00469759991022,0.0263966741012,0.113371757214,0.217463142981,0.0114949862844,1.40638645266e-17,1.62992911806e-41
-3.5393258427,0.00484393384674,0.0262634137104,0.112798990027,0.21665067542,0.0118858938879,2.08342989051e-17,3.06862263778e-41
-3.50187265918,0.00499251216878,0.0261315560605,0.112228467225,0.215840452244,0.0122625422246,3.07948705369e-17,5.76425953447e-41
-3.46441947566,0.00514333487635,0.0260011011517,0.111660188809,0.215032473453,0.0126227638869,4.54154007107e-17,1.08036086608e-40
-3.42696629213,0.00529640196945,0.0258720489837,0.111094154778,0.214226739048,0.0129644374662,6.68271890757e-17,2.02031662608e-40
-3.38951310861,0.00545171344808,0.0257443995567,0.110530365133,0.213423249029,0.0132855081937,9.81134423199e-17,3.76960033278e-40
-3.35205992509,0.00560926931224,0.0256181528707,0.109968819874,0.212622003395,0.0135840084064,1.43723938008e-16,7.01772671895e-40
-3.31460674157,0.00576906956192,0.0254933089256,0.109409519,0.211823002146,0.0138580775554,2.10065619441e-16,1.30353552938e-39
-3.27715355805,0.00593111419714,0.0253698677215,0.108852462512,0.211026245283,0.0141059814721,3.06341705302e-16,2.41587561029e-39
-3.23970037453,0.00609540321789,0.0252478292584,0.108297650409,0.210231732806,0.0143261306146,4.45740963903e-16,4.46736607249e-39
-3.20224719101,0.00626193662416,0.0251271935362,0.107745082692,0.209439464714,0.0145170970262,6.47119140999e-16,8.2424019512e-39
-3.16479400749,0.00643071441597,0.0250079605549,0.10719475936,0.208649441008,0.0146776297529,9.37370366152e-16,1.51733443287e-38
-3.12734082397,0.0066017365933,0.0248901303146,0.106646680414,0.207861661687,0.0148066684871,1.35476344338e-15,2.7869816733e-38
-3.08988764045,0.00677500315617,0.0247737028153,0.106100845853,0.207076126752,0.0149033552293,1.95362405681e-15,5.10754484075e-38
-3.05243445693,0.00695051410456,0.0246586780569,0.105557255678,0.206292836202,0.0149670437896,2.81088964447e-15,9.33932608409e-38
-3.01498127341,0.00712826943848,0.0245450560395,0.105015909888,0.205511790038,0.0149973069791,4.03526325097e-15,1.70390024702e-37
-2.97752808989,0.00730826915793,0.024432836763,0.104476808484,0.204732988259,0.014993941383,5.77996521624e-15,3.10168770398e-37
-2.94007490637,0.00749051326292,0.0243220202275,0.103939951465,0.203956430866,0.0149569696365,8.26045278346e-15,5.6334863535e-37
-2.90262172285,0.00767500175343,0.024212606433,0.103405338832,0.203182117858,0.0148866401724,1.17789819739e-14,1.02089646643e-36
-2.86516853933,0.00786173462947,0.0241045953794,0.102872970585,0.202410049236,0.0147834244401,1.67585691965e-14,1.84591385854e-36
-2.82771535581,0.00805071189104,0.0239979870667,0.102342846722,0.201640225,0.0146480116427,2.37898329492e-14,3.33017024333e-36
-2.79026217228,0.00824193353813,0.023892781495,0.101814967246,0.200872645149,0.0144813010726,3.36954393722e-14,5.99441376837e-36
-2.75280898876,0.00843539957076,0.0237889786643,0.101289332155,0.200107309683,0.0142843921661,4.76185460411e-14,1.07659479078e-35
-2.71535580524,0.00863110998892,0.0236865785745,0.10076594145,0.199344218603,0.014058572429,6.71438768464e-14,1.92922600271e-35
-2.67790262172,0.0088290647926,0.0235855812257,0.10024479513,0.198583371909,0.0138053034213,9.44630517826e-14,3.44936550025e-35
-2.6404494382,0.00902926398182,0.0234859866179,0.0997258931953,0.1978247696,0.0135262050119,1.32599780858e-13,6.15347725388e-35
-2.60299625468,0.00923170755657,0.0233877947509,0.0992092356465,0.197068411676,0.0132230381417,1.857158269e-13,1.09528530151e-34
-2.56554307116,0.00943639551684,0.023291005625,0.0986948224831,0.196314298139,0.0128976863516,2.59525658777e-13,1.94517731145e-34
-2.52808988764,0.00964332786264,0.02319561924,0.0981826537053,0.195562428986,0.012552136345,3.61856987772e-13,3.44680255978e-34
-2.49063670412,0.00985250459398,0.023101635596,0.0976727293131,0.194812804219,0.0121884578658,5.034065951e-13,6.09395010479e-34
-2.4531835206,0.0100639257108,0.0230090546929,0.0971650493063,0.194065423838,0.0118087831742,6.98756907243e-13,1.07499552664e-33
-2.41573033708,0.0102775912132,0.0229178765307,0.0966596136851,0.193320287842,0.0114152864049,9.67739800365e-13,1.89208087435e-33
-2.37827715356,0.0104935011012,0.0228281011096,0.0961564224495,0.192577396232,0.0110101630828,1.33726157961e-12,3.32275262873e-33
-2.34082397004,0.0107116553746,0.0227397284294,0.0956554755993,0.191836749008,0.0105956100628,1.84373885235e-12,5.82212600636e-33
-2.30337078652,0.0109320540336,0.0226527584901,0.0951567731347,0.191098346168,0.0101738061448,2.53634147523e-12,1.01786566885e-32
-2.265917603,0.0111546970781,0.0225671912918,0.0946603150556,0.190362187715,0.00974689359526,3.48129891928e-12,1.77551607332e-32
-2.22846441948,0.0113795845081,0.0224830268344,0.0941661013621,0.189628273647,0.00931696078503,4.76760408032e-12,3.09018176682e-32
-2.19101123596,0.0116067163237,0.022400265118,0.093674132054,0.188896603964,0.00888602612761,6.51454856538e-12,5.36622303196e-32
-2.15355805243,0.0118360925248,0.0223189061426,0.0931844071315,0.188167178667,0.00845602347436,8.88165184423e-12,9.29776762651e-32
-2.11610486891,0.0120677131114,0.0222389499081,0.0926969265946,0.187439997756,0.00802878909454,1.2081710912e-11,1.6073628727e-31
-2.07865168539,0.0123015780836,0.0221603964146,0.0922116904431,0.18671506123,0.00760605033769,1.63979066733e-11,2.77251850268e-31
-2.04119850187,0.0125376874413,0.022083245662,0.0917286986772,0.185992369089,0.00718941604559,2.22061698142e-11,4.77155846333e-31
-2.00374531835,0.0127760411845,0.0220074976504,0.0912479512968,0.185271921334,0.00678036875108,3.00043469442e-11,8.19353515363e-31
-1.96629213483,0.0130166393132,0.0219331523798,0.090769448302,0.184553717965,0.00638025867173,4.04501350932e-11,1.40380785793e-30
-1.92883895131,0.0132594818275,0.02186020985,0.0902931896927,0.183837758981,0.00599029947869,5.44102911587e-11,2.39976819164e-30
-1.89138576779,0.0135045687273,0.0217886700613,0.0898191754689,0.183124044383,0.0056115657949,7.30242994236e-11,4.09313615913e-30
-1.85393258427,0.0137519000126,0.0217185330135,0.0893474056306,0.18241257417,0.0052449923535,9.77865275013e-11,6.96575774937e-30
-1.81647940075,0.0140014756835,0.0216497987067,0.0888778801779,0.181703348343,0.00489137472592,1.30651958695e-10,1.18278502534e-29
-1.77902621723,0.0142532957399,0.0215824671408,0.0884105991107,0.180996366901,0.004551371511,1.74171904793e-10,2.00386538819e-29
-1.74157303371,0.0145073601818,0.0215165383159,0.087945562429,0.180291629845,0.00422550786158,2.31667735571e-10,3.3873224946e-29
-1.70411985019,0.0147636690092,0.0214520122319,0.0874827701328,0.179589137174,0.00391418021248,3.07452679041e-10,5.71307366819e-29
-1.66666666667,0.0150222222222,0.0213888888889,0.0870222222222,0.178888888889,0.0036176620653,4.07114232594e-10,9.61409430681e-29
-1.62921348315,0.0152830198207,0.0213271682868,0.0865639186971,0.178190884989,0.00333611067956,5.37872777966e-10,1.61425524946e-28
-1.59176029963,0.0155460618048,0.0212668504257,0.0861078595576,0.177495125475,0.00306957451685,7.0903572893e-10,2.70434012911e-28
-1.5543071161,0.0158113481743,0.0212079353056,0.0856540448035,0.176801610347,0.00281800128498,9.32571096779e-10,4.52038779413e-28
-1.51685393258,0.0160788789294,0.0211504229264,0.085202474435,0.176110339604,0.00258124643153,1.22382989581e-09,7.53902789608e-28
-1.47940074906,0.0163486540701,0.0210943132882,0.0847531484521,0.175421313246,0.00235908194157,1.60245351645e-09,1.25452778026e-27
-1.44194756554,0.0166206735962,0.0210396063909,0.0843060668546,0.174734531274,0.00215120530124,2.09351028447e-09,2.08290993274e-27
-1.40449438202,0.0168949375079,0.0209863022346,0.0838612296427,0.174049993688,0.0019572484982,2.72891515214e-09,3.45053132933e-27
-1.3670411985,0.0171714458051,0.0209344008192,0.0834186368163,0.173367700487,0.00177678693984,3.54919811735e-09,5.70330680415e-27
-1.32958801498,0.0174501984878,0.0208839021448,0.0829782883755,0.172687651671,0.00160934818237,4.60570086886e-09,9.40573568257e-27
-1.29213483146,0.0177311955561,0.0208348062113,0.0825401843202,0.172009847242,0.00145442037561,5.96329767905e-09,1.54769037367e-26
-1.25468164794,0.0180144370099,0.0207871130188,0.0821043246504,0.171334287197,0.00131146034182,7.70375612847e-09,2.5409766159e-26
-1.21722846442,0.0182999228492,0.0207408225673,0.0816707093661,0.170660971538,0.00117990121945,9.9298763139e-09,4.16238771463e-26
-1.1797752809,0.0185876530741,0.0206959348567,0.0812393384674,0.169989900265,0.0010591596161,1.27705742794e-08,6.80314409236e-26
-1.14232209738,0.0188776276845,0.0206524498871,0.0808102119542,0.169321073377,0.000948642227612,1.63871070855e-08,1.10943556467e-25
-1.10486891386,0.0191698466804,0.0206103676584,0.0803833298265,0.168654490875,0.000847751892306,2.09806738073e-08,1.80517692614e-25
-1.06741573034,0.0194643100619,0.0205696881707,0.0799586920843,0.167990152758,0.000755893061102,2.68016695e-08,2.93064179817e-25
-1.02996254682,0.0197610178288,0.0205304114239,0.0795362987277,0.167328059027,0.000672476674777,3.41609184774e-08,4.74712842455e-25
-0.992509363296,0.0200599699813,0.0204925374181,0.0791161497566,0.166668209682,0.000596924449373,4.34432698795e-08,7.67228095515e-25
-0.955056179775,0.0203611665194,0.0204560661533,0.0786982451711,0.166010604722,0.000528672579444,5.51240031923e-08,1.23720962809e-24
-0.917602996255,0.0206646074429,0.0204209976294,0.078282584971,0.165355244147,0.000467174876343,6.97885649248e-08,1.99061540092e-24
-0.880149812734,0.020970292752,0.0203873318464,0.0778691691565,0.164702127958,0.000411905365231,8.81562407838e-08,3.19563157949e-24
-0.842696629213,0.0212782224467,0.0203550688044,0.0774579977276,0.164051256155,0.000362360369752,1.11108461152e-07,5.11860155708e-24
-0.805243445693,0.0215883965268,0.0203242085034,0.0770490706841,0.163402628737,0.000318060117592,1.39722542136e-07,8.18033747141e-24
-0.767790262172,0.0219008149925,0.0202947509433,0.0766423880262,0.162756245704,0.000278549903258,1.75311780444e-07,1.30441682564e-23
-0.730337078652,0.0222154778437,0.0202666961242,0.0762379497538,0.162112107057,0.000243400846619,2.19472948349e-07,2.07532844937e-23
-0.692883895131,0.0225323850804,0.0202400440461,0.075835755867,0.161470212796,0.000212210287032,2.7414237514e-07,3.29444728553e-23
-0.65543071161,0.0228515367027,0.0202147947089,0.0754358063656,0.16083056292,0.000184601853314,3.41661953836e-07,5.21799383618e-23
-0.61797752809,0.0231729327105,0.0201909481126,0.0750381012498,0.16019315743,0.000160225249526,4.24856576137e-07,8.24612353094e-23
-0.580524344569,0.0234965731038,0.0201685042573,0.0746426405196,0.159557996325,0.000138755795664,5.27124673898e-07,1.3002336067e-22
-0.543071161049,0.0238224578827,0.020147463143,0.0742494241748,0.158925079606,0.000119893760844,6.52543730753e-07,2.04558821567e-22
-0.505617977528,0.0241505870471,0.0201278247696,0.0738584522156,0.158294407272,0.000103363524721,8.05992821043e-07,3.2110000703e-22
-0.468164794007,0.024480960597,0.0201095891372,0.073469724642,0.157665979324,8.89126006296e-05,9.93294432699e-07,5.02907014057e-22
-0.430711610487,0.0248135785325,0.0200927562457,0.0730832414538,0.157039795761,7.63105514175e-05,1.22137803309e-06,7.85887436869e-22
-0.393258426966,0.0251484408534,0.0200773260952,0.0726990026512,0.156415856584,6.53478263088e-05,1.49846803819e-06,1.22534469655e-21
-0.355805243446,0.0254855475599,0.0200632986856,0.0723170082341,0.155794161792,5.58345443165e-05,1.83429904102e-06,1.90625712692e-21
-0.318352059925,0.025824898652,0.020050674017,0.0719372582025,0.155174711386,4.75992469378e-05,2.24036133964e-06,2.9588977738e-21
-0.280898876404,0.0261664941295,0.0200394520894,0.0715597525565,0.154557505365,4.04876400593e-05,2.73017997063e-06,4.58251312525e-21
-0.243445692884,0.0265103339926,0.0200296329027,0.071184491296,0.15394254373,3.43613422826e-05,3.31963059421e-06,7.08113297113e-21
-0.205992509363,0.0268564182412,0.020021216457,0.070811474421,0.153329826481,2.90966542662e-05,4.02729568181e-06,1.09175969621e-20
-0.168539325843,0.0272047468754,0.0200142027522,0.0704407019316,0.152719353617,2.45833612131e-05,4.8748645164e-06,1.67948698005e-20
-0.131086142322,0.0275553198951,0.0200085917884,0.0700721738277,0.152111125139,2.07235783312e-05,5.88758051935e-06,2.57781354205e-20
-0.0936329588015,0.0279081373003,0.0200043835655,0.0697058901093,0.151505141046,1.74306469791e-05,7.09473935184e-06,3.94776812403e-20
-0.0561797752809,0.028263199091,0.0200015780836,0.0693418507764,0.150901401338,1.46280872918e-05,8.53024109116e-06,6.0322182605e-20
-0.0187265917603,0.0286205052673,0.0200001753426,0.0689800558291,0.150299906016,1.22486113618e-05,1.02331995387e-05,9.19660923568e-20
0.0187265917603,0.0289800558291,0.0200001753426,0.0686205052673,0.14970065508,1.02331995387e-05,1.22486113618e-05,1.39895484315e-19
0.0561797752809,0.0293418507764,0.0200015780836,0.068263199091,0.149103648529,8.53024109116e-06,1.46280872918e-05,2.12326858582e-19
0.0936329588015,0.0297058901093,0.0200043835655,0.0679081373003,0.148508886364,7.09473935184e-06,1.74306469791e-05,3.21537364908e-19
0.131086142322,0.0300721738277,0.0200085917884,0.0675553198951,0.147916368584,5.88758051935e-06,2.07235783312e-05,4.85828779525e-19
0.168539325843,0.0304407019316,0.0200142027522,0.0672047468754,0.14732609519,4.8748645164e-06,2.45833612131e-05,7.32420182904e-19
0.205992509363,0.030811474421,0.020021216457,0.0668564182412,0.146738066181,4.02729568181e-06,2.90966542662e-05,1.10169821202e-18
0.243445692884,0.031184491296,0.0200296329027,0.0665103339926,0.146152281558,3.31963059421e-06,3.43613422826e-05,1.65344693549e-18
0.280898876404,0.0315597525565,0.0200394520894,0.0661664941295,0.145568741321,2.73017997063e-06,4.04876400593e-05,2.47595732055e-18
0.318352059925,0.0319372582025,0.020050674017,0.065824898652,0.144987445468,2.24036133964e-06,4.75992469378e-05,3.69931507856e-18
0.355805243446,0.0323170082341,0.0200632986856,0.0654855475599,0.144408394002,1.83429904102e-06,5.58345443165e-05,5.51473650828e-18
0.393258426966,0.0326990026512,0.0200773260952,0.0651484408534,0.143831586921,1.49846803819e-06,6.53478263088e-05,8.20263688909e-18
0.430711610487,0.0330832414538,0.0200927562457,0.0648135785325,0.143257024225,1.22137803309e-06,7.63105514175e-05,1.21732763862e-17
0.468164794007,0.033469724642,0.0201095891372,0.064480960597,0.142684705915,9.93294432699e-07,8.89126006296e-05,1.8025476496e-17
0.505617977528,0.0338584522156,0.0201278247696,0.0641505870471,0.142114631991,8.05992821043e-07,0.000103363524721,2.66312346441e-17
0.543071161049,0.0342494241748,0.020147463143,0.0638224578827,0.141546802452,6.52543730753e-07,0.000119893760844,3.92573630268e-17
0.580524344569,0.0346426405196,0.0201685042573,0.0634965731038,0.140981217299,5.27124673898e-07,0.000138755795664,5.77399259733e-17
0.61797752809,0.0350381012498,0.0201909481126,0.0631729327105,0.140417876531,4.24856576137e-07,0.000160225249526,8.47337831871e-17
0.65543071161,0.0354358063656,0.0202147947089,0.0628515367027,0.139856780148,3.41661953836e-07,0.000184601853314,1.24068704481e-16
0.692883895131,0.035835755867,0.0202400440461,0.0625323850804,0.139297928152,2.7414237514e-07,0.000212210287032,1.8125632623e-16
0.730337078652,0.0362379497538,0.0202666961242,0.0622154778437,0.13874132054,2.19472948349e-07,0.000243400846619,2.64210075392e-16
0.767790262172,0.0366423880262,0.0202947509433,0.0619008149925,0.138186957315,1.75311780444e-07,0.000278549903258,3.84265020342e-16
0.805243445693,0.0370490706841,0.0203242085034,0.0615883965268,0.137634838474,1.39722542136e-07,0.000318060117592,5.5761905438e-16
0.842696629213,0.0374579977276,0.0203550688044,0.0612782224467,0.13708496402,1.11108461152e-07,0.000362360369752,8.07364472243e-16
0.880149812734,0.0378691691565,0.0203873318464,0.060970292752,0.136537333951,8.81562407838e-08,0.000411905365231,1.16634475102e-15
0.917602996255,0.038282584971,0.0204209976294,0.0606646074429,0.135991948267,6.97885649248e-08,0.000467174876343,1.68116182481e-15
0.955056179775,0.0386982451711,0.0204560661533,0.0603611665194,0.135448806969,5.51240031923e-08,0.000528672579444,2.41778331287e-15
0.992509363296,0.0391161497566,0.0204925374181,0.0600599699813,0.134907910056,4.34432698795e-08,0.000596924449373,3.46936911311e-15
1.02996254682,0.0395362987277,0.0205304114239,0.0597610178288,0.134369257529,3.41609184774e-08,0.000672476674777,4.96716875997e-15
1.06741573034,0.0399586920843,0.0205696881707,0.0594643100619,0.133832849388,2.68016695e-08,0.000755893061102,7.09565675625e-15
1.10486891386,0.0403833298265,0.0206103676584,0.0591698466804,0.133298685632,2.09806738073e-08,0.000847751892306,1.01135018454e-14
1.14232209738,0.0408102119542,0.0206524498871,0.0588776276845,0.132766766261,1.63871070855e-08,0.000948642227612,1.4382546704e-14
1.1797752809,0.0412393384674,0.0206959348567,0.0585876530741,0.132237091276,1.27705742794e-08,0.0010591596161,2.0407758375e-14
1.21722846442,0.0416707093661,0.0207408225673,0.0582999228492,0.131709660677,9.9298763139e-09,0.00117990121945,2.8892165244e-14
1.25468164794,0.0421043246504,0.0207871130188,0.0580144370099,0.131184474463,7.70375612847e-09,0.00131146034182,4.08122137204e-14
1.29213483146,0.0425401843202,0.0208348062113,0.0577311955561,0.130661532635,5.96329767905e-09,0.00145442037561,5.75208758363e-14
1.32958801498,0.0429782883755,0.0208839021448,0.0574501984878,0.130140835192,4.60570086886e-09,0.00160934818237,8.08883737076e-14
1.3670411985,0.0434186368163,0.0209344008192,0.0571714458051,0.129622382135,3.54919811735e-09,0.00177678693984,1.13493762358e-13
1.40449438202,0.0438612296427,0.0209863022346,0.0568949375079,0.129106173463,2.72891515214e-09,0.0019572484982,1.58885095167e-13
1.44194756554,0.0443060668546,0.0210396063909,0.0566206735962,0.128592209177,2.09351028447e-09,0.00215120530124,2.21931832604e-13
1.47940074906,0.0447531484521,0.0210943132882,0.0563486540701,0.128080489276,1.60245351645e-09,0.00235908194157,3.09300994239e-13
1.51685393258,0.045202474435,0.0211504229264,0.0560788789294,0.127571013761,1.22382989581e-09,0.00258124643153,4.30098876853e-13
1.5543071161,0.0456540448035,0.0212079353056,0.0558113481743,0.127063782631,9.32571096779e-10,0.00281800128498,5.96733716068e-13
1.59176029963,0.0461078595576,0.0212668504257,0.0555460618048,0.126558795887,7.0903572893e-10,0.00306957451685,8.26072415976e-13
1.62921348315,0.0465639186971,0.0213271682868,0.0552830198207,0.126056053529,5.37872777966e-10,0.00333611067956,1.14098764094e-12
1.66666666667,0.0470222222222,0.0213888888889,0.0550222222222,0.125555555556,4.07114232594e-10,0.0036176620653,1.57242172539e-12
1.70411985019,0.0474827701328,0.0214520122319,0.0547636690092,0.125057301968,3.07452679041e-10,0.00391418021248,2.16213300725e-12
1.74157303371,0.047945562429,0.0215165383159,0.0545073601818,0.124561292766,2.31667735571e-10,0.00422550786158,2.96634085794e-12
1.77902621723,0.0484105991107,0.0215824671408,0.0542532957399,0.12406752795,1.74171904793e-10,0.004551371511,4.06055106389e-12
1.81647940075,0.0488778801779,0.0216497987067,0.0540014756835,0.123576007519,1.30651958695e-10,0.00489137472592,5.54592733265e-12
1.85393258427,0.0493474056306,0.0217185330135,0.0537519000126,0.123086731473,9.77865275013e-11,0.0052449923535,7.557682601e-12
1.89138576779,0.0498191754689,0.0217886700613,0.0535045687273,0.122599699813,7.30242994236e-11,0.0056115657949,1.02761018219e-11
1.92883895131,0.0502931896927,0.02186020985,0.0532594818275,0.122114912539,5.44102911587e-11,0.00599029947869,1.39409838643e-11
1.96629213483,0.050769448302,0.0219331523798,0.0530166393132,0.12163236965,4.04501350932e-11,0.00638025867173,1.88705138346e-11
2.00374531835,0.0512479512968,0.0220074976504,0.0527760411845,0.121152071147,3.00043469442e-11,0.00678036875108,2.54858605877e-11
2.04119850187,0.0517286986772,0.022083245662,0.0525376874413,0.120674017029,2.22061698142e-11,0.00718941604559,3.43431523163e-11
2.07865168539,0.0522116904431,0.0221603964146,0.0523015780836,0.120198207297,1.63979066733e-11,0.00760605033769,4.61749341408e-11
2.11610486891,0.0526969265946,0.0222389499081,0.0520677131114,0.11972464195,1.2081710912e-11,0.00802878909454,6.19437778997e-11
2.15355805243,0.0531844071315,0.0223189061426,0.0518360925248,0.119253320989,8.88165184423e-12,0.00845602347436,8.29114230552e-11
2.19101123596,0.053674132054,0.022400265118,0.0516067163237,0.118784244414,6.51454856538e-12,0.00888602612761,1.10727711772e-10
2.22846441948,0.0541661013621,0.0224830268344,0.0513795845081,0.118317412223,4.76760408032e-12,0.00931696078503,1.47544680679e-10
2.265917603,0.0546603150556,0.0225671912918,0.0511546970781,0.117852824419,3.48129891928e-12,0.00974689359526,1.96162534539e-10
2.30337078652,0.0551567731347,0.0226527584901,0.0509320540336,0.117390481,2.53634147523e-12,0.0101738061448,2.60215910546e-10
2.34082397004,0.0556554755993,0.0227397284294,0.0507116553746,0.116930381966,1.84373885235e-12,0.0105956100628,3.44410914773e-10
2.37827715356,0.0561564224495,0.0228281011096,0.0504935011012,0.116472527318,1.33726157961e-12,0.0110101630828,4.54825955903e-10
2.41573033708,0.0566596136851,0.0229178765307,0.0502775912132,0.116016917056,9.67739800365e-13,0.0114152864049,5.99292512012e-10
2.4531835206,0.0571650493063,0.0230090546929,0.0500639257108,0.115563551179,6.98756907243e-13,0.0118087831742,7.87875757165e-10
2.49063670412,0.0576727293131,0.023101635596,0.049852504594,0.115112429688,5.034065951e-13,0.0121884578658,1.03347957848e-09
2.52808988764,0.0581826537053,0.02319561924,0.0496433278626,0.114663552582,3.61856987772e-13,0.012552136345,1.3526060856e-09
2.56554307116,0.0586948224831,0.023291005625,0.0494363955168,0.114216919861,2.59525658777e-13,0.0128976863516,1.76630643215e-09
2.60299625468,0.0592092356465,0.0233877947509,0.0492317075566,0.113772531527,1.85715826899e-13,0.0132230381417,2.30136783878e-09
2.6404494382,0.0597258931953,0.0234859866179,0.0490292639818,0.113330387577,1.32599780858e-13,0.0135262050119,2.99179136597e-09
2.67790262172,0.0602447951297,0.0235855812257,0.0488290647926,0.112890488014,9.44630517826e-14,0.0138053034213,3.8806265009e-09
2.71535580524,0.0607659414496,0.0236865785745,0.0486311099889,0.112452832835,6.71438768464e-14,0.014058572429,5.02224229971e-09
2.75280898876,0.061289332155,0.0237889786643,0.0484353995708,0.112017422043,4.76185460411e-14,0.0142843921661,6.4851310064e-09
2.79026217228,0.061814967246,0.023892781495,0.0482419335381,0.111584255636,3.36954393722e-14,0.0144813010726,8.35535913258e-09
2.82771535581,0.0623428467225,0.0239979870667,0.048050711891,0.111153333614,2.37898329492e-14,0.0146480116427,1.0740803349e-08
2.86516853933,0.0628729705845,0.0241045953794,0.0478617346295,0.110724655978,1.67585691965e-14,0.0147834244401,1.37763346716e-08
2.90262172285,0.0634053388321,0.024212606433,0.0476750017534,0.110298222727,1.17789819739e-14,0.0148866401724,1.76301448217e-08
2.94007490637,0.0639399514652,0.0243220202275,0.0474905132629,0.109874033862,8.26045278346e-15,0.0149569696365,2.25114438401e-08
2.97752808989,0.0644768084838,0.024432836763,0.0473082691579,0.109452089383,5.77996521624e-15,0.014993941383,2.86797986071e-08
3.01498127341,0.0650159098879,0.0245450560395,0.0471282694385,0.109032389289,4.03526325097e-15,0.0149973069791,3.64564284612e-08
3.05243445693,0.0655572556776,0.0246586780569,0.0469505141046,0.10861493358,2.81088964447e-15,0.0149670437896,4.62378272295e-08
3.08988764045,0.0661008458528,0.0247737028153,0.0467750031562,0.108199722257,1.95362405681e-15,0.0149033552293,5.85121413006e-08
3.12734082397,0.0666466804135,0.0248901303146,0.0466017365933,0.10778675532,1.35476344338e-15,0.0148066684871,7.38788014892e-08
3.16479400749,0.0671947593598,0.0250079605549,0.046430714416,0.107376032768,9.37370366152e-16,0.0146776297529,9.30719829306e-08
3.20224719101,0.0677450826916,0.0251271935362,0.0462619366242,0.106967554602,6.47119140999e-16,0.0145170970262,1.16988552626e-07
3.23970037453,0.0682976504089,0.0252478292584,0.0460954032179,0.106561320821,4.45740963903e-16,0.0143261306146,1.46721258952e-07
3.27715355805,0.0688524625117,0.0253698677215,0.0459311141971,0.106157331426,3.06341705302e-16,0.0141059814721,1.83598021777e-07
3.31460674157,0.0694095190001,0.0254933089256,0.0457690695619,0.105755586416,2.10065619441e-16,0.0138580775554,2.29228295915e-07
3.35205992509,0.069968819874,0.0256181528707,0.0456092693122,0.105356085792,1.43723938008e-16,0.0135840084064,2.85557604456e-07
3.38951310861,0.0705303651335,0.0257443995567,0.0454517134481,0.104958829553,9.81134423199e-17,0.0132855081937,3.54931471729e-07
3.42696629213,0.0710941547784,0.0258720489837,0.0452964019694,0.1045638177,6.68271890757e-17,0.0129644374662,4.40170127557e-07
3.46441947566,0.0716601888089,0.0260011011517,0.0451433348763,0.104171050232,4.54154007107e-17,0.0126227638869,5.44655504219e-07
3.50187265918,0.072228467225,0.0261315560605,0.0449925121688,0.10378052715,3.07948705369e-17,0.0122625422246,6.72432203434e-07
3.5393258427,0.0727989900265,0.0262634137104,0.0448439338467,0.103392248453,2.08342989051e-17,0.0118858938879,8.28324270975e-07
3.57677902622,0.0733717572136,0.0263966741012,0.0446975999102,0.103006214142,1.40638645266e-17,0.0114949862844,1.01806977852e-06
3.61423220974,0.0739467687862,0.026531337233,0.0445535103592,0.102622424217,9.47230631432e-18,0.0110920122829,1.2484753728e-06
3.65168539326,0.0745240247444,0.0266674031057,0.0444116651938,0.102240878677,6.36549335304e-18,0.0106791700482,1.52759310722e-06
3.68913857678,0.075103525088,0.0268048717193,0.0442720644139,0.101861577522,4.26809109328e-18,0.0102586435018,1.86492201601e-06
3.7265917603,0.0756852698172,0.026943743074,0.0441347080195,0.101484520754,2.85535799696e-18,0.00983258364416,2.27163702002e-06
3.76404494382,0.076269258932,0.0270840171695,0.0439995960106,0.10110970837,1.90595537947e-18,0.00940309095439,2.7608478602e-06
3.80149812734,0.0768554924322,0.0272256940061,0.0438667283873,0.100737140372,1.26937566221e-18,0.00897219905446,3.34789083227e-06
3.83895131086,0.077443970318,0.0273687735836,0.0437361051495,0.10036681676,8.4351513855e-19,0.00854185980204,4.05065613519e-06
3.87640449438,0.0780346925893,0.027513255902,0.0436077262972,0.0999987375331,5.59269159304e-19,0.00811392994483,4.88995363867e-06
3.9138576779,0.0786276592462,0.0276591409614,0.0434815918304,0.0996329026919,3.69976497282e-19,0.00769015944008,5.88991981005e-06
3.95131086142,0.0792228702885,0.0278064287618,0.0433577017492,0.0992693122361,2.44203946208e-19,0.00727218151268,7.07846840856e-06
3.98876404494,0.0798203257164,0.0279551193031,0.0432360560535,0.0989079661659,1.60826086695e-19,0.00686150449508,8.48778734295e-06
4.02621722846,0.0804200255299,0.0281052125854,0.0431166547434,0.0985488644812,1.05678243774e-19,0.00645950546271,1.0154883786e-05
4.06367041199,0.0810219697289,0.0282567086086,0.0429994978187,0.098192007182,6.92851171695e-20,0.00606742565063,1.21221792333e-05
4.10112359551,0.0816261583133,0.0284096073728,0.0428845852796,0.0978373942684,4.53230992651e-20,0.0056863676107,1.44381556746e-05
4.13857677903,0.0822325912834,0.0285639088779,0.0427719171261,0.0974850257403,2.95817947816e-20,0.00531729404456,1.71580533957e-05
4.17602996255,0.0828412686389,0.028719613124,0.042661493358,0.0971349015977,1.92643657724e-20,0.00496102822587,2.03446201496e-05
4.21348314607,0.08345219038,0.0288767201111,0.0425533139755,0.0967870218407,1.25172863393e-20,0.00461825590681,2.40689105003e-05
4.25093632959,0.0840653565066,0.0290352298391,0.0424473789785,0.0964413864692,8.11504503381e-21,0.00428952858757,2.84111330623e-05
4.28838951311,0.0846807670188,0.0291951423081,0.0423436883671,0.0960979954832,5.24924637753e-21,0.00397526801548,3.34615421104e-05
4.32584269663,0.0852984219164,0.029356457518,0.0422422421411,0.0957568488827,3.3878818476e-21,0.00367577177029,3.93213686333e-05
4.36329588015,0.0859183211996,0.0295191754689,0.0421430403007,0.0954179466678,2.18164875394e-21,0.00339121978628,4.61037843319e-05
4.40074906367,0.0865404648684,0.0296832961607,0.0420460828459,0.0950812888384,1.40173746314e-21,0.00312168165812,5.39348903467e-05
4.43820224719,0.0871648529226,0.0298488195935,0.0419513697765,0.0947468753945,8.98615295423e-22,0.00286712457713,6.29547206239e-05
4.47565543071,0.0877914853624,0.0300157457672,0.0418589010927,0.0944147063362,5.74786035283e-22,0.00262742174681,7.33182478344e-05
4.51310861423,0.0884203621877,0.0301840746819,0.0417686767945,0.0940847816634,3.66829188976e-22,0.00240236113103,8.51963776499e-05
4.55056179775,0.0890514833986,0.0303538063376,0.0416806968817,0.0937571013761,2.33586015645e-22,0.00219165439509,9.87769149863e-05
4.58801498127,0.0896848489949,0.0305249407342,0.0415949613545,0.0934316654743,1.48407232958e-22,0.00199494590863,0.000114265483586
4.62546816479,0.0903204589768,0.0306974778718,0.0415114702128,0.0931084739581,9.40781075055e-23,0.00181182168926,0.000131886378061
4.66292134831,0.0909583133443,0.0308714177503,0.0414302234566,0.0927875268274,5.95041633048e-23,0.0016418181775,0.000151883325309
4.70037453184,0.0915984120972,0.0310467603698,0.041351221086,0.0924688240823,3.75518561926e-23,0.00148443074534,0.000174520130096
4.73782771536,0.0922407552357,0.0312235057302,0.0412744631009,0.0921523657226,2.36450774578e-23,0.00133912185426,0.000200081177649
4.77528089888,0.0928853427598,0.0314016538316,0.0411999495013,0.0918381517485,1.48550921e-23,0.00120532879081,0.000228871764337
4.8127340824,0.0935321746693,0.0315812046739,0.0411276802873,0.0915261821599,9.31183414721e-24,0.00108247092165,0.000261218226107
4.85018726592,0.0941812509644,0.0317621582572,0.0410576554588,0.0912164569569,5.82398692573e-24,0.000969956422192,0.000297467833209
4.88764044944,0.094832571645,0.0319445145815,0.0409898750158,0.0909089761394,3.6343841207e-24,0.000867188445777,0.000337988419172
4.92509363296,0.0954861367111,0.0321282736467,0.0409243389583,0.0906037397074,2.26290612002e-24,0.000773570711609,0.000383167711811
4.96254681648,0.0961419461628,0.0323134354529,0.0408610472864,0.0903007476609,1.40581289759e-24,0.000688512500807,0.000433412334582
5,0.0968,0.0325,0.0408,0.09,8.7139243565e-25,0.000611433059675,0.00048914644774
5.03745318352,0.0974602982227,0.0326879672881,0.0407411970991,0.0897014967246,5.3892126875e-25,0.000541765418228,0.000550810000645
5.07490636704,0.098122840831,0.0328773373171,0.0406846385838,0.0894052378347,3.32553970352e-25,0.000478959639763,0.000618856569287
5.11235955056,0.0987876278248,0.0330681100871,0.040630324454,0.0891112233304,2.04750149089e-25,0.000422485523965,0.000693750756622
5.14981273408,0.0994546592041,0.0332602855981,0.0405782547097,0.0888194532116,1.25780000422e-25,0.000371834791511,0.000775965137754
5.1872659176,0.100123934969,0.03345386385,0.040528429351,0.0885299274783,7.70946485171e-26,0.000326522782633,0.000865976737319
5.22471910112,0.100795455119,0.0336488448428,0.0404808483777,0.0882426461305,4.71478778248e-26,0.000286089705422,0.00096426303265
5.26217228464,0.101469219655,0.0338452285766,0.04043551179,0.0879576091683,2.87690381338e-26,0.000250101472061,0.00107129748341
5.29962546816,0.102145228577,0.0340430150514,0.0403924195879,0.0876748165916,1.75151479474e-26,0.00021815016262,0.00118754459627
5.33707865169,0.102823481884,0.0342422042671,0.0403515717712,0.0873942684005,1.06396552008e-26,0.000189854156636,0.001313454542
5.37453183521,0.103503979576,0.0344427962238,0.0403129683401,0.0871159645948,6.44861684939e-27,0.000164857972576,0.00144945735141
5.41198501873,0.104186721654,0.0346447909215,0.0402766092946,0.0868399051747,3.8996970426e-27,0.000142831854483,0.0015959567269
5.44943820225,0.104871708118,0.0348481883601,0.0402424946345,0.0865660901401,2.35299194414e-27,0.000123471143733,0.00175332351607
5.48689138577,0.105558938967,0.0350529885396,0.04021062436,0.0862945194911,1.41656102076e-27,0.000106495472062,0.00192188890482
5.52434456929,0.106248414201,0.0352591914601,0.040180998471,0.0860251932276,8.50893899342e-28,9.1647809793e-05,0.00210193739745
5.56179775281,0.106940133821,0.0354667971216,0.0401536169676,0.0857581113496,5.09965514058e-28,7.86934007798e-05,0.0022936996617
5.59925093633,0.107634097827,0.035675805524,0.0401284798496,0.0854932738571,3.04951997559e-28,6.74186129334e-05,0.00249734532649
5.63670411985,0.108330306218,0.0358862166674,0.0401055871172,0.0852306807502,1.81948061299e-28,5.76297304149e-05,0.00271297582903
5.67415730337,0.109028758995,0.0360980305517,0.0400849387704,0.0849703320288,1.08315013482e-28,4.91517107916e-05,0.00294061741623
5.71161048689,0.109729456157,0.036311247177,0.040066534809,0.0847122276929,6.43361635123e-29,4.1826927638e-05,0.00318021441238
5.74906367041,0.110432397705,0.0365258665432,0.0400503752332,0.0844563677426,3.8128255628e-29,3.55139163279e-05,0.00343162287006
5.78651685393,0.111137583638,0.0367418886504,0.0400364600429,0.0842027521778,2.25457137976e-29,3.00861381254e-05,0.00369460472545
5.82397003745,0.111845013957,0.0369593134986,0.0400247892382,0.0839513809985,1.3301674565e-29,2.5430775187e-05,0.0039688225807
5.86142322097,0.112554688662,0.0371781410877,0.0400153628189,0.0837022542047,7.83021925065e-30,2.14475667447e-05,0.00425383523565
5.89887640449,0.113266607752,0.0373983714178,0.0400081807853,0.0834553717965,4.59903593401e-30,1.80476945933e-05,0.00454909408856
5.93632958801,0.113980771227,0.0376200044888,0.0400032431371,0.0832107337738,2.69516252169e-30,1.51527240417e-05,0.00485394052051
5.97378277154,0.114697179088,0.0378430403007,0.0400005498745,0.0829683401366,1.57589903827e-30,1.26936047324e-05,0.00516760437017
6.01123595506,0.115415831334,0.0380674788537,0.0400001009973,0.082728190885,9.19384331161e-31,1.06097341787e-05,0.00548920359606
6.04868913858,0.116136727966,0.0382933201476,0.0400018965058,0.0824902860189,5.3516916311e-31,8.8480855107e-06,0.00581774521014
6.0861423221,0.116859868984,0.0385205641824,0.0400059363997,0.0822546255383,3.10820990432e-31,7.36239976256e-06,0.00615212755206
6.12359550562,0.117585254387,0.0387492109582,0.0400122206792,0.0820212094433,1.80117070441e-31,6.11244204833e-06,0.00649114395587
6.16104868914,0.118312884176,0.038979260475,0.0400207493442,0.0817900377337,1.04141705345e-31,5.06332016899e-06,0.00683348784163
6.19850187266,0.11904275835,0.0392107127327,0.0400315223948,0.0815611104097,6.00785954912e-32,4.18486354034e-06,0.00717775924357
6.23595505618,0.119774876909,0.0394435677313,0.0400445398308,0.0813344274713,3.4581205855e-32,3.45105982525e-06,0.00752247276352
6.2734082397,0.120509239855,0.039677825471,0.0400598016524,0.0811099889183,1.98602984621e-32,2.83954627502e-06,0.00786606691533
6.31086142322,0.121245847185,0.0399134859515,0.0400773078596,0.0808877947509,1.13803779166e-32,2.33115252002e-06,0.00820691480141
6.34831460674,0.121984698902,0.0401505491731,0.0400970584522,0.0806678449691,6.50658149048e-33,1.90949138402e-06,0.00854333603859
6.38576779026,0.122725795003,0.0403890151356,0.0401190534304,0.0804501395727,3.71171257546e-33,1.56059421599e-06,0.00887360982632
6.42322097378,0.123469135491,0.040628883839,0.0401432927941,0.0802346785619,2.11261850207e-33,1.27258722315e-06,0.00919598902752
6.4606741573,0.124214720364,0.0408701552834,0.0401697765434,0.0800214619366,1.19975645543e-33,1.03540533872e-06,0.00950871511035
6.49812734082,0.124962549622,0.0411128294688,0.0401985046781,0.0798104896969,6.79814443618e-34,8.40540254292e-07,0.00981003377969
6.53558052434,0.125712623266,0.0413569063951,0.0402294771984,0.0796017618426,3.84337672211e-34,6.80819380274e-07,0.0100982111095
6.57303370787,0.126464941295,0.0416023860624,0.0402626941043,0.0793952783739,2.16800759409e-34,5.50212659446e-07,0.010371549973
6.61048689139,0.12721950371,0.0418492684706,0.0402981553956,0.0791910392908,1.22020814191e-34,4.43664339661e-07,0.010628406555
6.64794007491,0.127976310511,0.0420975536198,0.0403358610725,0.0789890445931,6.852236023e-35,3.5694700557e-07,0.0108672067251
6.68539325843,0.128735361697,0.0423472415099,0.040375811135,0.078789294281,3.83933479301e-35,2.86535369893e-07,0.0110864620444
6.72284644195,0.129496657268,0.042598332141,0.0404180055829,0.0785917883544,2.1463716888e-35,2.29497527222e-07,0.0112847851777
6.76029962547,0.130260197225,0.0428508255131,0.0404624444164,0.0783965268134,1.19723430839e-35,1.8340157369e-07,0.0114609044917
6.79775280899,0.131025981568,0.0431047216261,0.0405091276354,0.0782035096579,6.66313560334e-36,1.46235690782e-07,0.011613677621
6.83520599251,0.131794010296,0.04336002048,0.0405580552399,0.0780127368879,3.7000144973e-36,1.16339978663e-07,0.0117421038023
6.87265917603,0.13256428341,0.0436167220749,0.04060922723,0.0778242085034,2.04999817943e-36,9.23485018615e-08,0.0118453347897
6.91011235955,0.133336800909,0.0438748264108,0.0406626436056,0.0776379245045,1.13325801883e-36,7.31401766258e-08,0.0119226841835
6.94756554307,0.134111562794,0.0441343334876,0.0407183043667,0.0774538848911,6.25071074162e-37,5.77972840368e-08,0.0119736350316
6.98501872659,0.134888569064,0.0443952433054,0.0407762095134,0.0772720896632,3.43997494039e-37,4.55705355765e-08,0.0119978455833
7.02247191011,0.13566781972,0.0446575558642,0.0408363590456,0.0770925388209,1.88888897386e-37,3.58497482588e-08,0.0119951531064
7.05992509363,0.136449314761,0.0449212711639,0.0408987529633,0.076915232364,1.03486300051e-37,2.81393048001e-08,0.0119655757092
7.09737827715,0.137233054188,0.0451863892045,0.0409633912665,0.0767401702928,5.65697896724e-38,2.20376810271e-08,0.0119093121379
7.13483146067,0.138019038,0.0454529099861,0.0410302739553,0.076567352607,3.08540048836e-38,1.72204183395e-08,0.0118267395521
7.17228464419,0.138807266198,0.0457208335087,0.0410994010296,0.0763967793068,1.67905065919e-38,1.34260041863e-08,0.0117184093141
7.20973782772,0.139597738782,0.0459901597722,0.0411707724894,0.0762284503921,9.1167769803e-39,1.04441989157e-08,0.0115850408581
7.24719101124,0.140390455751,0.0462608887767,0.0412443883348,0.0760623658629,4.93905813595e-39,8.106413758e-09,0.0114275137328
7.28464419476,0.141185417105,0.0465330205221,0.0413202485657,0.0758985257193,2.66975999457e-39,6.27780287463e-09,0.0112468579432
7.32209737828,0.141982622845,0.0468065550085,0.0413983531821,0.0757369299611,1.43987761383e-39,4.85078312612e-09,0.011044242737
7.3595505618,0.142782072971,0.0470814922358,0.0414787021841,0.0755775785886,7.74826051059e-40,3.73973920746e-09,0.0108209640095
7.39700374532,0.143583767482,0.0473578322041,0.0415612955715,0.0754204716015,4.16014170648e-40,2.87670979848e-09,0.0105784305133
7.43445692884,0.144387706378,0.0476355749134,0.0416461333446,0.075265609,2.22862660165e-40,2.20788304019e-09,0.0103181490812
7.47191011236,0.14519388966,0.0479147203636,0.0417332155031,0.075112990784,1.19121943866e-40,1.690757607e-09,0.010041709076
7.50936329588,0.146002317328,0.0481952685548,0.0418225420472,0.0749626169535,6.35289253837e-41,1.2918494731e-09,0.00975076629262
7.5468164794,0.146812989381,0.0484772194869,0.0419141129768,0.0748144875086,3.38046561102e-41,9.84844696456e-10,0.00944702653936
7.58426966292,0.14762590582,0.04876057316,0.0420079282919,0.0746686024492,1.79476177441e-41,7.49115640015e-10,0.00913222912395
7.62172284644,0.148441066644,0.049045329574,0.0421039879925,0.0745249617753,9.50741334665e-42,5.68532444879e-10,0.00880813046627
7.65917602996,0.149258471854,0.049331488729,0.0422022920787,0.074383565487,5.02508273099e-42,4.30513643467e-10,0.00847648805027
7.69662921348,0.150078121449,0.0496190506249,0.0423028405504,0.0742444135841,2.65002110277e-42,3.25269888182e-10,0.00813904491585
7.734082397,0.15090001543,0.0499080152618,0.0424056334077,0.0741075060669,1.39437864927e-42,2.45203168174e-10,0.00779751487621
7.77153558052,0.151724153797,0.0501983826397,0.0425106706505,0.0739728429351,7.32044348018e-43,1.84430850849e-10,0.00745356862803
7.80898876404,0.152550536548,0.0504901527585,0.0426179522788,0.0738404241889,3.83459353089e-43,1.38409639715e-10,0.00710882090209
7.84644194757,0.153379163686,0.0507833256183,0.0427274782926,0.0737102498282,2.00413307025e-43,1.03639278819e-10,0.00676481877949
7.88389513109,0.154210035209,0.051077901219,0.0428392486919,0.073582319853,1.04510289144e-43,7.74297223746e-11,0.00642303127563
7.92134831461,0.155043151117,0.0513738795607,0.0429532634768,0.0734566342634,5.4377197353e-44,5.7718667676e-11,0.00608484027015
7.95880149813,0.155878511411,0.0516712606433,0.0430695226473,0.0733331930592,2.82292842177e-44,4.29289403954e-11,0.00575153283647
7.99625468165,0.156716116091,0.0519700444669,0.0431880262032,0.0732119962407,1.46220474346e-44,3.18573257346e-11,0.00542429500086
8.03370786517,0.157555965156,0.0522702310314,0.0433087741447,0.0730930438076,7.55686713179e-45,2.35881422932e-11,0.00510420693738
8.07116104869,0.158398058607,0.0525718203369,0.0434317664717,0.0729763357601,3.89673309459e-45,1.74262298303e-11,0.00479223958295
8.10861423221,0.159242396443,0.0528748123834,0.0435570031842,0.0728618720981,2.00486350034e-45,1.28451272773e-11,0.00448925263592
8.14606741573,0.160088978664,0.0531792071708,0.0436844842823,0.0727496528216,1.02918686402e-45,9.44710325125e-12,0.0041959938828
8.18352059925,0.160937805272,0.0534850046992,0.0438142097659,0.0726396779307,5.27143596598e-46,6.93240916581e-12,0.00391309978073
8.22097378277,0.161788876264,0.0537922049685,0.043946179635,0.0725319474253,2.69394616079e-46,5.07568882986e-12,0.0036410972088
8.25842696629,0.162642191642,0.0541008079788,0.0440803938897,0.0724264613054,1.3736439078e-46,3.70792607242e-12,0.00338040628926
8.29588014981,0.163497751406,0.05441081373,0.0442168525298,0.072323219571,6.98851163412e-47,2.70266625906e-12,0.00313134416998
8.33333333333,0.164355555556,0.0547222222222,0.0443555555556,0.0722222222222,3.54748441669e-47,1.96552715674e-12,0.00289412965224
8.37078651685,0.16521560409,0.0550350334554,0.0444965029668,0.0721234692589,1.79672485642e-47,1.42623455117e-12,0.00266888854365
8.40823970037,0.166077897011,0.0553492474295,0.0446396947636,0.0720269606812,9.07962540561e-48,1.03259051997e-12,0.00245565961348
8.4456928839,0.166942434317,0.0556648641445,0.0447851309459,0.0719326964889,4.57803978458e-48,7.45917145085e-13,0.00225440102798
8.48314606742,0.167809216008,0.0559818836006,0.0449328115137,0.0718406766822,2.30311948392e-48,5.37623596066e-13,0.00206499714523
8.52059925094,0.168678242085,0.0563003057975,0.0450827364671,0.0717509012611,1.15605541424e-48,3.86626242798e-13,0.00188726555325
8.55805243446,0.169549512548,0.0566201307355,0.0452349058059,0.0716633702254,5.78983397482e-49,2.77414790755e-13,0.00172096424099
8.59550561798,0.170423027396,0.0569413584143,0.0453893195304,0.0715780835753,2.89320258535e-49,1.98606368959e-13,0.00156579879856
8.6329588015,0.171298786629,0.0572639888342,0.0455459776403,0.0714950413107,1.44250342961e-49,1.41867202948e-13,0.00142142955187
8.67041198502,0.172176790248,0.057588021995,0.0457048801358,0.0714142434317,7.17596216113e-50,1.01110467135e-13,0.00128747854589
8.70786516854,0.173057038253,0.0579134578967,0.0458660270168,0.0713356899381,3.56179320767e-50,7.19010947954e-14,0.00116353630049
8.74531835206,0.173939530643,0.0582402965394,0.0460294182833,0.0712593808301,1.76393484125e-50,5.10152671505e-14,0.00104916827346
8.78277153558,0.174824267419,0.0585685379231,0.0461950539354,0.0711853161077,8.71608890352e-51,3.6115206555e-14,0.000943920975558
8.8202247191,0.17571124858,0.0588981820477,0.046362933973,0.0711134957707,4.29720467951e-51,2.55096979687e-14,0.000847327692881
8.85767790262,0.176600474126,0.0592292289133,0.0465330583961,0.0710439198193,2.11385748634e-51,1.79781833799e-14,0.00075891378209
8.89513108614,0.177491944059,0.0595616785198,0.0467054272048,0.0709765882534,1.03750606575e-51,1.26418773067e-14,0.000678201513845
8.93258426966,0.178385658376,0.0598955308673,0.0468800403989,0.0709115010731,5.08078550053e-52,8.86957094531e-15,0.000604714448882
8.97003745318,0.17928161708,0.0602307859558,0.0470568979787,0.0708486582783,2.4825405554e-52,6.20896094996e-15,0.000537981339821
9.0074906367,0.180179820169,0.0605674437852,0.0472359999439,0.070788059869,1.210283519e-52,4.33671139139e-15,0.000477539559498
9.04494382022,0.181080267643,0.0609055043555,0.0474173462947,0.0707297058452,5.8871237158e-53,3.02222914108e-15,0.000422938063555
9.08239700375,0.181982959503,0.0612449676668,0.047600937031,0.070673596207,2.85722526237e-53,2.10145228101e-15,0.000373739901075
9.11985018727,0.182887895748,0.0615858337191,0.0477867721528,0.0706197309543,1.3836016649e-53,1.45793093877e-15,0.000329524292185
9.15730337079,0.183795076379,0.0619281025123,0.0479748516601,0.0705681100871,6.68502362333e-54,1.0092055903e-15,0.000289888295801
9.19475655431,0.184704501396,0.0622717740465,0.048165175553,0.0705187336055,3.22270158307e-54,6.97023817976e-16,0.000254448094074
9.23220973783,0.185616170798,0.0626168483216,0.0483577438314,0.0704716015093,1.55010998679e-54,4.80331275427e-16,0.000222839922607
9.26966292135,0.186530084585,0.0629633253377,0.0485525564954,0.0704267137988,7.43926812704e-55,3.3026259424e-16,0.000194720677295
9.30711610487,0.187446242758,0.0633112050948,0.0487496135449,0.0703840704737,3.56224007601e-55,2.26570407787e-16,0.000169768229626
9.34456928839,0.188364645317,0.0636604875928,0.0489489149799,0.0703436715342,1.70192898376e-55,1.55085880601e-16,0.000147681482651
9.38202247191,0.189285292261,0.0640111728317,0.0491504608004,0.0703055169802,8.11306507029e-56,1.05917228984e-16,0.000128180199621
9.41947565543,0.190208183591,0.0643632608116,0.0493542510065,0.0702696068117,3.85881323881e-56,7.21749074666e-17,0.000111004636531
9.45692883895,0.191133319306,0.0647167515325,0.0495602855981,0.0702359410288,1.83125083697e-56,4.90717037835e-17,9.59150086751e-05
9.49438202247,0.192060699407,0.0650716449943,0.0497685645752,0.0702045196314,8.67096011011e-57,3.32890433051e-17,8.26908197771e-05
9.53183520599,0.192990323893,0.0654279411971,0.0499790879378,0.0701753426195,4.09648921826e-57,2.253184562e-17,7.11300805037e-05
9.56928838951,0.193922192765,0.0657856401408,0.050191855686,0.0701484099931,1.93099753669e-57,1.52165954828e-17,6.1048441134e-05
9.60674157303,0.194856306022,0.0661447418255,0.0504068678197,0.0701237217523,9.08190383751e-58,1.02532961114e-17,5.2278261047e-05
9.64419475655,0.195792663665,0.0665052462512,0.050624124339,0.070101277897,4.26184209053e-58,6.89342063535e-18,4.46676354532e-05
9.68164794007,0.196731265693,0.0668671534178,0.0508436252437,0.0700810784272,1.99546026892e-58,4.62414384821e-18,3.80793975502e-05
9.7191011236,0.197672112107,0.0672304633253,0.051065370534,0.070063123343,9.32210717583e-59,3.09494665069e-18,3.23901120474e-05
9.75655430712,0.198615202906,0.0675951759739,0.0512893602099,0.0700474126443,4.34520603492e-59,2.06680866937e-18,2.74890738261e-05
9.79400749064,0.199560538091,0.0679612913633,0.0515155942712,0.0700339463311,2.02084001179e-59,1.37712276503e-18,2.3277323413e-05
9.83146067416,0.200508117662,0.0683288094938,0.0517440727181,0.0700227244035,9.3773206367e-60,9.15525228629e-19,1.96666889705e-05
9.86891385768,0.201457941618,0.0686977303651,0.0519747955505,0.0700137468614,4.34161066701e-60,6.07285974406e-19,1.6578862665e-05
9.9063670412,0.202410009959,0.0690680539775,0.0522077627684,0.0700070137048,2.00561819527e-60,4.01921706135e-19,1.39445175833e-05
9.94382022472,0.203364322687,0.0694397803308,0.0524429743719,0.0700025249337,9.24423382501e-61,2.65408573228e-19,1.17024698334e-05
9.98127340824,0.204320879799,0.069812909425,0.0526804303609,0.0700002805482,4.25127167225e-61,1.74869355394e-19,9.79888908942e-06
10.0187265918,0.205279681297,0.0701874412602,0.0529201307355,0.0700002805482,1.95070713067e-61,1.14957615446e-19,8.18655963095e-06
10.0561797753,0.206240727181,0.0705633758364,0.0531620754955,0.0700025249337,8.93080403356e-62,7.54027282562e-20,6.82419287293e-06
10.0936329588,0.20720401745,0.0709407131535,0.0534062646411,0.0700070137048,4.07956938478e-62,4.93471015504e-20,5.67579148147e-06
10.1310861423,0.208169552105,0.0713194532116,0.0536526981722,0.0700137468614,1.85935948606e-62,3.22226692757e-20,4.71006441548e-06
10.1685393258,0.209137331145,0.0716995960106,0.0539013760889,0.0700227244035,8.45546856695e-63,2.09935872507e-20,3.89989161312e-06
10.2059925094,0.210107354571,0.0720811415506,0.0541522983911,0.0700339463311,3.83651827031e-63,1.36469962026e-20,3.22183654545e-06
10.2434456929,0.211079622382,0.0724640898315,0.0544054650788,0.0700474126443,1.73684929954e-63,8.85141621391e-21,2.65570447537e-06
10.2808988764,0.212054134579,0.0728484408534,0.054660876152,0.070063123343,7.84534923052e-64,5.72814140656e-21,2.1841439765e-06
10.3183520599,0.213030891161,0.0732341946163,0.0549185316108,0.0700810784272,3.5358000635e-64,3.69862221726e-21,1.79228907171e-06
10.3558052434,0.214009892129,0.0736213511201,0.0551784314551,0.070101277897,1.58996803627e-64,2.38282140865e-21,1.46743923282e-06
10.393258427,0.214991137483,0.0740099103649,0.0554405756849,0.0701237217523,7.13369215024e-65,1.53168087069e-21,1.19877443055e-06
10.4307116105,0.215974627222,0.0743998723506,0.0557049643002,0.0701484099931,3.19349036031e-65,9.82359296086e-22,9.77102426473e-07
10.468164794,0.216960361346,0.0747912370772,0.0559715973011,0.0701753426195,1.42640263076e-65,6.28633767571e-22,7.94635546159e-07
10.5056179775,0.217948339856,0.0751840045449,0.0562404746875,0.0702045196314,6.35687875936e-66,4.01375008787e-22,6.44794256834e-07
10.543071161,0.218938562752,0.0755781747535,0.0565115964595,0.0702359410288,2.82664326199e-66,2.55698526959e-22,5.22034984603e-07
10.5805243446,0.219931030033,0.075973747703,0.056784962617,0.0702696068117,1.25407453843e-66,1.62529200838e-22,4.21699739118e-07
10.6179775281,0.220925741699,0.0763707233935,0.05706057316,0.0703055169802,5.55138023745e-67,1.03076544137e-22,3.39885260909e-07
10.6554307116,0.221922697751,0.076769101825,0.0573384280885,0.0703436715342,2.45190633287e-67,6.52249229523e-23,2.73329563069e-07
10.6928838951,0.222921898189,0.0771688829974,0.0576185274025,0.0703840704737,1.08051811292e-67,4.11805910692e-23,2.19313900112e-07
10.7303370787,0.223923343012,0.0775700669107,0.0579008711021,0.0704267137988,4.75100517286e-68,2.59416056171e-23,1.75578358679e-07
10.7677902622,0.224927032221,0.0779726535651,0.0581854591873,0.0704716015093,2.08431920841e-68,1.63052103205e-23,1.40249424355e-07
10.8052434457,0.225932965815,0.0783766429603,0.0584722916579,0.0705187336055,9.12364196676e-69,1.02254218393e-23,1.11778033709e-07
10.8426966292,0.226941143795,0.0787820350966,0.0587613685141,0.0705681100871,3.98471728112e-69,6.39825194636e-24,8.88867689218e-08
10.8801498127,0.22795156616,0.0791888299738,0.0590526897558,0.0706197309543,1.73640915973e-69,3.99453947437e-24,7.0524992627e-08
10.9176029963,0.228964232911,0.0795970275919,0.059346255383,0.070673596207,7.54973831668e-70,2.48826925115e-24,5.58308519399e-08
10.9550561798,0.229979144047,0.080006627951,0.0596420653958,0.0707297058452,3.27519381391e-70,1.54651203511e-24,4.40992025538e-08
10.9925093633,0.230996299569,0.0804176310511,0.0599401197941,0.070788059869,1.41764466261e-70,9.59035119394e-25,3.47546159036e-08
11.0299625468,0.232015699477,0.0808300368921,0.0602404185779,0.0708486582783,6.12241895575e-71,5.93391053068e-25,2.73287347819e-08
11.0674157303,0.23303734377,0.0812438454741,0.0605429617473,0.0709115010731,2.63817729616e-71,3.66330224771e-25,2.14413356e-08
11.1048689139,0.234061232448,0.081659056797,0.0608477493021,0.0709765882534,1.1342536562e-71,2.25647115768e-25,1.67845390459e-08
11.1423220974,0.235087365512,0.0820756708609,0.0611547812425,0.0710439198193,4.8656590442e-72,1.38679445583e-25,1.31096856684e-08
11.1797752809,0.236115742962,0.0824936876657,0.0614640575685,0.0711134957707,2.0825643694e-72,8.50393011545e-26,1.02164594236e-08
11.2172284644,0.237146364797,0.0829131072115,0.06177557828,0.0711853161077,8.89365893051e-73,5.20298464329e-26,7.94390105112e-09
11.2546816479,0.238179231017,0.0833339294982,0.062089343377,0.0712593808301,3.78955123105e-73,3.17622076987e-26,6.16300490278e-09
11.2921348315,0.239214341624,0.0837561545259,0.0624053528595,0.0713356899381,1.6110921099e-73,1.93461296709e-26,4.77063814324e-09
11.329588015,0.240251696615,0.0841797822946,0.0627236067275,0.0714142434317,6.83405130105e-74,1.17571696032e-26,3.68456069509e-09
11.3670411985,0.241291295992,0.0846048128042,0.0630441049811,0.0714950413107,2.89242012192e-74,7.12913350519e-27,2.83935849388e-09
11.404494382,0.242333139755,0.0850312460548,0.0633668476202,0.0715780835753,1.22143339414e-74,4.31316416167e-27,2.18313212171e-09
11.4419475655,0.243377227903,0.0854590820463,0.0636918346449,0.0716633702254,5.14639931472e-75,2.60363741593e-27,1.67480822758e-09
11.4794007491,0.244423560437,0.0858883207788,0.0640190660551,0.0717509012611,2.1635276376e-75,1.56815972533e-27,1.28196281316e-09
11.5168539326,0.245472137356,0.0863189622522,0.0643485418508,0.0718406766822,9.07500117545e-76,9.42378487009e-28,9.79063916652e-10
11.5543071161,0.246522958661,0.0867510064666,0.064680262032,0.0719326964889,3.79801091302e-76,5.65048474266e-28,7.46056877423e-10
11.5917602996,0.247576024352,0.087184453422,0.0650142265988,0.0720269606812,1.5859555182e-76,3.38042516139e-28,5.67228583144e-10
11.6292134831,0.248631334427,0.0876193031183,0.0653504355511,0.0721234692589,6.60771148828e-77,2.01781906183e-28,4.30298222373e-10
11.6666666667,0.249688888889,0.0880555555556,0.0656888888889,0.0722222222222,2.74685932056e-77,1.20176178835e-28,3.25691386075e-10
11.7041198502,0.250748687736,0.0884932107338,0.0660295866122,0.072323219571,1.13932345729e-77,7.14134208524e-29,2.45962143233e-10
11.7415730337,0.251810730968,0.0889322686529,0.0663725287211,0.0724264613054,4.71501345218e-78,4.23415311825e-29,1.85334188457e-10
11.7790262172,0.252875018586,0.0893727293131,0.0667177152155,0.0725319474253,1.94690207935e-78,2.50483173524e-29,1.39337523834e-10
11.8164794007,0.25394155059,0.0898145927142,0.0670651460955,0.0726396779307,8.02103769885e-79,1.47848128167e-29,1.04521566956e-10
11.8539325843,0.255010326979,0.0902578588562,0.0674148213609,0.0727496528216,3.29717715302e-79,8.70719718671e-30,7.8229222001e-11
11.8913857678,0.256081347754,0.0907025277392,0.0677667410119,0.0728618720981,1.3523194111e-79,5.11642019891e-30,5.84194395388e-11
11.9288389513,0.257154612914,0.0911485993632,0.0681209050485,0.0729763357601,5.53403061936e-80,2.99971023954e-30,4.35282329269e-11
11.9662921348,0.258230122459,0.0915960737281,0.0684773134705,0.0730930438076,2.25958721766e-80,1.75475982242e-30,3.23601080746e-11
12.0037453184,0.25930787639,0.0920449508339,0.0688359662781,0.0732119962407,9.20538457062e-81,1.0241918942e-30,2.40034775553e-11
12.0411985019,0.260387874707,0.0924952306808,0.0691968634712,0.0733331930592,3.7417954252e-81,5.96444807916e-31,1.77649358513e-11
12.0786516854,0.261470117409,0.0929469132685,0.0695600050499,0.0734566342634,1.5175514307e-81,3.46564812835e-31,1.31183253386e-11
12.1161048689,0.262554604497,0.0933999985973,0.069925391014,0.073582319853,6.14090067555e-82,2.00920359087e-31,9.66536872963e-12
12.1535580524,0.26364133597,0.0938544866669,0.0702930213637,0.0737102498282,2.47939661168e-82,1.16222095331e-31,7.10532147538e-12
12.191011236,0.264730311829,0.0943103774776,0.070662896099,0.0738404241889,9.9881535315e-83,6.70777878995e-32,5.2116388523e-12
12.2284644195,0.265821532074,0.0947676710292,0.0710350152197,0.0739728429351,4.01466850733e-83,3.86272720852e-32,3.81408326426e-12
12.265917603,0.266914996704,0.0952263673217,0.071409378726,0.0741075060669,1.61005031724e-83,2.21939509165e-32,2.78503913542e-12
12.3033707865,0.268010705719,0.0956864663553,0.0717859866179,0.0742444135841,6.44250081421e-84,1.27233208607e-32,2.02907318018e-12
12.34082397,0.26910865912,0.0961479681297,0.0721648388952,0.074383565487,2.5721411128e-84,7.27765750794e-33,1.47499108188e-12
12.3782771536,0.270208856906,0.0966108726451,0.0725459355581,0.0745249617753,1.02461421312e-84,4.15344078591e-33,1.06980926369e-12
12.4157303371,0.271311299078,0.0970751799015,0.0729292766065,0.0746686024492,4.07240757443e-85,2.36510109293e-33,7.74191840292e-13
12.4531835206,0.272415985636,0.0975408898989,0.0733148620404,0.0748144875086,1.61498083472e-85,1.3437444083e-33,5.59005525794e-13
12.4906367041,0.273522916579,0.0980080026372,0.0737026918599,0.0749626169535,6.39011663133e-86,7.61743763099e-34,4.0272527608e-13
12.5280898876,0.274632091908,0.0984765181164,0.0740927660649,0.075112990784,2.52275730673e-86,4.30850319973e-34,2.89485590217e-13
12.5655430712,0.275743511622,0.0989464363366,0.0744850846554,0.075265609,9.93727792406e-87,2.43147163931e-34,2.07620527022e-13
12.6029962547,0.276857175721,0.0994177572978,0.0748796476315,0.0754204716015,3.90557224323e-87,1.36910662689e-34,1.4857266152e-13
12.6404494382,0.277973084207,0.0998904809999,0.0752764549931,0.0755775785886,1.53153593269e-87,7.69184656734e-35,1.06079824687e-13
12.6779026217,0.279091237077,0.100364607443,0.0756755067402,0.0757369299611,5.99231978001e-88,4.31170687531e-35,7.55704414261e-14
12.7153558052,0.280211634333,0.100840136627,0.0760768028728,0.0758985257193,2.33931145782e-88,2.41153250339e-35,5.37151014771e-14
12.7528089888,0.281334275975,0.101317068552,0.076480343391,0.0760623658629,9.11184640265e-89,1.34574348847e-35,3.80948368329e-14
12.7902621723,0.282459162003,0.101795403218,0.0768861282947,0.0762284503921,3.54119635345e-89,7.49301721046e-36,2.69563514978e-14
12.8277153558,0.283586292415,0.102275140625,0.0772941575839,0.0763967793068,1.37315291168e-89,4.16271280416e-36,1.90318663594e-14
12.8651685393,0.284715667214,0.102756280773,0.0777044312587,0.076567352607,5.31267283098e-90,2.30739232318e-36,1.34068553572e-14
12.9026217228,0.285847286398,0.103238823661,0.078116949319,0.0767401702928,2.05084348296e-90,1.27612058304e-36,9.42318557911e-15
12.9400749064,0.286981149967,0.103722769291,0.0785317117648,0.076915232364,7.89909320024e-91,7.04185794188e-37,6.60836222677e-15
12.9775280899,0.288117257922,0.104208117662,0.0789487185961,0.0770925388209,3.03561880715e-91,3.87710962998e-37,4.62397217299e-15
13.0149812734,0.289255610262,0.104694868774,0.079367969813,0.0772720896632,1.16397193068e-91,2.12987530877e-37,3.22821060077e-15
13.0524344569,0.290396206988,0.105183022626,0.0797894654154,0.0774538848911,4.45310623219e-92,1.16741576051e-37,2.24871171558e-15
13.0898876404,0.2915390481,0.10567257922,0.0802132054034,0.0776379245045,1.69984326838e-92,6.38443105094e-38,1.56289924545e-15
13.127340824,0.292684133597,0.106163538554,0.0806391897768,0.0778242085034,6.47410858976e-93,3.48372709163e-38,1.0838107547e-15
13.1647940075,0.29383146348,0.10665590063,0.0810674185358,0.0780127368879,2.46023365436e-93,1.89666804109e-38,7.49896292922e-16
13.202247191,0.294981037748,0.107149665446,0.0814978916803,0.0782035096579,9.32820338104e-94,1.0303002439e-38,5.17695312799e-16
13.2397003745,0.296132856401,0.107644833004,0.0819306092104,0.0783965268134,3.52894535461e-94,5.58420759061e-39,3.56592771122e-16
13.2771535581,0.297286919441,0.108141403302,0.082365571126,0.0785917883544,1.33203960029e-94,3.01984451287e-39,2.45073364241e-16
13.3146067416,0.298443226865,0.108639376341,0.0828027774271,0.078789294281,5.01665938389e-95,1.62941941173e-39,1.68052495553e-16
13.3520599251,0.299601778676,0.109138752122,0.0832422281137,0.0789890445931,1.88511291596e-95,8.77215839868e-40,1.14979150407e-16
13.3895131086,0.300762574871,0.109639530643,0.0836839231859,0.0791910392908,7.06781867378e-96,4.71200041597e-40,7.84907538559e-17
13.4269662921,0.301925615453,0.110141711905,0.0841278626436,0.0793952783739,2.6439832826e-96,2.5253957826e-40,5.34617512606e-17
13.4644194757,0.303090900419,0.110645295908,0.0845740464868,0.0796017618426,9.86863954214e-97,1.3504510826e-40,3.63323205685e-17
13.5018726592,0.304258429772,0.111150282652,0.0850224747156,0.0798104896969,3.67520140341e-97,7.20532441809e-41,2.46358964295e-17
13.5393258427,0.30542820351,0.111656672137,0.0854731473299,0.0800214619366,1.36562128349e-97,3.83577829722e-41,1.66674391241e-17
13.5767790262,0.306600221633,0.112164464363,0.0859260643297,0.0802346785619,5.06296220647e-98,2.03741139757e-41,1.12510916213e-17
13.6142322097,0.307774484142,0.11267365933,0.086381225715,0.0804501395727,1.87285592839e-98,1.07976498728e-41,7.57784505146e-18
13.6516853933,0.308950991036,0.113184257038,0.0868386314859,0.0806678449691,6.91240746186e-99,5.70959135357e-42,5.09239468243e-18
13.6891385768,0.310129742316,0.113696257487,0.0872982816423,0.0808877947509,2.54553789316e-99,3.01235455454e-42,3.41447287463e-18
13.7265917603,0.311310737982,0.114209660677,0.0877601761843,0.0811099889183,9.35308924201e-100,1.58574161558e-42,2.28428639757e-18
13.7640449438,0.312493978033,0.114724466608,0.0882243151117,0.0813344274713,3.42890825938e-100,8.32883073849e-43,1.52476430358e-18
13.8014981273,0.31367946247,0.115240675279,0.0886906984247,0.0815611104097,1.25424370207e-100,4.36476558665e-43,1.01550052977e-18
13.8389513109,0.314867191292,0.115758286692,0.0891593261232,0.0817900377337,4.57755180525e-101,2.28224933135e-43,6.7481211084e-19
13.8764044944,0.316057164499,0.116277300846,0.0896301982073,0.0820212094433,1.66690129044e-101,1.19066757894e-43,4.47415327443e-19
13.9138576779,0.317249382093,0.11679771774,0.0901033146769,0.0822546255383,6.05636126753e-102,6.19788114632e-44,2.95981197825e-19
13.9513108614,0.318443844071,0.117319537376,0.090578675532,0.0824902860189,2.19552779523e-102,3.21900191441e-44,1.95363156966e-19
13.9887640449,0.319640550436,0.117842759753,0.0910562807726,0.082728190885,7.94129595684e-103,1.66810929355e-44,1.28660869356e-19
14.0262172285,0.320839501185,0.11836738487,0.0915361303988,0.0829683401366,2.86595323418e-103,8.62487966921e-45,8.45425950193e-20
14.063670412,0.322040696321,0.118893412728,0.0920182244105,0.0832107337738,1.03198193021e-103,4.4494554541e-45,5.54280937356e-20
14.1011235955,0.323244135841,0.119420843328,0.0925025628077,0.0834553717965,3.70766393246e-104,2.29026616644e-45,3.62584794121e-20
14.138576779,0.324449819748,0.119949676668,0.0929891455905,0.0837022542047,1.3290885214e-104,1.1762247875e-45,2.36654358253e-20
14.1760299625,0.32565774804,0.12047991275,0.0934779727588,0.0839513809985,4.75371048124e-105,6.02726065139e-46,1.54114926179e-20
14.2134831461,0.326867920717,0.121011551572,0.0939690443126,0.0842027521778,1.69643343963e-105,3.08159027299e-46,1.00138290714e-20
14.2509363296,0.32808033778,0.121544593135,0.0944623602519,0.0844563677426,6.04040692574e-106,1.57200923063e-46,6.49203602705e-21
14.2883895131,0.329294999228,0.122079037439,0.0949579205768,0.0847122276929,2.14595615704e-106,8.0013001971e-47,4.19939710202e-21
14.3258426966,0.330511905062,0.122614884484,0.0954557252872,0.0849703320288,7.60677847062e-107,4.06341625456e-47,2.71030547808e-21
14.3632958801,0.331731055282,0.12315213427,0.0959557743831,0.0852306807502,2.69033256257e-107,2.05895729046e-47,1.74531900315e-21
14.4007490637,0.332952449887,0.123690786797,0.0964580678646,0.0854932738571,9.49372053765e-108,1.04094704878e-47,1.12138997051e-21
14.4382022472,0.334176088878,0.124230842065,0.0969626057316,0.0857581113496,3.34265992351e-108,5.25091773355e-48,7.18892236338e-22
14.4756554307,0.335401972254,0.124772300074,0.0974693879841,0.0860251932276,1.17428421014e-108,2.64281684295e-48,4.59828828226e-22
14.5131086142,0.336630100015,0.125315160824,0.0979784146222,0.0862945194911,4.11603940424e-109,1.3271627798e-48,2.93463351181e-22
14.5505617978,0.337860472163,0.125859424315,0.0984896856458,0.0865660901401,1.43949812003e-109,6.64976957614e-49,1.86868812516e-22
14.5880149813,0.339093088695,0.126405090547,0.0990032010549,0.0868399051747,5.02305526083e-110,3.32440766992e-49,1.18725786366e-22
14.6254681648,0.340327949614,0.12695215952,0.0995189608495,0.0871159645948,1.74884003135e-110,1.65823940198e-49,7.52624860044e-23
14.6629213483,0.341565054917,0.127500631233,0.10003696503,0.0873942684005,6.07515679677e-111,8.25287867877e-50,4.76033306438e-23
14.7003745318,0.342804404607,0.128050505688,0.100557213595,0.0876748165916,2.10566933543e-111,4.09816053751e-50,3.00414849541e-23
14.7378277154,0.344045998681,0.128601782884,0.101079706547,0.0879576091683,7.28195732749e-112,2.03047547857e-50,1.89160619662e-23
14.7752808989,0.345289837142,0.12915446282,0.101604443883,0.0882426461305,2.51264632447e-112,1.00376444165e-50,1.188407368e-23
14.8127340824,0.346535919988,0.129708545498,0.102131425606,0.0885299274783,8.65047331805e-113,4.95097963805e-51,7.44946731777e-24
14.8501872659,0.347784247219,0.130264030916,0.102660651713,0.0888194532116,2.97148577238e-113,2.436552365e-51,4.65918954059e-24
14.8876404494,0.349034818836,0.130820919076,0.103192122207,0.0891112233304,1.01843359093e-113,1.1964254273e-51,2.90750729656e-24
14.925093633,0.350287634838,0.131379209976,0.103725837086,0.0894052378347,3.48270789926e-114,5.8616623096e-52,1.81032489602e-24
14.9625468165,0.351542695226,0.131938903618,0.10426179635,0.0897014967246,1.18830154688e-114,2.86537344407e-52,1.12465031808e-24
