time,pop1,pop2,norm,block_norm_raw,R1,R2,T1,T2,R_total,T_total,x_mean,x_width,x2_mean,lambda,lambda_raw,block_dt,ess,event_weight_hi,coupling_abs_exp,gap_exp,poisson_mc_state_var,poisson_mc_pop1_var,poisson_mc_pop2_var,poisson_mc_R_var,poisson_mc_T_var,poisson_mc_x_mean_var,poisson_mc_width_var,paper_var_phi1_sq,paper_var_phi2_sq,paper_var_norm_sq
0.005,0.996379498013,0.00362050198716,1,1,1.07238602462e-31,5.1322390102e-34,0.996379498013,0.00362050198716,1.07751826363e-31,1,5.9999249995,0.500018749958,36.2491187499,0,0,0.005,0,0,20.4,40.8012037436,0,0,0,0,0,0,0,0,0,0
0.01,0.985572216857,0.0144277831435,1,1,2.67042040536e-31,3.50302624166e-33,0.985572216857,0.0144277831435,2.70545066778e-31,1,5.99969999689,0.500075000992,36.2464750593,0,0,0.005,0,0,20.4,40.8012037436,0,0,0,0,0,0,0,0,0,0
0.015,0.967739983056,0.0322600169444,1,1,4.79351779188e-31,1.17954579163e-32,0.967739983056,0.0322600169444,4.91147237104e-31,1,5.99932498886,0.500168756587,36.2420691071,0,0,0.005,0,0,20.4,40.8012037436,0,0,0,0,0,0,0,0,0,0
0.02,0.943149695106,0.056850304894,1,1,6.65485695459e-31,3.02580620051e-32,0.943149695106,0.056850304894,6.95743757464e-31,1,5.99879997008,0.500300022578,36.2359011936,0,0,0.005,0,0,20.4,40.8012037436,0,0,0,0,0,0,0,0,0,0
0.025,0.912169153402,0.087830846598,1,1,8.71768155267e-31,6.38741811354e-32,0.912169153402,0.087830846598,9.35642336403e-31,1,5.99812493334,0.500468807196,36.227971743,0,0,0.005,0,0,20.4,40.8012037436,0,0,0,0,0,0,0,0,0,0
0.03,0.87526131826,0.12473868174,1,1,1.09165804083e-30,1.13090343642e-31,0.87526131826,0.12473868174,1.20474838447e-30,1,5.99729986994,0.500675121123,36.2182813069,0,0,0.005,0,0,20.4,40.8012037436,0,0,0,0,0,0,0,0,0,0
0.035,0.832977090169,0.167022909831,1,1,1.29443786664e-30,1.89899642475e-31,0.832977090169,0.167022909831,1.48433750911e-30,1,5.99632476997,0.50091897756,36.206830569,0,0,0.005,0,0,20.4,40.8012037436,0,0,0,0,0,0,0,0,0,0
0.04,0.785946730476,0.214053269524,1,1,1.45498163395e-30,2.87550630242e-31,0.785946730476,0.214053269524,1.7425322642e-30,1,5.99519962285,0.501200392309,36.193620351,0,0,0.005,0,0,20.4,40.8012037436,0,0,0,0,0,0,0,0,0,0
0.045,0.734870062766,0.265129937234,1,1,1.61730698164e-30,4.17722585225e-31,0.734870062766,0.265129937234,2.03502956687e-30,1,5.99392441776,0.501519383862,36.1786516182,0,0,0.005,0,0,20.4,40.8012037436,0,0,0,0,0,0,0,0,0,0
0.05,0.68050561481,0.31949438519,1,1,1.76901257319e-30,5.76504615353e-31,0.68050561481,0.31949438519,2.34551718855e-30,1,5.99249914428,0.501875973494,36.161925487,0,0,0.005,0,0,20.4,40.8012037436,0,0,0,0,0,0,0,0,0,0
0.055,0.623658877861,0.376341122139,1,1,1.90653463554e-30,7.81134433069e-31,0.623658877861,0.376341122139,2.68766906861e-30,1,5.99092379296,0.502270185358,36.1434432321,0,0,0.005,0,0,20.4,40.8012037436,0,0,0,0,0,0,0,0,0,0
0.06,0.565169873896,0.434830126104,1,1,1.89611779937e-30,1.04198344924e-30,0.565169873896,0.434830126104,2.93810124861e-30,1,5.98919835599,0.502702046576,36.123206295,0,0,0.005,0,0,20.4,40.8012037436,0,0,0,0,0,0,0,0,0,0
0.065,0.50590023204,0.49409976796,1,1,1.91281313095e-30,1.26844088634e-30,0.50590023204,0.49409976796,3.18125401729e-30,1,5.98732282789,0.503171587328,36.1012162917,0,0,0.005,0,0,20.4,40.8012037436,0,0,0,0,0,0,0,0,0,0
0.07,0.446719982534,0.553280017466,1,1,1.95730504693e-30,1.57039380655e-30,0.446719982534,0.553280017466,3.52769885348e-30,1,5.98529720623,0.503678840929,36.0774750217,0,0,0.005,0,0,20.4,40.8012037436,0,0,0,0,0,0,0,0,0,0
0.075,0.388494280278,0.611505719722,1,1,1.98915715947e-30,1.8409107127e-30,0.388494280278,0.611505719722,3.83006787217e-30,1,5.9831214923,0.504223843896,36.0519844764,0,0,0.005,0,0,20.4,40.8012037436,0,0,0,0,0,0,0,0,0,0
0.08,0.332070270016,0.667929729984,1,1,2.09433287295e-30,2.14020304438e-30,0.332070270016,0.667929729984,4.23453591733e-30,1,5.98079569187,0.50480663599,36.0247468476,0,0,0.005,0,0,20.4,40.8012037436,0,0,0,0,0,0,0,0,0,0
0.085,0.278264301747,0.721735698253,1,1,2.20885968906e-30,2.4038262633e-30,0.278264301747,0.721735698253,4.61268595236e-30,1,5.97831981584,0.505427260253,35.9957645359,0,0,0.005,0,0,20.4,40.8012037436,0,0,0,0,0,0,0,0,0,0
0.09,0.227849697928,0.772150302072,1,1,2.33112967287e-30,2.67236774232e-30,0.227849697928,0.772150302072,5.0034974152e-30,1,5.97569388096,0.506085763009,35.9650401585,0,0,0.005,0,0,20.4,40.8012037436,0,0,0,0,0,0,0,0,0,0
0.095,0.181545263776,0.818454736224,1,1,2.50143423158e-30,2.90708761146e-30,0.181545263776,0.818454736224,5.40852184304e-30,1,5.97291791045,0.506782193845,35.9325765569,0,0,0.005,0,0,20.4,40.8012037436,0,0,0,0,0,0,0,0,0,0
0.1,0.14000471846,0.85999528154,1,1,2.67764895751e-30,3.10192784943e-30,0.14000471846,0.85999528154,5.77957680694e-30,1,5.96999193456,0.507516605568,35.8983768036,0,0,0.005,0,0,20.4,40.8012037436,0,0,0,0,0,0,0,0,0,0
0.105,0.103807208714,0.896192791286,1,1,2.86892559155e-30,3.18002422273e-30,0.103807208714,0.896192791286,6.04894981429e-30,1,5.9669159912,0.508289054125,35.8624442085,0,0,0.005,0,0,20.4,40.8012037436,0,0,0,0,0,0,0,0,0,0
0.11,0.0734490474309,0.926550952569,1,1,3.07696020525e-30,3.32718259759e-30,0.0734490474309,0.926550952569,6.40414280285e-30,1,5.96369012634,0.509099598504,35.8247823242,0,0,0.005,0,0,20.4,40.8012037436,0,0,0,0,0,0,0,0,0,0
0.115,0.0493367987174,0.950663201283,1,1,3.29076211446e-30,3.45257601495e-30,0.0493367987174,0.950663201283,6.74333812941e-30,1,5.9603143945,0.509948300594,35.7853949506,0,0,0.005,0,0,20.4,40.8012037436,0,0,0,0,0,0,0,0,0,0
0.12,0.0317818078777,0.968218192122,1,1,3.47777404217e-30,3.56577414214e-30,0.0317818078777,0.968218192122,7.04354818431e-30,1,5.95678885905,0.510835225023,35.7442861384,0,0,0.005,0,0,20.4,40.8012037436,0,0,0,0,0,0,0,0,0,0
0.125,0.0209962503926,0.979003749607,1,1,3.69500632437e-30,3.6197824601e-30,0.0209962503926,0.979003749607,7.31478878446e-30,1,5.9531135925,0.511760438959,35.7014601921,0,0,0.005,0,0,20.4,40.8012037436,0,0,0,0,0,0,0,0,0,0
0.13,0.0170907485412,0.982909251459,1,1,3.90823302188e-30,3.84700093841e-30,0.0170907485412,0.982909251459,7.75523396029e-30,1,5.94928867672,0.512724011893,35.6569216713,0,0,0.005,0,0,20.4,40.8012037436,0,0,0,0,0,0,0,0,0,0
0.135,0.0200735783441,0.979926421656,1,1,4.10020127328e-30,4.01546562755e-30,0.0200735783441,0.979926421656,8.11566690082e-30,1,5.94531420298,0.513726015385,35.610675391,0,0,0.005,0,0,20.4,40.8012037436,0,0,0,0,0,0,0,0,0,0
0.14,0.0298514634306,0.970148536569,1,1,4.31681803956e-30,4.04048773015e-30,0.0298514634306,0.970148536569,8.35730576971e-30,1,5.94119027206,0.514766522793,35.5627264218,0,0,0.005,0,0,20.4,40.8012037436,0,0,0,0,0,0,0,0,0,0
0.145,0.0462319267042,0.953768073296,1,1,4.56723543203e-30,4.15313736655e-30,0.0462319267042,0.953768073296,8.72037279858e-30,1,5.93691699412,0.515845608981,35.5130800874,0,0,0.005,0,0,20.4,40.8012037436,0,0,0,0,0,0,0,0,0,0
0.15,0.0689271457312,0.931072854269,1,1,4.76038599828e-30,4.22680174733e-30,0.0689271457312,0.931072854269,8.98718774561e-30,1,5.93249448862,0.516963350004,35.4617419627,0,0,0.005,0,0,20.4,40.8012037436,0,0,0,0,0,0,0,0,0,0
0.155,0.0975592340279,0.902440765972,1,1,4.92664957054e-30,4.43808682463e-30,0.0975592340279,0.902440765972,9.36473639517e-30,1,5.92792288405,0.518119822791,35.40871787,0,0,0.005,0,0,20.4,40.8012037436,0,0,0,0,0,0,0,0,0,0
0.16,0.131666848261,0.868333151739,1,1,5.21724537543e-30,4.58591383249e-30,0.131666848261,0.868333151739,9.80315920792e-30,1,5.92320231769,0.519315104807,35.3540138743,0,0,0.005,0,0,20.4,40.8012037436,0,0,0,0,0,0,0,0,0,0
0.165,0.170713001167,0.829286998833,1,1,5.61475150739e-30,4.82881057695e-30,0.170713001167,0.829286998833,1.04435620843e-29,1,5.91833293519,0.520549273715,35.2976362781,0,0,0.005,0,0,20.4,40.8012037436,0,0,0,0,0,0,0,0,0,0
0.17,0.214093942041,0.785906057959,1,1,5.97605366875e-30,5.01325500944e-30,0.214093942041,0.785906057959,1.09893086782e-29,1,5.91331489019,0.521822407044,35.2395916151,0,0,0.005,0,0,20.4,40.8012037436,0,0,0,0,0,0,0,0,0,0
0.175,0.261148951269,0.738851048731,1,1,6.61736626456e-30,5.28857994602e-30,0.261148951269,0.738851048731,1.19059462106e-29,1,5.90814834382,0.523134581851,35.1798866433,0,0,0.005,0,0,20.4,40.8012037436,0,0,0,0,0,0,0,0,0,0
0.18,0.311170882702,0.688829117298,1,1,7.83122984747e-30,5.56873229057e-30,0.311170882702,0.688829117298,1.3399962138e-29,1,5.90283346415,0.524485874399,35.1185283379,0,0,0.005,0,0,20.4,40.8012037436,0,0,0,0,0,0,0,0,0,0
0.185,0.363417278025,0.636582721975,1,1,9.41402726015e-30,5.68997916798e-30,0.363417278025,0.636582721975,1.51040064281e-29,1,5.89737042563,0.525876359851,35.0555238829,0,0,0.005,0,0,20.4,40.8012037436,0,0,0,0,0,0,0,0,0,0
0.19,0.417121870601,0.582878129399,1,1,1.20119782632e-29,6.38373711858e-30,0.417121870601,0.582878129399,1.83957153818e-29,1,5.89175940848,0.527306111976,34.9908806631,0,0,0.005,0,0,20.4,40.8012037436,0,0,0,0,0,0,0,0,0,0
0.195,0.471506292801,0.528493707199,1,1,1.67881573215e-29,7.46655632716e-30,0.471506292801,0.528493707199,2.42547136487e-29,1,5.88600059805,0.528775202885,34.9246062554,0,0,0.005,0,0,20.4,40.8012037436,0,0,0,0,0,0,0,0,0,0
0.2,0.525791800434,0.474208199566,1,1,2.34800324239e-29,8.33108988464e-30,0.525791800434,0.474208199566,3.18111223085e-29,1,5.8800941842,0.530283702788,34.8567084204,0,0,0.005,0,0,20.4,40.8012037436,0,0,0,0,0,0,0,0,0,0
0.205,0.579210830636,0.420789169364,1,1,3.38169550019e-29,1.08524687431e-29,0.579210830636,0.420789169364,4.4669423745e-29,1,5.87404036059,0.531831679781,34.7871950935,0,0,0.005,0,0,20.4,40.8012037436,0,0,0,0,0,0,0,0,0,0
0.21,0.631018215268,0.368981784732,1,1,5.24979223244e-29,1.52404069298e-29,0.631018215268,0.368981784732,6.77383292542e-29,1,5.86783932412,0.533419199675,34.7160743763,0,0,0.005,0,0,20.4,40.8012037436,0,0,0,0,0,0,0,0,0,0
0.215,0.680501880414,0.319498119586,1,1,8.12493565288e-29,2.11413184888e-29,0.680501880414,0.319498119586,1.02390675018e-28,1,5.86149127422,0.535046325846,34.6433545285,0,0,0.005,0,0,20.4,40.8012037436,0,0,0,0,0,0,0,0,0,0
0.22,0.726992873796,0.273007126204,1,1,1.26935327618e-28,3.38994240055e-29,0.726992873796,0.273007126204,1.60834751623e-28,1,5.85499641227,0.536713119134,34.5690439599,0,0,0.005,0,0,20.4,40.8012037436,0,0,0,0,0,0,0,0,0,0
0.225,0.76987457546,0.23012542454,1,1,2.05164047729e-28,5.75504672875e-29,0.76987457546,0.23012542454,2.62714515016e-28,1,5.84835494104,0.538419637773,34.4931512227,0,0,0.005,0,0,20.4,40.8012037436,0,0,0,0,0,0,0,0,0,0
0.23,0.808590962847,0.191409037153,1,1,3.35875776825e-28,9.55542091568e-29,0.808590962847,0.191409037153,4.31429985982e-28,1,5.84156706413,0.540165937364,34.4156850046,0,0,0.005,0,0,20.4,40.8012037436,0,0,0,0,0,0,0,0,0,0
0.235,0.842653818883,0.157346181117,1,1,5.51437715824e-28,1.64129934417e-28,0.842653818883,0.157346181117,7.15567650242e-28,1,5.83463298549,0.541952070884,34.3366541225,0,0,0.005,0,0,20.4,40.8012037436,0,0,0,0,0,0,0,0,0,0
0.24,0.871648790732,0.128351209268,1,1,9.14342133514e-28,2.90374930702e-28,0.871648790732,0.128351209268,1.20471706422e-27,1,5.82755290895,0.543778088732,34.2560675164,0,0,0.005,0,0,20.4,40.8012037436,0,0,0,0,0,0,0,0,0,0
0.245,0.895240227028,0.104759772972,1,1,1.52688328465e-27,5.22341708775e-28,0.895240227028,0.104759772972,2.04922499343e-27,1,5.82032703791,0.545644038811,34.1739342453,0,0,0.005,0,0,20.4,40.8012037436,0,0,0,0,0,0,0,0,0,0
0.25,0.913174742301,0.086825257699,1,1,2.55310949761e-27,9.35636916714e-28,0.913174742301,0.086825257699,3.48874641432e-27,1,5.81295557493,0.547549966646,34.0902634821,0,0,0.005,0,0,20.4,40.8012037436,0,0,0,0,0,0,0,0,0,0
0.255,0.92528347864,0.0747165213604,1,1,4.30350972521e-27,1.66262904039e-27,0.92528347864,0.0747165213604,5.9661387656e-27,1,5.80543872154,0.549495915531,34.0050645107,0,0,0.005,0,0,20.4,40.8012037436,0,0,0,0,0,0,0,0,0,0
0.26,0.931483055982,0.0685169440181,1,1,7.29661217937e-27,2.98291848579e-27,0.931483055982,0.0685169440181,1.02795306652e-26,1,5.79777667805,0.551481926701,33.918346724,0,0,0.005,0,0,20.4,40.8012037436,0,0,0,0,0,0,0,0,0,0
0.265,0.931775223434,0.0682247765657,1,1,1.23811871009e-26,5.39790722526e-27,0.931775223434,0.0682247765657,1.77790943262e-26,1,5.7899696434,0.553508039532,33.8301196213,0,0,0.005,0,0,20.4,40.8012037436,0,0,0,0,0,0,0,0,0,0
0.27,0.926245244363,0.0737547556367,1,1,2.10981424891e-26,9.74433577547e-27,0.926245244363,0.0737547556367,3.08424782645e-26,1,5.78201781517,0.555574291759,33.7403928086,0,0,0.005,0,0,20.4,40.8012037436,0,0,0,0,0,0,0,0,0,0
0.275,0.915059067336,0.0849409326638,1,1,3.60894865409e-26,1.75101797273e-26,0.915059067336,0.0849409326638,5.35996662682e-26,1,5.77392138956,0.557680719703,33.6491759979,0,0,0.005,0,0,20.4,40.8012037436,0,0,0,0,0,0,0,0,0,0
0.28,0.898459353022,0.101540646978,1,1,6.18886135031e-26,3.16063955055e-26,0.898459353022,0.101540646978,9.34950090085e-26,1,5.7656805615,0.559827358518,33.5564790086,0,0,0.005,0,0,20.4,40.8012037436,0,0,0,0,0,0,0,0,0,0
0.285,0.876760443614,0.123239556386,1,1,1.06335547616e-25,5.71761015513e-26,0.876760443614,0.123239556386,1.63511649167e-25,1,5.75729552482,0.562014242434,33.4623117688,0,0,0.005,0,0,20.4,40.8012037436,0,0,0,0,0,0,0,0,0,0
0.29,0.85034237599,0.14965762401,1,1,1.83061716963e-25,1.03116023947e-25,0.85034237599,0.14965762401,2.8617774091e-25,1,5.74876647246,0.564241405002,33.366684318,0,0,0.005,0,0,20.4,40.8012037436,0,0,0,0,0,0,0,0,0,0
0.295,0.819644052437,0.180355947563,1,1,3.15684254644e-25,1.85941405343e-25,0.819644052437,0.180355947563,5.01625659987e-25,1,5.74009359677,0.566508879335,33.2696068101,0,0,0.005,0,0,20.4,40.8012037436,0,0,0,0,0,0,0,0,0,0
0.3,0.785155693265,0.214844306735,1,1,5.45078874158e-25,3.35501094878e-25,0.785155693265,0.214844306735,8.80579969036e-25,1,5.73127708981,0.568816698335,33.1710895165,0,0,0.005,0,0,20.4,40.8012037436,0,0,0,0,0,0,0,0,0,0
0.305,0.74741070376,0.25258929624,1,1,9.42080326146e-25,6.04919041802e-25,0.74741070376,0.25258929624,1.54699936795e-24,1,5.72231714375,0.57116489491,33.0711428308,0,0,0.005,0,0,20.4,40.8012037436,0,0,0,0,0,0,0,0,0,0
0.31,0.706977093792,0.293022906208,1,1,1.62936571101e-24,1.08959406903e-24,0.706977093792,0.293022906208,2.71895978004e-24,1,5.71321395129,0.57355350216,32.969777273,0,0,0.005,0,0,20.4,40.8012037436,0,0,0,0,0,0,0,0,0,0
0.315,0.664448591753,0.335551408247,1,1,2.81986660801e-24,1.96063677914e-24,0.664448591753,0.335551408247,4.78050338714e-24,1,5.7039677061,0.575982553551,32.8670034943,0,0,0.005,0,0,20.4,40.8012037436,0,0,0,0,0,0,0,0,0,0
0.32,0.620435595578,0.379564404422,1,1,4.88207477638e-24,3.52421482569e-24,0.620435595578,0.379564404422,8.40628960207e-24,1,5.69457860334,0.578452083052,32.762832282,0,0,0.005,0,0,20.4,40.8012037436,0,0,0,0,0,0,0,0,0,0
0.325,0.575556102259,0.424443897742,1,1,8.45367376129e-24,6.32536982216e-24,0.575556102259,0.424443897742,1.47790435835e-23,1,5.6850468401,0.580962125243,32.6572745651,0,0,0.005,0,0,20.4,40.8012037436,0,0,0,0,0,0,0,0,0,0
0.33,0.530426753736,0.469573246264,1,1,1.46379045156e-23,1.13347969353e-23,0.530426753736,0.469573246264,2.59727014509e-23,1,5.67537261595,0.583512715387,32.5503414189,0,0,0.005,0,0,20.4,40.8012037436,0,0,0,0,0,0,0,0,0,0
0.335,0.485654131377,0.514345868623,1,1,2.5339644255e-23,2.02777143015e-23,0.485654131377,0.514345868623,4.56173585565e-23,1,5.66555613349,0.58610388947,32.4420440709,0,0,0.005,0,0,20.4,40.8012037436,0,0,0,0,0,0,0,0,0,0
0.34,0.441826423594,0.558173576406,1,1,4.38487549424e-23,3.62112921623e-23,0.441826423594,0.558173576406,8.00600471047e-23,1,5.65559759876,0.588735684192,32.332393905,0,0,0.005,0,0,20.4,40.8012037436,0,0,0,0,0,0,0,0,0,0
0.345,0.399505581789,0.600494418211,1,1,7.58378481772e-23,6.45368303685e-23,0.399505581789,0.600494418211,1.40374678546e-22,1,5.64549722188,0.591408136933,32.2214024667,0,0,0.005,0,0,20.4,40.8012037436,0,0,0,0,0,0,0,0,0,0
0.35,0.359220068784,0.640779931216,1,1,1.31072450985e-22,1.14771501538e-22,0.359220068784,0.640779931216,2.45843952523e-22,1,5.63525521743,0.594121285665,32.1090814677,0,0,0.005,0,0,20.4,40.8012037436,0,0,0,0,0,0,0,0,0,0
0.355,0.321458291643,0.678541708357,1,1,2.26339808061e-22,2.03645375274e-22,0.321458291643,0.678541708357,4.29985183336e-22,1,5.62487180497,0.596875168834,31.9954427895,0,0,0.005,0,0,20.4,40.8012037436,0,0,0,0,0,0,0,0,0,0
0.36,0.286662797343,0.713337202657,1,1,3.90440319502e-22,3.60459345976e-22,0.286662797343,0.713337202657,7.50899665479e-22,1,5.61434720945,0.599669825202,31.8804984875,0,0,0.005,0,0,20.4,40.8012037436,0,0,0,0,0,0,0,0,0,0
0.365,0.25522529557,0.74477470443,1,1,6.72725203328e-22,6.36366534192e-22,0.25522529557,0.74477470443,1.30909173752e-21,1,5.60368166166,0.602505293647,31.7642607941,0,0,0.005,0,0,20.4,40.8012037436,0,0,0,0,0,0,0,0,0,0
0.37,0.227482558078,0.772517441922,1,1,1.15757343909e-21,1.12042051336e-21,0.227482558078,0.772517441922,2.27799395245e-21,1,5.59287539853,0.605381612937,31.6467421207,0,0,0.005,0,0,20.4,40.8012037436,0,0,0,0,0,0,0,0,0,0
0.375,0.203713228981,0.796286771019,1,1,1.98895014605e-21,1.96706850649e-21,0.203713228981,0.796286771019,3.95601865254e-21,1,5.58192866349,0.608298821467,31.5279550605,0,0,0.005,0,0,20.4,40.8012037436,0,0,0,0,0,0,0,0,0,0
0.38,0.184135565188,0.815864434812,1,1,3.41199894176e-21,3.44326308977e-21,0.184135565188,0.815864434812,6.85526203153e-21,1,5.57084170677,0.611256956965,31.4079123893,0,0,0.005,0,0,20.4,40.8012037436,0,0,0,0,0,0,0,0,0,0
0.385,0.168906111239,0.831093888761,1,1,5.84315685994e-21,6.00882428458e-21,0.168906111239,0.831093888761,1.18519811445e-20,1,5.55961478554,0.614256056183,31.2866270662,0,0,0.005,0,0,20.4,40.8012037436,0,0,0,0,0,0,0,0,0,0
0.39,0.15811929831,0.84188070169,1,1,9.98817290614e-21,1.0452687219e-20,0.15811929831,0.84188070169,2.04408601252e-20,1,5.5482481642,0.617296154559,31.164112234,0,0,0.005,0,0,20.4,40.8012037436,0,0,0,0,0,0,0,0,0,0
0.395,0.15180794333,0.84819205667,1,1,1.70400445151e-20,1.81233910715e-20,0.15180794333,0.84819205667,3.51634355866e-20,1,5.5367421144,0.620377285865,31.0403812182,0,0,0.005,0,0,20.4,40.8012037436,0,0,0,0,0,0,0,0,0,0
0.4,0.149944611164,0.850055388836,1,1,2.90102429552e-20,3.13171070726e-20,0.149944611164,0.850055388836,6.03273500278e-20,1,5.52509691519,0.623499481848,30.9154475261,0,0,0.005,0,0,20.4,40.8012037436,0,0,0,0,0,0,0,0,0,0
0.405,0.152443790925,0.847556209075,1,1,4.92810169853e-20,5.39277652984e-20,0.152443790925,0.847556209075,1.03208782284e-19,1,5.51331285299,0.626662771857,30.7893248446,0,0,0.005,0,0,20.4,40.8012037436,0,0,0,0,0,0,0,0,0,0
0.41,0.159164826743,0.840835173257,1,1,8.35231409623e-20,9.25322407621e-20,0.159164826743,0.840835173257,1.76055381724e-19,1,5.50139022159,0.629867182478,30.6620270377,0,0,0.005,0,0,20.4,40.8012037436,0,0,0,0,0,0,0,0,0,0
0.415,0.169915533976,0.830084466024,1,1,1.4121703666e-19,1.58193026846e-19,0.169915533976,0.830084466024,2.99410063506e-19,1,5.48932932203,0.633112737165,30.5335681437,0,0,0.005,0,0,20.4,40.8012037436,0,0,0,0,0,0,0,0,0,0
0.42,0.184456423883,0.815543576117,1,1,2.38164063285e-19,2.69439154294e-19,0.184456423883,0.815543576117,5.07603217579e-19,1,5.47713046254,0.636399455882,30.4039623711,0,0,0.005,0,0,20.4,40.8012037436,0,0,0,0,0,0,0,0,0,0
0.425,0.202505453363,0.797494546637,1,1,4.00618527565e-19,4.57173250806e-19,0.202505453363,0.797494546637,8.57791778371e-19,1,5.4647939583,0.639727354759,30.2732240951,0,0,0.005,0,0,20.4,40.8012037436,0,0,0,0,0,0,0,0,0,0
0.43,0.223743211504,0.776256788496,1,1,6.72062808765e-19,7.72712209606e-19,0.223743211504,0.776256788496,1.44477501837e-18,1,5.45232013127,0.643096445766,30.1413678524,0,0,0.005,0,0,20.4,40.8012037436,0,0,0,0,0,0,0,0,0,0
0.435,0.247818451392,0.752181548608,1,1,1.12427266784e-18,1.30089911624e-18,0.247818451392,0.752181548608,2.42517178409e-18,1,5.43970930993,0.646506736405,30.0084083367,0,0,0.005,0,0,20.4,40.8012037436,0,0,0,0,0,0,0,0,0,0
0.44,0.274353873885,0.725646126115,1,1,1.87532702388e-18,2.18138416264e-18,0.274353873885,0.725646126115,4.05671118652e-18,1,5.426961829,0.649958229433,29.8743603934,0,0,0.005,0,0,20.4,40.8012037436,0,0,0,0,0,0,0,0,0,0
0.445,0.302952069897,0.697047930103,1,1,3.11880361449e-18,3.6430029309e-18,0.302952069897,0.697047930103,6.76180654539e-18,1,5.41407802914,0.653450922611,29.7392390139,0,0,0.005,0,0,20.4,40.8012037436,0,0,0,0,0,0,0,0,0,0
0.45,0.333201528961,0.666798471039,1,1,5.17091672479e-18,6.0590385795e-18,0.333201528961,0.666798471039,1.12299553043e-17,1,5.4010582566,0.656984808488,29.6030593298,0,0,0.005,0,0,20.4,40.8012037436,0,0,0,0,0,0,0,0,0,0
0.455,0.364682624551,0.635317375449,1,1,8.54633150995e-18,1.0035625927e-17,0.364682624551,0.635317375449,1.8581957437e-17,1,5.3879028629,0.660559874211,29.4658366075,0,0,0.005,0,0,20.4,40.8012037436,0,0,0,0,0,0,0,0,0,0
0.46,0.39697349055,0.60302650945,1,1,1.40795916325e-17,1.65524938341e-17,0.39697349055,0.60302650945,3.06320854666e-17,1,5.37461220443,0.664176101387,29.3275862417,0,0,0.005,0,0,20.4,40.8012037436,0,0,0,0,0,0,0,0,0,0
0.465,0.429655708395,0.570344291605,1,1,2.31187912658e-17,2.7185927368e-17,0.429655708395,0.570344291605,5.03047186337e-17,1,5.36118664212,0.667833465971,29.1883237499,0,0,0.005,0,0,20.4,40.8012037436,0,0,0,0,0,0,0,0,0,0
0.47,0.462319730555,0.537680269445,1,1,3.78331726937e-17,4.44602438983e-17,0.462319730555,0.537680269445,8.2293416592e-17,1,5.34762654102,0.671531938194,29.0480647663,0,0,0.005,0,0,20.4,40.8012037436,0,0,0,0,0,0,0,0,0,0
0.475,0.494569973067,0.505430026933,1,1,6.16995446782e-17,7.23991507213e-17,0.494569973067,0.505430026933,1.340986954e-16,1,5.33393226997,0.675271482538,28.9068250358,0,0,0.005,0,0,20.4,40.8012037436,0,0,0,0,0,0,0,0,0,0
0.48,0.52602951761,0.47397048239,1,1,1.00268143454e-16,1.17386373356e-16,0.52602951761,0.47397048239,2.17654516809e-16,1,5.3201042012,0.679052057746,28.7646204088,0,0,0.005,0,0,20.4,40.8012037436,0,0,0,0,0,0,0,0,0,0
0.485,0.556344371958,0.443655628042,1,1,1.62363083639e-16,1.89502418737e-16,0.556344371958,0.443655628042,3.51865502376e-16,1,5.30614271,0.682873616865,28.6214668355,0,0,0.005,0,0,20.4,40.8012037436,0,0,0,0,0,0,0,0,0,0
0.49,0.585187246449,0.414812753551,1,1,2.61955543535e-16,3.04590641411e-16,0.585187246449,0.414812753551,5.66546184946e-16,1,5.29204817436,0.68673610734,28.4773803608,0,0,0.005,0,0,20.4,40.8012037436,0,0,0,0,0,0,0,0,0,0
0.495,0.612260813117,0.387739186883,1,1,4.21073435713e-16,4.87434704387e-16,0.612260813117,0.387739186883,9.085081401e-16,1,5.27782097462,0.690639471131,28.3323771193,0,0,0.005,0,0,20.4,40.8012037436,0,0,0,0,0,0,0,0,0,0
0.5,0.637300423293,0.362699576707,1,1,6.74300156701e-16,7.76621317178e-16,0.637300423293,0.362699576707,1.45092147388e-15,1,5.26346149324,0.69458364487,28.1864733306,0,0,0.005,0,0,20.4,40.8012037436,0,0,0,0,0,0,0,0,0,0
0.505,0.660076268565,0.339923731435,1,1,1.07569789869e-15,1.23194539049e-15,0.660076268565,0.339923731435,2.30764328918e-15,1,5.24897011444,0.698568560049,28.0396852954,0,0,0.005,0,0,20.4,40.8012037436,0,0,0,0,0,0,0,0,0,0
0.51,0.68039497888,0.31960502112,1,1,1.70941218288e-15,1.94563152614e-15,0.68039497888,0.31960502112,3.65504370901e-15,1,5.234347224,0.702594143235,27.8920293915,0,0,0.005,0,0,20.4,40.8012037436,0,0,0,0,0,0,0,0,0,0
0.515,0.698100660171,0.301899339829,1,1,2.70583760347e-15,3.05925557466e-15,0.698100660171,0.301899339829,5.76509317814e-15,1,5.219593209,0.706660316313,27.7435220701,0,0,0.005,0,0,20.4,40.8012037436,0,0,0,0,0,0,0,0,0,0
0.52,0.713075381984,0.286924618016,1,1,4.26614344501e-15,4.78913723503e-15,0.713075381984,0.286924618016,9.05528068004e-15,1,5.20470845765,0.710766996745,27.5941798528,0,0,0.005,0,0,20.4,40.8012037436,0,0,0,0,0,0,0,0,0,0
0.525,0.725239133206,0.274760866794,1,1,6.6993027616e-15,7.46425944465e-15,0.725239133206,0.274760866794,1.41635622062e-14,1,5.18969335914,0.714914097853,27.4440193292,0,0,0.005,0,0,20.4,40.8012037436,0,0,0,0,0,0,0,0,0,0
0.53,0.734549270894,0.265450729106,1,1,1.0477727352e-14,1.15826209159e-14,0.734549270894,0.265450729106,2.20603482679e-14,1,5.17454830347,0.719101529117,27.2930571541,0,0,0.005,0,0,20.4,40.8012037436,0,0,0,0,0,0,0,0,0,0
0.535,0.740999493435,0.259000506565,1,1,1.63204493352e-14,1.78945801245e-14,0.740999493435,0.259000506565,3.42150294597e-14,1,5.15927368137,0.723329196478,27.1413100458,0,0,0.005,0,0,20.4,40.8012037436,0,0,0,0,0,0,0,0,0,0
0.54,0.744618374695,0.255381625305,1,1,2.53168771604e-14,2.75255305093e-14,0.744618374695,0.255381625305,5.28424076697e-14,1,5.14386988425,0.727597002649,26.9887947844,0,0,0.005,0,0,20.4,40.8012037436,0,0,0,0,0,0,0,0,0,0
0.545,0.745467500407,0.254532499593,1,1,3.91100075958e-14,4.21556106343e-14,0.745467500407,0.254532499593,8.12656182301e-14,1,5.12833730415,0.731904847439,26.8355282108,0,0,0.005,0,0,20.4,40.8012037436,0,0,0,0,0,0,0,0,0,0
0.55,0.743639251797,0.256360748203,1,1,6.01663131623e-14,6.42817253121e-14,0.743639251797,0.256360748203,1.24448038474e-13,1,5.11267633373,0.736252628057,26.6815272259,0,0,0.005,0,0,20.4,40.8012037436,0,0,0,0,0,0,0,0,0,0
0.555,0.739254284304,0.260745715696,1,1,9.21713317145e-14,9.75977902304e-14,0.739254284304,0.260745715696,1.89769121945e-13,1,5.09688736633,0.740640239433,26.5268087893,0,0,0.005,0,0,20.4,40.8012037436,0,0,0,0,0,0,0,0,0,0
0.56,0.732458751251,0.267541248749,1,1,1.40606610124e-13,1.47543977243e-13,0.732458751251,0.267541248749,2.88150587367e-13,1,5.08097079597,0.745067574515,26.3713899201,0,0,0.005,0,0,20.4,40.8012037436,0,0,0,0,0,0,0,0,0,0
0.565,0.723421323468,0.276578676532,1,1,2.13586932015e-13,2.22096414526e-13,0.723421323467,0.276578676532,4.3568334654e-13,1,5.06492701747,0.749534524561,26.2152876958,0,0,0.005,0,0,20.4,40.8012037436,0,0,0,0,0,0,0,0,0,0
0.57,0.712330056151,0.287669943849,1,1,3.23069166171e-13,3.32897416717e-13,0.712330056151,0.287669943849,6.55966582887e-13,0.999999999999,5.04875642655,0.754040979418,26.0585192533,0,0,0.005,0,0,20.4,40.8012037436,0,0,0,0,0,0,0,0,0,0
0.575,0.699389153806,0.300610846194,1,1,4.86588928162e-13,4.96865743065e-13,0.699389153806,0.300610846193,9.83454671227e-13,0.999999999999,5.03245941994,0.758586827783,25.9011017886,0,0,0.005,0,0,20.4,40.8012037436,0,0,0,0,0,0,0,0,0,0
0.58,0.684815682865,0.315184317135,1,1,7.29742985005e-13,7.38480431193e-13,0.684815682864,0.315184317134,1.4682234162e-12,0.999999999999,5.01603639553,0.763171957444,25.7430525579,0,0,0.005,0,0,20.4,40.8012037436,0,0,0,0,0,0,0,0,0,0
0.585,0.668836279697,0.331163720303,1,1,1.08971981663e-12,1.09300550125e-12,0.668836279696,0.331163720302,2.18272531788e-12,0.999999999998,4.99948775252,0.7677962555,25.5843888776,0,0,0.005,0,0,20.4,40.8012037436,0,0,0,0,0,0,0,0,0,0
0.59,0.651683899236,0.348316100764,1,1,1.62029569613e-12,1.61102297348e-12,0.651683899234,0.348316100763,3.23131866961e-12,0.999999999997,4.98281389162,0.77245960856,25.4251281254,0,0,0.005,0,0,20.4,40.8012037436,0,0,0,0,0,0,0,0,0,0
0.595,0.633594646381,0.366405353619,1,1,2.39886916528e-12,2.36477700869e-12,0.633594646378,0.366405353617,4.76364617398e-12,0.999999999995,4.96601521521,0.777161902915,25.265287741,0,0,0.005,0,0,20.4,40.8012037436,0,0,0,0,0,0,0,0,0,0
0.6,0.614804728872,0.385195271128,1,1,3.53631597601e-12,3.45701409347e-12,0.614804728869,0.385195271124,6.99333006948e-12,0.999999999993,4.94909212752,0.781903024685,25.1048852267,0,0,0.005,0,0,20.4,40.8012037436,0,0,0,0,0,0,0,0,0,0
0.605,0.595547566426,0.404452433574,1,1,5.19072635266e-12,5.03324805186e-12,0.59554756642,0.404452433569,1.02239744045e-11,0.99999999999,4.93204503487,0.786682859944,24.9439381482,0,0,0.005,0,0,20.4,40.8012037436,0,0,0,0,0,0,0,0,0,0
0.61,0.57605108678,0.42394891322,1,1,7.58645852505e-12,7.2987036916e-12,0.576051086772,0.423948913213,1.48851622166e-11,0.999999999985,4.91487434583,0.791501294812,24.782464135,0,0,0.005,0,0,20.4,40.8012037436,0,0,0,0,0,0,0,0,0,0
0.615,0.556535234905,0.443464765095,1,1,1.10404345352e-11,1.05416240893e-11,0.556535234894,0.443464765084,2.15820586245e-11,0.999999999978,4.89758047144,0.79635821553,24.6204808817,0,0,0.005,0,0,20.4,40.8012037436,0,0,0,0,0,0,0,0,0,0
0.62,0.537209717118,0.462790282882,1,1,1.59982512811e-11,1.51651959192e-11,0.537209717102,0.462790282867,3.11634472003e-11,0.999999999969,4.88016382539,0.801253508498,24.4580061476,0,0,0.005,0,0,20.4,40.8012037436,0,0,0,0,0,0,0,0,0,0
0.625,0.518271997279,0.481728002721,1,1,2.30835256718e-11,2.17310956271e-11,0.518271997256,0.481728002699,4.48146212989e-11,0.999999999955,4.86262482424,0.806187060298,24.2950577575,0,0,0.005,0,0,20.4,40.8012037436,0,0,0,0,0,0,0,0,0,0
0.63,0.499905557693,0.500094442307,1,1,3.31649925707e-11,3.10186383502e-11,0.49990555766,0.500094442276,6.4183630921e-11,0.999999999936,4.84496388758,0.811158757689,24.1316536021,0,0,0.005,0,0,20.4,40.8012037436,0,0,0,0,0,0,0,0,0,0
0.635,0.48227843288,0.51772156712,1,1,4.7447296072e-11,4.41047864001e-11,0.482278432833,0.517721567076,9.15520824722e-11,0.999999999909,4.82718143822,0.816168487575,23.9678116376,0,0,0.005,0,0,20.4,40.8012037436,0,0,0,0,0,0,0,0,0,0
0.64,0.46554202006,0.53445797994,1,1,6.7593242731e-11,6.24719264754e-11,0.465542019993,0.534457979877,1.30065169206e-10,0.99999999987,4.80927790236,0.821216136961,23.8035498857,0,0,0.005,0,0,20.4,40.8012037436,0,0,0,0,0,0,0,0,0,0
0.645,0.44983016611,0.55016983389,1,1,9.58876227096e-11,8.81524562063e-11,0.449830166014,0.550169833802,1.84040078916e-10,0.999999999816,4.79125370974,0.826301592881,23.6388864335,0,0,0.005,0,0,20.4,40.8012037436,0,0,0,0,0,0,0,0,0,0
0.65,0.435258526881,0.564741473119,1,1,1.35455676765e-10,1.2392195694e-10,0.435258526745,0.564741472996,2.59377633705e-10,0.999999999741,4.77310929377,0.831424742311,23.4738394324,0,0,0.005,0,0,20.4,40.8012037436,0,0,0,0,0,0,0,0,0,0
0.655,0.421924191238,0.578075808762,1,1,1.90553045346e-10,1.73556225806e-10,0.421924191047,0.578075808589,3.64109271152e-10,0.999999999636,4.7548450917,0.836585472069,23.3084270982,0,0,0.005,0,0,20.4,40.8012037436,0,0,0,0,0,0,0,0,0,0
0.66,0.409905558964,0.590094441036,1,1,2.66948763081e-10,2.4217188545e-10,0.409905558697,0.590094440794,5.09120648531e-10,0.999999999491,4.73646154469,0.841783668696,23.1426677092,0,0,0.005,0,0,20.4,40.8012037436,0,0,0,0,0,0,0,0,0,0
0.665,0.399262458816,0.600737541184,1,1,3.72428775271e-10,3.36675914501e-10,0.399262458443,0.600737540848,7.09104689772e-10,0.999999999291,4.71795909791,0.847019218327,22.9765796058,0,0,0.005,0,0,20.4,40.8012037436,0,0,0,0,0,0,0,0,0,0
0.67,0.390036490563,0.609963509437,1,1,5.17454811064e-10,4.66356523812e-10,0.390036490046,0.60996350897,9.83811334876e-10,0.999999999016,4.69933820066,0.852292006559,22.8101811887,0,0,0.005,0,0,20.4,40.8012037436,0,0,0,0,0,0,0,0,0,0
0.675,0.382251572755,0.617748427245,1,1,7.16022555242e-10,6.43656675756e-10,0.382251572039,0.617748426602,1.359679231e-09,0.99999999864,4.6805993064,0.857601918298,22.6434909174,0,0,0.005,0,0,20.4,40.8012037436,0,0,0,0,0,0,0,0,0,0
0.68,0.375914676294,0.624085323706,1,1,9.86774274175e-10,8.85182602827e-10,0.375914675307,0.624085322821,1.871956877e-09,0.999999998128,4.6617428728,0.862948837618,22.4765273085,0,0,0.005,0,0,20.4,40.8012037436,0,0,0,0,0,0,0,0,0,0
0.685,0.371016722626,0.628983277375,1,1,1.35443478717e-09,1.21301339602e-09,0.371016721271,0.628983276162,2.56744818319e-09,0.999999997433,4.6427693618,0.868332647602,22.3093089338,0,0,0.005,0,0,20.4,40.8012037436,0,0,0,0,0,0,0,0,0,0
0.69,0.367533624442,0.632466375559,1,1,1.8516564137e-09,1.65639465209e-09,0.36753362259,0.632466373902,3.50805106579e-09,0.999999996492,4.6236792396,0.873753230191,22.141854418,0,0,0.005,0,0,20.4,40.8012037436,0,0,0,0,0,0,0,0,0,0
0.695,0.365427446326,0.634572553674,1,1,2.52137882374e-09,2.25391992992e-09,0.365427443804,0.63457255142,4.77529875365e-09,0.999999995225,4.60447297669,0.879210466034,21.9741824366,0,0,0.005,0,0,20.4,40.8012037436,0,0,0,0,0,0,0,0,0,0
0.7,0.364647662586,0.635352337414,1,1,3.41983420661e-09,3.05632910696e-09,0.364647659166,0.635352334358,6.47616331357e-09,0.999999993524,4.5851510478,0.884704234334,21.8063117134,0,0,0.005,0,0,20.4,40.8012037436,0,0,0,0,0,0,0,0,0,0
0.705,0.365132489725,0.634867510275,1,1,4.62035757452e-09,4.13008348715e-09,0.365132485105,0.634867506145,8.75044106167e-09,0.99999999125,4.56571393191,0.890234412709,21.6382610176,0,0,0.005,0,0,20.4,40.8012037436,0,0,0,0,0,0,0,0,0,0
0.71,0.366810271498,0.633189728502,1,1,6.2181971451e-09,5.56191464384e-09,0.36681026528,0.63318972294,1.17801117889e-08,0.99999998822,4.54616211221,0.895800877049,21.4700491618,0,0,0.005,0,0,20.4,40.8012037436,0,0,0,0,0,0,0,0,0,0
0.715,0.369600895272,0.630399104728,1,1,8.33656152038e-09,7.46458855106e-09,0.369600886936,0.630399097263,1.58011500714e-08,0.999999984199,4.52649607602,0.901403501391,21.3016949986,0,0,0.005,0,0,20.4,40.8012037436,0,0,0,0,0,0,0,0,0,0
0.72,0.373417219448,0.626582780552,1,1,1.11341898224e-08,9.98417974269e-09,0.373417208314,0.626582770568,2.11183695651e-08,0.999999978882,4.50671631477,0.907042157795,21.1332174179,0,0,0.005,0,0,20.4,40.8012037436,0,0,0,0,0,0,0,0,0,0
0.725,0.378166492935,0.621833507065,1,1,1.48147891977e-08,1.3309213333e-08,0.37816647812,0.621833493756,2.81240025308e-08,0.999999971876,4.48682332391,0.912716716235,20.964635344,0,0,0.005,0,0,20.4,40.8012037436,0,0,0,0,0,0,0,0,0,0
0.73,0.383751749104,0.616248250896,1,1,1.96387524256e-08,1.76821071246e-08,0.383751729465,0.616248233214,3.73208595502e-08,0.999999962679,4.4668176028,0.918427044498,20.7959677328,0,0,0.005,0,0,20.4,40.8012037436,0,0,0,0,0,0,0,0,0,0
0.735,0.390073158214,0.609926841786,1,1,2.59376481416e-08,2.34134331993e-08,0.390073132276,0.609926818373,4.93510813409e-08,0.999999950649,4.44669965471,0.924173008098,20.6272335681,0,0,0.005,0,0,20.4,40.8012037436,0,0,0,0,0,0,0,0,0,0
0.74,0.397029323991,0.602970676009,1,1,3.41320689348e-08,3.08996198792e-08,0.397029289859,0.602970645109,6.5031688814e-08,0.999999934968,4.42646998663,0.9299544702,20.4584518592,0,0,0.005,0,0,20.4,40.8012037436,0,0,0,0,0,0,0,0,0,0
0.745,0.404518511822,0.595481488178,1,1,4.47535299349e-08,4.06448323292e-08,0.404518467068,0.595481447533,8.53983622641e-08,0.999999914602,4.40612910925,0.935771291559,20.2896416375,0,0,0.005,0,0,20.4,40.8012037436,0,0,0,0,0,0,0,0,0,0
0.75,0.41243979781,0.587560202191,1,1,5.84712342529e-08,5.32879049275e-08,0.412439739338,0.587560148903,1.1175913918e-07,0.999999888241,4.38567753682,0.941623330468,20.1208219534,0,0,0.005,0,0,20.4,40.8012037436,0,0,0,0,0,0,0,0,0,0
0.755,0.420694129804,0.579305870196,1,1,7.61246636683e-08,6.96353523687e-08,0.420694053679,0.579305800561,1.45760016037e-07,0.99999985424,4.36511578705,0.947510442725,19.9520118734,0,0,0.005,0,0,20.4,40.8012037436,0,0,0,0,0,0,0,0,0,0
0.76,0.429185293316,0.570814706684,1,1,9.87631152941e-08,9.07016606794e-08,0.429185194553,0.570814615982,1.89464775973e-07,0.999999810535,4.34444438103,0.95343248161,19.7832304769,0,0,0.005,0,0,20.4,40.8012037436,0,0,0,0,0,0,0,0,0,0
0.765,0.437820777019,0.562179222981,1,1,1.27693489717e-07,1.17758255141e-07,0.437820649325,0.562179105223,2.45451744858e-07,0.999999754548,4.32366384311,0.959389297871,19.614496853,0,0,0.005,0,0,20.4,40.8012037436,0,0,0,0,0,0,0,0,0,0
0.77,0.446512534262,0.553487465738,1,1,1.64537845516e-07,1.52392760469e-07,0.446512369724,0.553487313345,3.16930605985e-07,0.999999683069,4.30277470077,0.965380739732,19.4458300982,0,0,0.005,0,0,20.4,40.8012037436,0,0,0,0,0,0,0,0,0,0
0.775,0.455177638667,0.544822361333,1,1,2.11302471398e-07,1.96580410069e-07,0.455177427364,0.544822164753,4.07882881467e-07,0.999999592117,4.28177748458,0.971406652901,19.2772493128,0,0,0.005,0,0,20.4,40.8012037436,0,0,0,0,0,0,0,0,0,0
0.78,0.463738833407,0.536261166593,1,1,2.70460492708e-07,2.52769725939e-07,0.463738562947,0.536260913823,5.23230218647e-07,0.99999947677,4.26067272805,0.977466880601,19.1087735982,0,0,0.005,0,0,20.4,40.8012037436,0,0,0,0,0,0,0,0,0,0
0.785,0.472124975227,0.527875024773,1,1,3.45050326128e-07,3.23984878355e-07,0.472124630177,0.527874700788,6.69035204483e-07,0.999999330965,4.23946096753,0.983561263603,18.9404220545,0,0,0.005,0,0,20.4,40.8012037436,0,0,0,0,0,0,0,0,0,0
0.79,0.480271375528,0.519728624472,1,1,4.38792627068e-07,4.13947443768e-07,0.480270936736,0.519728210524,8.52740070836e-07,0.99999914726,4.21814274216,0.98968964027,18.7722137773,0,0,0.005,0,0,20.4,40.8012037436,0,0,0,0,0,0,0,0,0,0
0.795,0.488120042043,0.511879957957,1,1,5.5622874067e-07,5.2722060856e-07,0.488119485815,0.511879430736,1.08344934923e-06,0.999998916551,4.19671859374,0.995851846618,18.6041678554,0,0,0.005,0,0,20.4,40.8012037436,0,0,0,0,0,0,0,0,0,0
0.8,0.495619825642,0.504380174358,1,1,7.02884071197e-07,6.69379212647e-07,0.495619122758,0.504379504979,1.37226328384e-06,0.999998627737,4.17518906665,1.00204771637,18.4363033682,0,0,0.005,0,0,20.4,40.8012037436,0,0,0,0,0,0,0,0,0,0
0.805,0.502726477687,0.497273522313,1,1,8.85460227259e-07,8.47209386802e-07,0.502725592227,0.497272675103,1.73266961406e-06,0.99999826733,4.15355470779,1.00827708105,18.2686393828,0,0,0.005,0,0,20.4,40.8012037436,0,0,0,0,0,0,0,0,0,0
0.81,0.509402624114,0.490597375886,1,1,1.11206028262e-06,1.06894190626e-06,0.509401512054,0.490596306944,2.18100218888e-06,0.999997818998,4.1318160665,1.01453977001,18.1011949523,0,0,0.005,0,0,20.4,40.8012037436,0,0,0,0,0,0,0,0,0,0
0.815,0.515617662974,0.484382337026,1,1,1.39245201435e-06,1.34452375509e-06,0.515616270522,0.484380992502,2.73697576943e-06,0.999997263024,4.10997369446,1.02083561058,17.9339891129,0,0,0.005,0,0,20.4,40.8012037436,0,0,0,0,0,0,0,0,0,0
0.82,0.521347592676,0.478652407324,1,1,1.738374541e-06,1.68593276398e-06,0.521345854301,0.478650721392,3.42430730498e-06,0.999996575693,4.08802814566,1.02716442808,17.767040882,0,0,0.005,0,0,20.4,40.8012037436,0,0,0,0,0,0,0,0,0,0
0.825,0.526574778428,0.473425221572,1,1,2.1638943813e-06,2.10754054128e-06,0.526572614534,0.473423114031,4.27143492258e-06,0.999995728565,4.06597997635,1.03352604599,17.6003692558,0,0,0.005,0,0,20.4,40.8012037436,0,0,0,0,0,0,0,0,0,0
0.83,0.53128766462,0.46871233538,1,1,2.68581758494e-06,2.62652925395e-06,0.531284978803,0.46870970885,5.31234683889e-06,0.999994687653,4.04382974495,1.03992028597,17.4339932073,0,0,0.005,0,0,20.4,40.8012037436,0,0,0,0,0,0,0,0,0,0
0.835,0.535480440906,0.464519559094,1,1,3.3241652467e-06,3.26336812289e-06,0.535477116741,0.464516295726,6.5875333696e-06,0.999993412467,4.02157801203,1.04634696799,17.2679316843,0,0,0.005,0,0,20.4,40.8012037436,0,0,0,0,0,0,0,0,0,0
0.84,0.539152669742,0.460847330259,1,1,4.10272039522e-06,4.04235576589e-06,0.539148567021,0.460843287903,8.14507616111e-06,0.999991854924,3.99922534027,1.05280591043,17.1022036073,0,0,0.005,0,0,20.4,40.8012037436,0,0,0,0,0,0,0,0,0,0
0.845,0.542308882967,0.457691117033,1,1,5.04965493947e-06,4.9922347401e-06,0.542303833312,0.457686124798,1.00418896796e-05,0.99998995811,3.9767722944,1.05929693015,16.9368278677,0,0,0.005,0,0,20.4,40.8012037436,0,0,0,0,0,0,0,0,0,0
0.85,0.544958154784,0.455041845216,1,1,6.19824604627e-06,6.14688479591e-06,0.544951956538,0.455035698331,1.23451308422e-05,0.999987654869,3.95421944121,1.06581984261,16.7718233262,0,0,0.005,0,0,20.4,40.8012037436,0,0,0,0,0,0,0,0,0,0
0.855,0.547113658177,0.452886341823,1,1,7.58769199548e-06,7.54610144433e-06,0.547106070485,0.452878795721,1.51337934398e-05,0.999984866207,3.9315673495,1.07237446196,16.6072088103,0,0,0.005,0,0,20.4,40.8012037436,0,0,0,0,0,0,0,0,0,0
0.86,0.548792211433,0.451207788568,1,1,9.26403819688e-06,9.23646645214e-06,0.548782947394,0.451198552101,1.8500504649e-05,0.999981499495,3.90881659004,1.07896060109,16.4430031133,0,0,0.005,0,0,20.4,40.8012037436,0,0,0,0,0,0,0,0,0,0
0.865,0.550013820971,0.449986179029,1,1,1.12812246312e-05,1.12723168059e-05,0.550002539747,0.449974906712,2.2553541437e-05,0.999977446459,3.88596773562,1.08557807178,16.2792249922,0,0,0.005,0,0,20.4,40.8012037436,0,0,0,0,0,0,0,0,0,0
0.87,0.550801226236,0.449198773764,1,1,1.37022664699e-05,1.37168185216e-05,0.55078752397,0.449185056945,2.74190849915e-05,0.999972580915,3.86302136095,1.09222668474,16.115893166,0,0,0.005,0,0,20.4,40.8012037436,0,0,0,0,0,0,0,0,0,0
0.875,0.551179451833,0.448820548167,1,1,1.66005800054e-05,1.66431514179e-05,0.551162851253,0.448803905015,3.32437314233e-05,0.999966756269,3.83997804275,1.0989062497,15.9530263144,0,0,0.005,0,0,20.4,40.8012037436,0,0,0,0,0,0,0,0,0,0
0.88,0.55117537161,0.44882462839,1,1,2.00614662437e-05,2.01358106172e-05,0.551155310144,0.448804492579,4.01972768609e-05,0.999959802723,3.81683835964,1.10561657551,15.7906430757,0,0,0.005,0,0,20.4,40.8012037436,0,0,0,0,0,0,0,0,0,0
0.885,0.550817288773,0.449182711227,1,1,2.41837645468e-05,2.42920300923e-05,0.550793105008,0.449158419197,4.8475794639e-05,0.999951524205,3.79360289225,1.11235747018,15.6287620456,0,0,0.005,0,0,20.4,40.8012037436,0,0,0,0,0,0,0,0,0,0
0.89,0.550134535594,0.449865464406,1,1,2.90816885073e-05,2.92233330458e-05,0.550105453905,0.449836241073,5.83050215531e-05,0.999941694979,3.77027222312,1.11912874097,15.4674017753,0,0,0.005,0,0,20.4,40.8012037436,0,0,0,0,0,0,0,0,0,0
0.895,0.549157095707,0.450842904293,1,1,3.48868557525e-05,3.50572133008e-05,0.549122208851,0.45080784708,6.99440690533e-05,0.999930055931,3.74684693678,1.12593019443,15.3065807704,0,0,0.005,0,0,20.4,40.8012037436,0,0,0,0,0,0,0,0,0,0
0.9,0.547915251418,0.452084748582,1,1,4.17505225632e-05,4.19389512103e-05,0.547873500895,0.452042809631,8.36894737735e-05,0.999916310526,3.72332761971,1.13276163651,15.1463174888,0,0,0.005,0,0,20.4,40.8012037436,0,0,0,0,0,0,0,0,0,0
0.905,0.546439257955,0.453560742045,1,1,4.98460329954e-05,5.00335668801e-05,0.546389411922,0.453510708479,9.98795998755e-05,0.9999001204,3.69971486037,1.13962287253,14.9866303396,0,0,0.005,0,0,20.4,40.8012037436,0,0,0,0,0,0,0,0,0,0
0.91,0.544759046055,0.455240953945,1,1,5.93714905676e-05,5.95279127586e-05,0.544699674564,0.455181426033,0.000118899403326,0.999881100597,3.6760092492,1.14651370733,14.8275376813,0,0,0.005,0,0,20.4,40.8012037436,0,0,0,0,0,0,0,0,0,0
0.915,0.542903953816,0.457096046184,1,1,7.05526584702e-05,7.06329069047e-05,0.542833401158,0.457025413277,0.000141185565375,0.999858814435,3.65221137864,1.15343394521,14.6690578202,0,0,0.005,0,0,20.4,40.8012037436,0,0,0,0,0,0,0,0,0,0
0.92,0.540902488292,0.459097511708,1,1,8.36460916205e-05,8.35859075284e-05,0.5408188422,0.459013925801,0.000167231999149,0.999832768001,3.62832184312,1.16038339006,14.5112090092,0,0,0.005,0,0,20.4,40.8012037436,0,0,0,0,0,0,0,0,0,0
0.925,0.538782116893,0.461217883107,1,1,9.89425006882e-05,9.86532287263e-05,0.538683174392,0.461119229879,0.000197595729414,0.999802404271,3.6043412391,1.16736184532,14.3540094458,0,0,0.005,0,0,20.4,40.8012037436,0,0,0,0,0,0,0,0,0,0
0.93,0.536569088299,0.463430911701,1,1,0.000116770344422,0.000116132796733,0.536452317954,0.463314778904,0.000232903141154,0.999767096859,3.58027016506,1.17436911408,14.1974772709,0,0,0.005,0,0,20.4,40.8012037436,0,0,0,0,0,0,0,0,0,0
0.935,0.534288282233,0.465711717767,1,1,0.000137499642193,0.000136356945499,0.534150782591,0.465575360822,0.000273856587691,0.999726143412,3.55610922151,1.18140499903,14.0416305671,0,0,0.005,0,0,20.4,40.8012037436,0,0,0,0,0,0,0,0,0,0
0.94,0.531963087166,0.468036912834,1,1,0.00016154599363,0.000159695350012,0.531801541173,0.467877217484,0.000321241343642,0.999678758656,3.53185901103,1.18846930254,13.8864873569,0,0,0.005,0,0,20.4,40.8012037436,0,0,0,0,0,0,0,0,0,0
0.945,0.529615304773,0.470384695227,1,1,0.000189374786579,0.00018655809547,0.529425929987,0.470198137131,0.00037593288205,0.999624067118,3.50752013823,1.19556182666,13.7320656015,0,0,0.005,0,0,20.4,40.8012037436,0,0,0,0,0,0,0,0,0,0
0.95,0.527265079727,0.472734920274,1,1,0.000221505568358,0.000217398880268,0.527043574158,0.472517521393,0.000438904448626,0.999561095551,3.48309320981,1.20268237311,13.5783831988,0,0,0.005,0,0,20.4,40.8012037436,0,0,0,0,0,0,0,0,0,0
0.955,0.524930853265,0.475069146735,1,1,0.000258516548549,0.000252718350647,0.524672336716,0.474816428385,0.000511234899196,0.999488765101,3.45857883454,1.20983074332,13.4254579822,0,0,0.005,0,0,20.4,40.8012037436,0,0,0,0,0,0,0,0,0,0
0.96,0.522629338817,0.477370661183,1,1,0.000301049194307,0.000293067564899,0.522328289623,0.477077593618,0.000594116759205,0.999405883241,3.43397762326,1.21700673842,13.2733077184,0,0,0.005,0,0,20.4,40.8012037436,0,0,0,0,0,0,0,0,0,0
0.965,0.520375517872,0.479624482128,1,1,0.000349812871645,0.000339051584985,0.520025705,0.479285430543,0.000688864456629,0.999311135543,3.40929018893,1.22421015926,13.1219501064,0,0,0.005,0,0,20.4,40.8012037436,0,0,0,0,0,0,0,0,0,0
0.97,0.518182654204,0.481817345796,1,1,0.00040558947834,0.00039133319347,0.517777064725,0.481426012603,0.000796922671811,0.999203077328,3.38451714659,1.23144080637,12.9714027752,0,0,0.005,0,0,20.4,40.8012037436,0,0,0,0,0,0,0,0,0,0
0.975,0.516062324545,0.483937675455,1,1,0.000469238006336,0.000450636733517,0.515593086539,0.483487038722,0.000919874739852,0.99908012526,3.35965911337,1.23869848003,12.8216832825,0,0,0.005,0,0,20.4,40.8012037436,0,0,0,0,0,0,0,0,0,0
0.98,0.514024463766,0.485975536234,1,1,0.000541698963814,0.000517752069351,0.513482764803,0.485457784164,0.00105945103317,0.998940548967,3.33471670852,1.24598298018,12.672809113,0,0,0.005,0,0,20.4,40.8012037436,0,0,0,0,0,0,0,0,0,0
0.985,0.51207742266,0.48792257734,1,1,0.000623998579879,0.000593538663967,0.51145342408,0.487329038676,0.00121753724385,0.998782462756,3.30969055339,1.25329410649,12.5247976766,0,0,0.005,0,0,20.4,40.8012037436,0,0,0,0,0,0,0,0,0,0
0.99,0.510228036447,0.489771963553,1,1,0.000717252708109,0.000678929769664,0.509510783739,0.489093033783,0.00139618247777,0.998603817522,3.28458127144,1.2606316583,12.3776663066,0,0,0.005,0,0,20.4,40.8012037436,0,0,0,0,0,0,0,0,0,0
0.995,0.508481702202,0.491518297798,1,1,0.000822670339537,0.000774936725303,0.507659031862,0.490743361073,0.00159760706484,0.998402392935,3.25938948821,1.26799543465,12.2314322582,0,0,0.005,0,0,20.4,40.8012037436,0,0,0,0,0,0,0,0,0,0
1,0.506842463451,0.493157536549,1,1,0.000941556631056,0.000882653351622,0.50590090682,0.492274883198,0.00182420998268,0.998175790017,3.23411583137,1.27538523423,12.0861127064,0,0,0.005,0,0,20.4,40.8012037436,0,0,0,0,0,0,0,0,0,0
1.005,0.505313100299,0.494686899701,1,1,0.00107531535225,0.00100326043249,0.504237784947,0.493683639268,0.00207857578474,0.997921424215,3.20876093067,1.28280085541,11.9417247449,0,0,0.005,0,0,20.4,40.8012037436,0,0,0,0,0,0,0,0,0,0
1.01,0.503895223546,0.496104776454,1,1,0.00122545065239,0.00113803026546,0.502669772894,0.494966746188,0.00236348091785,0.997636519082,3.18332541795,1.29024209622,11.7982853834,0,0,0.005,0,0,20.4,40.8012037436,0,0,0,0,0,0,0,0,0,0
1.015,0.502589371345,0.497410628655,1,1,0.00139356805033,0.00128833125905,0.501195803295,0.496122297396,0.00268189930938,0.997318100691,3.15780992713,1.29770875431,11.6558115469,0,0,0.005,0,0,20.4,40.8012037436,0,0,0,0,0,0,0,0,0,0
1.02,0.501395107102,0.498604892899,1,1,0.00158137455316,0.0014556325472,0.499813732548,0.497149260351,0.00303700710035,0.9969629929,3.13221509422,1.30520062696,11.5143200731,0,0,0.005,0,0,20.4,40.8012037436,0,0,0,0,0,0,0,0,0,0
1.025,0.500311117408,0.499688882592,1,1,0.00179067781553,0.00164150858229,0.498520439592,0.49804737401,0.00343218639782,0.996567813602,3.10654155728,1.31271751109,11.373827711,0,0,0.005,0,0,20.4,40.8012037436,0,0,0,0,0,0,0,0,0,0
1.03,0.499335308946,0.500664691054,1,1,0.00202338426034,0.00184764365827,0.497311924686,0.498817047396,0.00387102791861,0.996128972081,3.08078995642,1.32025920321,11.2343511192,0,0,0.005,0,0,20.4,40.8012037436,0,0,0,0,0,0,0,0,0,0
1.035,0.498464903407,0.501535096593,1,1,0.00228149609312,0.00207583630313,0.496183407314,0.49945926029,0.00435733239624,0.995642667604,3.05496093381,1.32782549941,11.095906864,0,0,0.005,0,0,20.4,40.8012037436,0,0,0,0,0,0,0,0,0,0
1.04,0.497696529613,0.502303470387,1,1,0.00256710715726,0.00232800346686,0.495129422456,0.49997546692,0.00489511062412,0.995104889376,3.02905513365,1.3354161954,10.9585114176,0,0,0.005,0,0,20.4,40.8012037436,0,0,0,0,0,0,0,0,0,0
1.045,0.497026312119,0.502973687882,1,1,0.00288239759547,0.00260618441603,0.494143914523,0.500367503466,0.0054885820115,0.994511417989,3.00307320213,1.34303108644,10.8221811565,0,0,0.005,0,0,20.4,40.8012037436,0,0,0,0,0,0,0,0,0,0
1.05,0.496449955725,0.503550044275,1,1,0.00322962730306,0.00291254423002,0.493220328422,0.500637500045,0.00614217153308,0.993857828467,2.97701578747,1.35066996735,10.6869323596,0,0,0.005,0,0,20.4,40.8012037436,0,0,0,0,0,0,0,0,0,0
1.055,0.495962825409,0.504037174591,1,1,0.00361112818295,0.00324937677679,0.492351697226,0.500787797814,0.00686050495974,0.99313949504,2.95088353987,1.35833263252,10.5527812064,0,0,0.005,0,0,20.4,40.8012037436,0,0,0,0,0,0,0,0,0,0
1.06,0.495560021302,0.504439978698,1,1,0.00402929523781,0.00361910702861,0.491530726064,0.50082087167,0.00764840226642,0.992351597734,2.92467711148,1.36601887587,10.4197437757,0,0,0.005,0,0,20.4,40.8012037436,0,0,0,0,0,0,0,0,0,0
1.065,0.495236448439,0.504763551561,1,1,0.00448657656294,0.00402429256007,0.490749871876,0.500739259001,0.00851086912301,0.991489130877,2.89839715643,1.37372849088,10.2878360431,0,0,0.005,0,0,20.4,40.8012037436,0,0,0,0,0,0,0,0,0,0
1.07,0.494986881095,0.505013118905,1,1,0.00498546233309,0.00446762405346,0.490001418762,0.500545494852,0.00945308638654,0.990546913614,2.87204433077,1.38146127054,10.1570738799,0,0,0.005,0,0,20.4,40.8012037436,0,0,0,0,0,0,0,0,0,0
1.075,0.494806021594,0.505193978406,1,1,0.00552847290621,0.00495192462041,0.489277548688,0.500242053786,0.0104803975266,0.989519602473,2.84561929247,1.38921700737,10.0274730513,0,0,0.005,0,0,20.4,40.8012037436,0,0,0,0,0,0,0,0,0,0
1.08,0.494688553577,0.505311446423,1,1,0.00611814619769,0.00548014773412,0.488570407379,0.499831298689,0.0115982939318,0.988401706068,2.81912270139,1.39699549344,9.8990492142,0,0,0.005,0,0,20.4,40.8012037436,0,0,0,0,0,0,0,0,0,0
1.085,0.494629189748,0.505370810252,1,1,0.00675702450728,0.0060553735548,0.487872165241,0.499315436697,0.0128123980621,0.987187601938,2.7925552193,1.40479652028,9.77181791621,0,0,0.005,0,0,20.4,40.8012037436,0,0,0,0,0,0,0,0,0,0
1.09,0.49462271421,0.50537728579,1,1,0.00744764100858,0.00668080342288,0.487175073202,0.498696482367,0.0141284444315,0.985871555569,2.76591750978,1.41261987899,9.64579459342,0,0,0.005,0,0,20.4,40.8012037436,0,0,0,0,0,0,0,0,0,0
1.095,0.494664019525,0.505335980475,1,1,0.00819250613481,0.00735975229063,0.486471513391,0.497976228184,0.0155522584254,0.984447741575,2.7392102383,1.42046536013,9.52099456896,0,0,0.005,0,0,20.4,40.8012037436,0,0,0,0,0,0,0,0,0,0
1.1,0.494748138697,0.505251861304,1,1,0.00899409411483,0.00809563886469,0.485754044582,0.497156222439,0.0170897329795,0.982910267021,2.71243407212,1.42833275382,9.39743305125,0,0,0.005,0,0,20.4,40.8012037436,0,0,0,0,0,0,0,0,0,0
1.105,0.494870272295,0.505129727706,1,1,0.00985482992831,0.00889197323994,0.485015442366,0.496237754466,0.0187468031682,0.981253196832,2.68558968032,1.43622184963,9.27512513243,0,0,0.005,0,0,20.4,40.8012037436,0,0,0,0,0,0,0,0,0,0
1.11,0.495025810985,0.504974189015,1,1,0.0107770769576,0.0097523418201,0.484248734028,0.495221847195,0.0205294187777,0.979470581222,2.65867773375,1.44413243669,9.15408578663,0,0,0.005,0,0,20.4,40.8012037436,0,0,0,0,0,0,0,0,0,0
1.115,0.495210353737,0.504789646263,1,1,0.0117631256153,0.0106803893439,0.483447228122,0.494109256919,0.0224435149592,0.977556485041,2.63169890501,1.45206430359,9.03432986842,0,0,0.005,0,0,20.4,40.8012037436,0,0,0,0,0,0,0,0,0,0
1.12,0.495419722001,0.504580277999,1,1,0.01281518322,0.0116797978665,0.482604538781,0.492900480133,0.0244949810866,0.975505018914,2.60465386847,1.46001723847,8.91587211116,0,0,0.005,0,0,20.4,40.8012037436,0,0,0,0,0,0,0,0,0,0
1.125,0.495649970173,0.504350029827,1,1,0.0139353653767,0.0127542625876,0.481714604796,0.49159576724,0.0266896279643,0.973310372036,2.57754330018,1.46799102896,8.79872712542,0,0,0.005,0,0,20.4,40.8012037436,0,0,0,0,0,0,0,0,0,0
1.13,0.495897392649,0.504102607351,1,1,0.0151256890937,0.0139074644655,0.480771703556,0.490195142885,0.0290331535591,0.970966846441,2.55036787793,1.47598546219,8.68290939737,0,0,0.005,0,0,20.4,40.8012037436,0,0,0,0,0,0,0,0,0,0
1.135,0.496158527792,0.503841472208,1,1,0.0163880678339,0.0151430396172,0.479770459958,0.488698432591,0.0315311074511,0.968468892549,2.52312828115,1.48400032484,8.56843328725,0,0,0.005,0,0,20.4,40.8012037436,0,0,0,0,0,0,0,0,0,0
1.14,0.496430159112,0.503569840888,1,1,0.0177243086524,0.0164645455724,0.47870585046,0.487105295316,0.0341888542248,0.965811145775,2.49582519096,1.49203540307,8.45531302783,0,0,0.005,0,0,20.4,40.8012037436,0,0,0,0,0,0,0,0,0,0
1.145,0.496709313983,0.503290686017,1,1,0.0191361115197,0.0178754245222,0.477573202463,0.485415261495,0.0370115360419,0.962988463958,2.46845929009,1.5000904826,8.34356272283,0,0,0.005,0,0,20.4,40.8012037436,0,0,0,0,0,0,0,0,0,0
1.15,0.496993260183,0.503006739817,1,1,0.0206250708661,0.019378963793,0.476368189317,0.483627776025,0.040004034659,0.959995965341,2.44103126291,1.50816534866,8.23319634541,0,0,0.005,0,0,20.4,40.8012037436,0,0,0,0,0,0,0,0,0,0
1.155,0.497279500548,0.502720499452,1,1,0.0221926793147,0.0209782538577,0.475086821233,0.481742245595,0.0431709331725,0.956829066828,2.41354179538,1.516259786,8.12422773672,0,0,0.005,0,0,20.4,40.8012037436,0,0,0,0,0,0,0,0,0,0
1.16,0.497565766018,0.502434233982,1,1,0.0238403334889,0.0226761442989,0.473725432529,0.479758089684,0.0465164777878,0.953483522212,2.38599157504,1.52437357895,8.01667060434,0,0,0.005,0,0,20.4,40.8012037436,0,0,0,0,0,0,0,0,0,0
1.165,0.497850007329,0.502149992671,1,1,0.0255693417022,0.0244751982262,0.472280665627,0.477674794445,0.0500445399284,0.949955460072,2.35838129096,1.53250651133,7.91053852086,0,0,0.005,0,0,20.4,40.8012037436,0,0,0,0,0,0,0,0,0,0
1.17,0.4981303856,0.5018696144,1,1,0.0273809332508,0.0263776457551,0.470749452349,0.475491968645,0.0537585790059,0.946241420994,2.3307116338,1.54065836657,7.80584492239,0,0,0.005,0,0,20.4,40.8012037436,0,0,0,0,0,0,0,0,0,0
1.175,0.498405262039,0.501594737961,1,1,0.0292762689456,0.0283853372405,0.469128993094,0.47320940072,0.0576616061861,0.942338393814,2.30298329568,1.54882892761,7.70260310717,0,0,0.005,0,0,20.4,40.8012037436,0,0,0,0,0,0,0,0,0,0
1.18,0.498673186979,0.501326813021,1,1,0.0312564524342,0.0304996970537,0.467416734545,0.470827115968,0.0617561494878,0.938243850512,2.27519697026,1.55701797697,7.60082623407,0,0,0.005,0,0,20.4,40.8012037436,0,0,0,0,0,0,0,0,0,0
1.185,0.498932888432,0.501067111568,1,1,0.0333225417869,0.0327216787663,0.465610346645,0.468345432801,0.0660442205532,0.933955779447,2.24735335265,1.56522529675,7.50052732126,0,0,0.005,0,0,20.4,40.8012037436,0,0,0,0,0,0,0,0,0,0
1.19,0.499183260346,0.500816739654,1,1,0.0354755607502,0.0350517226774,0.463707699596,0.465765016977,0.0705272834276,0.929472716573,2.21945313945,1.57345066862,7.40171924478,0,0,0.005,0,0,20.4,40.8012037436,0,0,0,0,0,0,0,0,0,0
1.195,0.499423350701,0.500576649299,1,1,0.0377165090085,0.0374897166702,0.461706841693,0.463086932628,0.0752062256787,0.924793774321,2.19149702867,1.58169387382,7.30441473715,0,0,0.005,0,0,20.4,40.8012037436,0,0,0,0,0,0,0,0,0,0
1.2,0.499652349611,0.500347650389,1,1,0.0400463707518,0.040034961425,0.459605978859,0.460312688964,0.0800813321768,0.919918667823,2.16348571975,1.58995469321,7.20862638605,0,0,0.005,0,0,20.4,40.8012037436,0,0,0,0,0,0,0,0,0,0
1.205,0.499869577521,0.500130422479,1,1,0.0424661208162,0.0426861410262,0.457403456705,0.457444281453,0.0851522618424,0.914847738158,2.13541991355,1.59823290724,7.11436663295,0,0,0.005,0,0,20.4,40.8012037436,0,0,0,0,0,0,0,0,0,0
1.21,0.500074473643,0.499925526358,1,1,0.0449767276544,0.0454412999956,0.455097745988,0.454484226362,0.09041802765,0.90958197235,2.10730031228,1.60652829594,7.02164777179,0,0,0.005,0,0,20.4,40.8012037436,0,0,0,0,0,0,0,0,0,0
1.215,0.500266584684,0.499733415316,1,1,0.047579152406,0.0482978277501,0.452687432278,0.451435587566,0.0958769801561,0.904123019844,2.07912761954,1.614840639,6.93048194768,0,0,0.005,0,0,20.4,40.8012037436,0,0,0,0,0,0,0,0,0,0
1.22,0.500445553979,0.499554446021,1,1,0.0502743433726,0.0512524514188,0.450171210606,0.448301994603,0.101526794791,0.898473205209,2.05090254026,1.62316971569,6.84088115557,0,0,0.005,0,0,20.4,40.8012037436,0,0,0,0,0,0,0,0,0,0
1.225,0.500611111061,0.499388888939,1,1,0.0530632252641,0.0543012378665,0.447547885797,0.445087651073,0.107364463131,0.892635536869,2.02262578071,1.63151530493,6.75285723901,0,0,0.005,0,0,20.4,40.8012037436,0,0,0,0,0,0,0,0,0,0
1.23,0.500763061744,0.499236938256,1,1,0.0559466826702,0.0574396056502,0.444816379073,0.441797332606,0.11338628832,0.88661371168,1.99429804845,1.63987718528,6.66642188887,0,0,0.005,0,0,20.4,40.8012037436,0,0,0,0,0,0,0,0,0,0
1.235,0.500901278744,0.499098721256,1,1,0.0589255373213,0.0606623474861,0.441975741422,0.43843637377,0.119587884807,0.880412115193,1.96592005236,1.64825513493,6.58158664209,0,0,0.005,0,0,20.4,40.8012037436,0,0,0,0,0,0,0,0,0,0
1.24,0.501025692874,0.498974307126,1,1,0.062000518845,0.0639636636299,0.439025174029,0.435010643497,0.125964182475,0.874035817525,1.93749250255,1.65664893173,6.49836288045,0,0,0.005,0,0,20.4,40.8012037436,0,0,0,0,0,0,0,0,0,0
1.245,0.50113628483,0.49886371517,1,1,0.0651722288824,0.0673372063716,0.435964055948,0.431526508798,0.132509435254,0.867490564746,1.90901611043,1.66505835318,6.41676182937,0,0,0.005,0,0,20.4,40.8012037436,0,0,0,0,0,0,0,0,0,0
1.25,0.501233077585,0.498766922415,1,1,0.0684410986128,0.0707761356188,0.432791978972,0.427990786796,0.139217234232,0.860782765768,1.88049158861,1.67348317645,6.33679455668,0,0,0.005,0,0,20.4,40.8012037436,0,0,0,0,0,0,0,0,0,0
1.255,0.501316129387,0.498683870613,1,1,0.0718073399367,0.074273185301,0.429508789451,0.424410685312,0.146080525238,0.853919474762,1.85191965092,1.68192317839,6.25847197148,0,0,0.005,0,0,20.4,40.8012037436,0,0,0,0,0,0,0,0,0,0
1.26,0.501385527368,0.498614472632,1,1,0.0752708907779,0.0778207400696,0.42611463659,0.420793732562,0.153091630847,0.846908369153,1.82330101241,1.69037813553,6.18180482292,0,0,0.005,0,0,20.4,40.8012037436,0,0,0,0,0,0,0,0,0,0
1.265,0.501441381749,0.498558618251,1,1,0.0788313551935,0.0814109214978,0.422610026556,0.417147696753,0.160242276691,0.839757723309,1.79463638929,1.69884782407,6.1068036991,0,0,0.005,0,0,20.4,40.8012037436,0,0,0,0,0,0,0,0,0,0
1.27,0.501483820637,0.498516179364,1,1,0.0824879392016,0.08503568272,0.418995881435,0.413480496644,0.167523621922,0.832476378079,1.76592649894,1.70733201992,6.03347902591,0,0,0.005,0,0,20.4,40.8012037436,0,0,0,0,0,0,0,0,0,0
1.275,0.501512985381,0.498487014619,1,1,0.0862393834622,0.0886869101807,0.415273601919,0.409800104438,0.174926293643,0.825073706357,1.7371720599,1.71583049869,5.96184106591,0,0,0.005,0,0,20.4,40.8012037436,0,0,0,0,0,0,0,0,0,0
1.28,0.501529026497,0.498470973504,1,1,0.0900838941595,0.0923565309108,0.411445132337,0.406114442593,0.18244042507,0.81755957493,1.70837379181,1.72434303568,5.89189991725,0,0,0.005,0,0,20.4,40.8012037436,0,0,0,0,0,0,0,0,0,0
1.285,0.501532100097,0.498467899903,1,1,0.0940190736295,0.0960366235146,0.407513026467,0.402431276389,0.190055697144,0.809944302856,1.67953241543,1.73286940595,5.82366551254,0,0,0.005,0,0,20.4,40.8012037436,0,0,0,0,0,0,0,0,0,0
1.29,0.501522364844,0.498477635156,1,1,0.0980418524499,0.0997195308419,0.403480512394,0.398758104314,0.197761383292,0.802238616708,1.65064865262,1.74140938422,5.75714761784,0,0,0.005,0,0,20.4,40.8012037436,0,0,0,0,0,0,0,0,0,0
1.295,0.501499979367,0.498500020634,1,1,0.10214842485,0.103397972144,0.399351554516,0.395102048489,0.205546396995,0.794453603005,1.62172322629,1.74996274499,5.69235583157,0,0,0.005,0,0,20.4,40.8012037436,0,0,0,0,0,0,0,0,0,0
1.3,0.501465100134,0.498534899866,1,1,0.106334189407,0.107065152385,0.395130910727,0.39146974748,0.213399341792,0.786600658208,1.59275686045,1.75852926247,5.62929958348,0,0,0.005,0,0,20.4,40.8012037436,0,0,0,0,0,0,0,0,0,0
1.305,0.501417879748,0.498582120252,1,1,0.110593697046,0.110714866283,0.390824182701,0.38786725397,0.221308563329,0.778691436671,1.56375028009,1.76710871062,5.56798813363,0,0,0.005,0,0,20.4,40.8012037436,0,0,0,0,0,0,0,0,0,0
1.31,0.501358465626,0.498641534374,1,1,0.114920608395,0.114341594636,0.386437857231,0.384299939739,0.22926220303,0.77073779697,1.53470421126,1.77570086314,5.50843057142,0,0,0.005,0,0,20.4,40.8012037436,0,0,0,0,0,0,0,0,0,0
1.315,0.501286999057,0.498713000943,1,1,0.119307662472,0.117940590509,0.381979336586,0.380772410434,0.23724825298,0.76275174702,1.50561938099,1.78430549349,5.45063581453,0,0,0.005,0,0,20.4,40.8012037436,0,0,0,0,0,0,0,0,0,0
1.32,0.501203614588,0.498796385412,1,1,0.123746658627,0.121507952937,0.377456955961,0.377288432475,0.245254611564,0.754745388436,1.47649651731,1.7929223749,5.39461260806,0,0,0.005,0,0,20.4,40.8012037436,0,0,0,0,0,0,0,0,0,0
1.325,0.50110843972,0.49889156028,1,1,0.128228453476,0.12504068596,0.372879986244,0.37385087432,0.253269139436,0.746730860564,1.44733634921,1.80155128035,5.34036952346,0,0,0.005,0,0,20.4,40.8012037436,0,0,0,0,0,0,0,0,0,0
1.33,0.501001594892,0.498998405108,1,1,0.132742974358,0.12853674101,0.368258620534,0.370461664098,0.261279715368,0.738720284632,1.4181396066,1.8101919826,5.28791495769,0,0,0.005,0,0,20.4,40.8012037436,0,0,0,0,0,0,0,0,0,0
1.335,0.500883193717,0.499116806283,1,1,0.137279250606,0.13199504095,0.363603943112,0.367121765333,0.269274291555,0.730725708445,1.38890702037,1.8188442542,5.23725713227,0,0,0.005,0,0,20.4,40.8012037436,0,0,0,0,0,0,0,0,0,0
1.34,0.500753343454,0.499246656546,1,1,0.141825463561,0.135415484388,0.358927879893,0.363831172158,0.277240947949,0.722759052051,1.35963932228,1.82750786748,5.18840409237,0,0,0.005,0,0,20.4,40.8012037436,0,0,0,0,0,0,0,0,0,0
1.345,0.500612145681,0.499387854319,1,1,0.146369015923,0.138798929294,0.354243129758,0.360588925025,0.285167945217,0.714832054783,1.33033724499,1.83618259455,5.14136370593,0,0,0.005,0,0,20.4,40.8012037436,0,0,0,0,0,0,0,0,0,0
1.35,0.500459697163,0.499540302837,1,1,0.150896620607,0.142147155346,0.349563076556,0.357393147492,0.293043775953,0.706956224047,1.30100152204,1.84486820734,5.09614366281,0,0,0.005,0,0,20.4,40.8012037436,0,0,0,0,0,0,0,0,0,0
1.355,0.500296090872,0.499703909129,1,1,0.155394408835,0.145462804931,0.344901682036,0.354241104197,0.300857213767,0.699142786234,1.27163288784,1.85356447757,5.05275147396,0,0,0.005,0,0,20.4,40.8012037436,0,0,0,0,0,0,0,0,0,0
1.36,0.500121417159,0.499878582841,1,1,0.159848056731,0.148749303217,0.340273360428,0.351129279624,0.308597359948,0.691402640052,1.24223207761,1.86227117679,5.01119447054,0,0,0.005,0,0,20.4,40.8012037436,0,0,0,0,0,0,0,0,0,0
1.365,0.499935765042,0.500064234958,1,1,0.164242929186,0.152010758202,0.335692835856,0.348053476756,0.316253687388,0.683746312612,1.2127998274,1.87098807634,4.97147980314,0,0,0.005,0,0,20.4,40.8012037436,0,0,0,0,0,0,0,0,0,0
1.37,0.499739223601,0.5002607764,1,1,0.168564239323,0.155251842194,0.331174984278,0.345008934205,0.323816081517,0.676183918483,1.18333687408,1.87971494739,4.93361444101,0,0,0.005,0,0,20.4,40.8012037436,0,0,0,0,0,0,0,0,0,0
1.375,0.499531883457,0.500468116544,1,1,0.172797221369,0.158477656659,0.326734662088,0.341990459884,0.331274878028,0.668725121972,1.15384395526,1.88845156097,4.89760517123,0,0,0.005,0,0,20.4,40.8012037436,0,0,0,0,0,0,0,0,0,0
1.38,0.499313838323,0.500686161677,1,1,0.176927314344,0.161693582864,0.32238652398,0.338992578813,0.338620897208,0.661379102792,1.12432180936,1.89719768791,4.86345859802,0,0,0.005,0,0,20.4,40.8012037436,0,0,0,0,0,0,0,0,0,0
1.385,0.499085186611,0.500914813389,1,1,0.180940353545,0.164905121185,0.318144833066,0.336009692204,0.34584547473,0.65415452527,1.09477117552,1.9059530989,4.83118114194,0,0,0.005,0,0,20.4,40.8012037436,0,0,0,0,0,0,0,0,0,0
1.39,0.498846033068,0.501153966932,1,1,0.184822766462,0.16811772235,0.314023266607,0.333036244582,0.352940488811,0.647059511189,1.0651927936,1.91471756446,4.8007790392,0,0,0.005,0,0,20.4,40.8012037436,0,0,0,0,0,0,0,0,0,0
1.395,0.498596490453,0.501403509548,1,1,0.188561769456,0.171336614202,0.310034720997,0.330066895345,0.359898383658,0.640101616342,1.03558740418,1.923490855,4.77225834097,0,0,0.005,0,0,20.4,40.8012037436,0,0,0,0,0,0,0,0,0,0
1.4,0.498336681208,0.501663318792,1,1,0.192145561341,0.174566627843,0.306191119868,0.327096690949,0.366712189184,0.633287810816,1.00595574854,1.93227274075,4.74562491266,0,0,0.005,0,0,20.4,40.8012037436,0,0,0,0,0,0,0,0,0,0
1.405,0.498066739148,0.501933260852,1,1,0.195563509842,0.177812027161,0.302503229306,0.324121233691,0.373375537003,0.626624462997,0.976298568604,1.94106299183,4.72088443332,0,0,0.005,0,0,20.4,40.8012037436,0,0,0,0,0,0,0,0,0,0
1.41,0.497786811117,0.502213188883,1,1,0.198806326887,0.181076345849,0.29898048423,0.321136843034,0.379882672736,0.620117327265,0.946616606963,1.94986137823,4.6980423949,0,0,0.005,0,0,20.4,40.8012037436,0,0,0,0,0,0,0,0,0,0
1.415,0.497497058635,0.502502941365,1,1,0.201866228733,0.184362235977,0.295630829902,0.318140705388,0.38622846471,0.613771535291,0.916910606836,1.95866766982,4.67710410173,0,0,0.005,0,0,20.4,40.8012037436,0,0,0,0,0,0,0,0,0,0
1.42,0.497197659505,0.502802340495,1,1,0.204737077087,0.187671332055,0.292460582418,0.31513100844,0.392408409142,0.607591590858,0.887181312055,1.96748163635,4.65807466983,0,0,0.005,0,0,20.4,40.8012037436,0,0,0,0,0,0,0,0,0,0
1.425,0.496888809371,0.503111190629,1,1,0.207414497628,0.191004134308,0.289474311743,0.312107056321,0.398418631936,0.601581368064,0.857429467046,1.97630304746,4.64095902635,0,0,0.005,0,0,20.4,40.8012037436,0,0,0,0,0,0,0,0,0,0
1.43,0.496570723224,0.503429276776,1,1,0.209895972701,0.194359914527,0.286674750523,0.309069362249,0.404255887228,0.595744112773,0.827655816808,1.9851316727,4.62576190904,0,0,0.005,0,0,20.4,40.8012037436,0,0,0,0,0,0,0,0,0,0
1.435,0.496243636839,0.503756363162,1,1,0.212180905393,0.197736647452,0.284062731445,0.306019715709,0.409917552846,0.590082447155,0.797861106896,1.99396728151,4.61248786561,0,0,0.005,0,0,20.4,40.8012037436,0,0,0,0,0,0,0,0,0,0
1.44,0.495907808137,0.504092191863,1,1,0.214270652743,0.201130970115,0.281637155394,0.302961221748,0.415401622858,0.584598377142,0.768046083401,2.00280964325,4.60114125331,0,0,0.005,0,0,20.4,40.8012037436,0,0,0,0,0,0,0,0,0,0
1.445,0.495563518465,0.504436481535,1,1,0.216168526423,0.204538170962,0.279394992042,0.299898310573,0.420706697385,0.579293302615,0.73821149293,2.01165852719,4.59172623832,0,0,0.005,0,0,20.4,40.8012037436,0,0,0,0,0,0,0,0,0,0
1.45,0.495211073778,0.504788926222,1,1,0.217879759926,0.207952209936,0.277331313853,0.296836716286,0.425831969862,0.574168030138,0.708358082587,2.02051370254,4.58424679532,0,0,0.005,0,0,20.4,40.8012037436,0,0,0,0,0,0,0,0,0,0
1.455,0.494850805721,0.505149194279,1,1,0.219411441993,0.211365769963,0.275439363727,0.293783424317,0.430777211956,0.569222788044,0.678486599952,2.02937493842,4.578706707,0,0,0.005,0,0,20.4,40.8012037436,0,0,0,0,0,0,0,0,0,0
1.46,0.494483072596,0.505516927404,1,1,0.220772416761,0.214770339552,0.273710655835,0.290746587852,0.435542756313,0.564457243687,0.648597793063,2.03824200389,4.5751095636,0,0,0.005,0,0,20.4,40.8012037436,0,0,0,0,0,0,0,0,0,0
1.465,0.494108260218,0.505891739782,1,1,0.221973151868,0.218156325466,0.27213510835,0.287735414316,0.440129477334,0.559870522666,0.618692410396,2.04711466797,4.57345876249,0,0,0.005,0,0,20.4,40.8012037436,0,0,0,0,0,0,0,0,0,0
1.47,0.493726782634,0.506273217366,1,1,0.223025576522,0.221513193639,0.270701206112,0.284760023727,0.444538770161,0.555461229839,0.588771200846,2.0559926996,4.57375750775,0,0,0.005,0,0,20.4,40.8012037436,0,0,0,0,0,0,0,0,0,0
1.475,0.493339082711,0.506660917289,1,1,0.223942892228,0.224829635825,0.269396190483,0.281831281464,0.448772528053,0.551227471947,0.558834913704,2.0648758677,4.57600880977,0,0,0.005,0,0,20.4,40.8012037436,0,0,0,0,0,0,0,0,0,0
1.48,0.492945632585,0.507054367415,1,1,0.224739359578,0.228093758754,0.268206273007,0.278960608661,0.452833118332,0.547166881668,0.528884298641,2.07376394114,4.5802154849,0,0,0.005,0,0,20.4,40.8012037436,0,0,0,0,0,0,0,0,0,0
1.485,0.492546933954,0.507453066047,1,1,0.225430065088,0.231293291967,0.267116868866,0.27615977408,0.456723357055,0.543276642945,0.498920105685,2.08265668876,4.58638015508,0,0,0.005,0,0,20.4,40.8012037436,0,0,0,0,0,0,0,0,0,0
1.49,0.492143518214,0.507856481786,1,1,0.226030672618,0.234415809959,0.266112845596,0.273440671827,0.460446482577,0.539553517423,0.468943085203,2.09155387938,4.5945052475,0,0,0.005,0,0,20.4,40.8012037436,0,0,0,0,0,0,0,0,0,0
1.495,0.491735946442,0.508264053558,1,1,0.226557164325,0.237448963838,0.265178782117,0.270815089721,0.464006128162,0.535993871838,0.43895398788,2.10045528179,4.60459299429,0,0,0.005,0,0,20.4,40.8012037436,0,0,0,0,0,0,0,0,0,0
1.5,0.491324809197,0.508675190803,1,1,0.227025576401,0.240380717381,0.264299232795,0.268294473422,0.467406293782,0.532593706218,0.408953564698,2.10936066479,4.61664543226,0,0,0.005,0,0,20.4,40.8012037436,0,0,0,0,0,0,0,0,0,0
1.505,0.490910726155,0.509089273845,1,1,0.227451735079,0.24319958217,0.263458991076,0.265889691676,0.470651317249,0.529348682752,0.37894256692,2.11826979716,4.63066440256,0,0,0.005,0,0,20.4,40.8012037436,0,0,0,0,0,0,0,0,0,0
1.51,0.490494345561,0.509505654439,1,1,0.227850998389,0.245894846424,0.262643347172,0.263610808015,0.473745844812,0.526254155188,0.348921746062,2.12718244766,4.64665155051,0,0,0.005,0,0,20.4,40.8012037436,0,0,0,0,0,0,0,0,0,0
1.515,0.490076343501,0.509923656499,1,1,0.228238009143,0.248456792231,0.261838334359,0.261466864268,0.476694801374,0.523305198627,0.318891853881,2.1360983851,4.66460832529,0,0,0.005,0,0,20.4,40.8012037436,0,0,0,0,0,0,0,0,0,0
1.52,0.48965742298,0.51034257702,1,1,0.228626464351,0.250876896072,0.26103095863,0.259465680948,0.479503360423,0.520496639578,0.28885364235,2.14501737827,4.68453597977,0,0,0.005,0,0,20.4,40.8012037436,0,0,0,0,0,0,0,0,0,0
1.525,0.489238312816,0.510761687184,1,1,0.22902890598,0.253148007876,0.260209406836,0.257613679309,0.482176913855,0.517823086145,0.258807863637,2.153939196,4.70643557032,0,0,0.005,0,0,20.4,40.8012037436,0,0,0,0,0,0,0,0,0,0
1.53,0.488819766337,0.511180233663,1,1,0.22945653747,0.25526450432,0.259363228867,0.255915729344,0.48472104179,0.51527895821,0.228755270089,2.16286360713,4.73030795662,0,0,0.005,0,0,20.4,40.8012037436,0,0,0,0,0,0,0,0,0,0
1.535,0.488402559889,0.511597440112,1,1,0.229919069861,0.257222412661,0.258483490028,0.254375027451,0.487141482522,0.512858517478,0.198696614206,2.17179038054,4.75615380152,0,0,0.005,0,0,20.4,40.8012037436,0,0,0,0,0,0,0,0,0,0
1.54,0.487987491143,0.512012508858,1,1,0.230424600686,0.259019502068,0.257562890457,0.25299300679,0.489444102754,0.510555897246,0.168632648626,2.18071928517,4.78397357089,0,0,0.005,0,0,20.4,40.8012037436,0,0,0,0,0,0,0,0,0,0
1.545,0.487575377214,0.512424622786,1,1,0.230979528048,0.260655340193,0.256595849166,0.251769282593,0.491634868241,0.508365131759,0.138564126099,2.18965008997,4.81376753353,0,0,0.005,0,0,20.4,40.8012037436,0,0,0,0,0,0,0,0,0,0
1.55,0.487167052587,0.512832947413,1,1,0.231588501444,0.262131313543,0.255578551143,0.250701633869,0.493719814987,0.506280185013,0.108491799473,2.19858256396,4.84553576108,0,0,0.005,0,0,20.4,40.8012037436,0,0,0,0,0,0,0,0,0,0
1.555,0.48676336685,0.51323663315,1,1,0.232254410055,0.263450611095,0.254508956795,0.249786022055,0.49570502115,0.50429497885,0.0784164216656,2.20751647621,4.87927812794,0,0,0.005,0,0,20.4,40.8012037436,0,0,0,0,0,0,0,0,0,0
1.56,0.486365182244,0.513634817756,1,1,0.232978408315,0.264618171467,0.253386773929,0.24901664629,0.497596579781,0.502403420219,0.0483387456517,2.21645159588,4.9149943112,0,0,0.005,0,0,20.4,40.8012037436,0,0,0,0,0,0,0,0,0,0
1.565,0.485973371035,0.514026628965,1,1,0.233759977702,0.26564059486,0.252213393333,0.248386034105,0.499400572562,0.500599427438,0.0182595244368,2.22538769216,4.95268379066,0,0,0.005,0,0,20.4,40.8012037436,0,0,0,0,0,0,0,0,0,0
1.57,0.485588812708,0.514411187292,1,1,0.234597022838,0.266526021835,0.25099178987,0.247885165457,0.501123044672,0.498876955328,-0.0118204889604,2.23432453435,4.99234584877,0,0,0.005,0,0,20.4,40.8012037436,0,0,0,0,0,0,0,0,0,0
1.575,0.485212390997,0.514787609003,1,1,0.235485999159,0.267283981773,0.249726391837,0.247503627231,0.502769980932,0.497230019068,-0.0419005415297,2.24326189182,5.03397957065,0,0,0.005,0,0,20.4,40.8012037436,0,0,0,0,0,0,0,0,0,0
1.58,0.484844990756,0.515155009244,1,1,0.236422068734,0.267925214619,0.248422922023,0.247229794625,0.504347283352,0.495652716648,-0.0719798802892,2.25219953401,5.07758384417,0,0,0.005,0,0,20.4,40.8012037436,0,0,0,0,0,0,0,0,0,0
1.585,0.484487494687,0.515512505313,1,1,0.237399280101,0.268461470121,0.247088214586,0.247051035192,0.505860750222,0.494139249778,-0.102057752306,2.26113723049,5.12315735992,0,0,0.005,0,0,20.4,40.8012037436,0,0,0,0,0,0,0,0,0,0
1.59,0.484140779926,0.515859220074,1,1,0.238410767538,0.26890528931,0.245730012388,0.246953930764,0.507316056848,0.492683943152,-0.132133404718,2.2700747509,5.17069861134,0,0,0.005,0,0,20.4,40.8012037436,0,0,0,0,0,0,0,0,0,0
1.595,0.483805714512,0.516194285489,1,1,0.239448964706,0.269269773346,0.244356749806,0.246924512142,0.508718738052,0.491281261948,-0.16220608475,2.27901186501,5.22020589478,0,0,0.005,0,0,20.4,40.8012037436,0,0,0,0,0,0,0,0,0,0
1.6,0.483483153748,0.516516846252,1,1,0.240505827386,0.26956834513,0.242977326361,0.246948501122,0.510074172517,0.489925827484,-0.192275039741,2.28794834267,5.27167730964,0,0,0.005,0,0,20.4,40.8012037436,0,0,0,0,0,0,0,0,0,0
1.605,0.483173936469,0.516826063532,1,1,0.241573059856,0.269814509188,0.241600876613,0.247011554344,0.511387569043,0.488612430957,-0.222339517157,2.29688395387,5.32511075845,0,0,0.005,0,0,20.4,40.8012037436,0,0,0,0,0,0,0,0,0,0
1.61,0.482878881233,0.517121118768,1,1,0.242642339486,0.270021615303,0.240236541747,0.247099503464,0.512663954789,0.487336045211,-0.252398764617,2.30581846872,5.38050394709,0,0,0.005,0,0,20.4,40.8012037436,0,0,0,0,0,0,0,0,0,0
1.615,0.482598782459,0.517401217541,1,1,0.243705534282,0.270202631219,0.238893248177,0.247198586322,0.513908165501,0.486091834499,-0.282452029911,2.31475165746,5.43785438489,0,0,0.005,0,0,20.4,40.8012037436,0,0,0,0,0,0,0,0,0,0
1.62,0.48233440653,0.51766559347,1,1,0.244754908369,0.270369929392,0.237579498161,0.247295664078,0.515124837761,0.484875162239,-0.31249856102,2.32368329043,5.49715938487,0,0,0.005,0,0,20.4,40.8012037436,0,0,0,0,0,0,0,0,0,0
1.625,0.48208648787,0.51791351213,1,1,0.245783310846,0.270535092386,0.236303177025,0.247378419743,0.516318403232,0.483681596768,-0.342537606134,2.33261313815,5.55841606391,0,0,0.005,0,0,20.4,40.8012037436,0,0,0,0,0,0,0,0,0,0
1.63,0.481855725042,0.518144274958,1,1,0.246784343942,0.270708740916,0.2350713811,0.247435534043,0.517493084857,0.482506915143,-0.372568413678,2.34154097127,5.62162134301,0,0,0.005,0,0,20.4,40.8012037436,0,0,0,0,0,0,0,0,0,0
1.635,0.481642776859,0.518357223141,1,1,0.247752507052,0.270900387909,0.233890269808,0.247456835231,0.518652894961,0.481347105039,-0.402590232326,2.35046656057,5.68677194752,0,0,0.005,0,0,20.4,40.8012037436,0,0,0,0,0,0,0,0,0,0
1.64,0.481448258564,0.518551741436,1,1,0.248683313894,0.271118321264,0.23276494467,0.247433420172,0.519801635159,0.480198364841,-0.432602311024,2.359389677,5.75386440744,0,0,0.005,0,0,20.4,40.8012037436,0,0,0,0,0,0,0,0,0,0
1.645,0.481272738069,0.518727261931,1,1,0.249573380816,0.271369517157,0.231699357253,0.247357744774,0.520942897974,0.479057102027,-0.462603899008,2.36831009166,5.82289505764,0,0,0.005,0,0,20.4,40.8012037436,0,0,0,0,0,0,0,0,0,0
1.65,0.481116732314,0.518883267686,1,1,0.25042048505,0.271659584983,0.230696247264,0.247223682703,0.522080070033,0.477919929967,-0.492594245824,2.37722757581,5.89386003822,0,0,0.005,0,0,20.4,40.8012037436,0,0,0,0,0,0,0,0,0,0
1.655,0.480980703738,0.519019296262,1,1,0.251223592523,0.271992744179,0.229757111215,0.247026552083,0.523216336702,0.476783663298,-0.522572601351,2.38614190089,5.96675529484,0,0,0.005,0,0,20.4,40.8012037436,0,0,0,0,0,0,0,0,0,0
1.66,0.480865056918,0.519134943082,1,1,0.25198285563,0.272371832361,0.228882201288,0.246763110721,0.52435468799,0.47564531201,-0.552538215813,2.39505283848,6.04157657903,0,0,0.005,0,0,20.4,40.8012037436,0,0,0,0,0,0,0,0,0,0
1.665,0.480770135373,0.519229864627,1,1,0.252699582101,0.27279834347,0.228070553272,0.246431521157,0.525497925571,0.474502074429,-0.582490339805,2.40396016036,6.11831944857,0,0,0.005,0,0,20.4,40.8012037436,0,0,0,0,0,0,0,0,0,0
1.67,0.480696218589,0.519303781411,1,1,0.253376176857,0.273272493865,0.227320041732,0.246031287546,0.526648670722,0.473351329278,-0.612428224312,2.41286363849,6.19697926788,0,0,0.005,0,0,20.4,40.8012037436,0,0,0,0,0,0,0,0,0,0
1.675,0.480643519263,0.519356480737,1,1,0.254016059315,0.273793313695,0.226627459948,0.245563167042,0.527809373011,0.472190626989,-0.642351120722,2.42176304499,6.27755120839,0,0,0.005,0,0,20.4,40.8012037436,0,0,0,0,0,0,0,0,0,0
1.68,0.480612180811,0.519387819189,1,1,0.254623559198,0.274358760343,0.225988621613,0.245029058846,0.528982319541,0.471017680459,-0.672258280853,2.43065815219,6.360030249,0,0,0.005,0,0,20.4,40.8012037436,0,0,0,0,0,0,0,0,0,0
1.685,0.480602275155,0.519397724845,1,1,0.255203794325,0.274965850244,0.22539848083,0.244431874601,0.530169644569,0.469830355431,-0.702148956964,2.4395487326,6.44441117651,0,0,0.005,0,0,20.4,40.8012037436,0,0,0,0,0,0,0,0,0,0
1.69,0.480613800818,0.519386199182,1,1,0.255762534197,0.275610805122,0.224851266621,0.24377539406,0.531373339319,0.468626660681,-0.73202240178,2.44843455892,6.53068858603,0,0,0.005,0,0,20.4,40.8012037436,0,0,0,0,0,0,0,0,0,0
1.695,0.480646681342,0.519353318658,1,1,0.256306053398,0.276289208429,0.224340627944,0.243064110229,0.532595261827,0.467404738173,-0.761877868509,2.45731540406,6.61885688154,0,0,0.005,0,0,20.4,40.8012037436,0,0,0,0,0,0,0,0,0,0
1.7,0.480700764063,0.519299235938,1,1,0.256840978953,0.276996167703,0.22385978511,0.242303068235,0.533837146656,0.466162853344,-0.791714610858,2.46619104111,6.7089102763,0,0,0.005,0,0,20.4,40.8012037436,0,0,0,0,0,0,0,0,0,0
1.705,0.48077581925,0.51922418075,1,1,0.257374135732,0.27772647861,0.223401683518,0.24149770214,0.535100614342,0.464899385658,-0.821531883053,2.47506124339,6.80084279341,0,0,0.005,0,0,20.4,40.8012037436,0,0,0,0,0,0,0,0,0,0
1.71,0.480871539636,0.519128460364,1,1,0.257912393884,0.278474786565,0.222959145752,0.240653673799,0.536387180448,0.463612819552,-0.851328939858,2.48392578441,6.89464826632,0,0,0.005,0,0,20.4,40.8012037436,0,0,0,0,0,0,0,0,0,0
1.715,0.480987540351,0.519012459649,1,1,0.258462522027,0.27923574209,0.222525018324,0.239776717559,0.537698264117,0.462301735883,-0.881105036592,2.49278443791,6.99032033939,0,0,0.005,0,0,20.4,40.8012037436,0,0,0,0,0,0,0,0,0,0
1.72,0.481123359274,0.518876640726,1,1,0.259031049602,0.280004146434,0.222092309672,0.238872494291,0.539035196037,0.460964803963,-0.910859429147,2.50163697782,7.08785246846,0,0,0.005,0,0,20.4,40.8012037436,0,0,0,0,0,0,0,0,0,0
1.725,0.481278457817,0.518721542183,1,1,0.259624141379,0.280775084378,0.221654316438,0.237946457805,0.540399225757,0.459600774243,-0.940591374007,2.51048317831,7.18723792141,0,0,0.005,0,0,20.4,40.8012037436,0,0,0,0,0,0,0,0,0,0
1.73,0.481452222145,0.518547777855,1,1,0.260247486625,0.281544041684,0.22120473552,0.237003736172,0.541791528309,0.458208471691,-0.970300128264,2.51932281375,7.28846977879,0,0,0.005,0,0,20.4,40.8012037436,0,0,0,0,0,0,0,0,0,0
1.735,0.481643964846,0.518356035154,1,1,0.260906204943,0.282307005159,0.220737759903,0.236049029995,0.543213210102,0.456786789899,-0.999984949636,2.52815565876,7.39154093442,0,0,0.005,0,0,20.4,40.8012037436,0,0,0,0,0,0,0,0,0,0
1.74,0.48185292705,0.51814707295,1,1,0.261604770198,0.283060543895,0.220248156852,0.235086529055,0.544665314093,0.455334685907,-1.02964509648,2.53698148817,7.49644409603,0,0,0.005,0,0,20.4,40.8012037436,0,0,0,0,0,0,0,0,0,0
1.745,0.482078280993,0.517921719007,1,1,0.262346953425,0.283801870818,0.219731327568,0.234119848189,0.546148824243,0.453851175757,-1.05927982783,2.54580007705,7.60317178594,0,0,0.005,0,0,20.4,40.8012037436,0,0,0,0,0,0,0,0,0,0
1.75,0.482319133037,0.517680866963,1,1,0.26313578502,0.284528884261,0.219183348017,0.233151982702,0.547664669281,0.452335330719,-1.08888840338,2.55461120068,7.71171634168,0,0,0.005,0,0,20.4,40.8012037436,0,0,0,0,0,0,0,0,0,0
1.755,0.482574527123,0.517425472878,1,1,0.263973535997,0.285240189826,0.218600991126,0.232185283051,0.549213725824,0.450786274177,-1.11847008353,2.56341463462,7.82206991675,0,0,0.005,0,0,20.4,40.8012037436,0,0,0,0,0,0,0,0,0,0
1.76,0.482843448661,0.517156551339,1,1,0.264861717593,0.285935103307,0.217981731068,0.231221448032,0.5507968209,0.4492031791,-1.14802412938,2.57221015464,7.93422448126,0,0,0.005,0,0,20.4,40.8012037436,0,0,0,0,0,0,0,0,0,0
1.765,0.48312482884,0.516875171161,1,1,0.265801098038,0.286613635908,0.217323730801,0.230261535253,0.552414733946,0.447585266054,-1.17754980278,2.58099753674,8.04817182271,0,0,0.005,0,0,20.4,40.8012037436,0,0,0,0,0,0,0,0,0,0
1.77,0.483417549335,0.516582450665,1,1,0.266791734945,0.287276463387,0.21662581439,0.229305987278,0.554068198332,0.445931801668,-1.20704636631,2.58977655721,8.16390354668,0,0,0.005,0,0,20.4,40.8012037436,0,0,0,0,0,0,0,0,0,0
1.775,0.483720447406,0.516279552594,1,1,0.26783302142,0.287924881077,0.215887425986,0.228354671517,0.555757902497,0.444242097503,-1.23651308331,2.59854699254,8.28141107765,0,0,0.005,0,0,20.4,40.8012037436,0,0,0,0,0,0,0,0,0,0
1.78,0.484032321347,0.515967678653,1,1,0.268923743789,0.288560746976,0.215108577558,0.227406931677,0.557484490765,0.442515509235,-1.26594921792,2.60730861951,8.40068565973,0,0,0.005,0,0,20.4,40.8012037436,0,0,0,0,0,0,0,0,0,0
1.785,0.484351936279,0.515648063721,1,1,0.270062148637,0.289186415273,0.214289787642,0.226461648448,0.559248563911,0.44075143609,-1.29535403505,2.61606121514,8.52171835747,0,0,0.005,0,0,20.4,40.8012037436,0,0,0,0,0,0,0,0,0,0
1.79,0.484678030235,0.515321969765,1,1,0.271246016789,0.289804662757,0.213432013447,0.225517307008,0.561050679545,0.438949320455,-1.32472680044,2.6248045567,8.64450005669,0,0,0.005,0,0,20.4,40.8012037436,0,0,0,0,0,0,0,0,0,0
1.795,0.485009320528,0.514990679472,1,1,0.272472741837,0.29041861055,0.212536578691,0.224572068922,0.562891352387,0.437108647613,-1.35406678065,2.63353842174,8.76902146526,0,0,0.005,0,0,20.4,40.8012037436,0,0,0,0,0,0,0,0,0,0
1.8,0.48534451034,0.51465548966,1,1,0.273739410893,0.291031643574,0.211605099447,0.223623846086,0.564771054467,0.435228945533,-1.38337324309,2.64226258807,8.89527311401,0,0,0.005,0,0,20.4,40.8012037436,0,0,0,0,0,0,0,0,0,0
1.805,0.485682295519,0.514317704481,1,1,0.275042885353,0.291647329977,0.210639410166,0.222670374505,0.56669021533,0.43330978467,-1.41264545604,2.65097683375,9.02324535755,0,0,0.005,0,0,20.4,40.8012037436,0,0,0,0,0,0,0,0,0,0
1.81,0.48602137152,0.51397862848,1,1,0.276379879651,0.292269342609,0.209641491869,0.221709285872,0.56864922226,0.43135077774,-1.44188268863,2.65968093714,9.15292837517,0,0,0.005,0,0,20.4,40.8012037436,0,0,0,0,0,0,0,0,0,0
1.815,0.486360440461,0.513639559539,1,1,0.277747036202,0.292901384369,0.208613404259,0.220738175171,0.57064842057,0.42935157943,-1.47108421091,2.66837467686,9.28431217172,0,0,0.005,0,0,20.4,40.8012037436,0,0,0,0,0,0,0,0,0,0
1.82,0.486698218243,0.513301781757,1,1,0.279140994997,0.293547118978,0.207557223246,0.21975466278,0.572688113975,0.427311886025,-1.50024929384,2.67705783182,9.41738657856,0,0,0.005,0,0,20.4,40.8012037436,0,0,0,0,0,0,0,0,0,0
1.825,0.487033441682,0.512966558318,1,1,0.28055845661,0.29421010845,0.206474985072,0.218756449868,0.57476856506,0.42523143494,-1.52937720929,2.68573018119,9.55214125445,0,0,0.005,0,0,20.4,40.8012037436,0,0,0,0,0,0,0,0,0,0
1.83,0.487364875614,0.512635124386,1,1,0.281996237648,0.294893758213,0.205368637966,0.217741366173,0.576889995861,0.423110004139,-1.5584672301,2.69439150445,9.68856568652,0,0,0.005,0,0,20.4,40.8012037436,0,0,0,0,0,0,0,0,0,0
1.835,0.487691319913,0.512308680087,1,1,0.283451318021,0.295601270517,0.204240001892,0.21670740957,0.579052588539,0.420947411462,-1.58751863002,2.70304158136,9.82664919124,0,0,0.005,0,0,20.4,40.8012037436,0,0,0,0,0,0,0,0,0,0
1.84,0.488011616376,0.511988383624,1,1,0.284920879662,0.296335606489,0.203090736713,0.215652777135,0.581256486151,0.418743513849,-1.61653068384,2.71168019199,9.96638091542,0,0,0.005,0,0,20.4,40.8012037436,0,0,0,0,0,0,0,0,0,0
1.845,0.488324655422,0.511675344578,1,1,0.286402336642,0.29709945687,0.20192231878,0.214575887708,0.583501793512,0.416498206488,-1.6455026673,2.72030711668,10.1077498372,0,0,0.005,0,0,20.4,40.8012037436,0,0,0,0,0,0,0,0,0,0
1.85,0.488629382559,0.511370617442,1,1,0.287893356852,0.297895221253,0.200736025706,0.213475396189,0.585788578105,0.414211421895,-1.67443385715,2.72892213611,10.2507447669,0,0,0.005,0,0,20.4,40.8012037436,0,0,0,0,0,0,0,0,0,0
1.855,0.48892480456,0.51107519544,1,1,0.28939187567,0.298724995377,0.19953292889,0.212350200063,0.588116871047,0.411883128953,-1.70332353118,2.73752503124,10.3953543485,0,0,0.005,0,0,20.4,40.8012037436,0,0,0,0,0,0,0,0,0,0
1.86,0.48920999531,0.510790004691,1,1,0.290896102202,0.299590565872,0.198313893108,0.211199438818,0.590486668074,0.409513331926,-1.73217096821,2.74611558335,10.5415670602,0,0,0.005,0,0,20.4,40.8012037436,0,0,0,0,0,0,0,0,0,0
1.865,0.48948410126,0.51051589874,1,1,0.29240451885,0.300493411673,0.19707958241,0.210022487067,0.592897930523,0.407102069477,-1.76097544813,2.75469357404,10.6893712158,0,0,0.005,0,0,20.4,40.8012037436,0,0,0,0,0,0,0,0,0,0
1.87,0.489746346467,0.510253653533,1,1,0.293915875073,0.301434711222,0.195830471394,0.208818942311,0.595350586295,0.404649413706,-1.7897362519,2.76325878523,10.8387549655,0,0,0.005,0,0,20.4,40.8012037436,0,0,0,0,0,0,0,0,0,0
1.875,0.489996037149,0.510003962851,1,1,0.295429176251,0.302415354521,0.194566860898,0.20758860833,0.597844530772,0.402155469228,-1.81845266156,2.77181099918,10.9897062975,0,0,0.005,0,0,20.4,40.8012037436,0,0,0,0,0,0,0,0,0,0
1.88,0.490232565734,0.509767434266,1,1,0.296943668636,0.303435959043,0.193288897098,0.206331475223,0.600379627679,0.399620372322,-1.84712396027,2.78034999845,11.1422130385,0,0,0.005,0,0,20.4,40.8012037436,0,0,0,0,0,0,0,0,0,0
1.885,0.490455414364,0.509544585636,1,1,0.29845882134,0.304496888522,0.191996593024,0.205047697114,0.602955709862,0.397044290138,-1.87574943231,2.78887556596,11.2962628552,0,0,0.005,0,0,20.4,40.8012037436,0,0,0,0,0,0,0,0,0,0
1.89,0.490664157809,0.509335842191,1,1,0.299974306281,0.305598273707,0.190689851528,0.203737568484,0.605572579988,0.394427420012,-1.90432836311,2.79738748497,11.4518432556,0,0,0.005,0,0,20.4,40.8012037436,0,0,0,0,0,0,0,0,0,0
1.895,0.490858465773,0.509141534227,1,1,0.301489976958,0.306740034186,0.189368488815,0.202401500041,0.608230011144,0.391769988856,-1.93286003925,2.80588553909,11.6089415898,0,0,0.005,0,0,20.4,40.8012037436,0,0,0,0,0,0,0,0,0,0
1.9,0.491038104567,0.508961895433,1,1,0.303005846824,0.307921900511,0.188032257743,0.201039994922,0.610927747335,0.389072252666,-1.96134374848,2.81436951227,11.7675450513,0,0,0.005,0,0,20.4,40.8012037436,0,0,0,0,0,0,0,0,0,0
1.905,0.491202938124,0.508797061876,1,1,0.304522067948,0.309143435939,0.186680870176,0.199653625937,0.613665503887,0.386334496113,-1.98977877977,2.82283918883,11.9276406784,0,0,0.005,0,0,20.4,40.8012037436,0,0,0,0,0,0,0,0,0,0
1.91,0.49135292834,0.508647071661,1,1,0.306038910514,0.310404057235,0.185314017826,0.198243014426,0.616442967749,0.383557032251,-2.01816442326,2.83129435344,12.0892153552,0,0,0.005,0,0,20.4,40.8012037436,0,0,0,0,0,0,0,0,0,0
1.915,0.491488134738,0.508511865262,1,1,0.307556743616,0.311703054084,0.183931391122,0.196808811178,0.6192597977,0.3807402023,-2.04649997036,2.83973479116,12.2522558128,0,0,0.005,0,0,20.4,40.8012037436,0,0,0,0,0,0,0,0,0,0
1.92,0.491608713452,0.508391286548,1,1,0.309076017679,0.3130396068,0.182532695774,0.195351679748,0.622115624479,0.377884375522,-2.0747847137,2.84816028741,12.416748631,0,0,0.005,0,0,20.4,40.8012037436,0,0,0,0,0,0,0,0,0,0
1.925,0.491714915521,0.50828508448,1,1,0.310597248713,0.314412802119,0.181117666807,0.19387228236,0.625010050833,0.374989949168,-2.10301794718,2.85657062799,12.5826802388,0,0,0.005,0,0,20.4,40.8012037436,0,0,0,0,0,0,0,0,0,0
1.93,0.491807084509,0.508192915491,1,1,0.312121004514,0.315821646998,0.179686079996,0.192371268493,0.627942651511,0.372057348489,-2.13119896597,2.86496559909,12.7500369165,0,0,0.005,0,0,20.4,40.8012037436,0,0,0,0,0,0,0,0,0,0
1.935,0.491885653474,0.508114346526,1,1,0.313647892812,0.317265080397,0.178237760662,0.190849266129,0.63091297321,0.369087026791,-2.15932706657,2.8733449873,12.9188047964,0,0,0.005,0,0,20.4,40.8012037436,0,0,0,0,0,0,0,0,0,0
1.94,0.491951141279,0.508048858721,1,1,0.315178551317,0.318741983157,0.176772589962,0.189306875564,0.633920534475,0.366079465526,-2.18740154675,2.88170857959,13.0889698644,0,0,0.005,0,0,20.4,40.8012037436,0,0,0,0,0,0,0,0,0,0
1.945,0.492004148298,0.507995851702,1,1,0.31671363949,0.320251186105,0.175290508808,0.187744665597,0.636964825596,0.363035174405,-2.21542170565,2.89005616335,13.2605179612,0,0,0.005,0,0,20.4,40.8012037436,0,0,0,0,0,0,0,0,0,0
1.95,0.492045351529,0.507954648471,1,1,0.318253831878,0.321791476606,0.173791519651,0.186163171865,0.640045308484,0.359954691516,-2.24338684376,2.89838752638,13.4334347838,0,0,0.005,0,0,20.4,40.8012037436,0,0,0,0,0,0,0,0,0,0
1.955,0.492075499161,0.507924500839,1,1,0.319799812766,0.323361603795,0.172275686395,0.184562897045,0.643161416561,0.35683858344,-2.27129626291,2.90670245688,13.6077058868,0,0,0.005,0,0,20.4,40.8012037436,0,0,0,0,0,0,0,0,0,0
1.96,0.492095404626,0.507904595374,1,1,0.321352271895,0.324960282763,0.170743132731,0.182944312611,0.646312554658,0.353687445342,-2.29914926637,2.9150007435,13.7833166837,0,0,0.005,0,0,20.4,40.8012037436,0,0,0,0,0,0,0,0,0,0
1.965,0.492105940193,0.507894059807,1,1,0.322911901001,0.326586197952,0.169194039192,0.181307861855,0.649498098953,0.350501901047,-2.32694515876,2.92328217529,13.9602524483,0,0,0.005,0,0,20.4,40.8012037436,0,0,0,0,0,0,0,0,0,0
1.97,0.492108030148,0.507891969853,1,1,0.32447939091,0.32823800602,0.167628639237,0.179653963833,0.65271739693,0.34728260307,-2.35468324616,2.93154654176,14.1384983163,0,0,0.005,0,0,20.4,40.8012037436,0,0,0,0,0,0,0,0,0,0
1.975,0.492102643613,0.507897356387,1,1,0.326055428957,0.329914338438,0.166047214656,0.177983017949,0.655969767395,0.344030232605,-2.3823628361,2.93979363282,14.3180392864,0,0,0.005,0,0,20.4,40.8012037436,0,0,0,0,0,0,0,0,0,0
1.98,0.492090787074,0.507909212926,1,1,0.327640696519,0.331613804011,0.164450090555,0.176295408915,0.65925450053,0.34074549947,-2.40998323753,2.94802323888,14.4988602222,0,0,0.005,0,0,20.4,40.8012037436,0,0,0,0,0,0,0,0,0,0
1.985,0.492073496662,0.507926503338,1,1,0.329235866483,0.333334991522,0.162837630179,0.174591511816,0.662570858005,0.337429141995,-2.43754376093,2.95623515076,14.680945853,0,0,0.005,0,0,20.4,40.8012037436,0,0,0,0,0,0,0,0,0,0
1.99,0.49205183027,0.507948169731,1,1,0.330841600504,0.335076472642,0.161210229766,0.172871697089,0.665918073146,0.334081926854,-2.46504371824,2.96442915976,14.864280776,0,0,0.005,0,0,20.4,40.8012037436,0,0,0,0,0,0,0,0,0,0
1.995,0.492026859555,0.507973140445,1,1,0.332458545941,0.336836805212,0.159568313614,0.171136335233,0.669295351153,0.330704648847,-2.49248242293,2.97260505763,15.0488494572,0,0,0.005,0,0,20.4,40.8012037436,0,0,0,0,0,0,0,0,0,0
2,0.491999661909,0.508000338091,1,1,0.334087332416,0.338614536968,0.157912329493,0.169385801123,0.672701869384,0.327298130616,-2.51985919001,2.98076263659,15.2346362332,0,0,0.005,0,0,20.4,40.8012037436,0,0,0,0,0,0,0,0,0,0
2.005,0.491971312457,0.508028687543,1,1,0.335728567958,0.340408209726,0.156242744499,0.167620477817,0.676136777684,0.323863222316,-2.54717333604,2.98890168935,15.4216253125,0,0,0.005,0,0,20.4,40.8012037436,0,0,0,0,0,0,0,0,0,0
2.01,0.491942876146,0.508057123854,1,1,0.337382834734,0.342216364042,0.154560041412,0.165840759811,0.679599198776,0.320400801224,-2.57442417914,2.9970220091,15.6098007772,0,0,0.005,0,0,20.4,40.8012037436,0,0,0,0,0,0,0,0,0,0
2.015,0.491915400016,0.508084599984,1,1,0.339050684412,0.344037544291,0.152864715604,0.164047055693,0.683088228703,0.316911771298,-2.60161103904,3.00512338949,15.7991465845,0,0,0.005,0,0,20.4,40.8012037436,0,0,0,0,0,0,0,0,0,0
2.02,0.491889905687,0.508110094313,1,1,0.340732633205,0.345870304105,0.151157272482,0.162239790208,0.68660293731,0.31339706269,-2.62873323706,3.01320562469,15.9896465683,0,0,0.005,0,0,20.4,40.8012037436,0,0,0,0,0,0,0,0,0,0
2.025,0.491867382155,0.508132617845,1,1,0.342429156692,0.347713212096,0.149438225463,0.160419405749,0.690142368788,0.309857631212,-2.65579009615,3.02126850936,16.1812844404,0,0,0.005,0,0,20.4,40.8012037436,0,0,0,0,0,0,0,0,0,0
2.03,0.491848778947,0.508151221053,1,1,0.344140684502,0.349564857744,0.147708094445,0.158586363309,0.693705542246,0.306294457754,-2.68278094091,3.02931183865,16.3740437927,0,0,0.005,0,0,20.4,40.8012037436,0,0,0,0,0,0,0,0,0,0
2.035,0.491834999686,0.508165000314,1,1,0.345867594975,0.351423857361,0.145967404711,0.156741142953,0.697291452336,0.302708547664,-2.70970509759,3.03733540824,16.5679080981,0,0,0.005,0,0,20.4,40.8012037436,0,0,0,0,0,0,0,0,0,0
2.04,0.491826896144,0.508173103856,1,1,0.347610209914,0.353288859992,0.14421668623,0.154884243865,0.700899069906,0.299100930094,-2.73656189413,3.04533901431,16.7628607125,0,0,0.005,0,0,20.4,40.8012037436,0,0,0,0,0,0,0,0,0,0
2.045,0.491825262807,0.508174737194,1,1,0.349368789546,0.35515855315,0.14245647326,0.153016184044,0.704527342696,0.295472657304,-2.76335066017,3.05332245356,16.9588848765,0,0,0.005,0,0,20.4,40.8012037436,0,0,0,0,0,0,0,0,0,0
2.05,0.491830832015,0.508169167985,1,1,0.351143527789,0.357031668276,0.140687304227,0.151137499709,0.708175196065,0.291824803935,-2.79007072706,3.06128552321,17.1559637166,0,0,0.005,0,0,20.4,40.8012037436,0,0,0,0,0,0,0,0,0,0
2.055,0.491844269716,0.508155730284,1,1,0.352934547943,0.358906985806,0.138909721773,0.149248744478,0.711841533749,0.288158466251,-2.81672142787,3.06922802102,17.3540802472,0,0,0.005,0,0,20.4,40.8012037436,0,0,0,0,0,0,0,0,0,0
2.06,0.491866171854,0.508133828147,1,1,0.354741898899,0.360783339753,0.137124272955,0.147350488394,0.715525238651,0.284474761349,-2.84330209743,3.07714974528,17.5532173721,0,0,0.005,0,0,20.4,40.8012037436,0,0,0,0,0,0,0,0,0,0
2.065,0.491897061434,0.508102938566,1,1,0.356565551925,0.362659621733,0.135331509509,0.145443316833,0.719225173658,0.280774826342,-2.86981207236,3.0850504948,17.7533578861,0,0,0.005,0,0,20.4,40.8012037436,0,0,0,0,0,0,0,0,0,0
2.07,0.491937386285,0.508062613716,1,1,0.358405398135,0.364534784353,0.13353198815,0.143527829362,0.722940182488,0.277059817512,-2.89625069102,3.09293006896,17.9544844767,0,0,0.005,0,0,20.4,40.8012037436,0,0,0,0,0,0,0,0,0,0
2.075,0.491987517513,0.508012482487,1,1,0.360261246648,0.366407843913,0.131726270865,0.141604638574,0.726669090561,0.273330909439,-2.92261729362,3.10078826768,18.1565797259,0,0,0.005,0,0,20.4,40.8012037436,0,0,0,0,0,0,0,0,0,0
2.08,0.492047748685,0.507952251316,1,1,0.362132823522,0.368277882382,0.129914925163,0.139674368933,0.730410705904,0.269589294096,-2.94891122214,3.10862489143,18.3596261117,0,0,0.005,0,0,20.4,40.8012037436,0,0,0,0,0,0,0,0,0,0
2.085,0.49211829571,0.50788170429,1,1,0.364019771442,0.370144048632,0.128098524269,0.137737655658,0.734163820073,0.265836179927,-2.97513182044,3.11643974123,18.5636060097,0,0,0.005,0,0,20.4,40.8012037436,0,0,0,0,0,0,0,0,0,0
2.09,0.492199297438,0.507800702563,1,1,0.365921650203,0.372005558906,0.126277647235,0.135795143657,0.737927209109,0.262072790892,-3.00127843421,3.12423261867,18.7685016952,0,0,0.005,0,0,20.4,40.8012037436,0,0,0,0,0,0,0,0,0,0
2.095,0.492290816933,0.507709183067,1,1,0.367837937966,0.373861696544,0.124452878967,0.133847486523,0.74169963451,0.25830036549,-3.027350411,3.1320033259,18.9742953445,0,0,0.005,0,0,20.4,40.8012037436,0,0,0,0,0,0,0,0,0,0
2.1,0.492392843431,0.507607156569,1,1,0.369768033274,0.37571181097,0.122624810157,0.131895345599,0.745479844244,0.254520155756,-3.05334710028,3.13975166566,19.1809690368,0,0,0.005,0,0,20.4,40.8012037436,0,0,0,0,0,0,0,0,0,0
2.105,0.492505294924,0.507494705076,1,1,0.371711257795,0.377555315973,0.120794037129,0.129939389103,0.749266573768,0.250733426232,-3.07926785338,3.14747744125,19.388504756,0,0,0.005,0,0,20.4,40.8012037436,0,0,0,0,0,0,0,0,0,0
2.11,0.492628021353,0.507371978647,1,1,0.373666859761,0.379391687325,0.118961161593,0.127980291322,0.753058547086,0.246941452914,-3.10511202357,3.15518045654,19.5968843923,0,0,0.005,0,0,20.4,40.8012037436,0,0,0,0,0,0,0,0,0,0
2.115,0.492760808363,0.507239191637,1,1,0.375634018043,0.38122045978,0.11712679032,0.126018731857,0.756854477824,0.243145522176,-3.13087896607,3.162860516,19.8060897439,0,0,0.005,0,0,20.4,40.8012037436,0,0,0,0,0,0,0,0,0,0
2.12,0.492903381573,0.507096618428,1,1,0.377611846821,0.38304122351,0.115291534752,0.124055394918,0.76065307033,0.23934692967,-3.15656803802,3.17051742469,20.0161025189,0,0,0.005,0,0,20.4,40.8012037436,0,0,0,0,0,0,0,0,0,0
2.125,0.493055411309,0.506944588691,1,1,0.379599400767,0.384853620033,0.113456010542,0.122090968658,0.7644530208,0.2355469792,-3.18217859853,3.17815098825,20.2269043371,0,0,0.005,0,0,20.4,40.8012037436,0,0,0,0,0,0,0,0,0,0
2.13,0.493216517746,0.506783482254,1,1,0.3815956807,0.386657337716,0.111620837046,0.120126144538,0.768253018416,0.231746981584,-3.20771000872,3.18576101292,20.4384767315,0,0,0.005,0,0,20.4,40.8012037436,0,0,0,0,0,0,0,0,0,0
2.135,0.493386276392,0.506613723608,1,1,0.383599639622,0.388452106897,0.10978663677,0.118161616711,0.772051746519,0.227948253481,-3.23316163168,3.19334730556,20.6508011505,0,0,0.005,0,0,20.4,40.8012037436,0,0,0,0,0,0,0,0,0,0
2.14,0.49356422386,0.506435776141,1,1,0.385610189068,0.390237694719,0.107954034792,0.116198081421,0.775847883787,0.224152116213,-3.25853283252,3.20090967361,20.8638589592,0,0,0.005,0,0,20.4,40.8012037436,0,0,0,0,0,0,0,0,0,0
2.145,0.493749863848,0.506250136152,1,1,0.387626205706,0.392013899739,0.106123658142,0.114236236413,0.779640105445,0.220359894555,-3.28382297838,3.20844792514,21.0776314416,0,0,0.005,0,0,20.4,40.8012037436,0,0,0,0,0,0,0,0,0,0
2.15,0.493942673278,0.506057326722,1,1,0.389646538093,0.393780546386,0.104296135185,0.112276780336,0.783427084479,0.216572915521,-3.30903143844,3.21596186881,21.2920998022,0,0,0.005,0,0,20.4,40.8012037436,0,0,0,0,0,0,0,0,0,0
2.155,0.494142108506,0.505857891494,1,1,0.391670013533,0.395537479348,0.102472094974,0.110320412146,0.78720749288,0.21279250712,-3.33415758395,3.22345131392,21.5072451678,0,0,0.005,0,0,20.4,40.8012037436,0,0,0,0,0,0,0,0,0,0
2.16,0.494347611547,0.505652388453,1,1,0.393695444942,0.397284557946,0.100652166605,0.108367830508,0.790980002887,0.209019997113,-3.35920078821,3.2309160704,21.7230485895,0,0,0.005,0,0,20.4,40.8012037436,0,0,0,0,0,0,0,0,0,0
2.165,0.494558616239,0.505441383761,1,1,0.395721637671,0.399021650586,0.0988369785681,0.106419733175,0.794743288257,0.205256711743,-3.38416042665,3.23835594878,21.9394910443,0,0,0.005,0,0,20.4,40.8012037436,0,0,0,0,0,0,0,0,0,0
2.17,0.494774554287,0.505225445714,1,1,0.397747396193,0.400748629341,0.0970271580941,0.104476816372,0.798496025534,0.201503974466,-3.40903587676,3.24577076025,22.1565534371,0,0,0.005,0,0,20.4,40.8012037436,0,0,0,0,0,0,0,0,0,0
2.175,0.494994861116,0.505005138884,1,1,0.399771530609,0.402465364727,0.0952233305069,0.102539774158,0.802236895336,0.197763104664,-3.43382651817,3.25316031661,22.3742166025,0,0,0.005,0,0,20.4,40.8012037436,0,0,0,0,0,0,0,0,0,0
2.18,0.495218981475,0.504781018525,1,1,0.401792862898,0.404171720748,0.0934261185772,0.100609297777,0.805964583646,0.194035416354,-3.45853173265,3.26052443033,22.5924613065,0,0,0.005,0,0,20.4,40.8012037436,0,0,0,0,0,0,0,0,0,0
2.185,0.49544637473,0.50455362527,1,1,0.40381023285,0.405867550258,0.0916361418802,0.0986860750118,0.809677783108,0.190322216892,-3.4831509041,3.2678629145,22.8112682487,0,0,0.005,0,0,20.4,40.8012037436,0,0,0,0,0,0,0,0,0,0
2.19,0.495676519801,0.504323480199,1,1,0.405822503643,0.407552690687,0.0898540161587,0.0967707895121,0.813375194329,0.186624805671,-3.5076834186,3.27517558287,23.0306180637,0,0,0.005,0,0,20.4,40.8012037436,0,0,0,0,0,0,0,0,0,0
2.195,0.495908919687,0.504091080314,1,1,0.407828566996,0.409226960186,0.0880803526904,0.0948641201278,0.817055527182,0.182944472818,-3.53212866439,3.28246224984,23.2504913235,0,0,0.005,0,0,20.4,40.8012037436,0,0,0,0,0,0,0,0,0,0
2.2,0.496143105535,0.503856894465,1,1,0.409827347874,0.410890154233,0.086315757661,0.0929667402322,0.820717502107,0.179282497893,-3.55648603192,3.28972273049,23.4708685388,0,0,0.005,0,0,20.4,40.8012037436,0,0,0,0,0,0,0,0,0,0
2.205,0.496378640233,0.503621359767,1,1,0.411817808691,0.412542042725,0.0845608315421,0.0910793170425,0.824359851416,0.175640148585,-3.58075491385,3.29695684053,23.6917301614,0,0,0.005,0,0,20.4,40.8012037436,0,0,0,0,0,0,0,0,0,0
2.21,0.496615121467,0.503384878533,1,1,0.413798952993,0.414182367594,0.0828161684746,0.0892025109393,0.827981320586,0.172018679414,-3.60493470503,3.30416439637,23.9130565857,0,0,0.005,0,0,20.4,40.8012037436,0,0,0,0,0,0,0,0,0,0
2.215,0.496852184251,0.503147815749,1,1,0.415769828594,0.415810840963,0.0810823556573,0.0873369747856,0.831580669557,0.168419330443,-3.62902480257,3.31134521507,24.134828151,0,0,0.005,0,0,20.4,40.8012037436,0,0,0,0,0,0,0,0,0,0
2.22,0.49708950289,0.502910497111,1,1,0.417729530148,0.417427143862,0.0793599727415,0.0854833532489,0.83515667401,0.16484332599,-3.65302460583,3.31849911438,24.357025143,0,0,0.005,0,0,20.4,40.8012037436,0,0,0,0,0,0,0,0,0,0
2.225,0.497326792373,0.502673207627,1,1,0.419677201141,0.419030925501,0.0776495912317,0.0836422821266,0.838708126642,0.161291873358,-3.67693351644,3.32562591273,24.5796277958,0,0,0.005,0,0,20.4,40.8012037436,0,0,0,0,0,0,0,0,0,0
2.23,0.497563809208,0.502436190793,1,1,0.421612035315,0.420621803116,0.0759517738922,0.0818143876767,0.842233838431,0.157766161569,-3.70075093829,3.33272542924,24.802616294,0,0,0.005,0,0,20.4,40.8012037436,0,0,0,0,0,0,0,0,0,0
2.235,0.497800351675,0.502199648325,1,1,0.423533277513,0.42219936237,0.0742670741617,0.0800002859559,0.845732639883,0.154267360118,-3.72447627757,3.33979748372,25.0259707745,0,0,0.005,0,0,20.4,40.8012037436,0,0,0,0,0,0,0,0,0,0
2.24,0.49803625954,0.501963740461,1,1,0.425440223965,0.423763158295,0.0725960355746,0.0782005821661,0.84920338226,0.150796617741,-3.74810894279,3.34684189668,25.2496713284,0,0,0.005,0,0,20.4,40.8012037436,0,0,0,0,0,0,0,0,0,0
2.245,0.498271413225,0.501728586775,1,1,0.427332222033,0.425312716766,0.0709391911919,0.0764158700099,0.852644938798,0.147355061202,-3.77164834476,3.35385848932,25.4736980029,0,0,0.005,0,0,20.4,40.8012037436,0,0,0,0,0,0,0,0,0,0
2.25,0.498505732475,0.501494267525,1,1,0.429208669434,0.426847536467,0.0692970630403,0.0746467310583,0.856056205902,0.143943794099,-3.79509389665,3.36084708356,25.6980308035,0,0,0.005,0,0,20.4,40.8012037436,0,0,0,0,0,0,0,0,0,0
2.255,0.498739174541,0.501260825459,1,1,0.431069012978,0.42836709133,0.0676701615627,0.0728937341297,0.859436104308,0.140563895692,-3.81844501396,3.36780750204,25.9226496954,0,0,0.005,0,0,20.4,40.8012037436,0,0,0,0,0,0,0,0,0,0
2.26,0.498971731926,0.501028268074,1,1,0.432912746847,0.429870833392,0.0660589850788,0.0711574346823,0.862783580239,0.137216419761,-3.84170111457,3.37473956809,26.1475346061,0,0,0.005,0,0,20.4,40.8012037436,0,0,0,0,0,0,0,0,0,0
2.265,0.499203429728,0.500796570272,1,1,0.434739410469,0.43135819605,0.0644640192586,0.0694383742221,0.866097606519,0.133902393481,-3.86486161873,3.38164310578,26.3726654268,0,0,0.005,0,0,20.4,40.8012037436,0,0,0,0,0,0,0,0,0,0
2.27,0.49943432263,0.50056567737,1,1,0.436548586021,0.432828597645,0.0628857366093,0.0677370797249,0.869377183666,0.130622816334,-3.88792594907,3.38851793991,26.5980220146,0,0,0.005,0,0,20.4,40.8012037436,0,0,0,0,0,0,0,0,0,0
2.275,0.499664491589,0.500335508411,1,1,0.438339895614,0.434281445334,0.0613245959754,0.0660540630766,0.872621340948,0.127378659052,-3.91089353066,3.39536389601,26.8235841945,0,0,0.005,0,0,20.4,40.8012037436,0,0,0,0,0,0,0,0,0,0
2.28,0.499894040265,0.500105959735,1,1,0.440112998211,0.435716139205,0.0597810420549,0.06438982053,0.875829137415,0.124170862585,-3.93376379096,3.40218080033,27.0493317612,0,0,0.005,0,0,20.4,40.8012037436,0,0,0,0,0,0,0,0,0,0
2.285,0.500123091266,0.499876908735,1,1,0.441867586334,0.437132076554,0.0582555049318,0.0627448321811,0.878999662887,0.121000337113,-3.95653615988,3.40896847989,27.2752444813,0,0,0.005,0,0,20.4,40.8012037436,0,0,0,0,0,0,0,0,0,0
2.29,0.500351782238,0.499648217762,1,1,0.443603382613,0.438528656296,0.0567483996249,0.0611195614655,0.88213203891,0.11786796109,-3.97921006978,3.41572676242,27.5013020949,0,0,0.005,0,0,20.4,40.8012037436,0,0,0,0,0,0,0,0,0,0
2.295,0.500580261892,0.499419738109,1,1,0.445320136235,0.439905283434,0.0552601256561,0.0595144546747,0.885225419669,0.114774580331,-4.00178495547,3.42245547643,27.727484318,0,0,0.005,0,0,20.4,40.8012037436,0,0,0,0,0,0,0,0,0,0
2.3,0.500808685981,0.499191314019,1,1,0.447017619345,0.441261373524,0.0537910666366,0.0579299404949,0.888278992869,0.111721007132,-4.02426025424,3.42915445119,27.953770844,0,0,0.005,0,0,20.4,40.8012037436,0,0,0,0,0,0,0,0,0,0
2.305,0.501037213332,0.498962786668,1,1,0.448695623458,0.442596357099,0.0523415898739,0.0563664295691,0.891291980557,0.108708019443,-4.04663540588,3.43582351671,28.1801413461,0,0,0.005,0,0,20.4,40.8012037436,0,0,0,0,0,0,0,0,0,0
2.31,0.501266001941,0.498733998059,1,1,0.450353955941,0.443909683978,0.0509120459999,0.0548243140815,0.894263639919,0.105736360081,-4.06890985269,3.44246250377,28.4065754791,0,0,0.005,0,0,20.4,40.8012037436,0,0,0,0,0,0,0,0,0,0
2.315,0.501495205223,0.498504794777,1,1,0.451992436603,0.445200827409,0.0495027686202,0.0533039673683,0.897193264012,0.102806735989,-4.09108303945,3.44907124393,28.6330528814,0,0,0.005,0,0,20.4,40.8012037436,0,0,0,0,0,0,0,0,0,0
2.32,0.501724968434,0.498275031566,1,1,0.453610894447,0.446469288013,0.0481140739868,0.0518057435532,0.90008018246,0.09991981754,-4.11315441352,3.45564956953,28.8595531769,0,0,0.005,0,0,20.4,40.8012037436,0,0,0,0,0,0,0,0,0,0
2.325,0.501955425333,0.498044574667,1,1,0.45520916464,0.447714597458,0.0467462606936,0.050329977209,0.902923762098,0.0970762379026,-4.13512342478,3.46219731367,29.086055977,0,0,0.005,0,0,20.4,40.8012037436,0,0,0,0,0,0,0,0,0,0
2.33,0.502186695113,0.497813304887,1,1,0.456787085716,0.44893632184,0.0453996093966,0.0488769830477,0.905723407556,0.0942765924443,-4.15698952566,3.46871431026,29.3125408826,0,0,0.005,0,0,20.4,40.8012037436,0,0,0,0,0,0,0,0,0,0
2.335,0.502418879638,0.497581120363,1,1,0.458344497079,0.450134064725,0.0440743825589,0.0474470556377,0.908478561804,0.0915214381966,-4.17875217118,3.47520039398,29.5389874864,0,0,0.005,0,0,20.4,40.8012037436,0,0,0,0,0,0,0,0,0,0
2.34,0.502652061023,0.497347938978,1,1,0.459881236801,0.451307469828,0.0427708242215,0.0460404691499,0.911188706629,0.0888112933714,-4.20041081893,3.48165540031,29.7653753743,0,0,0.005,0,0,20.4,40.8012037436,0,0,0,0,0,0,0,0,0,0
2.345,0.502886299577,0.497113700423,1,1,0.461397139777,0.452456223289,0.0414891597998,0.044657477134,0.913853363066,0.0861466369338,-4.22196492912,3.48807916554,29.9916841278,0,0,0.005,0,0,20.4,40.8012037436,0,0,0,0,0,0,0,0,0,0
2.35,0.50312163213,0.49687836787,1,1,0.462892036223,0.453580055546,0.0402295959076,0.0432983123243,0.916472091768,0.0835279082319,-4.24341396455,3.49447152675,30.2178933258,0,0,0.005,0,0,20.4,40.8012037436,0,0,0,0,0,0,0,0,0,0
2.355,0.503358070757,0.496641929243,1,1,0.464365750549,0.454678742767,0.0389923202085,0.0419631864763,0.919044493315,0.0809555066848,-4.26475739064,3.50083232183,30.4439825467,0,0,0.005,0,0,20.4,40.8012037436,0,0,0,0,0,0,0,0,0,0
2.36,0.503595601904,0.496404398096,1,1,0.46581810061,0.455752107861,0.0377775012942,0.040652290235,0.921570208471,0.0784297915292,-4.28599467548,3.5071613895,30.6699313703,0,0,0.005,0,0,20.4,40.8012037436,0,0,0,0,0,0,0,0,0,0
2.365,0.503834185928,0.496165814072,1,1,0.467248897335,0.456800021038,0.0365852885926,0.0393657930345,0.924048918373,0.0759510816272,-4.30712528978,3.51345856928,30.89571938,0,0,0.005,0,0,20.4,40.8012037436,0,0,0,0,0,0,0,0,0,0
2.37,0.504073757027,0.495926242973,1,1,0.468657944723,0.457822399943,0.0354158123034,0.03810384303,0.926480344667,0.0735196553334,-4.32814870693,3.51972370152,31.1213261643,0,0,0.005,0,0,20.4,40.8012037436,0,0,0,0,0,0,0,0,0,0
2.375,0.504314223569,0.495685776432,1,1,0.470045040206,0.45881920937,0.034269183363,0.036866567062,0.928864249575,0.071135750425,-4.34906440298,3.52595662739,31.3467313195,0,0,0.005,0,0,20.4,40.8012037436,0,0,0,0,0,0,0,0,0,0
2.38,0.504555468791,0.495444531209,1,1,0.471409975352,0.459790460555,0.0331454934392,0.0356540706537,0.931200435907,0.0687995640929,-4.36987185669,3.5321571889,31.571914451,0,0,0.005,0,0,20.4,40.8012037436,0,0,0,0,0,0,0,0,0,0
2.385,0.504797351853,0.495202648147,1,1,0.472752536899,0.460736210106,0.0320448149545,0.0344664380407,0.933488747005,0.0665112529952,-4.39057054949,3.53832522889,31.7968551755,0,0,0.005,0,0,20.4,40.8012037436,0,0,0,0,0,0,0,0,0,0
2.39,0.505039709215,0.494960290786,1,1,0.474072508075,0.461656558551,0.0309672011397,0.0333037322346,0.935729066626,0.0642709333743,-4.41115996557,3.54446059105,32.0215331234,0,0,0.005,0,0,20.4,40.8012037436,0,0,0,0,0,0,0,0,0,0
2.395,0.505282356312,0.494717643689,1,1,0.475369670195,0.46255164857,0.029912686117,0.0321659951185,0.937921318765,0.0620786812356,-4.43163959181,3.5505631199,32.2459279401,0,0,0.005,0,0,20.4,40.8012037436,0,0,0,0,0,0,0,0,0,0
2.4,0.505525089492,0.494474910508,1,1,0.47664380448,0.463421662931,0.0288812850124,0.0310532475772,0.940065467411,0.0599345325896,-4.45200891783,3.55663266082,32.4700192884,0,0,0.005,0,0,20.4,40.8012037436,0,0,0,0,0,0,0,0,0,0
2.405,0.50576768818,0.49423231182,1,1,0.477894694083,0.464266822161,0.0278729940977,0.0299654896585,0.942161516244,0.0578384837562,-4.47226743601,3.56266906003,32.6937868505,0,0,0.005,0,0,20.4,40.8012037436,0,0,0,0,0,0,0,0,0,0
2.41,0.506009917219,0.493990082782,1,1,0.479122126256,0.465087382013,0.026887790963,0.0289027007688,0.944209508268,0.0557904917318,-4.49241464151,3.56867216464,32.9172103299,0,0,0.005,0,0,20.4,40.8012037436,0,0,0,0,0,0,0,0,0,0
2.415,0.506251529361,0.49374847064,1,1,0.480325894644,0.465883630739,0.0259256347167,0.0278648399004,0.946209525383,0.0537904746171,-4.51245003223,3.57464182258,33.1402694531,0,0,0.005,0,0,20.4,40.8012037436,0,0,0,0,0,0,0,0,0,0
2.42,0.506492267859,0.493507732141,1,1,0.481505801644,0.46665588625,0.0249864662157,0.0268518458912,0.948161687893,0.0518383121069,-4.53237310888,3.58057788267,33.362943972,0,0,0.005,0,0,20.4,40.8012037436,0,0,0,0,0,0,0,0,0,0
2.425,0.506731869115,0.493268130886,1,1,0.482661660791,0.46740449317,0.0240702083236,0.0258636377161,0.95006615396,0.0499338460397,-4.55218337497,3.5864801946,33.5852136656,0,0,0.005,0,0,20.4,40.8012037436,0,0,0,0,0,0,0,0,0,0
2.43,0.506970065335,0.493029934665,1,1,0.483793299138,0.468129819856,0.0231767661976,0.0249001148092,0.951923118993,0.0480768810068,-4.5718803368,3.59234860894,33.8070583422,0,0,0.005,0,0,20.4,40.8012037436,0,0,0,0,0,0,0,0,0,0
2.435,0.507206587174,0.492793412827,1,1,0.484900559572,0.468832255409,0.022306027602,0.0239611574172,0.953732814981,0.0462671850192,-4.59146350351,3.59818297713,34.028457841,0,0,0.005,0,0,20.4,40.8012037436,0,0,0,0,0,0,0,0,0,0
2.44,0.507441166291,0.492558833709,1,1,0.485983303041,0.469512206727,0.0214578632496,0.0230466269822,0.955495509768,0.0445044902318,-4.61093238709,3.60398315148,34.2493920344,0,0,0.005,0,0,20.4,40.8012037436,0,0,0,0,0,0,0,0,0,0
2.445,0.507673537821,0.492326462179,1,1,0.487041410652,0.470170095625,0.0206321271693,0.022156366554,0.957211506277,0.0427884937233,-4.63028650233,3.60974898522,34.46984083,0,0,0.005,0,0,20.4,40.8012037436,0,0,0,0,0,0,0,0,0,0
2.45,0.507903442688,0.492096557312,1,1,0.488074785589,0.470806356082,0.0198286570987,0.0212902012303,0.958881141671,0.041118858329,-4.64952536692,3.61548033245,34.689784172,0,0,0.005,0,0,20.4,40.8012037436,0,0,0,0,0,0,0,0,0,0
2.455,0.508130629755,0.491869370245,1,1,0.489083354853,0.471421431621,0.0190472749025,0.0204479386242,0.960504786474,0.0394952135267,-4.6686485014,3.62117704818,34.9092020439,0,0,0.005,0,0,20.4,40.8012037436,0,0,0,0,0,0,0,0,0,0
2.46,0.508354857771,0.491645142229,1,1,0.490067070757,0.472015772871,0.0182877870141,0.0196293693585,0.962082843628,0.0379171563726,-4.68765542919,3.62683898829,35.1280744699,0,0,0.005,0,0,20.4,40.8012037436,0,0,0,0,0,0,0,0,0,0
2.465,0.50857589709,0.491424102911,1,1,0.49102591219,0.472589835326,0.0175499849,0.018834267585,0.963615747515,0.036384252485,-4.70654567661,3.63246600961,35.346381517,0,0,0.005,0,0,20.4,40.8012037436,0,0,0,0,0,0,0,0,0,0
2.47,0.508793531148,0.491206468853,1,1,0.4919598856,0.473144077326,0.0168336455472,0.0180623915272,0.965103962926,0.0348960370743,-4.72531877288,3.63805796984,35.5641032973,0,0,0.005,0,0,20.4,40.8012037436,0,0,0,0,0,0,0,0,0,0
2.475,0.509007557679,0.490992442322,1,1,0.492869025709,0.473678958274,0.0161385319701,0.0173134840471,0.966547983983,0.0334520160172,-4.74397425012,3.64361472762,35.7812199692,0,0,0.005,0,0,20.4,40.8012037436,0,0,0,0,0,0,0,0,0,0
2.48,0.509217789661,0.490782210339,1,1,0.493753395923,0.474194937106,0.0154643937382,0.0165872732326,0.967948333029,0.0320516669709,-4.76251164341,3.64913614249,35.99771174,0,0,0.005,0,0,20.4,40.8012037436,0,0,0,0,0,0,0,0,0,0
2.485,0.509424055988,0.490575944012,1,1,0.494613088466,0.474692471007,0.0148109675219,0.0158834730052,0.969305559473,0.0306944405271,-4.78093049072,3.65462207492,36.2135588675,0,0,0.005,0,0,20.4,40.8012037436,0,0,0,0,0,0,0,0,0,0
2.49,0.509626201861,0.490373798139,1,1,0.495448224206,0.475172014392,0.0141779776551,0.0152017837465,0.970620238599,0.0293797614016,-4.799230333,3.66007238629,36.4287416621,0,0,0.005,0,0,20.4,40.8012037436,0,0,0,0,0,0,0,0,0,0
2.495,0.509824088914,0.490175911086,1,1,0.4962589522,0.475634018144,0.0135651367146,0.014541892942,0.971892970344,0.0281070296565,-4.81741071416,3.66548693893,36.6432404883,0,0,0.005,0,0,20.4,40.8012037436,0,0,0,0,0,0,0,0,0,0
2.5,0.510017595072,0.489982404928,1,1,0.497045448959,0.476078929088,0.0129721461131,0.0139034758407,0.973124378046,0.0268756219538,-4.83547118106,3.67086559609,36.8570357674,0,0,0.005,0,0,20.4,40.8012037436,0,0,0,0,0,0,0,0,0,0
2.505,0.510206614162,0.489793385838,1,1,0.497807917455,0.47650718971,0.0123986967063,0.0132861961283,0.974315107166,0.0256848928345,-4.85341128356,3.67620822196,37.0701079786,0,0,0.005,0,0,20.4,40.8012037436,0,0,0,0,0,0,0,0,0,0
2.51,0.510391055289,0.489608944711,1,1,0.498546585879,0.476919238098,0.0118444694105,0.0126897066133,0.975465823976,0.0245341760238,-4.87123057449,3.68151468168,37.2824376612,0,0,0.005,0,0,20.4,40.8012037436,0,0,0,0,0,0,0,0,0,0
2.515,0.510570842004,0.489429157996,1,1,0.499261706173,0.477315508072,0.0113091358317,0.0121136499236,0.976577214245,0.0234227857553,-4.8889286097,3.68678484131,37.4940054169,0,0,0.005,0,0,20.4,40.8012037436,0,0,0,0,0,0,0,0,0,0
2.52,0.510745911278,0.489254088723,1,1,0.499953552376,0.47769642951,0.0107923589016,0.0115576592126,0.977649981886,0.0223500181142,-4.90650494806,3.6920185679,37.704791911,0,0,0.005,0,0,20.4,40.8012037436,0,0,0,0,0,0,0,0,0,0
2.525,0.510916212316,0.489083787684,1,1,0.500622418793,0.478062428813,0.0102937935228,0.0110213588715,0.978684847606,0.0213151523943,-4.92395915144,3.6972157294,37.9147778747,0,0,0.005,0,0,20.4,40.8012037436,0,0,0,0,0,0,0,0,0,0
2.53,0.511081705244,0.488918294756,1,1,0.501268618027,0.478413929507,0.00981308721717,0.0105043652488,0.979682547534,0.020317452466,-4.94129078475,3.70237619477,38.123944107,0,0,0.005,0,0,20.4,40.8012037436,0,0,0,0,0,0,0,0,0,0
2.535,0.511242359682,0.488757640318,1,1,0.501892478902,0.478751352946,0.00934988078012,0.0100062873719,0.980643831848,0.019356168152,-4.95849941596,3.70749983389,38.3322714763,0,0,0.005,0,0,20.4,40.8012037436,0,0,0,0,0,0,0,0,0,0
2.54,0.511398153256,0.488601846745,1,1,0.50249434432,0.479075119073,0.00890380893575,0.00952672767177,0.981569463393,0.0184305366075,-4.97558461608,3.71258651763,38.5397409226,0,0,0.005,0,0,20.4,40.8012037436,0,0,0,0,0,0,0,0,0,0
2.545,0.511549070057,0.488450929943,1,1,0.503074569064,0.479385647236,0.00847450099328,0.00906528270747,0.982460216299,0.0175397837007,-4.9925459592,3.7176361178,38.7463334591,0,0,0.005,0,0,20.4,40.8012037436,0,0,0,0,0,0,0,0,0,0
2.55,0.511695099109,0.488304900892,1,1,0.503633517606,0.479683357003,0.00806158150232,0.00862154388885,0.983316874609,0.0166831253912,-5.00938302247,3.72264850722,38.9520301741,0,0,0.005,0,0,20.4,40.8012037436,0,0,0,0,0,0,0,0,0,0
2.555,0.511836232838,0.488163767162,1,1,0.504171561932,0.479968668966,0.00766467090567,0.0081950981961,0.984140230898,0.0158597691018,-5.02609538613,3.72762355966,39.156812233,0,0,0.005,0,0,20.4,40.8012037436,0,0,0,0,0,0,0,0,0,0
2.56,0.51197246561,0.48802753439,1,1,0.504689079422,0.480242005496,0.00728338618775,0.0077855288941,0.984931084918,0.0150689150818,-5.04268263354,3.73256114986,39.36066088,0,0,0.005,0,0,20.4,40.8012037436,0,0,0,0,0,0,0,0,0,0
2.565,0.512103792338,0.487896207663,1,1,0.50518645082,0.480503791423,0.00691734151749,0.00739241623974,0.985690242243,0.0143097577572,-5.05914435113,3.73746115357,39.56355744,0,0,0.005,0,0,20.4,40.8012037436,0,0,0,0,0,0,0,0,0,0
2.57,0.512230207193,0.487769792807,1,1,0.50566405831,0.480754454626,0.00656614888372,0.00701533818082,0.986418512936,0.0135814870645,-5.07548012848,3.7423234475,39.7654833203,0,0,0.005,0,0,20.4,40.8012037436,0,0,0,0,0,0,0,0,0,0
2.575,0.512351702453,0.487648297547,1,1,0.506122283731,0.480994426503,0.00622941872187,0.00665387104452,0.987116710234,0.0128832897664,-5.09168955827,3.74714790937,39.9664200125,0,0,0.005,0,0,20.4,40.8012037436,0,0,0,0,0,0,0,0,0,0
2.58,0.512468267482,0.487531732518,1,1,0.506561506952,0.481224142304,0.00590676053023,0.00630759021404,0.987785649256,0.0122143507443,-5.10777223633,3.75193441788,40.1663490944,0,0,0.005,0,0,20.4,40.8012037436,0,0,0,0,0,0,0,0,0,0
2.585,0.51257988789,0.487420112111,1,1,0.506982104415,0.481444041319,0.00559778347453,0.00597607079176,0.988426145734,0.0115738542663,-5.12372776165,3.75668285274,40.3652522316,0,0,0.005,0,0,20.4,40.8012037436,0,0,0,0,0,0,0,0,0,0
2.59,0.512686544854,0.487313455146,1,1,0.507384447875,0.481654566899,0.00530209697934,0.00565888824733,0.989039014774,0.0109609852267,-5.13955573636,3.76139309463,40.5631111795,0,0,0.005,0,0,20.4,40.8012037436,0,0,0,0,0,0,0,0,0,0
2.595,0.512788214639,0.487211785361,1,1,0.507768903334,0.481856166311,0.00501931130495,0.00535561904939,0.989625069646,0.0103749303543,-5.15525576576,3.76606502527,40.7599077849,0,0,0.005,0,0,20.4,40.8012037436,0,0,0,0,0,0,0,0,0,0
2.6,0.512884868301,0.487115131699,1,1,0.508135830193,0.48204929042,0.00474903810855,0.00506584127938,0.990185120612,0.00981487938793,-5.17082745832,3.77069852735,40.9556239879,0,0,0.005,0,0,20.4,40.8012037436,0,0,0,0,0,0,0,0,0,0
2.605,0.512976471584,0.487023528416,1,1,0.508485580596,0.48223439319,0.00449089098831,0.00478913522621,0.990719973786,0.00928002621452,-5.18627042572,3.77529348461,41.1502418236,0,0,0.005,0,0,20.4,40.8012037436,0,0,0,0,0,0,0,0,0,0
2.61,0.513062985011,0.486937014989,1,1,0.508818499002,0.482411931028,0.00424448600944,0.00452508396055,0.99123043003,0.00876956996999,-5.2015842828,3.77984978177,41.3437434239,0,0,0.005,0,0,20.4,40.8012037436,0,0,0,0,0,0,0,0,0,0
2.615,0.513144364161,0.486855635839,1,1,0.50913492195,0.482582361951,0.00400944221099,0.00427327388752,0.991717283902,0.00828271609851,-5.21676864765,3.78436730457,41.536111019,0,0,0.005,0,0,20.4,40.8012037436,0,0,0,0,0,0,0,0,0,0
2.62,0.513220560118,0.486779439883,1,1,0.509435178025,0.482746144606,0.0037853820925,0.00403329527682,0.992181322631,0.00781867736932,-5.23182314153,3.78884593979,41.7273269397,0,0,0.005,0,0,20.4,40.8012037436,0,0,0,0,0,0,0,0,0,0
2.625,0.513291520084,0.486708479916,1,1,0.509719588005,0.482903737147,0.00357193207949,0.00380474276928,0.992623325151,0.00737667484877,-5.24674738896,3.7932855752,41.9173736185,0,0,0.005,0,0,20.4,40.8012037436,0,0,0,0,0,0,0,0,0,0
2.63,0.513357188148,0.486642811852,1,1,0.509988465181,0.483055595993,0.00336872296711,0.00358721585893,0.993044061174,0.00695593882604,-5.26154101766,3.79768609962,42.1062335918,0,0,0.005,0,0,20.4,40.8012037436,0,0,0,0,0,0,0,0,0,0
2.635,0.513417506177,0.486582493823,1,1,0.510242115836,0.483202174473,0.0031753903411,0.00338031934986,0.993444290309,0.00655570969096,-5.27620365863,3.80204740288,42.2938895011,0,0,0.005,0,0,20.4,40.8012037436,0,0,0,0,0,0,0,0,0,0
2.64,0.51347241482,0.48652758518,1,1,0.510480839845,0.483343921393,0.00299157497543,0.00318366378722,0.993824761238,0.00617523876265,-5.29073494609,3.80636937586,42.4803240953,0,0,0.005,0,0,20.4,40.8012037436,0,0,0,0,0,0,0,0,0,0
2.645,0.513521854606,0.486478145394,1,1,0.5107049314,0.483481279533,0.00281692320615,0.00299686586168,0.994186210932,0.00581378906784,-5.30513451755,3.81065191046,42.665520232,0,0,0.005,0,0,20.4,40.8012037436,0,0,0,0,0,0,0,0,0,0
2.65,0.513565767101,0.486434232899,1,1,0.51091467982,0.483614684112,0.00265108728091,0.00281954878705,0.994529363932,0.00547063606796,-5.31940201375,3.81489489961,42.849460879,0,0,0.005,0,0,20.4,40.8012037436,0,0,0,0,0,0,0,0,0,0
2.655,0.513604096116,0.486395903884,1,1,0.511110370432,0.483744561234,0.00249372568384,0.00265134265055,0.994854931666,0.00514506833439,-5.33353707875,3.8190982373,43.0321291165,0,0,0.005,0,0,20.4,40.8012037436,0,0,0,0,0,0,0,0,0,0
2.66,0.513636788923,0.486363211078,1,1,0.511292285487,0.483871326342,0.0023445034355,0.00249188473557,0.995163611829,0.00483638817107,-5.34753935988,3.82326181853,43.2135081385,0,0,0.005,0,0,20.4,40.8012037436,0,0,0,0,0,0,0,0,0,0
2.665,0.513663797474,0.486336202526,1,1,0.511460705106,0.483995382709,0.00220309236779,0.0023408198168,0.995456087816,0.0045439121846,-5.36140850776,3.82738553938,43.3935812541,0,0,0.005,0,0,20.4,40.8012037436,0,0,0,0,0,0,0,0,0,0
2.67,0.51368507959,0.48631492041,1,1,0.511615908217,0.484117119982,0.00206917137364,0.00219780042758,0.995733028199,0.00426697180122,-5.37514417633,3.83146929694,43.5723318897,0,0,0.005,0,0,20.4,40.8012037436,0,0,0,0,0,0,0,0,0,0
2.675,0.513700600094,0.486299399906,1,1,0.511758173463,0.484236912806,0.00194242663164,0.00206248709961,0.995995086269,0.00400491373125,-5.38874602283,3.83551298939,43.7497435903,0,0,0.005,0,0,20.4,40.8012037436,0,0,0,0,0,0,0,0,0,0
2.68,0.513710331876,0.486289668124,1,1,0.51188778007,0.484355119549,0.00182255180564,0.00193454857522,0.996242899619,0.00375710038085,-5.40221370784,3.83951651592,43.9258000212,0,0,0.005,0,0,20.4,40.8012037436,0,0,0,0,0,0,0,0,0,0
2.685,0.513714256866,0.486285743135,1,1,0.512005008646,0.484472081142,0.00170924821953,0.00181366199236,0.996477089788,0.0035229102119,-5.41554689525,3.8434797768,44.1004849694,0,0,0.005,0,0,20.4,40.8012037436,0,0,0,0,0,0,0,0,0,0
2.69,0.513712366897,0.486287633103,1,1,0.512110141889,0.48458812006,0.00160222500758,0.00169951304283,0.99669826195,0.00330173805041,-5.42874525232,3.84740267336,44.2737823455,0,0,0.005,0,0,20.4,40.8012037436,0,0,0,0,0,0,0,0,0,0
2.695,0.513704664451,0.48629533555,1,1,0.51220346521,0.484703539446,0.00150119924057,0.00159179610396,0.996907004656,0.00309299534453,-5.44180844962,3.85128510796,44.4456761851,0,0,0.005,0,0,20.4,40.8012037436,0,0,0,0,0,0,0,0,0,0
2.7,0.513691163262,0.486308836739,1,1,0.512285267233,0.484818622394,0.00140589602835,0.0014902143446,0.997103889627,0.00289611037294,-5.4547361611,3.85512698406,44.6161506504,0,0,0.005,0,0,20.4,40.8012037436,0,0,0,0,0,0,0,0,0,0
2.705,0.513671888783,0.486328111218,1,1,0.512355840183,0.484933631412,0.00131604859925,0.00139447980572,0.997289471595,0.00271052840498,-5.46752806408,3.85892820614,44.7851900317,0,0,0.005,0,0,20.4,40.8012037436,0,0,0,0,0,0,0,0,0,0
2.71,0.5136468785,0.486353121501,1,1,0.512415480143,0.485048808044,0.00123139835701,0.00130431345663,0.997464288187,0.00253571181363,-5.48018383924,3.8626886798,44.9527787489,0,0,0.005,0,0,20.4,40.8012037436,0,0,0,0,0,0,0,0,0,0
2.715,0.513616182094,0.486383817906,1,1,0.512464487178,0.485164372679,0.00115169491581,0.0012194452273,0.997628859857,0.00237114014311,-5.49270317064,3.86640831165,45.1189013531,0,0,0.005,0,0,20.4,40.8012037436,0,0,0,0,0,0,0,0,0,0
2.72,0.513579861451,0.486420138549,1,1,0.512503165337,0.485280524531,0.00107669611442,0.0011396140179,0.997783689868,0.00221631013232,-5.50508574574,3.8700870094,45.2835425283,0,0,0.005,0,0,20.4,40.8012037436,0,0,0,0,0,0,0,0,0,0
2.725,0.513537990522,0.486462009478,1,1,0.512531822512,0.485397441792,0.00100616800983,0.0010645676863,0.997929264304,0.00207073569613,-5.5173312554,3.87372468184,45.4466870925,0,0,0.005,0,0,20.4,40.8012037436,0,0,0,0,0,0,0,0,0,0
2.73,0.513490655036,0.486509344964,1,1,0.512550770185,0.485515281949,0.000939884851754,0.000994063014485,0.998066052134,0.00193394786624,-5.52943939386,3.87732123882,45.6083199994,0,0,0.005,0,0,20.4,40.8012037436,0,0,0,0,0,0,0,0,0,0
2.735,0.513437952085,0.486562047915,1,1,0.512560323047,0.48563418226,0.000877629038368,0.000927865655051,0.998194505307,0.00180549469342,-5.5414098588,3.88087659126,45.7684263399,0,0,0.005,0,0,20.4,40.8012037436,0,0,0,0,0,0,0,0,0,0
2.74,0.513379989572,0.486620010428,1,1,0.512560798517,0.48575426037,0.000819191054694,0.000865750058652,0.998315058887,0.00168494111335,-5.55324235132,3.88439065118,45.9269913435,0,0,0.005,0,0,20.4,40.8012037436,0,0,0,0,0,0,0,0,0,0
2.745,0.513316885558,0.486683114442,1,1,0.512552516164,0.485875615058,0.000764369394301,0.000807499383618,0.998428131222,0.00157186877792,-5.56493657593,3.88786333165,46.0840003797,0,0,0.005,0,0,20.4,40.8012037436,0,0,0,0,0,0,0,0,0,0
2.75,0.513248767506,0.486751232494,1,1,0.51253579704,0.485998327106,0.000712970465472,0.000752905388806,0.998534124146,0.00146587585428,-5.57649224059,3.89129454685,46.2394389598,0,0,0.005,0,0,20.4,40.8012037436,0,0,0,0,0,0,0,0,0,0
2.755,0.513175771439,0.486824228561,1,1,0.512510962956,0.48612246025,0.000664808482833,0.00070176831084,0.998633423207,0.00136657679367,-5.58790905671,3.89468421203,46.3932927375,0,0,0.005,0,0,20.4,40.8012037436,0,0,0,0,0,0,0,0,0,0
2.76,0.513098041045,0.486901958956,1,1,0.512478335699,0.486248062229,0.000619705345499,0.000653896726904,0.998726397928,0.0012736020724,-5.59918673914,3.89803224351,46.5455475112,0,0,0.005,0,0,20.4,40.8012037436,0,0,0,0,0,0,0,0,0,0
2.765,0.513015726721,0.48698427328,1,1,0.512438236218,0.486375165875,0.000577490502785,0.000609107404249,0.998813402093,0.00118659790703,-5.61032500618,3.90133855874,46.6961892249,0,0,0.005,0,0,20.4,40.8012037436,0,0,0,0,0,0,0,0,0,0
2.77,0.512928984602,0.487071015398,1,1,0.512390983794,0.48650379026,0.000538000808564,0.000567225137589,0.998894774054,0.00110522594615,-5.62132357963,3.90460307621,46.8452039697,0,0,0.005,0,0,20.4,40.8012037436,0,0,0,0,0,0,0,0,0,0
2.775,0.512837975573,0.487162024427,1,1,0.512336895208,0.486633941852,0.000501080365317,0.000528082575548,0.998970837059,0.00102916294087,-5.63218218473,3.90782571553,46.992577985,0,0,0.005,0,0,20.4,40.8012037436,0,0,0,0,0,0,0,0,0,0
2.78,0.512742864287,0.487257135714,1,1,0.512276283928,0.486765615676,0.000466580358943,0.000491520037331,0.999041899604,0.000958100396273,-5.64290055023,3.91100639739,47.1382976602,0,0,0.005,0,0,20.4,40.8012037436,0,0,0,0,0,0,0,0,0,0
2.785,0.512643818213,0.487356181787,1,1,0.512209459328,0.486898796466,0.00043435888537,0.000457385320734,0.999108255794,0.000891744206104,-5.65347840833,3.91414504358,47.2823495357,0,0,0.005,0,0,20.4,40.8012037436,0,0,0,0,0,0,0,0,0,0
2.79,0.512541006727,0.487458993273,1,1,0.512136725957,0.487033459771,0.000404280769996,0.000425533502656,0.999170185728,0.000829814272653,-5.66391549477,3.91724157698,47.4247203043,0,0,0.005,0,0,20.4,40.8012037436,0,0,0,0,0,0,0,0,0,0
2.795,0.512434600249,0.487565399752,1,1,0.512058382868,0.487169573018,0.000376217380968,0.00039582673317,0.999227955886,0.000772044114138,-5.67421154876,3.92029592157,47.5653968127,0,0,0.005,0,0,20.4,40.8012037436,0,0,0,0,0,0,0,0,0,0
2.8,0.512324769457,0.487675230543,1,1,0.51197472302,0.487307096519,0.00035004643727,0.00036813402425,0.999281819539,0.00071818046152,-5.68436631304,3.92330800241,47.7043660626,0,0,0.005,0,0,20.4,40.8012037436,0,0,0,0,0,0,0,0,0,0
2.805,0.512211684584,0.487788315416,1,1,0.511886032771,0.487445984382,0.000325651812593,0.000342331034171,0.999332017153,0.000667982846764,-5.69437953384,3.92627774568,47.8416152117,0,0,0.005,0,0,20.4,40.8012037436,0,0,0,0,0,0,0,0,0,0
2.81,0.51209551479,0.48790448521,1,1,0.511792591454,0.487586185362,0.000302923335877,0.000318299848591,0.999378776816,0.000621223184468,-5.70425096096,3.92920507866,47.9771315757,0,0,0.005,0,0,20.4,40.8012037436,0,0,0,0,0,0,0,0,0,0
2.815,0.511976427646,0.488023572354,1,1,0.511694671057,0.487727643595,0.000281756589432,0.000295928759249,0.999422314652,0.00057768534868,-5.71398034767,3.93208992971,48.1109026289,0,0,0.005,0,0,20.4,40.8012037436,0,0,0,0,0,0,0,0,0,0
2.82,0.511854588708,0.488145411292,1,1,0.511592536002,0.487870299251,0.000262052705454,0.000275112041211,0.999462835254,0.000537164746665,-5.72356745083,3.93493222832,48.2429160056,0,0,0.005,0,0,20.4,40.8012037436,0,0,0,0,0,0,0,0,0,0
2.825,0.511730161196,0.488269838804,1,1,0.511486443035,0.488014089074,0.000243718161764,0.000255749729505,0.999500532109,0.000499467891269,-5.7330120308,3.93773190505,48.3731595014,0,0,0.005,0,0,20.4,40.8012037436,0,0,0,0,0,0,0,0,0,0
2.83,0.51160330578,0.488396694221,1,1,0.511376641202,0.488158946825,0.000226664577495,0.000237747395972,0.999535588027,0.000464411973467,-5.74231385152,3.9404888916,48.5016210742,0,0,0.005,0,0,20.4,40.8012037436,0,0,0,0,0,0,0,0,0,0
2.835,0.511474180455,0.488525819545,1,1,0.511263371946,0.488304803618,0.000210808509457,0.000221015927088,0.999568175564,0.000431824436545,-5.75147268048,3.94320312076,48.6282888458,0,0,0.005,0,0,20.4,40.8012037436,0,0,0,0,0,0,0,0,0,0
2.84,0.511342940528,0.488657059472,1,1,0.511146869278,0.488451588169,0.000196071249836,0.000205471303464,0.999598457447,0.000401542553299,-5.76048828872,3.94587452641,48.7531511026,0,0,0.005,0,0,20.4,40.8012037436,0,0,0,0,0,0,0,0,0,0
2.845,0.511209738676,0.488790261324,1,1,0.51102736005,0.488599226943,0.000182378625836,0.000191034381691,0.999626586993,0.000373413007526,-5.76936045085,3.94850304356,48.8761962968,0,0,0.005,0,0,20.4,40.8012037436,0,0,0,0,0,0,0,0,0,0
2.85,0.511074725098,0.488925274902,1,1,0.510905064296,0.488747644223,0.000169660801838,0.000177630679117,0.999652708519,0.000347291480955,-5.77808894507,3.95108860832,48.9974130479,0,0,0.005,0,0,20.4,40.8012037436,0,0,0,0,0,0,0,0,0,0
2.855,0.510938047733,0.489061952267,1,1,0.510780195648,0.488896762105,0.000157852084588,0.00016519016212,0.999676957754,0.000323042246709,-5.78667355314,3.95363115791,49.1167901433,0,0,0.005,0,0,20.4,40.8012037436,0,0,0,0,0,0,0,0,0,0
2.86,0.510799852535,0.489200147465,1,1,0.510652961803,0.489046500427,0.000146890731879,0.000153647038364,0.99969946223,0.000300537770243,-5.79511406042,3.95613063066,49.2343165401,0,0,0.005,0,0,20.4,40.8012037436,0,0,0,0,0,0,0,0,0,0
2.865,0.5106602838,0.4893397162,1,1,0.510523565035,0.489196776647,0.000136718765152,0.000142939553484,0.999720341682,0.000279658318636,-5.80341025585,3.95858696602,49.3499813652,0,0,0.005,0,0,20.4,40.8012037436,0,0,0,0,0,0,0,0,0,0
2.87,0.510519484524,0.489480515477,1,1,0.510392202737,0.489347505684,0.000127281786398,0.000133009792595,0.999739708421,0.000260291578992,-5.81156193199,3.96100010453,49.4637739174,0,0,0.005,0,0,20.4,40.8012037436,0,0,0,0,0,0,0,0,0,0
2.875,0.510377596781,0.48962240322,1,1,0.510259067981,0.489498599733,0.000118528799659,0.000123803486966,0.999757667714,0.000242332286625,-5.81956888497,3.96336998786,49.5756836676,0,0,0.005,0,0,20.4,40.8012037436,0,0,0,0,0,0,0,0,0,0
2.88,0.510234762112,0.489765237888,1,1,0.510124350074,0.489649968062,0.000110412037453,0.000115269826149,0.999774318137,0.000225681863602,-5.82743091456,3.9656965588,49.6857002604,0,0,0.005,0,0,20.4,40.8012037436,0,0,0,0,0,0,0,0,0,0
2.885,0.510091121904,0.489908878096,1,1,0.509988235112,0.48980151682,0.000102886792318,0.000107361275814,0.999789751932,0.000210248068132,-5.83514782412,3.96797976122,49.7938135148,0,0,0.005,0,0,20.4,40.8012037436,0,0,0,0,0,0,0,0,0,0
2.89,0.509946817751,0.490053182249,1,1,0.509850906498,0.489953148848,9.59112537101e-05,0.000100033401494,0.999804055345,0.000195944655204,-5.84271942065,3.97021954015,49.9000134254,0,0,0.005,0,0,20.4,40.8012037436,0,0,0,0,0,0,0,0,0,0
2.895,0.509801991783,0.490198008217,1,1,0.509712545433,0.490104763519,8.94463503881e-05,9.32446983894e-05,0.999817308951,0.000182691048777,-5.85014551476,3.97241584169,50.0042901632,0,0,0.005,0,0,20.4,40.8012037436,0,0,0,0,0,0,0,0,0,0
2.9,0.509656786953,0.490343213048,1,1,0.509573331354,0.49025625662,8.34555984202e-05,8.69564273651e-05,0.999829587974,0.000170412025785,-5.8574259207,3.97456861309,50.1066340767,0,0,0.005,0,0,20.4,40.8012037436,0,0,0,0,0,0,0,0,0,0
2.905,0.509511347269,0.490488652731,1,1,0.509433442314,0.490407520274,7.79049548926e-05,8.11324572109e-05,0.999840962588,0.000159037412103,-5.86456045634,3.97667780271,50.2070356926,0,0,0.005,0,0,20.4,40.8012037436,0,0,0,0,0,0,0,0,0,0
2.91,0.509365817971,0.49063418203,1,1,0.509293055293,0.490558442916,7.27626773739e-05,7.57391132153e-05,0.99985149821,0.000148501790589,-5.87154894321,3.97874336,50.3054857172,0,0,0.005,0,0,20.4,40.8012037436,0,0,0,0,0,0,0,0,0,0
2.915,0.509220345631,0.490779654369,1,1,0.509152346442,0.490708909337,6.79991891581e-05,7.07450320658e-05,0.999861255779,0.000138744221224,-5.87839120646,3.98076523557,50.4019750369,0,0,0.005,0,0,20.4,40.8012037436,0,0,0,0,0,0,0,0,0,0
2.92,0.509075078188,0.490924921812,1,1,0.509011491238,0.490858800789,6.35869502789e-05,6.61210230578e-05,0.999870292027,0.000129707973337,-5.88508707492,3.98274338111,50.4964947191,0,0,0.005,0,0,20.4,40.8012037436,0,0,0,0,0,0,0,0,0,0
2.925,0.5089301649,0.491069835101,1,1,0.508870664565,0.491007995165,5.95003342644e-05,6.18399355691e-05,0.99987865973,0.000121340269833,-5.89163638104,3.98467774945,50.5890360134,0,0,0.005,0,0,20.4,40.8012037436,0,0,0,0,0,0,0,0,0,0
2.93,0.508785756221,0.49121424378,1,1,0.50873004071,0.491156367247,5.57155105757e-05,5.78765327285e-05,0.999886407957,0.000113592043304,-5.89803896097,3.98656829453,50.679590352,0,0,0.005,0,0,20.4,40.8012037436,0,0,0,0,0,0,0,0,0,0
2.935,0.5086420036,0.4913579964,1,1,0.508589793268,0.491303789029,5.22103326528e-05,5.42073711881e-05,0.999893582296,0.000106417703841,-5.90429465448,3.98841497141,50.7681493511,0,0,0.005,0,0,20.4,40.8012037436,0,0,0,0,0,0,0,0,0,0
2.94,0.508499059207,0.491500940793,1,1,0.508450094976,0.491450130106,4.89642314726e-05,5.08106868872e-05,0.999900225082,9.97749183598e-05,-5.91040330503,3.99021773628,50.8547048111,0,0,0.005,0,0,20.4,40.8012037436,0,0,0,0,0,0,0,0,0,0
2.945,0.508357075577,0.491642924423,1,1,0.508311117463,0.491595258137,4.59581145045e-05,4.76662866778e-05,0.999906375599,9.36244011823e-05,-5.91636475976,3.99197654643,50.9392487178,0,0,0.005,0,0,20.4,40.8012037436,0,0,0,0,0,0,0,0,0,0
2.95,0.508216205201,0.491783794799,1,1,0.508173030931,0.491739039354,4.31742699397e-05,4.4755445668e-05,0.999912070285,8.79297156077e-05,-5.92217886947,3.99369136029,51.0217732433,0,0,0.005,0,0,20.4,40.8012037436,0,0,0,0,0,0,0,0,0,0
2.955,0.508076600049,0.491923399952,1,1,0.508036003773,0.491881339141,4.0596276052e-05,4.20608101257e-05,0.999917342914,8.26570861776e-05,-5.92784548865,3.99536213739,51.1022707462,0,0,0.005,0,0,20.4,40.8012037436,0,0,0,0,0,0,0,0,0,0
2.96,0.507938411043,0.492061588957,1,1,0.507900202128,0.492022022651,3.82089155407e-05,3.95663057739e-05,0.999922224779,7.77752213145e-05,-5.93336447546,3.9969888384,51.1807337729,0,0,0.005,0,0,20.4,40.8012037436,0,0,0,0,0,0,0,0,0,0
2.965,0.507801787493,0.492198212507,1,1,0.507765789399,0.492160955455,3.59980946983e-05,3.72570513019e-05,0.999926744854,7.32551460002e-05,-5.93873569177,3.9985714251,51.2571550583,0,0,0.005,0,0,20.4,40.8012037436,0,0,0,0,0,0,0,0,0,0
2.97,0.507666876494,0.492333123506,1,1,0.507632925727,0.492298004229,3.3950767236e-05,3.51192769071e-05,0.999930929956,6.9070044143e-05,-5.94395900312,4.00010986039,51.331527526,0,0,0.005,0,0,20.4,40.8012037436,0,0,0,0,0,0,0,0,0,0
2.975,0.507533822307,0.492466177693,1,1,0.507501767445,0.492433037445,3.20548625966e-05,3.31402476791e-05,0.99993480489,6.51951102757e-05,-5.94903427877,4.00160410831,51.4038442896,0,0,0.005,0,0,20.4,40.8012037436,0,0,0,0,0,0,0,0,0,0
2.98,0.507402765729,0.492597234271,1,1,0.50737246651,0.49256592608,3.02992185816e-05,3.13081916342e-05,0.99993839259,6.16074102158e-05,-5.95396139165,4.003054134,51.4740986529,0,0,0.005,0,0,20.4,40.8012037436,0,0,0,0,0,0,0,0,0,0
2.985,0.507273843465,0.492726156536,1,1,0.507245169947,0.492696544303,2.86735181139e-05,2.96122322046e-05,0.99994171425,5.82857503185e-05,-5.95874021841,4.00445990373,51.542284111,0,0,0.005,0,0,20.4,40.8012037436,0,0,0,0,0,0,0,0,0,0
2.99,0.50714718751,0.49285281249,1,1,0.50712001928,0.492824770165,2.71682299603e-05,2.80423249877e-05,0.999944789445,5.5210554948e-05,-5.96337063941,4.00582138489,51.6083943506,0,0,0.005,0,0,20.4,40.8012037436,0,0,0,0,0,0,0,0,0,0
2.995,0.50702292456,0.49297707544,1,1,0.506997150007,0.492950486242,2.57745532358e-05,2.65891985614e-05,0.999947636248,5.23637517972e-05,-5.96785253872,4.007138546,51.6724232507,0,0,0.005,0,0,20.4,40.8012037436,0,0,0,0,0,0,0,0,0,0
3,0.506901175448,0.493098824552,1,1,0.506876691083,0.493073580253,2.44843655128e-05,2.52442991712e-05,0.999950271336,4.97286646841e-05,-5.9721858041,4.00841135669,51.7343648832,0,0,0.005,0,0,20.4,40.8012037436,0,0,0,0,0,0,0,0,0,0
3.005,0.506782054632,0.493217945368,1,1,0.506758764458,0.493193945629,2.32901743623e-05,2.39997391003e-05,0.999952710087,4.72899134626e-05,-5.97637032706,4.00963978773,51.7942135135,0,0,0.005,0,0,20.4,40.8012037436,0,0,0,0,0,0,0,0,0,0
3.01,0.506665669726,0.493334330274,1,1,0.506643484654,0.493311482026,2.21850721553e-05,2.28482485347e-05,0.99995496668,4.503332069e-05,-5.98040600279,4.01082381101,51.8519636012,0,0,0.005,0,0,20.4,40.8012037436,0,0,0,0,0,0,0,0,0,0
3.015,0.506552121092,0.493447878908,1,1,0.506530958399,0.493426095777,2.11626939577e-05,2.17831307421e-05,0.999957054176,4.29458246999e-05,-5.98429273024,4.01196339952,51.9076098003,0,0,0.005,0,0,20.4,40.8012037436,0,0,0,0,0,0,0,0,0,0
3.02,0.506441501501,0.493558498499,1,1,0.506421284323,0.493537700279,2.02171783553e-05,2.07982203861e-05,0.999958984602,4.10153987414e-05,-5.98803041206,4.0130585274,51.9611469601,0,0,0.005,0,0,20.4,40.8012037436,0,0,0,0,0,0,0,0,0,0
3.025,0.506333895851,0.493666104149,1,1,0.50631455272,0.493646216305,1.93431310506e-05,1.98878448044e-05,0.999960769024,3.9230975855e-05,-5.99161895464,4.0141091699,52.0125701255,0,0,0.005,0,0,20.4,40.8012037436,0,0,0,0,0,0,0,0,0,0
3.03,0.506229380968,0.493770619033,1,1,0.506210845377,0.493751572244,1.85355910791e-05,1.90467880856e-05,0.999962417621,3.75823791647e-05,-5.99505826808,4.01511530341,52.0618745374,0,0,0.005,0,0,20.4,40.8012037436,0,0,0,0,0,0,0,0,0,0
3.035,0.506128025472,0.493871974528,1,1,0.506110235473,0.49385370427,1.77899994981e-05,1.82702577835e-05,0.999963939743,3.60602572816e-05,-5.99834826624,4.01607690541,52.1090556333,0,0,0.005,0,0,20.4,40.8012037436,0,0,0,0,0,0,0,0,0,0
3.04,0.50602988972,0.49397011028,1,1,0.506012787549,0.493952556426,1.71021704058e-05,1.75538541174e-05,0.999965343976,3.46560245232e-05,-6.0014888667,4.01699395455,52.154109048,0,0,0.005,0,0,20.4,40.8012037436,0,0,0,0,0,0,0,0,0,0
3.045,0.505935025816,0.494064974184,1,1,0.505918557552,0.494048080643,1.64682641569e-05,1.68935415123e-05,0.999966638195,3.33618056692e-05,-6.00447999076,4.01786643057,52.1970306133,0,0,0.005,0,0,20.4,40.8012037436,0,0,0,0,0,0,0,0,0,0
3.05,0.505843477694,0.494156522306,1,1,0.505827592931,0.494140236684,1.58847626447e-05,1.62856223393e-05,0.999967829615,3.2170384984e-05,-6.00732156349,4.01869431434,52.2378163593,0,0,0.005,0,0,20.4,40.8012037436,0,0,0,0,0,0,0,0,0,0
3.055,0.505755281262,0.494244718739,1,1,0.505739932815,0.494228992026,1.53484465296e-05,1.57267127241e-05,0.999968924841,3.10751592537e-05,-6.01001351369,4.01947758786,52.276462514,0,0,0.005,0,0,20.4,40.8012037436,0,0,0,0,0,0,0,0,0,0
3.06,0.505670464605,0.494329535395,1,1,0.505655608231,0.494314321675,1.48563742962e-05,1.52137203003e-05,0.999969929906,3.00700945965e-05,-6.01255577389,4.02021623425,52.3129655042,0,0,0.005,0,0,20.4,40.8012037436,0,0,0,0,0,0,0,0,0,0
3.065,0.505589048244,0.494410951757,1,1,0.505574642381,0.494396207933,1.44058630316e-05,1.47438237879e-05,0.999970850313,2.91496868195e-05,-6.01494828037,4.02091023777,52.3473219557,0,0,0.005,0,0,20.4,40.8012037436,0,0,0,0,0,0,0,0,0,0
3.07,0.505511045434,0.494488954566,1,1,0.505497050963,0.494474640112,1.39944708218e-05,1.43144542884e-05,0.999971691075,2.83089251102e-05,-6.01719097317,4.02155958377,52.3795286935,0,0,0.005,0,0,20.4,40.8012037436,0,0,0,0,0,0,0,0,0,0
3.075,0.505436462508,0.494563537492,1,1,0.505422842527,0.494549614214,1.36199806716e-05,1.39232781908e-05,0.999972456741,2.75432588624e-05,-6.01928379607,4.02216425877,52.4095827422,0,0,0.005,0,0,20.4,40.8012037436,0,0,0,0,0,0,0,0,0,0
3.08,0.505365299242,0.494634700758,1,1,0.505352018856,0.494621132577,1.3280385857e-05,1.35681815935e-05,0.999973151433,2.68485674505e-05,-6.0212266966,4.02272425037,52.4374813264,0,0,0.005,0,0,20.4,40.8012037436,0,0,0,0,0,0,0,0,0,0
3.085,0.505297549247,0.494702450753,1,1,0.50528457537,0.494689203497,1.29738766294e-05,1.32472561518e-05,0.999973778867,2.62211327812e-05,-6.02301962603,4.02323954733,52.4632218707,0,0,0.005,0,0,20.4,40.8012037436,0,0,0,0,0,0,0,0,0,0
3.09,0.505233200371,0.494766799629,1,1,0.505220501543,0.494753840843,1.26988281935e-05,1.29587862673e-05,0.999974342386,2.56576144608e-05,-6.02466253939,4.02371013952,52.4868020003,0,0,0.005,0,0,20.4,40.8012037436,0,0,0,0,0,0,0,0,0,0
3.095,0.505172235105,0.494827764895,1,1,0.505159781316,0.494815063657,1.24537898904e-05,1.27012375432e-05,0.999974844973,2.51550274335e-05,-6.02615539547,4.02413601792,52.5082195411,0,0,0.005,0,0,20.4,40.8012037436,0,0,0,0,0,0,0,0,0,0
3.1,0.505114630987,0.494885369013,1,1,0.505102393512,0.494872895767,1.22374755199e-05,1.24732464347e-05,0.999975289278,2.47107219546e-05,-6.02749815681,4.02451717466,52.5274725195,0,0,0.005,0,0,20.4,40.8012037436,0,0,0,0,0,0,0,0,0,0
3.105,0.50506036099,0.49493963901,1,1,0.505048312236,0.494927365399,1.20487547459e-05,1.22736110316e-05,0.999975677635,2.43223657775e-05,-6.0286907897,4.02485360298,52.5445591633,0,0,0.005,0,0,20.4,40.8012037436,0,0,0,0,0,0,0,0,0,0
3.11,0.505009393898,0.494990606102,1,1,0.504997507253,0.494978504819,1.1886645531e-05,1.2101282914e-05,0.999976012072,2.3987928445e-05,-6.0297332642,4.02514529726,52.5594779015,0,0,0.005,0,0,20.4,40.8012037436,0,0,0,0,0,0,0,0,0,0
3.115,0.504961694653,0.495038305347,1,1,0.504949944345,0.495026349987,1.17503075534e-05,1.19553600307e-05,0.999976294333,2.37056675841e-05,-6.03062555411,4.02539225298,52.5722273643,0,0,0.005,0,0,20.4,40.8012037436,0,0,0,0,0,0,0,0,0,0
3.12,0.504917224673,0.495082775327,1,1,0.504905585637,0.495070940246,1.16390365664e-05,1.1835080554e-05,0.999976525883,2.34741171204e-05,-6.03136763701,4.02559446676,52.5828063836,0,0,0.005,0,0,20.4,40.8012037436,0,0,0,0,0,0,0,0,0,0
3.125,0.504875942143,0.495124057858,1,1,0.504864389883,0.49511231804,1.15522596627e-05,1.17398176711e-05,0.999976707923,2.32920773338e-05,-6.0319594942,4.02575193636,52.5912139928,0,0,0.005,0,0,20.4,40.8012037436,0,0,0,0,0,0,0,0,0,0
3.13,0.504837802257,0.495162197743,1,1,0.504826312726,0.495150528668,1.14895314133e-05,1.16690752778e-05,0.999976841394,2.31586066911e-05,-6.03240111078,4.02586466063,52.5974494271,0,0,0.005,0,0,20.4,40.8012037436,0,0,0,0,0,0,0,0,0,0
3.135,0.504802757441,0.49519724256,1,1,0.50479130691,0.495185620075,1.14505308558e-05,1.16224845459e-05,0.999976926985,2.30730154017e-05,-6.0326924756,4.02593263957,52.6015121235,0,0,0.005,0,0,20.4,40.8012037436,0,0,0,0,0,0,0,0,0,0
3.14,0.504770757515,0.495229242485,1,1,0.504759322456,0.495217642684,1.1435059311e-05,1.15998013408e-05,0.99997696514,2.30348606518e-05,-6.03283358125,4.0259558743,52.6034017209,0,0,0.005,0,0,20.4,40.8012037436,0,0,0,0,0,0,0,0,0,0
3.145,0.504741749839,0.495258250161,1,1,0.5047303068,0.495246649257,1.14430390127e-05,1.16009044711e-05,0.999976956057,2.30439434838e-05,-6.0328244241,4.02593436706,52.6031180599,0,0,0.005,0,0,20.4,40.8012037436,0,0,0,0,0,0,0,0,0,0
3.15,0.504715679407,0.495284320593,1,1,0.504704204895,0.495272694798,1.14745125388e-05,1.16257947578e-05,0.999976899693,2.31003072967e-05,-6.03266500426,4.02586812122,52.6006611831,0,0,0.005,0,0,20.4,40.8012037436,0,0,0,0,0,0,0,0,0,0
3.155,0.504692488917,0.495307511084,1,1,0.504680959274,0.495295836489,1.1529643041e-05,1.16745949144e-05,0.999976795762,2.32042379554e-05,-6.03235532563,4.02575714128,52.5960313352,0,0,0.005,0,0,20.4,40.8012037436,0,0,0,0,0,0,0,0,0,0
3.16,0.504672118803,0.495327881197,1,1,0.504660510088,0.495316133647,1.16087152689e-05,1.17475502344e-05,0.999976643735,2.33562655033e-05,-6.03189539584,4.02560143284,52.5892289625,0,0,0.005,0,0,20.4,40.8012037436,0,0,0,0,0,0,0,0,0,0
3.165,0.504654507252,0.495345492749,1,1,0.504642795114,0.495333647719,1.17121373967e-05,1.18450300894e-05,0.999976442833,2.3557167486e-05,-6.0312852263,4.02540100265,52.5802547132,0,0,0.005,0,0,20.4,40.8012037436,0,0,0,0,0,0,0,0,0,0
3.17,0.504639590189,0.495360409811,1,1,0.504627749746,0.495348442281,1.1840443659e-05,1.19675302418e-05,0.999976192026,2.38079739008e-05,-6.03052483217,4.02515585859,52.5691094373,0,0,0.005,0,0,20.4,40.8012037436,0,0,0,0,0,0,0,0,0,0
3.175,0.504627301259,0.495372698741,1,1,0.504615306961,0.495360583065,1.19942978134e-05,1.2115675985e-05,0.999975890026,2.41099737984e-05,-6.02961423236,4.02486600963,52.5557941865,0,0,0.005,0,0,20.4,40.8012037436,0,0,0,0,0,0,0,0,0,0
3.18,0.504617571787,0.495382428213,1,1,0.504605397289,0.495370137987,1.21744974471e-05,1.2290226126e-05,0.999975535277,2.44647235731e-05,-6.02855344956,4.02453146589,52.5403102142,0,0,0.005,0,0,20.4,40.8012037436,0,0,0,0,0,0,0,0,0,0
3.185,0.504610330748,0.495389669252,1,1,0.504597948769,0.495377177174,1.2381979155e-05,1.24920778303e-05,0.999975125943,2.48740569854e-05,-6.0273425102,4.02415223862,52.5226589749,0,0,0.005,0,0,20.4,40.8012037436,0,0,0,0,0,0,0,0,0,0
3.19,0.504605504733,0.495394495267,1,1,0.504592886909,0.495381772994,1.26178246176e-05,1.27222723562e-05,0.999974659903,2.53400969738e-05,-6.02598144448,4.02372834017,52.5028421247,0,0,0.005,0,0,20.4,40.8012037436,0,0,0,0,0,0,0,0,0,0
3.195,0.504603017927,0.495396982073,1,1,0.504590134659,0.495384000072,1.28832676155e-05,1.2982001707e-05,0.999974134731,2.58652693225e-05,-6.02447028634,4.02325978404,52.4808615209,0,0,0.005,0,0,20.4,40.8012037436,0,0,0,0,0,0,0,0,0,0
3.2,0.504602792099,0.495397207901,1,1,0.504589612397,0.495383935285,1.3179702021e-05,1.32726162391e-05,0.999973547682,2.64523182601e-05,-6.02280907349,4.02274658483,52.4567192215,0,0,0.005,0,0,20.4,40.8012037436,0,0,0,0,0,0,0,0,0,0
3.205,0.504604746621,0.495395253379,1,1,0.50459123793,0.495381657746,1.35086908122e-05,1.35956332655e-05,0.999972895676,2.71043240777e-05,-6.0209978474,4.02218875828,52.4304174856,0,0,0.005,0,0,20.4,40.8012037436,0,0,0,0,0,0,0,0,0,0
3.21,0.504608798503,0.495391201498,1,1,0.504594926526,0.495377248751,1.3871976162e-05,1.39527467039e-05,0.999972175277,2.78247228659e-05,-6.01903665326,4.02158632126,52.4019587726,0,0,0.005,0,0,20.4,40.8012037436,0,0,0,0,0,0,0,0,0,0
3.215,0.504614862462,0.495385137538,1,1,0.504600590972,0.4953707917,1.42714906586e-05,1.43458378221e-05,0.999971382672,2.86173284807e-05,-6.01692554005,4.02093929173,52.3713457422,0,0,0.005,0,0,20.4,40.8012037436,0,0,0,0,0,0,0,0,0,0
3.22,0.504622851027,0.495377148973,1,1,0.504608141658,0.495362371986,1.47093697203e-05,1.47769871411e-05,0.999970513643,2.94863568615e-05,-6.01466456048,4.0202476888,52.3385812543,0,0,0.005,0,0,20.4,40.8012037436,0,0,0,0,0,0,0,0,0,0
3.225,0.504632674672,0.495367325328,1,1,0.504617486707,0.49535207684,1.51879652754e-05,1.52484875635e-05,0.999969563547,3.04364528389e-05,-6.01225377101,4.01951153271,52.3036683686,0,0,0.005,0,0,20.4,40.8012037436,0,0,0,0,0,0,0,0,0,0
3.23,0.504644241991,0.495355758009,1,1,0.504628532131,0.49533999515,1.57098607806e-05,1.57628588019e-05,0.999968527281,3.14727195826e-05,-6.00969323186,4.01873084479,52.266610344,0,0,0.005,0,0,20.4,40.8012037436,0,0,0,0,0,0,0,0,0,0
3.235,0.504657459909,0.495342540091,1,1,0.504641182022,0.495326217228,1.62778876653e-05,1.63228631895e-05,0.999967399249,3.26007508548e-05,-6.00698300699,4.01790564753,52.2274106388,0,0,0.005,0,0,20.4,40.8012037436,0,0,0,0,0,0,0,0,0,0
3.24,0.504672233929,0.495327766072,1,1,0.504655338785,0.495310834549,1.68951432898e-05,1.69315229637e-05,0.999966173334,3.38266662535e-05,-6.0041231641,4.01703596452,52.18607291,0,0,0.005,0,0,20.4,40.8012037436,0,0,0,0,0,0,0,0,0,0
3.245,0.504688468414,0.495311531587,1,1,0.504670903403,0.495293939448,1.75650105222e-05,1.7592139123e-05,0.999964842851,3.51571496452e-05,-6.00111377464,4.01612182047,52.1426010131,0,0,0.005,0,0,20.4,40.8012037436,0,0,0,0,0,0,0,0,0,0
3.25,0.504706066904,0.495293933096,1,1,0.504687775725,0.495275624784,1.8291179043e-05,1.83083119656e-05,0.999963400509,3.65994910085e-05,-5.99795491379,4.01516324122,52.0969990015,0,0,0.005,0,0,20.4,40.8012037436,0,0,0,0,0,0,0,0,0,0
3.255,0.504724932463,0.495275067537,1,1,0.504705854795,0.495255983574,1.90776685023e-05,1.90839634291e-05,0.999961838368,3.81616319314e-05,-5.99464666049,4.01416025372,52.0492711267,0,0,0.005,0,0,20.4,40.8012037436,0,0,0,0,0,0,0,0,0,0
3.26,0.504744968045,0.495255031956,1,1,0.504725039191,0.495235108594,1.99288536666e-05,1.99233613631e-05,0.999960147785,3.98522150297e-05,-5.99118909739,4.01311288606,51.9994218369,0,0,0.005,0,0,20.4,40.8012037436,0,0,0,0,0,0,0,0,0,0
3.265,0.504766076887,0.495233923113,1,1,0.504745227396,0.495213091967,2.0849491704e-05,2.08311458771e-05,0.999958319363,4.16806375811e-05,-5.98758231089,4.01202116743,51.9474557776,0,0,0.005,0,0,20.4,40.8012037436,0,0,0,0,0,0,0,0,0,0
3.27,0.504788162922,0.495211837079,1,1,0.50476631817,0.495190024721,2.18447517797e-05,2.18123579205e-05,0.999956342891,4.36571097002e-05,-5.98382639113,4.01088512815,51.8933777904,0,0,0.005,0,0,20.4,40.8012037436,0,0,0,0,0,0,0,0,0,0
3.275,0.504811131186,0.495188868814,1,1,0.504788210939,0.495165996344,2.29202471439e-05,2.28724702688e-05,0.999954207283,4.57927174127e-05,-5.97992143196,4.00970479966,51.8371929128,0,0,0.005,0,0,20.4,40.8012037436,0,0,0,0,0,0,0,0,0,0
3.28,0.504834888249,0.495165111752,1,1,0.504810806179,0.49514109433,2.40820699214e-05,2.40174211053e-05,0.999951900509,4.80994910267e-05,-5.97586753098,4.00848021451,51.7789063779,0,0,0.005,0,0,20.4,40.8012037436,0,0,0,0,0,0,0,0,0,0
3.285,0.504859342623,0.495140657377,1,1,0.504834005794,0.495115403727,2.533682883e-05,2.52536504085e-05,0.999949409521,5.05904792385e-05,-5.9716647895,4.00721140637,51.7185236135,0,0,0.005,0,0,20.4,40.8012037436,0,0,0,0,0,0,0,0,0,0
3.29,0.50488440518,0.495115594821,1,1,0.50485771349,0.495089006681,2.66916900801e-05,2.65881393789e-05,0.999946720171,5.3279829459e-05,-5.96731331256,4.00589841004,51.6560502418,0,0,0.005,0,0,20.4,40.8012037436,0,0,0,0,0,0,0,0,0,0
3.295,0.504909989538,0.495090010462,1,1,0.504881835116,0.495061982009,2.8154421736e-05,2.80284531617e-05,0.999943817125,5.61828748977e-05,-5.96281320892,4.00454126142,51.5914920789,0,0,0.005,0,0,20.4,40.8012037436,0,0,0,0,0,0,0,0,0,0
3.3,0.50493601244,0.49506398756,1,1,0.504906278998,0.495034404773,2.97334418443e-05,2.95827871512e-05,0.999940683771,5.93162289956e-05,-5.95816459105,4.00313999754,51.5248551339,0,0,0.005,0,0,20.4,40.8012037436,0,0,0,0,0,0,0,0,0,0
3.305,0.504962394095,0.495037605905,1,1,0.504930956225,0.495006345888,3.14378706683e-05,3.12600171932e-05,0.999937302112,6.26978878614e-05,-5.95336757514,4.00169465653,51.4561456089,0,0,0.005,0,0,20.4,40.8012037436,0,0,0,0,0,0,0,0,0,0
3.31,0.504989058496,0.495010941505,1,1,0.504955780908,0.494977871751,3.32775873971e-05,3.30697540339e-05,0.999933652659,6.63473414309e-05,-5.9484222811,4.00020527766,51.3853698977,0,0,0.005,0,0,20.4,40.8012037436,0,0,0,0,0,0,0,0,0,0
3.315,0.505015933692,0.494984066308,1,1,0.5049806704,0.494949043906,3.52632917346e-05,3.50224023998e-05,0.999929714306,7.02856941344e-05,-5.94332883253,3.99867190128,51.3125345857,0,0,0.005,0,0,20.4,40.8012037436,0,0,0,0,0,0,0,0,0,0
3.32,0.505042952033,0.494957047967,1,1,0.505005545462,0.494919918742,3.74065708053e-05,3.7129225129e-05,0.999925464204,7.45357959343e-05,-5.93808735676,3.99709456889,51.2376464491,0,0,0.005,0,0,20.4,40.8012037436,0,0,0,0,0,0,0,0,0,0
3.325,0.505070050357,0.494929949643,1,1,0.505030330386,0.49489054723,3.97199718541e-05,3.94024128114e-05,0.999920877616,7.91223846655e-05,-5.93269798479,3.99547332308,51.1607124541,0,0,0.005,0,0,20.4,40.8012037436,0,0,0,0,0,0,0,0,0,0
3.33,0.505097170144,0.494902829856,1,1,0.505054953063,0.494860974697,4.22170812489e-05,4.18551594336e-05,0.99991592776,8.40722406825e-05,-5.92716085134,3.99380820756,51.0817397564,0,0,0.005,0,0,20.4,40.8012037436,0,0,0,0,0,0,0,0,0,0
3.335,0.505124257614,0.494875742386,1,1,0.505079345004,0.494831240642,4.49126103344e-05,4.45017445553e-05,0.999910585645,8.94143548897e-05,-5.92147609483,3.99209926714,51.0007357004,0,0,0.005,0,0,20.4,40.8012037436,0,0,0,0,0,0,0,0,0,0
3.34,0.505151263784,0.494848736217,1,1,0.505103441295,0.494801378594,4.78224887144e-05,4.73576225789e-05,0.999904819889,9.51801112932e-05,-5.91564385736,3.99034654776,50.9177078184,0,0,0.005,0,0,20.4,40.8012037436,0,0,0,0,0,0,0,0,0,0
3.345,0.505178144475,0.494821855525,1,1,0.50512718051,0.494771416005,5.09639655693e-05,5.04395196934e-05,0.999898596515,0.000101403485263,-5.90966428473,3.98855009645,50.8326638301,0,0,0.005,0,0,20.4,40.8012037436,0,0,0,0,0,0,0,0,0,0
3.35,0.505204860276,0.494795139724,1,1,0.505150504557,0.494741374185,5.43557196389e-05,5.37655390933e-05,0.999891878742,0.000108121258732,-5.90353752641,3.98670996136,50.7456116417,0,0,0.005,0,0,20.4,40.8012037436,0,0,0,0,0,0,0,0,0,0
3.355,0.505231376461,0.494768623539,1,1,0.505173358483,0.494711268264,5.80179785068e-05,5.73552750738e-05,0.999884626747,0.000115373253581,-5.89726373555,3.98482619175,50.6565593451,0,0,0.005,0,0,20.4,40.8012037436,0,0,0,0,0,0,0,0,0,0
3.36,0.505257662867,0.494742337133,1,1,0.505195690219,0.494681107197,6.19726478282e-05,6.12299365935e-05,0.999876797416,0.000123202584422,-5.890843069,3.98289883799,50.5655152172,0,0,0.005,0,0,20.4,40.8012037436,0,0,0,0,0,0,0,0,0,0
3.365,0.505283693736,0.494716306264,1,1,0.505217450285,0.494650893783,6.62434511145e-05,6.54124808638e-05,0.999868344068,0.000131655931978,-5.88427568727,3.98092795152,50.472487719,0,0,0.005,0,0,20.4,40.8012037436,0,0,0,0,0,0,0,0,0,0
3.37,0.505309447525,0.494690552475,1,1,0.505238591444,0.494620624718,7.08560806551e-05,6.99277574713e-05,0.999859216162,0.000140783838126,-5.87756175453,3.97891358494,50.3774854947,0,0,0.005,0,0,20.4,40.8012037436,0,0,0,0,0,0,0,0,0,0
3.375,0.505334906682,0.494665093319,1,1,0.505259068322,0.494590290655,7.58383600781e-05,7.48026634579e-05,0.999849358977,0.000150641023536,-5.87070143862,3.97685579192,50.2805173712,0,0,0.005,0,0,20.4,40.8012037436,0,0,0,0,0,0,0,0,0,0
3.38,0.505360057404,0.494639942597,1,1,0.505278836985,0.494559876287,8.12204189551e-05,8.0066309669e-05,0.999838713272,0.000161286728624,-5.86369491106,3.97475462723,50.1815923567,0,0,0.005,0,0,20.4,40.8012037436,0,0,0,0,0,0,0,0,0,0
3.385,0.505384889376,0.494615110625,1,1,0.505297854496,0.494529360426,8.70348797058e-05,8.57501985285e-05,0.999827214922,0.000172785078234,-5.856542347,3.97261014676,50.0807196403,0,0,0.005,0,0,20.4,40.8012037436,0,0,0,0,0,0,0,0,0,0
3.39,0.505409395496,0.494590604505,1,1,0.505316078439,0.494498716092,9.33170568729e-05,9.18884132109e-05,0.99981479453,0.000185205470084,-5.84924392525,3.97042240748,49.977908591,0,0,0.005,0,0,20.4,40.8012037436,0,0,0,0,0,0,0,0,0,0
3.395,0.50543357159,0.49456642841,1,1,0.505333466422,0.494467910592,0.000100105168593,9.85178179348e-05,0.999801377014,0.000198622986528,-5.84179982829,3.96819146748,49.8731687564,0,0,0.005,0,0,20.4,40.8012037436,0,0,0,0,0,0,0,0,0,0
3.4,0.505457416134,0.494542583867,1,1,0.505349975574,0.494436905598,0.000107440559791,0.000105678268819,0.999786881172,0.00021311882861,-5.83421024221,3.96591738594,49.7665098624,0,0,0.005,0,0,20.4,40.8012037436,0,0,0,0,0,0,0,0,0,0
3.405,0.505480929963,0.494519070037,1,1,0.505365562027,0.494405657203,0.000115367936266,0.000113412834395,0.99977121923,0.000228780770661,-5.82647535676,3.96360022312,49.6579418117,0,0,0.005,0,0,20.4,40.8012037436,0,0,0,0,0,0,0,0,0,0
3.41,0.505504116007,0.494495883993,1,1,0.505380180399,0.494374115969,0.000123935608408,0.000121768024469,0.999754296367,0.000245703632878,-5.81859536532,3.9612400404,49.547474683,0,0,0.005,0,0,20.4,40.8012037436,0,0,0,0,0,0,0,0,0,0
3.415,0.505526979024,0.494473020977,1,1,0.505393783281,0.494342226951,0.000133195742793,0.00013079402557,0.999736010232,0.000263989768363,-5.8105704649,3.95883690023,49.4351187302,0,0,0.005,0,0,20.4,40.8012037436,0,0,0,0,0,0,0,0,0,0
3.42,0.505549525353,0.494450474648,1,1,0.505406320733,0.494309929707,0.000143204619342,0.00014054494071,0.99971625044,0.000283749560052,-5.80240085613,3.95639086618,49.3208843812,0,0,0.005,0,0,20.4,40.8012037436,0,0,0,0,0,0,0,0,0,0
3.425,0.505571762692,0.494428237308,1,1,0.505417739801,0.494277158277,0.000154022891134,0.000151079030605,0.999694898079,0.000305101921739,-5.79408674326,3.9539020029,49.2047822369,0,0,0.005,0,0,20.4,40.8012037436,0,0,0,0,0,0,0,0,0,0
3.43,0.505593699892,0.494406300108,1,1,0.505427984049,0.494243841156,0.000165715843244,0.00016245895291,0.999671825204,0.000328174796154,-5.78562833416,3.95137037611,49.0868230702,0,0,0.005,0,0,20.4,40.8012037436,0,0,0,0,0,0,0,0,0,0
3.435,0.505615346773,0.494384653228,1,1,0.505436993126,0.494209901232,0.000178353646327,0.000174751995351,0.999646894359,0.000353105641678,-5.7770258403,3.94879605265,48.9670178249,0,0,0.005,0,0,20.4,40.8012037436,0,0,0,0,0,0,0,0,0,0
3.44,0.505636713971,0.494363286029,1,1,0.505444702371,0.494175255731,0.000192011599873,0.000188030297999,0.999619958102,0.000380041897872,-5.76827947678,3.94617910042,48.8453776148,0,0,0.005,0,0,20.4,40.8012037436,0,0,0,0,0,0,0,0,0,0
3.445,0.505657812811,0.494342187189,1,1,0.505451042452,0.49413981613,0.000206770359367,0.000202371059217,0.999590858582,0.000409141418583,-5.75938946225,3.94351958842,48.7219137222,0,0,0.005,0,0,20.4,40.8012037436,0,0,0,0,0,0,0,0,0,0
3.45,0.505678655198,0.494321344802,1,1,0.505455939057,0.494103488083,0.000222716140824,0.000217856719211,0.99955942714,0.000440572860035,-5.75035601901,3.94081758673,48.5966375973,0,0,0.005,0,0,20.4,40.8012037436,0,0,0,0,0,0,0,0,0,0
3.455,0.505699253541,0.494300746459,1,1,0.505459312645,0.494066171345,0.000239940895567,0.000234575114478,0.99952548399,0.000474516010044,-5.74117937292,3.93807316652,48.4695608569,0,0,0.005,0,0,20.4,40.8012037436,0,0,0,0,0,0,0,0,0,0
3.46,0.505719620698,0.494280379302,1,1,0.505461078251,0.494027759706,0.00025854244747,0.000252619595956,0.999488837957,0.000511162043426,-5.7318597534,3.93528640003,48.3406952829,0,0,0.005,0,0,20.4,40.8012037436,0,0,0,0,0,0,0,0,0,0
3.465,0.505739769943,0.494260230057,1,1,0.505461145359,0.493988140954,0.000278624584543,0.0002720891033,0.999449286312,0.000550713687843,-5.7223973935,3.93245736057,48.2100528218,0,0,0.005,0,0,20.4,40.8012037436,0,0,0,0,0,0,0,0,0,0
3.47,0.505759714951,0.49424028505,1,1,0.505459417854,0.493947196862,0.0003002970964,0.000293088187468,0.999406614716,0.000593385283868,-5.71279252979,3.92958612255,48.0776455829,0,0,0.005,0,0,20.4,40.8012037436,0,0,0,0,0,0,0,0,0,0
3.475,0.505779469801,0.494220530199,1,1,0.505455794052,0.493904803225,0.000323675749195,0.00031572697385,0.999360597277,0.000639402723045,-5.70304540243,3.92667276144,47.9434858376,0,0,0.005,0,0,20.4,40.8012037436,0,0,0,0,0,0,0,0,0,0
3.48,0.505799048994,0.494200951006,1,1,0.505450166804,0.493860829948,0.000348882189827,0.000340121058416,0.999310996752,0.000689003248243,-5.69315625514,3.92371735378,47.8075860179,0,0,0.005,0,0,20.4,40.8012037436,0,0,0,0,0,0,0,0,0,0
3.485,0.505818467477,0.494181532523,1,1,0.505442423706,0.493815141193,0.000376043771852,0.000366391329971,0.999257564898,0.000742435101823,-5.6831253352,3.92071997721,47.6699587152,0,0,0.005,0,0,20.4,40.8012037436,0,0,0,0,0,0,0,0,0,0
3.49,0.505837740677,0.494162259323,1,1,0.505432447381,0.49376759561,0.000405293296497,0.000394663712576,0.999200042991,0.000799957009073,-5.67295289341,3.91768071039,47.5306166794,0,0,0.005,0,0,20.4,40.8012037436,0,0,0,0,0,0,0,0,0,0
3.495,0.505856884535,0.494143115465,1,1,0.505420115871,0.493718046642,0.000436768663603,0.000425068823588,0.999138162513,0.000861837487191,-5.66263918413,3.9145996331,47.3895728172,0,0,0.005,0,0,20.4,40.8012037436,0,0,0,0,0,0,0,0,0,0
3.5,0.505875915539,0.494124084461,1,1,0.50540530311,0.493666342917,0.000470612429237,0.0004577415446,0.999071646026,0.000928353973837,-5.65218446526,3.91147682616,47.2468401909,0,0,0.005,0,0,20.4,40.8012037436,0,0,0,0,0,0,0,0,0,0
3.505,0.505894850757,0.494105149243,1,1,0.505387879488,0.493612328739,0.000506971269083,0.00049282050493,0.999000208226,0.000999791774013,-5.64158899822,3.90831237144,47.1024320176,0,0,0.005,0,0,20.4,40.8012037436,0,0,0,0,0,0,0,0,0,0
3.51,0.505913707855,0.494086292145,1,1,0.505367712506,0.493555844665,0.000545995349691,0.000530447480104,0.998923557171,0.00107644282979,-5.63085304794,3.90510635191,46.9563616672,0,0,0.005,0,0,20.4,40.8012037436,0,0,0,0,0,0,0,0,0,0
3.515,0.505932505112,0.494067494889,1,1,0.505344667499,0.493496728178,0.000587837613094,0.000570766711161,0.998841395676,0.00115860432425,-5.61997688289,3.90185885156,46.8086426617,0,0,0.005,0,0,20.4,40.8012037436,0,0,0,0,0,0,0,0,0,0
3.52,0.50595126141,0.49404873859,1,1,0.505318608426,0.493434814436,0.000632652984283,0.000613924154409,0.998753422862,0.00124657713869,-5.60896077503,3.89856995548,46.6592886736,0,0,0.005,0,0,20.4,40.8012037436,0,0,0,0,0,0,0,0,0,0
3.525,0.505969996223,0.494030003777,1,1,0.505289398708,0.493369937101,0.000680597515475,0.000660066675533,0.998659335809,0.00134066419101,-5.59780499983,3.89523974978,46.5083135244,0,0,0.005,0,0,20.4,40.8012037436,0,0,0,0,0,0,0,0,0,0
3.53,0.505988729577,0.494011270423,1,1,0.505256902092,0.493301929216,0.000731827485935,0.000709341206589,0.998558831308,0.00144116869252,-5.58650983626,3.89186832163,46.3557311835,0,0,0.005,0,0,20.4,40.8012037436,0,0,0,0,0,0,0,0,0,0
3.535,0.506007481994,0.493992518007,1,1,0.505220983512,0.493230624117,0.000786498481301,0.00076189388933,0.99845160763,0.00154839237063,-5.57507556675,3.88845575928,46.2015557669,0,0,0.005,0,0,20.4,40.8012037436,0,0,0,0,0,0,0,0,0,0
3.54,0.506026274416,0.493973725585,1,1,0.505181509934,0.493155856351,0.000844764481653,0.000817869233345,0.998337366285,0.001662633715,-5.56350247726,3.885002152,46.0458015355,0,0,0.005,0,0,20.4,40.8012037436,0,0,0,0,0,0,0,0,0,0
3.545,0.506045128112,0.493954871888,1,1,0.505138351119,0.493077462565,0.000906776992986,0.000877409322548,0.998215813685,0.00178418631553,-5.55179085718,3.88150759011,45.888482894,0,0,0.005,0,0,20.4,40.8012037436,0,0,0,0,0,0,0,0,0,0
3.55,0.506064064565,0.493935935435,1,1,0.505091380303,0.492995282327,0.000972684261929,0.000940653108344,0.99808666263,0.00191333737027,-5.53994099939,3.877972165,45.7296143892,0,0,0.005,0,0,20.4,40.8012037436,0,0,0,0,0,0,0,0,0,0
3.555,0.506083105333,0.493916894667,1,1,0.505040474715,0.492909158835,0.0010426306184,0.00100773583228,0.99794963355,0.00205036645068,-5.52795320022,3.87439596907,45.5692107089,0,0,0.005,0,0,20.4,40.8012037436,0,0,0,0,0,0,0,0,0,0
3.56,0.506102271901,0.493897728099,1,1,0.504985515906,0.492818939475,0.00111675599515,0.00107878862467,0.997804455381,0.00219554461981,-5.51582775946,3.87077909578,45.4072866804,0,0,0.005,0,0,20.4,40.8012037436,0,0,0,0,0,0,0,0,0,0
3.565,0.506121585515,0.493878414485,1,1,0.504926389839,0.492724476157,0.00119519567637,0.00115393832865,0.997650865995,0.00234913400502,-5.50356498033,3.86712163964,45.2438572685,0,0,0.005,0,0,20.4,40.8012037436,0,0,0,0,0,0,0,0,0,0
3.57,0.506141067001,0.493858932999,1,1,0.504862986671,0.492625625398,0.00127808033005,0.00123330760073,0.99748861207,0.00251138793078,-5.49116516952,3.86342369617,45.0789375751,0,0,0.005,0,0,20.4,40.8012037436,0,0,0,0,0,0,0,0,0,0
3.575,0.506160736577,0.493839263424,1,1,0.504795200198,0.492522248085,0.00136553637913,0.00131701533916,0.997317448282,0.00268255171829,-5.47862863711,3.85968536194,44.9125428365,0,0,0.005,0,0,20.4,40.8012037436,0,0,0,0,0,0,0,0,0,0
3.58,0.506180613649,0.493819386351,1,1,0.504722926884,0.492414208861,0.00145768676582,0.00140517749018,0.997137135744,0.002862864256,-5.46595569663,3.85590673454,44.744688423,0,0,0.005,0,0,20.4,40.8012037436,0,0,0,0,0,0,0,0,0,0
3.585,0.506200716618,0.493799283382,1,1,0.504646064458,0.492301375103,0.00155465216068,0.00149790827863,0.996947439561,0.00305256043931,-5.45314666501,3.85208791261,44.5753898366,0,0,0.005,0,0,20.4,40.8012037436,0,0,0,0,0,0,0,0,0,0
3.59,0.506221062668,0.493778937333,1,1,0.504564510005,0.492183615428,0.00165655266236,0.00159532190423,0.996748125434,0.0032518745666,-5.44020186259,3.84822899581,44.4046627099,0,0,0.005,0,0,20.4,40.8012037436,0,0,0,0,0,0,0,0,0,0
3.595,0.506241667568,0.493758332432,1,1,0.504478157541,0.492060797695,0.00176351002724,0.0016975347368,0.996538955236,0.00346104476404,-5.42712161312,3.8443300848,44.2325228045,0,0,0.005,0,0,20.4,40.8012037436,0,0,0,0,0,0,0,0,0,0
3.6,0.50626254548,0.49373745452,1,1,0.504386895023,0.491932786486,0.00187565045723,0.00180466803391,0.996319681509,0.00368031849114,-5.41390624373,3.84039128129,44.0589860093,0,0,0.005,0,0,20.4,40.8012037436,0,0,0,0,0,0,0,0,0,0
3.605,0.506283708769,0.493716291231,1,1,0.504290600807,0.491799440039,0.00199310796211,0.00191685119178,0.996090040846,0.00390995915389,-5.40055608492,3.836412688,43.8840683391,0,0,0.005,0,0,20.4,40.8012037436,0,0,0,0,0,0,0,0,0,0
3.61,0.506305167832,0.493694832168,1,1,0.504189139535,0.491660606643,0.00211602829708,0.00203422552535,0.995849746178,0.00415025382244,-5.3870714706,3.83239440868,43.707785933,0,0,0.005,0,0,20.4,40.8012037436,0,0,0,0,0,0,0,0,0,0
3.615,0.506326930941,0.493673069059,1,1,0.504082357482,0.491516120503,0.00224457345875,0.00215694855673,0.995598477985,0.00440152201549,-5.373452738,3.82833654806,43.5301550528,0,0,0.005,0,0,20.4,40.8012037436,0,0,0,0,0,0,0,0,0,0
3.62,0.506349004104,0.493650995897,1,1,0.503970077401,0.491365797125,0.00237892670264,0.00228519877186,0.995335874526,0.0046641254745,-5.35970022775,3.82423921192,43.3511920814,0,0,0.005,0,0,20.4,40.8012037436,0,0,0,0,0,0,0,0,0,0
3.625,0.506371390947,0.493628609054,1,1,0.503852092923,0.491209428268,0.00251929802372,0.00241918078509,0.995061521192,0.00493847880881,-5.34581428381,3.82010250702,43.1709135212,0,0,0.005,0,0,20.4,40.8012037436,0,0,0,0,0,0,0,0,0,0
3.63,0.506394092622,0.493605907378,1,1,0.503728162604,0.491046776549,0.00266593001807,0.00255913082944,0.994774939153,0.00522506084751,-5.33179525347,3.81592654116,42.9893359925,0,0,0.005,0,0,20.4,40.8012037436,0,0,0,0,0,0,0,0,0,0
3.635,0.506417107737,0.493582892264,1,1,0.503598003717,0.490877569795,0.00281910401953,0.00270532246815,0.994475573513,0.00552442648768,-5.31764348738,3.81171142311,42.8064762319,0,0,0.005,0,0,20.4,40.8012037436,0,0,0,0,0,0,0,0,0,0
3.64,0.506440432311,0.493559567689,1,1,0.50346128593,0.490701495288,0.0029791463811,0.00285807240115,0.994162781218,0.00583721878224,-5.30335933949,3.80745726265,42.6223510906,0,0,0.005,0,0,20.4,40.8012037436,0,0,0,0,0,0,0,0,0,0
3.645,0.506464059762,0.493535940238,1,1,0.503317625015,0.490518194019,0.00314643474697,0.00301774621848,0.993835819035,0.00616418096545,-5.28894316706,3.80316417058,42.4369775328,0,0,0.005,0,0,20.4,40.8012037436,0,0,0,0,0,0,0,0,0,0
3.65,0.506487980918,0.493512019082,1,1,0.503166576779,0.490327255149,0.00332140413883,0.00318476393346,0.993493831928,0.00650616807229,-5.27439533069,3.79883225867,42.2503726339,0,0,0.005,0,0,20.4,40.8012037436,0,0,0,0,0,0,0,0,0,0
3.655,0.506512184053,0.493487815948,1,1,0.503007631392,0.490128210837,0.00350455266035,0.00335960511088,0.993135842229,0.00686415777123,-5.25971619424,3.79446163969,42.062553579,0,0,0.005,0,0,20.4,40.8012037436,0,0,0,0,0,0,0,0,0,0
3.66,0.506536654956,0.493463345044,1,1,0.502840208349,0.489920531652,0.00369644660712,0.00354281339203,0.992760740001,0.00723925999915,-5.24490612488,3.79005242741,41.8735376613,0,0,0.005,0,0,20.4,40.8012037436,0,0,0,0,0,0,0,0,0,0
3.665,0.506561377023,0.493438622978,1,1,0.502663652265,0.489703622769,0.00389772475753,0.00373500020877,0.992367275034,0.0076327249663,-5.22996549304,3.78560473658,41.68334228,0,0,0.005,0,0,20.4,40.8012037436,0,0,0,0,0,0,0,0,0,0
3.67,0.506586331368,0.493413668632,1,1,0.502477229756,0.489476821157,0.00410910161291,0.00393684747462,0.991954050913,0.00804594908753,-5.21489467244,3.78111868293,41.4919849391,0,0,0.005,0,0,20.4,40.8012037436,0,0,0,0,0,0,0,0,0,0
3.675,0.506611496968,0.493388503033,1,1,0.502280127613,0.489239393991,0.00433136935525,0.00414910904199,0.991519521603,0.00848047839724,-5.19969404005,3.77659438319,41.2994832453,0,0,0.005,0,0,20.4,40.8012037436,0,0,0,0,0,0,0,0,0,0
3.68,0.506636850811,0.49336314919,1,1,0.502071452514,0.488990538467,0.0045653982967,0.0043726107232,0.99106199098,0.00893800901989,-5.18436397609,3.77203195504,41.1058549065,0,0,0.005,0,0,20.4,40.8012037436,0,0,0,0,0,0,0,0,0,0
3.685,0.506662368077,0.493337631923,1,1,0.501850232467,0.488729383236,0.00481213560967,0.00460824868749,0.990579615703,0.00942038429716,-5.16890486402,3.76743151717,40.9111177299,0,0,0.005,0,0,20.4,40.8012037436,0,0,0,0,0,0,0,0,0,0
3.69,0.506688022327,0.493311977674,1,1,0.501615420179,0.488454991605,0.00507260214825,0.00485698606893,0.990070411783,0.00992958821718,-5.15331709054,3.76279318921,40.7152896204,0,0,0.005,0,0,20.4,40.8012037436,0,0,0,0,0,0,0,0,0,0
3.695,0.506713785698,0.493286214302,1,1,0.501365898496,0.488166366652,0.00534788720208,0.0051198476499,0.989532265148,0.010467734852,-5.13760104556,3.75811709178,40.5183885789,0,0,0.005,0,0,20.4,40.8012037436,0,0,0,0,0,0,0,0,0,0
3.7,0.506739629117,0.493260370883,1,1,0.501100488054,0.487862458361,0.00563914106299,0.00539791252221,0.988962946415,0.0110370535852,-5.12175712222,3.75340334647,40.3204327003,0,0,0.005,0,0,20.4,40.8012037436,0,0,0,0,0,0,0,0,0,0
3.705,0.50676552251,0.49323447749,1,1,0.500817957179,0.487542172818,0.00594756533094,0.0056923046722,0.988360129997,0.0116398700031,-5.10578571683,3.74865207583,40.1214401718,0,0,0.005,0,0,20.4,40.8012037436,0,0,0,0,0,0,0,0,0,0
3.71,0.506791435017,0.493208564983,1,1,0.500517034077,0.487204383496,0.00627440094025,0.00600418148699,0.987721417573,0.0122785824272,-5.08968722894,3.74386340336,39.9214292714,0,0,0.005,0,0,20.4,40.8012037436,0,0,0,0,0,0,0,0,0,0
3.715,0.506817335205,0.493182664795,1,1,0.500196421258,0.48684794456,0.00662091394753,0.00633472023523,0.987044365818,0.0129556341828,-5.07346206124,3.73903745352,39.7204183656,0,0,0.005,0,0,20.4,40.8012037436,0,0,0,0,0,0,0,0,0,0
3.72,0.506843191275,0.493156808726,1,1,0.499854812086,0.486471706089,0.00698837918845,0.00668510263654,0.986326518175,0.013673481825,-5.05711061961,3.73417435175,39.5184259083,0,0,0.005,0,0,20.4,40.8012037436,0,0,0,0,0,0,0,0,0,0
3.725,0.506868971257,0.493131028743,1,1,0.499490909277,0.486074531046,0.00737806197983,0.0070564976971,0.985565440323,0.0144345596769,-5.0406333131,3.72927422442,39.3154704381,0,0,0.005,0,0,20.4,40.8012037436,0,0,0,0,0,0,0,0,0,0
3.73,0.506894643204,0.493105356796,1,1,0.499103445089,0.485655313742,0.00779119811501,0.00745004305404,0.984758758831,0.015241241169,-5.02403055391,3.72433719884,39.1115705773,0,0,0.005,0,0,20.4,40.8012037436,0,0,0,0,0,0,0,0,0,0
3.735,0.506920175361,0.493079824639,1,1,0.49869120289,0.485212999504,0.00822897247152,0.00786682513527,0.983904202394,0.0160957976068,-5.00730275737,3.71936340329,38.9067450297,0,0,0.005,0,0,20.4,40.8012037436,0,0,0,0,0,0,0,0,0,0
3.74,0.506945536322,0.493054463678,1,1,0.498253039703,0.484746605175,0.00869249661892,0.00830785850335,0.982999644878,0.0170003551223,-4.99045034195,3.71435296699,38.7010125789,0,0,0.005,0,0,20.4,40.8012037436,0,0,0,0,0,0,0,0,0,0
3.745,0.506970695172,0.493029304829,1,1,0.497787909293,0.48425524002,0.009182785879,0.00877406480876,0.982043149313,0.0179568506878,-4.97347372925,3.70930602007,38.4943920861,0,0,0.005,0,0,20.4,40.8012037436,0,0,0,0,0,0,0,0,0,0
3.75,0.506995621602,0.493004378399,1,1,0.497294885254,0.48373812657,0.00970073634747,0.00926625182845,0.981033011824,0.0189669881759,-4.95637334396,3.70422269364,38.2869024888,0,0,0.005,0,0,20.4,40.8012037436,0,0,0,0,0,0,0,0,0,0
3.755,0.50702028601,0.49297971399,1,1,0.496773183576,0.483194620883,0.0102471024343,0.00978509310658,0.979967804459,0.0200321955409,-4.93914961389,3.6991031197,38.0785627986,0,0,0.005,0,0,20.4,40.8012037436,0,0,0,0,0,0,0,0,0,0
3.76,0.507044659576,0.492955340424,1,1,0.496222184061,0.482624231679,0.0108224755155,0.0103311087448,0.97884641574,0.0211535842603,-4.92180296994,3.69394743122,37.8693920995,0,0,0.005,0,0,20.4,40.8012037436,0,0,0,0,0,0,0,0,0,0
3.765,0.50706871431,0.49293128569,1,1,0.495641449998,0.482026637783,0.0114272643124,0.0109046479071,0.977668087781,0.0223319122195,-4.90433384608,3.68875576206,37.6594095459,0,0,0.005,0,0,20.4,40.8012037436,0,0,0,0,0,0,0,0,0,0
3.77,0.507092423085,0.492907576916,1,1,0.495030745465,0.481401703309,0.0120616776196,0.011505873607,0.976432448774,0.0235675512266,-4.88674267934,3.68352824703,37.4486343608,0,0,0.005,0,0,20.4,40.8012037436,0,0,0,0,0,0,0,0,0,0
3.775,0.507115759638,0.492884240362,1,1,0.494390049643,0.480749490029,0.0127257099952,0.0121347503332,0.975139539672,0.0248604603284,-4.86902990984,3.67826502185,37.2370858339,0,0,0.005,0,0,20.4,40.8012037436,0,0,0,0,0,0,0,0,0,0
3.78,0.507138698558,0.492861301442,1,1,0.493719567563,0.480070266402,0.0134191309957,0.0127910350402,0.973789833964,0.0262101660359,-4.85119598071,3.67296622315,37.0247833197,0,0,0.005,0,0,20.4,40.8012037436,0,0,0,0,0,0,0,0,0,0
3.785,0.507161215244,0.492838784757,1,1,0.49301973675,0.479364512773,0.014141478494,0.0134742719841,0.972384249522,0.0276157504781,-4.83324133814,3.66763198849,36.8117462357,0,0,0.005,0,0,20.4,40.8012037436,0,0,0,0,0,0,0,0,0,0
3.79,0.507183285842,0.492816714159,1,1,0.49229122929,0.478632922336,0.0148920565517,0.014183791823,0.970924151626,0.0290758483748,-4.81516643133,3.66226245633,36.5979940605,0,0,0.005,0,0,20.4,40.8012037436,0,0,0,0,0,0,0,0,0,0
3.795,0.507204887171,0.49279511283,1,1,0.491534948935,0.47787639751,0.0156699382356,0.0149187153199,0.969411346445,0.0305886535555,-4.79697171251,3.65685776603,36.3835463317,0,0,0.005,0,0,20.4,40.8012037436,0,0,0,0,0,0,0,0,0,0
3.8,0.507225996623,0.492774003377,1,1,0.490752022957,0.477096041485,0.0164739736656,0.0156779618924,0.967848064442,0.032151935558,-4.7786576369,3.65141805787,36.1684226441,0,0,0.005,0,0,20.4,40.8012037436,0,0,0,0,0,0,0,0,0,0
3.805,0.507246592052,0.492753407949,1,1,0.489943788582,0.4762931448,0.0173028034695,0.0164602631487,0.966236933382,0.0337630666182,-4.76022466272,3.64594347301,35.9526426479,0,0,0.005,0,0,20.4,40.8012037436,0,0,0,0,0,0,0,0,0,0
3.81,0.507266651644,0.492733348356,1,1,0.489111773954,0.475469166931,0.0181548776906,0.0172641814245,0.964580940885,0.0354190591151,-4.74167325115,3.64043415352,35.7362260468,0,0,0.005,0,0,20.4,40.8012037436,0,0,0,0,0,0,0,0,0,0
3.815,0.507286153786,0.492713846215,1,1,0.488257673729,0.474625713001,0.0190284800567,0.018088133214,0.96288338673,0.0371166132707,-4.72300386636,3.63489024237,35.5191925957,0,0,0.005,0,0,20.4,40.8012037436,0,0,0,0,0,0,0,0,0,0
3.82,0.50730507691,0.49269492309,1,1,0.487383319534,0.473764505839,0.0199217573755,0.0189304172517,0.961147825373,0.0388521746272,-4.70421697548,3.62931188339,35.3015620993,0,0,0.005,0,0,20.4,40.8012037436,0,0,0,0,0,0,0,0,0,0
3.825,0.507323399348,0.492676600653,1,1,0.486490645671,0.472887353787,0.0208327536764,0.0197892468657,0.959377999458,0.0406220005421,-4.68531304856,3.62369922132,35.0833544096,0,0,0.005,0,0,20.4,40.8012037436,0,0,0,0,0,0,0,0,0,0
3.83,0.507341099168,0.492658900832,1,1,0.485581650598,0.471996114738,0.0217594485706,0.0206627860943,0.957577765335,0.0424222346648,-4.6662925586,3.61805240179,34.8645894246,0,0,0.005,0,0,20.4,40.8012037436,0,0,0,0,0,0,0,0,0,0
3.835,0.50735815402,0.49264184598,1,1,0.484658354855,0.471092657055,0.0226997991653,0.0215491889247,0.95575101191,0.04424898809,-4.64715598154,3.61237157128,34.6452870857,0,0,0.005,0,0,20.4,40.8012037436,0,0,0,0,0,0,0,0,0,0
3.84,0.507374540971,0.49262545903,1,1,0.483722756235,0.47017881813,0.023651784736,0.0224466408996,0.953901574365,0.0460984256356,-4.62790379619,3.60665687717,34.4254673764,0,0,0.005,0,0,20.4,40.8012037436,0,0,0,0,0,0,0,0,0,0
3.845,0.507390236352,0.492609763649,1,1,0.482776783106,0.46925636142,0.0246134532458,0.0233534022292,0.952033144525,0.0479668554749,-4.60853648428,3.6009084677,34.2051503198,0,0,0.005,0,0,20.4,40.8012037436,0,0,0,0,0,0,0,0,0,0
3.85,0.507405215606,0.492594784394,1,1,0.481822246901,0.468326932932,0.0255829687045,0.0242678514625,0.950149179833,0.049850820167,-4.58905453045,3.59512649199,33.9843559768,0,0,0.005,0,0,20.4,40.8012037436,0,0,0,0,0,0,0,0,0,0
3.855,0.507419453145,0.492580546856,1,1,0.48086079486,0.467392018151,0.0265586582842,0.0251885287047,0.948252813011,0.0517471869888,-4.56945842217,3.5893111,33.7631044445,0,0,0.005,0,0,20.4,40.8012037436,0,0,0,0,0,0,0,0,0,0
3.86,0.507432922211,0.49256707779,1,1,0.479893864155,0.466452900466,0.0275390580558,0.0261141773235,0.946346764621,0.0536532353793,-4.54974864979,3.58346244258,33.5414158537,0,0,0.005,0,0,20.4,40.8012037436,0,0,0,0,0,0,0,0,0,0
3.865,0.507445594754,0.492554405246,1,1,0.478922638561,0.465510622172,0.0285229561927,0.0270437830745,0.944433260733,0.0555667392672,-4.52992570653,3.57758067141,33.3193103672,0,0,0.005,0,0,20.4,40.8012037436,0,0,0,0,0,0,0,0,0,0
3.87,0.507457441319,0.492542558681,1,1,0.47794800883,0.464565949098,0.0295094324893,0.0279766095837,0.942513957927,0.057486042073,-4.50999008843,3.57166593906,33.0968081779,0,0,0.005,0,0,20.4,40.8012037436,0,0,0,0,0,0,0,0,0,0
3.875,0.507468430944,0.492531569057,1,1,0.476970537861,0.463619339886,0.0304978930832,0.0289122291708,0.940589877746,0.059410122254,-4.48994229434,3.5657183989,32.8739295068,0,0,0.005,0,0,20.4,40.8012037436,0,0,0,0,0,0,0,0,0,0
3.88,0.507478531076,0.492521468925,1,1,0.475990431738,0.462670920864,0.0314880993379,0.0298505480608,0.938661352602,0.0613386473987,-4.46978282597,3.5597382052,32.6506946008,0,0,0.005,0,0,20.4,40.8012037436,0,0,0,0,0,0,0,0,0,0
3.885,0.5074877075,0.492512292501,1,1,0.475007517559,0.461720467365,0.0324801899403,0.030791825136,0.936727984924,0.0632720150763,-4.44951218777,3.55372551302,32.4271237311,0,0,0.005,0,0,20.4,40.8012037436,0,0,0,0,0,0,0,0,0,0
3.89,0.507495924285,0.492504075716,1,1,0.474021228887,0.460767392215,0.0334746953978,0.0317366835001,0.934788621102,0.0652113788979,-4.42913088704,3.54768047831,32.2032371907,0,0,0.005,0,0,20.4,40.8012037436,0,0,0,0,0,0,0,0,0,0
3.895,0.507503143745,0.492496856256,1,1,0.473030599474,0.459810741975,0.0344725442709,0.032686114281,0.932841341448,0.0671586585519,-4.40863943381,3.54160325781,31.9790552931,0,0,0.005,0,0,20.4,40.8012037436,0,0,0,0,0,0,0,0,0,0
3.9,0.507509326415,0.492490673586,1,1,0.472034265754,0.458849201321,0.0354750606605,0.0336414722648,0.930883467075,0.0691165329252,-4.3880383409,3.53549400913,31.7545983698,0,0,0.005,0,0,20.4,40.8012037436,0,0,0,0,0,0,0,0,0,0
3.905,0.507514431046,0.492485568955,1,1,0.471030478386,0.457881105808,0.0364839526598,0.0346044631462,0.928911584194,0.071088415806,-4.36732812387,3.52935289068,31.5298867685,0,0,0.005,0,0,20.4,40.8012037436,0,0,0,0,0,0,0,0,0,0
3.91,0.507518414613,0.492481585387,1,1,0.470017122914,0.456904463008,0.0375012916988,0.0355771223788,0.926921585923,0.0730784140776,-4.34650930102,3.5231800617,31.304940851,0,0,0.005,0,0,20.4,40.8012037436,0,0,0,0,0,0,0,0,0,0
3.915,0.507521232342,0.492478767659,1,1,0.468991749416,0.455916981841,0.0385294829262,0.0365617858178,0.924908731256,0.075091268744,-4.32558239337,3.51697568225,31.0797809914,0,0,0.005,0,0,20.4,40.8012037436,0,0,0,0,0,0,0,0,0,0
3.92,0.507522837744,0.492477162257,1,1,0.467951610742,0.454916109697,0.0395712270015,0.0375610525593,0.92286772044,0.0771322795608,-4.30454792466,3.51073991322,30.854427574,0,0,0.005,0,0,20.4,40.8012037436,0,0,0,0,0,0,0,0,0,0
3.925,0.507523182673,0.492476817328,1,1,0.466893708781,0.453899076743,0.0406294738916,0.0385777405849,0.920792785524,0.0792072144765,-4.28340642134,3.5044729163,30.6289009914,0,0,0.005,0,0,20.4,40.8012037436,0,0,0,0,0,0,0,0,0,0
3.93,0.507522217389,0.492477782611,1,1,0.465814847909,0.452862946591,0.0417073694802,0.0396148360202,0.9186777945,0.0813222055004,-4.26215841251,3.49817485398,30.4032216424,0,0,0.005,0,0,20.4,40.8012037436,0,0,0,0,0,0,0,0,0,0
3.935,0.507519890639,0.492480109361,1,1,0.46471169464,0.451804672368,0.0428081959992,0.0406754369934,0.916516367008,0.0834836329926,-4.24080442998,3.49184588958,30.1774099299,0,0,0.005,0,0,20.4,40.8012037436,0,0,0,0,0,0,0,0,0,0
3.94,0.507516149742,0.492483850258,1,1,0.463580842272,0.450721157012,0.0439353074704,0.0417626932456,0.914301999284,0.085698000716,-4.21934500821,3.48548618719,29.9514862594,0,0,0.005,0,0,20.4,40.8012037436,0,0,0,0,0,0,0,0,0,0
3.945,0.507510940692,0.492489059309,1,1,0.462418879191,0.449609316534,0.0450920615005,0.0428797427749,0.912028195725,0.0879718042754,-4.1977806843,3.47909591172,29.7254710364,0,0,0.005,0,0,20.4,40.8012037436,0,0,0,0,0,0,0,0,0,0
3.95,0.507504208259,0.492495791741,1,1,0.461222459364,0.448466144838,0.0462817488955,0.0440296469037,0.909688604201,0.0903113957991,-4.17611199798,3.47267522887,29.4993846649,0,0,0.005,0,0,20.4,40.8012037436,0,0,0,0,0,0,0,0,0,0
3.955,0.507495896111,0.492504103889,1,1,0.459988373461,0.447288778661,0.0475075226503,0.0452153252284,0.907277152122,0.0927228478787,-4.15433949161,3.46622430511,29.2732475449,0,0,0.005,0,0,20.4,40.8012037436,0,0,0,0,0,0,0,0,0,0
3.96,0.507485946929,0.492514053071,1,1,0.458713619007,0.446074561125,0.0487723279224,0.0464394919455,0.904788180132,0.0952118198679,-4.13246371017,3.45974330773,29.0470800712,0,0,0.005,0,0,20.4,40.8012037436,0,0,0,0,0,0,0,0,0,0
3.965,0.507474302534,0.492525697466,1,1,0.457395467927,0.444821102423,0.0500788346077,0.0477045950426,0.90221657035,0.0977834296503,-4.1104852012,3.45323240476,28.8209026306,0,0,0.005,0,0,20.4,40.8012037436,0,0,0,0,0,0,0,0,0,0
3.97,0.507460904015,0.492539095985,1,1,0.456031529905,0.443526336182,0.0514293741105,0.0490127598032,0.899557866087,0.100442133914,-4.08840451484,3.44669176505,28.5947356002,0,0,0.005,0,0,20.4,40.8012037436,0,0,0,0,0,0,0,0,0,0
3.975,0.507445691861,0.49255430814,1,1,0.454619810033,0.442188570149,0.0528258818279,0.0503657379905,0.896808380182,0.103191619818,-4.0662222038,3.44012155818,28.3685993457,0,0,0.005,0,0,20.4,40.8012037436,0,0,0,0,0,0,0,0,0,0
3.98,0.507428606092,0.492571393909,1,1,0.453158759332,0.44080652995,0.0542698467596,0.0517648639586,0.893965289282,0.106034710718,-4.04393882332,3.43352195454,28.1425142191,0,0,0.005,0,0,20.4,40.8012037436,0,0,0,0,0,0,0,0,0,0
3.985,0.507409586394,0.492590413606,1,1,0.451647316889,0.439379394817,0.0557622695054,0.0532110187896,0.891026711705,0.108973288295,-4.02155493121,3.42689312526,27.9165005567,0,0,0.005,0,0,20.4,40.8012037436,0,0,0,0,0,0,0,0,0,0
3.99,0.507388572249,0.492611427751,1,1,0.450084942517,0.43790682438,0.0573036297321,0.0547046033712,0.887991766897,0.112008233103,-3.99907108779,3.42023524223,27.6905786774,0,0,0.005,0,0,20.4,40.8012037436,0,0,0,0,0,0,0,0,0,0
3.995,0.507365503066,0.492634496934,1,1,0.448471639088,0.436388975811,0.0588938639781,0.0562455211234,0.884860614899,0.115139385101,-3.97648785588,3.41354847812,27.4647688805,0,0,0.005,0,0,20.4,40.8012037436,0,0,0,0,0,0,0,0,0,0
4,0.507340318308,0.492659681693,1,1,0.446807963882,0.434826510837,0.0605323544259,0.0578331708552,0.881634474719,0.118365525281,-3.95380580081,3.40683300634,27.2390914436,0,0,0.005,0,0,20.4,40.8012037436,0,0,0,0,0,0,0,0,0,0
4.005,0.507312957616,0.492687042384,1,1,0.445095028598,0.433220592394,0.0622179290179,0.0594664499904,0.878315620992,0.121684379008,-3.93102549039,3.40008900104,27.0135666211,0,0,0.005,0,0,20.4,40.8012037436,0,0,0,0,0,0,0,0,0,0
4.01,0.507283360934,0.492716639066,1,1,0.443334487913,0.431572870914,0.0639488730211,0.0611437681524,0.874907358827,0.125092641173,-3.90814749489,3.39331663713,26.7882146417,0,0,0.005,0,0,20.4,40.8012037436,0,0,0,0,0,0,0,0,0,0
4.015,0.507251468621,0.492748531379,1,1,0.44152851675,0.429885460533,0.0657229518707,0.0628630708465,0.871413977283,0.128586022717,-3.88517238706,3.38651609026,26.5630557068,0,0,0.005,0,0,20.4,40.8012037436,0,0,0,0,0,0,0,0,0,0
4.02,0.507217221565,0.492782778435,1,1,0.439679776713,0.428160905699,0.0675374448522,0.0646218727362,0.867840682412,0.132159317588,-3.86210074206,3.3796875368,26.3381099883,0,0,0.005,0,0,20.4,40.8012037436,0,0,0,0,0,0,0,0,0,0
4.025,0.507180561291,0.492819438709,1,1,0.437791372375,0.426402138935,0.0693891889154,0.0664172997743,0.864193511311,0.13580648869,-3.8389331375,3.37283115389,26.1133976268,0,0,0.005,0,0,20.4,40.8012037436,0,0,0,0,0,0,0,0,0,0
4.03,0.507141430061,0.492858569939,1,1,0.435866798395,0.424612430701,0.0712746316662,0.0682461392383,0.860479229096,0.139520770905,-3.81567015338,3.36594711936,25.8889387297,0,0,0.005,0,0,20.4,40.8012037436,0,0,0,0,0,0,0,0,0,0
4.035,0.507099770974,0.492900229026,1,1,0.433909878616,0.422795332496,0.0731898923583,0.0701048965304,0.856705211112,0.143294788889,-3.79231237211,3.3590356118,25.664753369,0,0,0.005,0,0,20.4,40.8012037436,0,0,0,0,0,0,0,0,0,0
4.04,0.507055528054,0.492944471946,1,1,0.431924698546,0.420954614504,0.0751308295081,0.0719898574422,0.85287931305,0.14712068695,-3.76886037848,3.35209681049,25.4408615794,0,0,0.005,0,0,20.4,40.8012037436,0,0,0,0,0,0,0,0,0,0
4.045,0.507008646338,0.492991353662,1,1,0.429915532742,0.419094199205,0.0770931135963,0.0738971544576,0.849009731946,0.150990268054,-3.74531475966,3.34513089545,25.2172833566,0,0,0.005,0,0,20.4,40.8012037436,0,0,0,0,0,0,0,0,0,0
4.05,0.506959071957,0.493040928043,1,1,0.427886768763,0.417218092464,0.0790723031944,0.0758228355789,0.845104861227,0.154895138773,-3.72167610516,3.33813804741,24.9940386553,0,0,0.005,0,0,20.4,40.8012037436,0,0,0,0,0,0,0,0,0,0
4.055,0.506906752211,0.493093247789,1,1,0.425842829438,0.415330313677,0.0810639227731,0.0777629341117,0.841173143116,0.158826856885,-3.69794500683,3.33111844779,24.7711473867,0,0,0.005,0,0,20.4,40.8012037436,0,0,0,0,0,0,0,0,0,0
4.06,0.506851635643,0.493148364357,1,1,0.423788095229,0.413434826526,0.0830635404141,0.0797135378312,0.837222921755,0.162777078245,-3.67412205884,3.32407227875,24.5486294176,0,0,0.005,0,0,20.4,40.8012037436,0,0,0,0,0,0,0,0,0,0
4.065,0.506793672102,0.493206327898,1,1,0.421726828447,0.411535471913,0.085066843655,0.0816708559848,0.833262300361,0.16673769964,-3.65020785769,3.31699972312,24.3265045675,0,0,0.005,0,0,20.4,40.8012037436,0,0,0,0,0,0,0,0,0,0
4.07,0.506732812809,0.493267187192,1,1,0.419663101061,0.409635904538,0.087069711748,0.0836312826533,0.829299005599,0.170700994401,-3.62620300215,3.30990096445,24.1047926073,0,0,0.005,0,0,20.4,40.8012037436,0,0,0,0,0,0,0,0,0,0
4.075,0.506669010413,0.493330989588,1,1,0.417600727695,0.407739534491,0.0890682827174,0.0855914550967,0.825340262186,0.174659737814,-3.60210809328,3.30277618697,23.8835132569,0,0,0.005,0,0,20.4,40.8012037436,0,0,0,0,0,0,0,0,0,0
4.08,0.506602219048,0.493397780952,1,1,0.415543205315,0.405849475102,0.0910590137326,0.0875483058502,0.821392680418,0.178607319583,-3.57792373442,3.2956255756,23.6626861839,0,0,0.005,0,0,20.4,40.8012037436,0,0,0,0,0,0,0,0,0,0
4.085,0.506532394386,0.493467605614,1,1,0.41349366089,0.403968498113,0.0930387334958,0.0894991075013,0.817462159003,0.182537840997,-3.55365053113,3.28844931595,23.442331001,0,0,0.005,0,0,20.4,40.8012037436,0,0,0,0,0,0,0,0,0,0
4.09,0.506459493683,0.493540506318,1,1,0.411454808134,0.402098997047,0.0950046855492,0.0914415092705,0.813553805181,0.18644619482,-3.52928909123,3.28124759432,23.2224672647,0,0,0.005,0,0,20.4,40.8012037436,0,0,0,0,0,0,0,0,0,0
4.095,0.506383475828,0.493616524172,1,1,0.409428914185,0.400242959444,0.0969545616436,0.0933735647282,0.809671873629,0.190328126372,-3.50484002475,3.27402059766,23.003114473,0,0,0.005,0,0,20.4,40.8012037436,0,0,0,0,0,0,0,0,0,0
4.1,0.50630430139,0.493695698611,1,1,0.407417776824,0.398401948408,0.0988865245661,0.0952937502028,0.805819725231,0.194180274769,-3.48030394392,3.26676851362,22.7842920636,0,0,0.005,0,0,20.4,40.8012037436,0,0,0,0,0,0,0,0,0,0
4.105,0.506221932654,0.493778067346,1,1,0.405422712561,0.396577093682,0.100799220093,0.0972009736641,0.801999806244,0.198000193757,-3.45568146316,3.25949153051,22.5660194123,0,0,0.005,0,0,20.4,40.8012037436,0,0,0,0,0,0,0,0,0,0
4.11,0.506136333672,0.493863666329,1,1,0.403444555664,0.394769092233,0.102691778008,0.0990945740954,0.798213647897,0.201786352103,-3.43097319907,3.2521898373,22.3483158306,0,0,0.005,0,0,20.4,40.8012037436,0,0,0,0,0,0,0,0,0,0
4.115,0.506047470295,0.493952529705,1,1,0.401483667892,0.392978218108,0.104563802403,0.100974311597,0.794461886,0.205538114,-3.40617977041,3.24486362363,22.1312005643,0,0,0.005,0,0,20.4,40.8012037436,0,0,0,0,0,0,0,0,0,0
4.12,0.505955310219,0.494044689782,1,1,0.399539958485,0.391204341112,0.106415351734,0.102840348669,0.790744299597,0.209255700404,-3.38130179807,3.2375130798,21.9146927915,0,0,0.005,0,0,20.4,40.8012037436,0,0,0,0,0,0,0,0,0,0
4.125,0.505859823019,0.494140176982,1,1,0.397612913664,0.389446953647,0.108246909354,0.104693223335,0.787059867311,0.212940132689,-3.35633990508,3.23013839675,21.6988116206,0,0,0.005,0,0,20.4,40.8012037436,0,0,0,0,0,0,0,0,0,0
4.13,0.50576098019,0.49423901981,1,1,0.395701634712,0.387705204893,0.110059345478,0.106533814917,0.783406839606,0.216593160395,-3.33129471658,3.22273976608,21.4835760886,0,0,0.005,0,0,20.4,40.8012037436,0,0,0,0,0,0,0,0,0,0
4.135,0.505658755186,0.494341244814,1,1,0.39380488348,0.385977941349,0.111853871706,0.108363303465,0.77978282483,0.220217175171,-3.3061668598,3.21531738003,21.2690051591,0,0,0.005,0,0,20.4,40.8012037436,0,0,0,0,0,0,0,0,0,0
4.14,0.505553123456,0.494446876545,1,1,0.391921134035,0.384263752617,0.113631989421,0.110183123928,0.776184886651,0.223815113349,-3.28095696405,3.20787143148,21.0551177208,0,0,0.005,0,0,20.4,40.8012037436,0,0,0,0,0,0,0,0,0,0
4.145,0.50544406248,0.49455593752,1,1,0.390048629012,0.382561021247,0.115395433468,0.111994916273,0.77260965026,0.227390349741,-3.25566566071,3.20040211395,20.8419325853,0,0,0.005,0,0,20.4,40.8012037436,0,0,0,0,0,0,0,0,0,0
4.15,0.505331551811,0.49466844819,1,1,0.388185439189,0.380867975378,0.117146112622,0.113800472812,0.769053414566,0.230946585434,-3.23029358321,3.19290962161,20.6294684855,0,0,0.005,0,0,20.4,40.8012037436,0,0,0,0,0,0,0,0,0,0
4.155,0.505215573109,0.494784426892,1,1,0.386329524715,0.379182742865,0.118886048394,0.115601684027,0.765512267579,0.234487732421,-3.20484136701,3.18539414922,20.4177440736,0,0,0.005,0,0,20.4,40.8012037436,0,0,0,0,0,0,0,0,0,0
4.16,0.505096110179,0.494903889822,1,1,0.384478796484,0.377503405638,0.120617313695,0.117400484184,0.761982202122,0.238017797878,-3.17930964958,3.17785589221,20.2067779196,0,0,0.005,0,0,20.4,40.8012037436,0,0,0,0,0,0,0,0,0,0
4.165,0.504973149007,0.495026850993,1,1,0.382631176148,0.37582805301,0.122341972859,0.119198797983,0.758459229158,0.241540770842,-3.1536990704,3.1702950466,19.9965885091,0,0,0.005,0,0,20.4,40.8012037436,0,0,0,0,0,0,0,0,0,0
4.17,0.5048466778,0.4951533222,1,1,0.380784653368,0.37415483275,0.124062024432,0.12099848945,0.754939486118,0.245060513882,-3.12801027094,3.16271180903,19.7871942421,0,0,0.005,0,0,20.4,40.8012037436,0,0,0,0,0,0,0,0,0,0
4.175,0.504716687017,0.495283312983,1,1,0.378937339016,0.37248199883,0.125779348001,0.122801314153,0.751419337847,0.248580662154,-3.10224389463,3.15510637678,19.5786134305,0,0,0.005,0,0,20.4,40.8012037436,0,0,0,0,0,0,0,0,0,0
4.18,0.504583169406,0.495416830594,1,1,0.377087513206,0.370807954843,0.1274956562,0.124608875752,0.747895468049,0.252104531951,-3.07640058684,3.14747894771,19.370864297,0,0,0.005,0,0,20.4,40.8012037436,0,0,0,0,0,0,0,0,0,0
4.185,0.504446120039,0.495553879961,1,1,0.375233667188,0.369131292245,0.129212452851,0.126422587716,0.744364959433,0.255635040567,-3.05048099491,3.1398297203,19.1639649728,0,0,0.005,0,0,20.4,40.8012037436,0,0,0,0,0,0,0,0,0,0
4.19,0.504305536345,0.495694463655,1,1,0.373374538357,0.367450822724,0.130930997988,0.128243640931,0.740825361081,0.259174638919,-3.02448576806,3.13215889364,18.9579334962,0,0,0.005,0,0,20.4,40.8012037436,0,0,0,0,0,0,0,0,0,0
4.195,0.504161418141,0.495838581859,1,1,0.371509137835,0.365765604142,0.132652280307,0.130072977717,0.737274741977,0.262725258023,-2.99841555745,3.12446666739,18.7527878108,0,0,0.005,0,0,20.4,40.8012037436,0,0,0,0,0,0,0,0,0,0
4.2,0.504013767662,0.495986232338,1,1,0.369636770292,0.364074959692,0.134376997371,0.131911272646,0.733711729984,0.266288270017,-2.97227101611,3.11675324183,18.5485457637,0,0,0.005,0,0,20.4,40.8012037436,0,0,0,0,0,0,0,0,0,0
4.205,0.50386258959,0.49613741041,1,1,0.367757045911,0.362378490068,0.13610554368,0.133758920342,0.730135535979,0.269864464021,-2.94605279893,3.10901881783,18.3452251037,0,0,0.005,0,0,20.4,40.8012037436,0,0,0,0,0,0,0,0,0,0
4.21,0.503707891081,0.49629210892,1,1,0.365869884586,0.360676078642,0.137838006494,0.135616030278,0.726545963228,0.273454036772,-2.91976156268,3.10126359682,18.1428434799,0,0,0.005,0,0,20.4,40.8012037436,0,0,0,0,0,0,0,0,0,0
4.215,0.503549681785,0.496450318215,1,1,0.363975512668,0.358967889775,0.139574169117,0.13748242844,0.722943402443,0.277056597557,-2.89339796595,3.09348778086,17.9414184397,0,0,0.005,0,0,20.4,40.8012037436,0,0,0,0,0,0,0,0,0,0
4.22,0.503387973876,0.496612026125,1,1,0.362074452727,0.357254360597,0.141313521149,0.139357665528,0.719328813324,0.280671186676,-2.86696266916,3.08569157253,17.7409674271,0,0,0.005,0,0,20.4,40.8012037436,0,0,0,0,0,0,0,0,0,0
4.225,0.503222782061,0.496777217939,1,1,0.360167506976,0.355536186706,0.143055275086,0.141241031233,0.715703693682,0.284296306319,-2.84045633451,3.07787517504,17.5415077814,0,0,0.005,0,0,20.4,40.8012037436,0,0,0,0,0,0,0,0,0,0
4.23,0.503054123605,0.496945876395,1,1,0.358255735115,0.35381430238,0.14479838849,0.143131574016,0.712070037494,0.287929962506,-2.81387962603,3.07003879213,17.343056735,0,0,0.005,0,0,20.4,40.8012037436,0,0,0,0,0,0,0,0,0,0
4.235,0.502882018338,0.497117981663,1,1,0.356340427466,0.352089856019,0.146541590872,0.145028125643,0.708430283485,0.291569716515,-2.78723320949,3.06218262814,17.1456314122,0,0,0.005,0,0,20.4,40.8012037436,0,0,0,0,0,0,0,0,0,0
4.24,0.502706488668,0.497293511332,1,1,0.354423074321,0.35036418163,0.148283414347,0.146929329702,0.704787255951,0.295212744049,-2.76051775243,3.05430688794,16.9492488272,0,0,0.005,0,0,20.4,40.8012037436,0,0,0,0,0,0,0,0,0,0
4.245,0.50252755959,0.49747244041,1,1,0.352505332476,0.348638767221,0.150022227114,0.148833673189,0.701144099698,0.298855900303,-2.7337339241,3.04641177699,16.7539258828,0,0,0.005,0,0,20.4,40.8012037436,0,0,0,0,0,0,0,0,0,0
4.25,0.502345258687,0.497654741314,1,1,0.35058898992,0.346915221057,0.151756268766,0.150739520257,0.697504210978,0.302495789023,-2.70688239551,3.03849750129,16.5596793685,0,0,0.005,0,0,20.4,40.8012037436,0,0,0,0,0,0,0,0,0,0
4.255,0.502159616131,0.49784038387,1,1,0.348675929623,0.345195236722,0.153483686507,0.152645147148,0.693871166345,0.306128833655,-2.67996383934,3.0305642674,16.366525959,0,0,0.005,0,0,20.4,40.8012037436,0,0,0,0,0,0,0,0,0,0
4.26,0.501970664683,0.498029335317,1,1,0.346768093321,0.343480557954,0.155202571362,0.154548777363,0.690248651275,0.309751348725,-2.65297892997,3.02261228242,16.1744822127,0,0,0.005,0,0,20.4,40.8012037436,0,0,0,0,0,0,0,0,0,0
4.265,0.50177843969,0.49822156031,1,1,0.344867446115,0.341772944191,0.156910993575,0.15644861612,0.686640390306,0.313359609694,-2.62592834345,3.01464175399,15.9835645698,0,0,0.005,0,0,20.4,40.8012037436,0,0,0,0,0,0,0,0,0,0
4.27,0.501582979071,0.49841702093,1,1,0.342975942618,0.340074137705,0.158607036452,0.158342883225,0.683050080323,0.316949919677,-2.59881275748,3.00665289032,15.7937893513,0,0,0.005,0,0,20.4,40.8012037436,0,0,0,0,0,0,0,0,0,0
4.275,0.501384323312,0.498615676688,1,1,0.341095495264,0.338385833166,0.160288828048,0.160229843523,0.67948132843,0.320518671571,-2.5716328514,2.99864590012,15.6051727567,0,0,0.005,0,0,20.4,40.8012037436,0,0,0,0,0,0,0,0,0,0
4.28,0.501182515453,0.498817484547,1,1,0.339227945293,0.336709650344,0.16195457016,0.162107834203,0.675937595637,0.324062404364,-2.54438930614,2.99062099266,15.417730863,0,0,0.005,0,0,20.4,40.8012037436,0,0,0,0,0,0,0,0,0,0
4.285,0.500977601073,0.499022398928,1,1,0.337375036806,0.33504711058,0.163602564267,0.163975288348,0.672422147386,0.327577852615,-2.51708280428,2.98257837773,15.2314796229,0,0,0.005,0,0,20.4,40.8012037436,0,0,0,0,0,0,0,0,0,0
4.29,0.500769628271,0.49923037173,1,1,0.335538394156,0.333399617519,0.165231234115,0.165830754211,0.668938011675,0.331061988326,-2.48971402993,2.97451826564,15.0464348635,0,0,0.005,0,0,20.4,40.8012037436,0,0,0,0,0,0,0,0,0,0
4.295,0.500558647654,0.499441352346,1,1,0.333719502848,0.331768442462,0.166839144807,0.167672909884,0.66548794531,0.334512054691,-2.4622836688,2.96644086724,14.8626122845,0,0,0.005,0,0,20.4,40.8012037436,0,0,0,0,0,0,0,0,0,0
4.3,0.500344712318,0.499655287683,1,1,0.331919694013,0.330154714544,0.168425018305,0.169500573139,0.662074408557,0.337925591444,-2.43479240813,2.95834639388,14.6800274569,0,0,0.005,0,0,20.4,40.8012037436,0,0,0,0,0,0,0,0,0,0
4.305,0.500127877824,0.499872122176,1,1,0.330140132435,0.328559415798,0.169987745389,0.171312706378,0.658699548233,0.341300451768,-2.40724093671,2.95023505744,14.4986958215,0,0,0.005,0,0,20.4,40.8012037436,0,0,0,0,0,0,0,0,0,0
4.31,0.499908202191,0.50009179781,1,1,0.328381808043,0.326983381006,0.171526394148,0.173108416803,0.655365189049,0.344634810951,-2.37962994481,2.9421070703,14.3186326873,0,0,0.005,0,0,20.4,40.8012037436,0,0,0,0,0,0,0,0,0,0
4.315,0.499685745867,0.500314254133,1,1,0.326645530722,0.325427302092,0.173040215145,0.174886952041,0.652072832814,0.347927167186,-2.35196012422,2.93396264535,14.1398532302,0,0,0.005,0,0,20.4,40.8012037436,0,0,0,0,0,0,0,0,0,0
4.32,0.499460571723,0.500539428277,1,1,0.324931928278,0.323891736646,0.174528643445,0.176647691631,0.648823664924,0.351176335076,-2.32423216821,2.92580199599,13.9623724914,0,0,0.005,0,0,20.4,40.8012037436,0,0,0,0,0,0,0,0,0,0
4.325,0.499232745036,0.500767254965,1,1,0.323241447342,0.322377120077,0.175991297694,0.178390134887,0.645618567419,0.354381432581,-2.29644677148,2.91762533611,13.7862053762,0,0,0.005,0,0,20.4,40.8012037436,0,0,0,0,0,0,0,0,0,0
4.33,0.499002333475,0.500997666525,1,1,0.32157435703,0.320883780728,0.177427976445,0.180113885797,0.642458137758,0.357541862242,-2.26860463022,2.90943288012,13.6113666522,0,0,0.005,0,0,20.4,40.8012037436,0,0,0,0,0,0,0,0,0,0
4.335,0.498769407101,0.501230592899,1,1,0.319930755168,0.319411957213,0.178838651933,0.181818635686,0.639342712381,0.36065728762,-2.240706442,2.90122484288,13.4378709482,0,0,0.005,0,0,20.4,40.8012037436,0,0,0,0,0,0,0,0,0,0
4.34,0.498534038356,0.501465961644,1,1,0.318310576901,0.317961817163,0.180223461456,0.183504144481,0.636272394064,0.363727605937,-2.21275290581,2.89300143979,13.2657327528,0,0,0.005,0,0,20.4,40.8012037436,0,0,0,0,0,0,0,0,0,0
4.345,0.49829630207,0.501703697931,1,1,0.316713605557,0.316533476495,0.181582696512,0.185170221435,0.633247082053,0.366752917948,-2.18474472204,2.88476288671,13.094966413,0,0,0.005,0,0,20.4,40.8012037436,0,0,0,0,0,0,0,0,0,0
4.35,0.498056275461,0.50194372454,1,1,0.315139485644,0.315127018326,0.182916789816,0.186816706214,0.63026650397,0.36973349603,-2.15668259243,2.87650939996,12.9255861326,0,0,0.005,0,0,20.4,40.8012037436,0,0,0,0,0,0,0,0,0,0
4.355,0.497814038152,0.502185961848,1,1,0.313587737881,0.313742510628,0.184226300271,0.18844345122,0.62733024851,0.372669751491,-2.12856722009,2.86824119639,12.7576059711,0,0,0.005,0,0,20.4,40.8012037436,0,0,0,0,0,0,0,0,0,0
4.36,0.497569672188,0.502430327812,1,1,0.312057776206,0.312380021799,0.185511895982,0.190050306013,0.624437798005,0.375562201995,-2.10039930946,2.85995849328,12.5910398425,0,0,0.005,0,0,20.4,40.8012037436,0,0,0,0,0,0,0,0,0,0
4.365,0.497323262057,0.502676737944,1,1,0.31054892669,0.311039633349,0.186774335367,0.191637104595,0.621588560039,0.378411439962,-2.07217956629,2.85166150841,12.4259015135,0,0,0.005,0,0,20.4,40.8012037436,0,0,0,0,0,0,0,0,0,0
4.37,0.497074894723,0.502925105277,1,1,0.30906044829,0.309721449045,0.188014446433,0.193203656232,0.618781897336,0.381218102665,-2.04390869763,2.84335046,12.2622046026,0,0,0.005,0,0,20.4,40.8012037436,0,0,0,0,0,0,0,0,0,0
4.375,0.496824659666,0.503175340334,1,1,0.307591555369,0.308425599952,0.189233104298,0.194749740382,0.61601715532,0.38398284468,-2.01558741182,2.83502556676,12.0999625789,0,0,0.005,0,0,20.4,40.8012037436,0,0,0,0,0,0,0,0,0,0
4.38,0.496572648926,0.503427351075,1,1,0.306141441842,0.307152244973,0.190431207084,0.196275106102,0.613293686815,0.386706313186,-1.98721641844,2.82668704785,11.9391887602,0,0,0.005,0,0,20.4,40.8012037436,0,0,0,0,0,0,0,0,0,0
4.385,0.496318957154,0.503681042847,1,1,0.304709306808,0.305901566677,0.191609650346,0.19777947617,0.610610873485,0.389389126516,-1.95879642834,2.81833512289,11.7798963126,0,0,0.005,0,0,20.4,40.8012037436,0,0,0,0,0,0,0,0,0,0
4.39,0.496063681674,0.503936318326,1,1,0.3032943814,0.304673762366,0.192769300275,0.19926255596,0.607968143766,0.392031856235,-1.93032815357,2.80997001194,11.6220982485,0,0,0.005,0,0,20.4,40.8012037436,0,0,0,0,0,0,0,0,0,0
4.395,0.495806922553,0.504193077447,1,1,0.301895956554,0.303469030561,0.193910965999,0.200724046886,0.605364987115,0.394635012885,-1.90181230742,2.80159193552,11.4658074258,0,0,0.005,0,0,20.4,40.8012037436,0,0,0,0,0,0,0,0,0,0
4.4,0.495548782669,0.504451217332,1,1,0.300513411277,0.30228755327,0.195035371392,0.202163664062,0.602800964547,0.397199035454,-1.87324960433,2.7932011146,11.3110365467,0,0,0.005,0,0,20.4,40.8012037436,0,0,0,0,0,0,0,0,0,0
4.405,0.495289367795,0.504710632205,1,1,0.299146240902,0.301129474616,0.196143126893,0.203581157589,0.600275715518,0.399724284483,-1.84464075993,2.78479777059,11.1577981563,0,0,0.005,0,0,20.4,40.8012037436,0,0,0,0,0,0,0,0,0,0
4.41,0.495028786684,0.504971213316,1,1,0.297794084721,0.299994876597,0.197234701964,0.204976336719,0.597788961317,0.402211038683,-1.81598649101,2.77638212534,11.0061046414,0,0,0.005,0,0,20.4,40.8012037436,0,0,0,0,0,0,0,0,0,0
4.415,0.49476715116,0.50523284884,1,1,0.296456752288,0.298883752901,0.198310398872,0.206349095939,0.595340505189,0.404659494812,-1.78728751547,2.76795440111,10.8559682296,0,0,0.005,0,0,20.4,40.8012037436,0,0,0,0,0,0,0,0,0,0
4.42,0.494504576211,0.505495423789,1,1,0.295134247597,0.297795981889,0.199370328615,0.2076994419,0.592930229485,0.407069770515,-1.75854455236,2.75951482063,10.7074009879,0,0,0.005,0,0,20.4,40.8012037436,0,0,0,0,0,0,0,0,0,0
4.425,0.494241180087,0.505758819913,1,1,0.293826790264,0.296731299938,0.200414389824,0.209027519975,0.590558090201,0.409441909799,-1.72975832179,2.75106360703,10.5604148217,0,0,0.005,0,0,20.4,40.8012037436,0,0,0,0,0,0,0,0,0,0
4.43,0.493977084398,0.506022915602,1,1,0.292534832813,0.295689276444,0.201442251585,0.210333639158,0.588224109257,0.411775890743,-1.70092954496,2.74260098388,10.4150214737,0,0,0.005,0,0,20.4,40.8012037436,0,0,0,0,0,0,0,0,0,0
4.435,0.493712414212,0.506287585788,1,1,0.291259073127,0.294669291818,0.202453341086,0.21161829397,0.585928364945,0.414071635056,-1.67205894415,2.73412717516,10.2712325226,0,0,0.005,0,0,20.4,40.8012037436,0,0,0,0,0,0,0,0,0,0
4.44,0.493447298153,0.506552701848,1,1,0.29000046114,0.293670519791,0.203446837012,0.212882182057,0.583670980931,0.416329019069,-1.64314724264,2.72564240527,10.1290593824,0,0,0.005,0,0,20.4,40.8012037436,0,0,0,0,0,0,0,0,0,0
4.445,0.493181868489,0.506818131512,1,1,0.288760198929,0.292691915306,0.20442166956,0.214126216206,0.581452114235,0.418547885766,-1.61419516478,2.71714689902,9.98851330088,0,0,0.005,0,0,20.4,40.8012037436,0,0,0,0,0,0,0,0,0,0
4.45,0.492916261225,0.507083738775,1,1,0.287539733397,0.29173220915,0.205376527828,0.215351529625,0.579271942547,0.420728057453,-1.58520343588,2.70864088165,9.84960535887,0,0,0.005,0,0,20.4,40.8012037436,0,0,0,0,0,0,0,0,0,0
4.455,0.49265061618,0.50734938382,1,1,0.286340740946,0.290789910336,0.206309875234,0.216559473484,0.577130651282,0.422869348718,-1.55617278227,2.70012457877,9.71234646913,0,0,0.005,0,0,20.4,40.8012037436,0,0,0,0,0,0,0,0,0,0
4.46,0.492385077053,0.507614922947,1,1,0.285165103632,0.28986331704,0.207219973421,0.217751605907,0.575028420672,0.424971579329,-1.52710393121,2.69159821641,9.57674737532,0,0,0.005,0,0,20.4,40.8012037436,0,0,0,0,0,0,0,0,0,0
4.465,0.492119791485,0.507880208516,1,1,0.284014876573,0.288950536636,0.208104914911,0.21892967188,0.572965413209,0.427034586791,-1.49799761094,2.68306202102,9.44281865101,0,0,0.005,0,0,20.4,40.8012037436,0,0,0,0,0,0,0,0,0,0
4.47,0.491854911096,0.508145088905,1,1,0.28289224659,0.288049515113,0.208962664506,0.220095573791,0.570941761703,0.429058238298,-1.46885455062,2.6745162194,9.31057069869,0,0,0.005,0,0,20.4,40.8012037436,0,0,0,0,0,0,0,0,0,0
4.475,0.491590591513,0.508409408487,1,1,0.281799482327,0.287158075823,0.209791109187,0.221251332664,0.56895755815,0.431042441851,-1.4396754803,2.66596103877,9.18001374884,0,0,0.005,0,0,20.4,40.8012037436,0,0,0,0,0,0,0,0,0,0
4.48,0.491326992374,0.508673007626,1,1,0.280738876426,0.286273967177,0.210588115949,0.222399040449,0.567012843603,0.432987156398,-1.41046113094,2.65739670675,9.05115785894,0,0,0.005,0,0,20.4,40.8012037436,0,0,0,0,0,0,0,0,0,0
4.485,0.491064277307,0.508935722693,1,1,0.279712680598,0.285394918565,0.211351596709,0.223540804128,0.565107599163,0.434892400838,-1.38121223438,2.6488234513,8.92401291257,0,0,0.005,0,0,20.4,40.8012037436,0,0,0,0,0,0,0,0,0,0
4.49,0.490802613889,0.509197386111,1,1,0.278723034761,0.284518703425,0.212079579128,0.224678682686,0.563241738186,0.436758261814,-1.35192952328,2.64024150081,8.79858861851,0,0,0.005,0,0,20.4,40.8012037436,0,0,0,0,0,0,0,0,0,0
4.495,0.490542173573,0.509457826427,1,1,0.277771891701,0.28364320805,0.212770281873,0.225814618377,0.561415099751,0.438584900249,-1.32261373117,2.631651084,8.67489450981,0,0,0.005,0,0,20.4,40.8012037436,0,0,0,0,0,0,0,0,0,0
4.5,0.490283131588,0.509716868412,1,1,0.276860938996,0.282766504407,0.213422192593,0.226950364006,0.559627443402,0.440372556598,-1.29326559237,2.62305243,8.55293994295,0,0,0.005,0,0,20.4,40.8012037436,0,0,0,0,0,0,0,0,0,0
4.505,0.490025666802,0.509974333198,1,1,0.275991520175,0.28188692497,0.214034146627,0.228087408229,0.557878445145,0.442121554856,-1.26388584201,2.61444576829,8.43273409697,0,0,0.005,0,0,20.4,40.8012037436,0,0,0,0,0,0,0,0,0,0
4.51,0.489769961554,0.510230038447,1,1,0.275164557292,0.28100313735,0.214605404262,0.229226901097,0.556167694642,0.443832305358,-1.23447521599,2.60583132872,8.31428597262,0,0,0.005,0,0,20.4,40.8012037436,0,0,0,0,0,0,0,0,0,0
4.515,0.489516201446,0.510483798554,1,1,0.274380477225,0.280114216304,0.215135724222,0.230369582251,0.554494693528,0.445505306472,-1.20503445097,2.59720934149,8.19760439155,0,0,0.005,0,0,20.4,40.8012037436,0,0,0,0,0,0,0,0,0,0
4.52,0.489264575101,0.5107354249,1,1,0.273639144109,0.279219710628,0.215625430992,0.231515714272,0.552858854736,0.447141145264,-1.17556428434,2.58858003718,8.08269799552,0,0,0.005,0,0,20.4,40.8012037436,0,0,0,0,0,0,0,0,0,0
4.525,0.489015273871,0.510984726129,1,1,0.272939800309,0.278319702398,0.216075473562,0.232665023731,0.551259502707,0.448740497293,-1.14606545424,2.57994364671,7.96957524558,0,0,0.005,0,0,20.4,40.8012037436,0,0,0,0,0,0,0,0,0,0
4.53,0.488768491516,0.511231508484,1,1,0.272281018278,0.277414856064,0.216487473239,0.23381665242,0.549695874341,0.450304125659,-1.11653869948,2.57130040134,7.85824442135,0,0,0.005,0,0,20.4,40.8012037436,0,0,0,0,0,0,0,0,0,0
4.535,0.488524423829,0.511475576171,1,1,0.271660665486,0.276506455032,0.216863758343,0.23496912114,0.548167120518,0.451832879483,-1.08698475956,2.56265053269,7.74871362021,0,0,0.005,0,0,20.4,40.8012037436,0,0,0,0,0,0,0,0,0,0
4.54,0.488283268225,0.511716731775,1,1,0.271075884424,0.275596423594,0.217207383801,0.236120308182,0.546672308017,0.453327691983,-1.05740437464,2.55399427273,7.64099075664,0,0,0.005,0,0,20.4,40.8012037436,0,0,0,0,0,0,0,0,0,0
4.545,0.488045223285,0.511954776715,1,1,0.270523089323,0.274687332337,0.217522133962,0.237267444379,0.54521042166,0.45478957834,-1.02779828554,2.54533185375,7.53508356147,0,0,0.005,0,0,20.4,40.8012037436,0,0,0,0,0,0,0,0,0,0
4.55,0.487810488255,0.512189511745,1,1,0.269997980921,0.27378238554,0.217812507335,0.238407126205,0.543780366461,0.45621963354,-0.998167233687,2.53666350838,7.43099958117,0,0,0.005,0,0,20.4,40.8012037436,0,0,0,0,0,0,0,0,0,0
4.555,0.487579262509,0.512420737491,1,1,0.269495580117,0.272885389505,0.218083682392,0.239535347986,0.542380969622,0.457619030379,-0.968511961117,2.52798946959,7.32874617721,0,0,0.005,0,0,20.4,40.8012037436,0,0,0,0,0,0,0,0,0,0
4.56,0.487351744965,0.512648255036,1,1,0.269010280918,0.272000701238,0.218341464047,0.240647553797,0.541010982156,0.458989017844,-0.938833210457,2.51930997067,7.2283305254,0,0,0.005,0,0,20.4,40.8012037436,0,0,0,0,0,0,0,0,0,0
4.565,0.487128133465,0.512871866535,1,1,0.2685359225,0.271133157472,0.218592210965,0.241738709063,0.539669079972,0.460330920028,-0.909131724897,2.51062524523,7.12975961522,0,0,0.005,0,0,20.4,40.8012037436,0,0,0,0,0,0,0,0,0,0
4.57,0.486908624123,0.513091375877,1,1,0.268065879691,0.270287984535,0.218842744432,0.242803391342,0.538353864226,0.461646135774,-0.879408248177,2.50193552721,7.03304024926,0,0,0.005,0,0,20.4,40.8012037436,0,0,0,0,0,0,0,0,0,0
4.575,0.486693410634,0.513306589367,1,1,0.267593170599,0.269470690205,0.219100240035,0.243835899161,0.537063860804,0.462936139196,-0.849663524565,2.49324105084,6.93817904256,0,0,0.005,0,0,20.4,40.8012037436,0,0,0,0,0,0,0,0,0,0
4.58,0.486482683557,0.513517316444,1,1,0.267110579549,0.268686939225,0.219372104008,0.244830377218,0.535797518774,0.464202481226,-0.819898298837,2.48454205069,6.84518242207,0,0,0.005,0,0,20.4,40.8012037436,0,0,0,0,0,0,0,0,0,0
4.585,0.486276629573,0.513723370427,1,1,0.266610792972,0.267942414739,0.219665836601,0.245780955688,0.534553207712,0.465446792289,-0.790113316263,2.47583876161,6.75405662605,0,0,0.005,0,0,20.4,40.8012037436,0,0,0,0,0,0,0,0,0,0
4.59,0.486075430726,0.513924569275,1,1,0.266086545392,0.267242668414,0.219988885334,0.24668190086,0.533329213806,0.466670786195,-0.76030932258,2.46713141879,6.66480770359,0,0,0.005,0,0,20.4,40.8012037436,0,0,0,0,0,0,0,0,0,0
4.595,0.48587926364,0.51412073636,1,1,0.265530772218,0.266592962487,0.220348491423,0.247527773873,0.532123734705,0.467876265295,-0.73048706398,2.45842025768,6.57744151401,0,0,0.005,0,0,20.4,40.8012037436,0,0,0,0,0,0,0,0,0,0
4.6,0.485688298741,0.514311701259,1,1,0.264936765728,0.265998107366,0.220751533013,0.248313593894,0.530934873093,0.469065126907,-0.700647287087,2.44970551404,6.49196372641,0,0,0.005,0,0,20.4,40.8012037436,0,0,0,0,0,0,0,0,0,0
4.605,0.485502699464,0.514497300537,1,1,0.264298330321,0.265462298714,0.221204369143,0.249035001823,0.529760629035,0.470239370966,-0.670790738939,2.44098742392,6.40837981918,0,0,0.005,0,0,20.4,40.8012037436,0,0,0,0,0,0,0,0,0,0
4.61,0.485322621471,0.514677378529,1,1,0.263609932993,0.264988958174,0.221712688478,0.249688420355,0.528598891166,0.471401108834,-0.640918166968,2.43226622366,6.32669507949,0,0,0.005,0,0,20.4,40.8012037436,0,0,0,0,0,0,0,0,0,0
4.615,0.485148211886,0.514851788114,1,1,0.262866844911,0.264580581963,0.222281366975,0.250271206152,0.527447426874,0.472552573126,-0.611030318981,2.42354214987,6.2469146029,0,0,0.005,0,0,20.4,40.8012037436,0,0,0,0,0,0,0,0,0,0
4.62,0.484979608536,0.515020391465,1,1,0.262065270042,0.264238601581,0.222914338493,0.250781789883,0.526303871624,0.473696128377,-0.581127943143,2.41481543944,6.16904329288,0,0,0.005,0,0,20.4,40.8012037436,0,0,0,0,0,0,0,0,0,0
4.625,0.484816939233,0.515183060767,1,1,0.261202456955,0.26396326072,0.223614482278,0.251219800047,0.525165717676,0.474834282325,-0.551211787954,2.40608632955,6.09308586045,0,0,0.005,0,0,20.4,40.8012037436,0,0,0,0,0,0,0,0,0,0
4.63,0.484660321087,0.515339678913,1,1,0.260276790224,0.26375351222,0.224383530863,0.251586166693,0.524030302444,0.475969697556,-0.521282602235,2.39735505763,6.01904682375,0,0,0.005,0,0,20.4,40.8012037436,0,0,0,0,0,0,0,0,0,0
4.635,0.484509859862,0.515490140139,1,1,0.259287858265,0.263606938549,0.225222001596,0.251883201589,0.522894796815,0.477105203186,-0.491341135103,2.38862186137,5.94693050768,0,0,0.005,0,0,20.4,40.8012037436,0,0,0,0,0,0,0,0,0,0
4.64,0.484365649384,0.515634350616,1,1,0.25823649494,0.263519698803,0.226129154444,0.252114651813,0.521756193744,0.478243806257,-0.461388135955,2.37988697874,5.87674104357,0,0,0.005,0,0,20.4,40.8012037436,0,0,0,0,0,0,0,0,0,0
4.645,0.484227771018,0.515772228982,1,1,0.257124792866,0.263486504648,0.227102978152,0.252285724334,0.520611297514,0.479388702487,-0.431424354452,2.37115064794,5.80848236882,0,0,0.005,0,0,20.4,40.8012037436,0,0,0,0,0,0,0,0,0,0
4.65,0.484096293203,0.515903706797,1,1,0.255956087046,0.263500626966,0.228140206157,0.252403079832,0.519456714012,0.480543285989,-0.401450540493,2.36241310743,5.74215822661,0,0,0.005,0,0,20.4,40.8012037436,0,0,0,0,0,0,0,0,0,0
4.655,0.48397127107,0.51602872893,1,1,0.25473490816,0.26355393425,0.22923636291,0.25247479468,0.51828884241,0.48171115759,-0.371467444201,2.35367459592,5.67777216558,0,0,0.005,0,0,20.4,40.8012037436,0,0,0,0,0,0,0,0,0,0
4.66,0.483852746149,0.516147253852,1,1,0.253466905632,0.263636962991,0.230385840517,0.25251029086,0.517103868623,0.482896131377,-0.341475815904,2.34493535236,5.61532753958,0,0,0.005,0,0,20.4,40.8012037436,0,0,0,0,0,0,0,0,0,0
4.665,0.483740746156,0.516259253844,1,1,0.252158741368,0.263739019527,0.231582004788,0.252520234317,0.515897760895,0.484102239105,-0.311476406112,2.33619561592,5.55482750741,0,0,0.005,0,0,20.4,40.8012037436,0,0,0,0,0,0,0,0,0,0
4.67,0.483635284893,0.516364715108,1,1,0.25081795585,0.26384831198,0.232817329042,0.252516403127,0.514666267831,0.48533373217,-0.281469965503,2.32745562602,5.49627503258,0,0,0.005,0,0,20.4,40.8012037436,0,0,0,0,0,0,0,0,0,0
4.675,0.483536362238,0.516463637762,1,1,0.249452809016,0.263952110142,0.234083553222,0.252511527621,0.513404919158,0.486595080842,-0.251457244901,2.3187156223,5.4396728831,0,0,0.005,0,0,20.4,40.8012037436,0,0,0,0,0,0,0,0,0,0
4.68,0.483443964256,0.516556035744,1,1,0.248072099054,0.264036930385,0.235371865202,0.25251910536,0.512109029439,0.487890970562,-0.221438995256,2.3099758446,5.38502363128,0,0,0.005,0,0,20.4,40.8012037436,0,0,0,0,0,0,0,0,0,0
4.685,0.483358063413,0.516641936587,1,1,0.246684962891,0.264088742002,0.236673100523,0.252553194584,0.510773704893,0.489226295107,-0.191415967629,2.30123653301,5.33232965353,0,0,0.005,0,0,20.4,40.8012037436,0,0,0,0,0,0,0,0,0,0
4.69,0.483278618916,0.516721381085,1,1,0.245300662683,0.264093190744,0.237977956232,0.252628190341,0.509393853427,0.490606146573,-0.161388913171,2.2924979278,5.28159313027,0,0,0.005,0,0,20.4,40.8012037436,0,0,0,0,0,0,0,0,0,0
4.695,0.483205577158,0.516794422843,1,1,0.243928363059,0.264035834813,0.239277214099,0.25275858803,0.507964197872,0.492035802128,-0.131358583102,2.28376026946,5.23281604572,0,0,0.005,0,0,20.4,40.8012037436,0,0,0,0,0,0,0,0,0,0
4.7,0.483138872296,0.516861127704,1,1,0.242576904187,0.263902388192,0.240561968109,0.252958739513,0.506479292379,0.493520707622,-0.101325728696,2.27502379867,5.18600018782,0,0,0.005,0,0,20.4,40.8012037436,0,0,0,0,0,0,0,0,0,0
4.705,0.483078426937,0.516921573063,1,1,0.24125457594,0.263678965869,0.241823850998,0.253242607194,0.504933541809,0.495066458191,-0.0712911012577,2.26628875632,5.14114714813,0,0,0.005,0,0,20.4,40.8012037436,0,0,0,0,0,0,0,0,0,0
4.71,0.483024152942,0.516975847058,1,1,0.239968898464,0.263352325441,0.243055254478,0.253623521618,0.503321223905,0.496678776096,-0.0412554521096,2.25755538346,5.09825832171,0,0,0.005,0,0,20.4,40.8012037436,0,0,0,0,0,0,0,0,0,0
4.715,0.482975952342,0.517024047659,1,1,0.23872641441,0.262910099523,0.244249537932,0.254113948136,0.501636513933,0.498363486067,-0.0112195325675,2.24882392135,5.05733490714,0,0,0.005,0,0,20.4,40.8012037436,0,0,0,0,0,0,0,0,0,0
4.72,0.482933718362,0.517066281638,1,1,0.237532497833,0.262341013613,0.24540122053,0.254725268026,0.499873511445,0.500126488555,0.0188159060753,2.24009461141,5.01837790641,0,0,0.005,0,0,20.4,40.8012037436,0,0,0,0,0,0,0,0,0,0
4.725,0.482897336548,0.517102663453,1,1,0.236391184448,0.261635084279,0.2465061521,0.255467579174,0.498026268727,0.501973731274,0.0488501125675,2.23136769525,4.98138812492,0,0,0.005,0,0,20.4,40.8012037436,0,0,0,0,0,0,0,0,0,0
4.73,0.48286668598,0.51713331402,1,1,0.235305027445,0.260783793036,0.247561658535,0.256349520984,0.496088820481,0.503911179519,0.0788823357188,2.22264341463,4.9463661715,0,0,0.005,0,0,20.4,40.8012037436,0,0,0,0,0,0,0,0,0,0
4.735,0.482841640576,0.517158359424,1,1,0.234274982491,0.259780231768,0.248566658085,0.257378127656,0.494055214259,0.505944785741,0.108911824418,2.21392201148,4.9133124584,0,0,0.005,0,0,20.4,40.8012037436,0,0,0,0,0,0,0,0,0,0
4.74,0.482822070464,0.517177929536,1,1,0.233300324867,0.258619216261,0.249521745597,0.258558713274,0.491919541129,0.508080458871,0.138937827653,2.20520372786,4.88222720134,0,0,0.005,0,0,20.4,40.8012037436,0,0,0,0,0,0,0,0,0,0
4.745,0.482807843416,0.517192156584,1,1,0.232378600965,0.257297365142,0.250429242452,0.259894791442,0.489675966107,0.510324033893,0.168959594527,2.19648880603,4.85311041958,0,0,0.005,0,0,20.4,40.8012037436,0,0,0,0,0,0,0,0,0,0
4.75,0.482798826328,0.517201173673,1,1,0.231505615523,0.255813142347,0.251293210804,0.261388031326,0.48731875787,0.51268124213,0.198976374281,2.18777748833,4.82596193598,0,0,0.005,0,0,20.4,40.8012037436,0,0,0,0,0,0,0,0,0,0
4.755,0.48279488673,0.517205113271,1,1,0.230675455195,0.254166862136,0.252119431535,0.263038251135,0.484842317331,0.51515768267,0.228987416308,2.1790700173,4.80078137711,0,0,0.005,0,0,20.4,40.8012037436,0,0,0,0,0,0,0,0,0,0
4.76,0.482795894319,0.517204105681,1,1,0.229880548143,0.252360656557,0.252915346176,0.264843449124,0.4822412047,0.517758795301,0.258991970176,2.17036663555,4.77756817334,0,0,0.005,0,0,20.4,40.8012037436,0,0,0,0,0,0,0,0,0,0
4.765,0.482801722484,0.517198277516,1,1,0.229111758563,0.250398406183,0.253689963921,0.266799871333,0.479510164746,0.520489835254,0.288989285644,2.16166758588,4.75632155904,0,0,0.005,0,0,20.4,40.8012037436,0,0,0,0,0,0,0,0,0,0
4.77,0.482812249814,0.517187750186,1,1,0.228358514197,0.248285635833,0.254453735617,0.268902114353,0.47664415003,0.52335584997,0.318978612682,2.15297311115,4.73704057266,0,0,0.005,0,0,20.4,40.8012037436,0,0,0,0,0,0,0,0,0,0
4.775,0.482827361573,0.517172638428,1,1,0.227608964174,0.24602937782,0.255218397399,0.271143260608,0.473638341993,0.526361658007,0.348959201487,2.14428345436,4.71972405696,0,0,0.005,0,0,20.4,40.8012037436,0,0,0,0,0,0,0,0,0,0
4.78,0.482846951113,0.517153048887,1,1,0.226850163821,0.243638006053,0.255996787293,0.273515042834,0.470488169874,0.529511830127,0.378930302506,2.13559885864,4.70437065917,0,0,0.005,0,0,20.4,40.8012037436,0,0,0,0,0,0,0,0,0,0
4.785,0.482870921222,0.517129078778,1,1,0.226068282511,0.241121045015,0.256802638711,0.276008033763,0.467189327526,0.532810672474,0.408891166451,2.12691956718,4.69097883124,0,0,0.005,0,0,20.4,40.8012037436,0,0,0,0,0,0,0,0,0,0
4.79,0.482899185369,0.517100814632,1,1,0.225248830123,0.238488958184,0.257650355246,0.278611856448,0.463737788307,0.536262211694,0.438841044319,2.11824582329,4.67954683006,0,0,0.005,0,0,20.4,40.8012037436,0,0,0,0,0,0,0,0,0,0
4.795,0.482931668842,0.517068331158,1,1,0.224376897305,0.235752920981,0.258554771537,0.281315410177,0.460129818286,0.539870181714,0.468779187412,2.10957787037,4.67007271769,0,0,0.005,0,0,20.4,40.8012037436,0,0,0,0,0,0,0,0,0,0
4.8,0.482968309756,0.517031690245,1,1,0.223437404519,0.232924583611,0.259530905237,0.284107106634,0.456361988129,0.543638011871,0.498704847353,2.10091595189,4.66255436168,0,0,0.005,0,0,20.4,40.8012037436,0,0,0,0,0,0,0,0,0,0
4.805,0.48300905991,0.516990940091,1,1,0.222415354677,0.230015829363,0.260593705232,0.286975110727,0.452431184041,0.54756881596,0.528617276105,2.09226031142,4.65698943532,0,0,0.005,0,0,20.4,40.8012037436,0,0,0,0,0,0,0,0,0,0
4.81,0.483053885482,0.516946114519,1,1,0.221296084212,0.227038534018,0.261757801269,0.289907580501,0.44833461823,0.55166538177,0.558515725991,2.08361119257,4.653375418,0,0,0.005,0,0,20.4,40.8012037436,0,0,0,0,0,0,0,0,0,0
4.815,0.483102767541,0.516897232459,1,1,0.22006550753,0.224004331846,0.263037260012,0.292892900613,0.444069839376,0.555930160625,0.588399449715,2.07496883906,4.6517095955,0,0,0.005,0,0,20.4,40.8012037436,0,0,0,0,0,0,0,0,0,0
4.82,0.483155702372,0.516844297628,1,1,0.218710350046,0.220924393522,0.264445352326,0.295919904106,0.439634743568,0.560365256433,0.618267700373,2.06633349463,4.65198906035,0,0,0.005,0,0,20.4,40.8012037436,0,0,0,0,0,0,0,0,0,0
4.825,0.483212701583,0.516787298418,1,1,0.217218365357,0.217809220848,0.265994336225,0.29897807757,0.435027586205,0.564972413796,0.648119731478,2.05770540309,4.65421071225,0,0,0.005,0,0,20.4,40.8012037436,0,0,0,0,0,0,0,0,0,0
4.83,0.483273792003,0.516726207997,1,1,0.215578532521,0.214668462743,0.267695259483,0.302057745254,0.430246995264,0.569753004736,0.677954796979,2.0490848083,4.65837125837,0,0,0.005,0,0,20.4,40.8012037436,0,0,0,0,0,0,0,0,0,0
4.835,0.483339015361,0.51666098464,1,1,0.213781229975,0.211510756334,0.269557785386,0.305150228305,0.425291986309,0.574708013691,0.707772151275,2.04047195417,4.66446721386,0,0,0.005,0,0,20.4,40.8012037436,0,0,0,0,0,0,0,0,0,0
4.84,0.483408427716,0.516591572285,1,1,0.211818383196,0.208343596317,0.27159004452,0.308247975968,0.420161979512,0.579838020488,0.737571049237,2.03186708461,4.67249490221,0,0,0.005,0,0,20.4,40.8012037436,0,0,0,0,0,0,0,0,0,0
4.845,0.483482098672,0.516517901329,1,1,0.209683583848,0.205173235014,0.273798514824,0.311344666315,0.414856818862,0.585143181139,0.767350746224,2.02327044361,4.68245045572,0,0,0.005,0,0,20.4,40.8012037436,0,0,0,0,0,0,0,0,0,0
4.85,0.483560110346,0.516439889654,1,1,0.207372178839,0.202004614761,0.276187931507,0.314435274893,0.4093767936,0.5906232064,0.797110498106,2.01468227515,4.69432981601,0,0,0.005,0,0,20.4,40.8012037436,0,0,0,0,0,0,0,0,0,0
4.855,0.483642556109,0.516357443892,1,1,0.204881328393,0.198841333421,0.278761227716,0.317516110471,0.403722661814,0.596277338187,0.826849561278,2.00610282324,4.70812873442,0,0,0.005,0,0,20.4,40.8012037436,0,0,0,0,0,0,0,0,0,0
4.86,0.483729539093,0.516270460908,1,1,0.202210032922,0.195685643022,0.28151950617,0.320584817886,0.397895675945,0.602104324056,0.856567192681,1.99753233191,4.72384277259,0,0,0.005,0,0,20.4,40.8012037436,0,0,0,0,0,0,0,0,0,0
4.865,0.483821170485,0.516178829516,1,1,0.199359129152,0.192538480702,0.284462041332,0.323640348814,0.391897609854,0.608102390146,0.886262649818,1.98897104517,4.74146730298,0,0,0.005,0,0,20.4,40.8012037436,0,0,0,0,0,0,0,0,0,0
4.87,0.483917567607,0.516082432393,1,1,0.196331256563,0.189399530371,0.287586311044,0.326682902023,0.385730786933,0.614269213067,0.915935190776,1.98041920705,4.76099750937,0,0,0.005,0,0,20.4,40.8012037436,0,0,0,0,0,0,0,0,0,0
4.875,0.484018851802,0.515981148198,1,1,0.193130795797,0.186267312805,0.290888056005,0.329713835393,0.379398108602,0.620601891398,0.945584074243,1.97187706159,4.78242838747,0,0,0.005,0,0,20.4,40.8012037436,0,0,0,0,0,0,0,0,0,0
4.88,0.484125146141,0.51587485386,1,1,0.189763781198,0.183139301255,0.294361364943,0.332735552605,0.372903082453,0.627096917548,0.975208559526,1.96334485277,4.80575474549,0,0,0.005,0,0,20.4,40.8012037436,0,0,0,0,0,0,0,0,0,0
4.885,0.48423657297,0.515763427031,1,1,0.186237790064,0.180012059088,0.297998782905,0.335751367943,0.366249849152,0.633750150848,1.00480790657,1.95482282461,4.83097120471,0,0,0.005,0,0,20.4,40.8012037436,0,0,0,0,0,0,0,0,0,0
4.89,0.484353251324,0.515646748677,1,1,0.182561811595,0.176881395583,0.301791439729,0.338765353094,0.359443207177,0.640556792823,1.03438137597,1.94631122106,4.85807220017,0,0,0.005,0,0,20.4,40.8012037436,0,0,0,0,0,0,0,0,0,0
4.895,0.484475294226,0.515524705774,1,1,0.178746098753,0.173742535623,0.305729195473,0.341782170151,0.352488634376,0.647511365625,1.06392822901,1.93781028605,4.88705198122,0,0,0.005,0,0,20.4,40.8012037436,0,0,0,0,0,0,0,0,0,0
4.9,0.484602805907,0.515397194093,1,1,0.174802006489,0.170590298859,0.309800799418,0.344806895234,0.345392305348,0.654607694653,1.09344772765,1.9293202635,4.91790461226,0,0,0.005,0,0,20.4,40.8012037436,0,0,0,0,0,0,0,0,0,0
4.905,0.484735878964,0.515264121037,1,1,0.170741819851,0.167419283789,0.313994059113,0.347844837248,0.33816110364,0.66183889636,1.12293913458,1.92084139725,4.95062397337,0,0,0.005,0,0,20.4,40.8012037436,0,0,0,0,0,0,0,0,0,0
4.91,0.484874591505,0.515125408496,1,1,0.166578575552,0.164224052247,0.318296015953,0.350901356249,0.330802627799,0.669197372202,1.1524017132,1.91237393111,4.98520376099,0,0,0.005,0,0,20.4,40.8012037436,0,0,0,0,0,0,0,0,0,0
4.915,0.485019004303,0.514980995697,1,1,0.162325880482,0.160999309913,0.322693123821,0.353981685784,0.323325190395,0.676674809605,1.18183472767,1.90391810884,5.02163748869,0,0,0.005,0,0,20.4,40.8012037436,0,0,0,0,0,0,0,0,0,0
4.92,0.485169157997,0.514830842004,1,1,0.157997730547,0.157740078718,0.32717142745,0.357090763286,0.315737809265,0.684262190736,1.21123744291,1.89547417412,5.05991848784,0,0,0.005,0,0,20.4,40.8012037436,0,0,0,0,0,0,0,0,0,0
4.925,0.485325070372,0.514674929628,1,1,0.153608332997,0.15444185733,0.331716737375,0.360233072298,0.308050190327,0.691949809673,1.24060912463,1.88704237056,5.10003990839,0,0,0.005,0,0,20.4,40.8012037436,0,0,0,0,0,0,0,0,0,0
4.93,0.485486733773,0.514513266227,1,1,0.149171935167,0.151100766356,0.336314798606,0.363412499871,0.300272701524,0.699727298477,1.26994903933,1.87862294172,5.14199471964,0,0,0.005,0,0,20.4,40.8012037436,0,0,0,0,0,0,0,0,0,0
4.935,0.485654112662,0.514345887338,1,1,0.144702662243,0.147713675368,0.340951450419,0.366632211971,0.29241633761,0.70758366239,1.29925645436,1.87021613104,5.185775711,0,0,0.005,0,0,20.4,40.8012037436,0,0,0,0,0,0,0,0,0,0
4.94,0.485827141385,0.514172858615,1,1,0.14021436632,0.144278309412,0.345612775066,0.369894549203,0.284492675732,0.715507324269,1.32853063786,1.86182218191,5.23137549279,0,0,0.005,0,0,20.4,40.8012037436,0,0,0,0,0,0,0,0,0,0
4.945,0.48600572217,0.51399427783,1,1,0.135720488679,0.140793333256,0.350285233491,0.373200944575,0.276513821934,0.723486178066,1.35777085888,1.85344133759,5.27878649711,0,0,0.005,0,0,20.4,40.8012037436,0,0,0,0,0,0,0,0,0,0
4.95,0.486189723394,0.513810276606,1,1,0.131233936788,0.137258412205,0.354955786607,0.376551864401,0.268492348993,0.731507651007,1.38697638731,1.84507384125,5.32800097861,0,0,0.005,0,0,20.4,40.8012037436,0,0,0,0,0,0,0,0,0,0
4.955,0.486378978169,0.513621021832,1,1,0.126766977174,0.133674248968,0.359612000995,0.379946772863,0.260441226142,0.739558773858,1.41614649394,1.83671993594,5.37901101537,0,0,0.005,0,0,20.4,40.8012037436,0,0,0,0,0,0,0,0,0,0
4.96,0.486573283263,0.513426716737,1,1,0.122331144916,0.130042596604,0.364242138347,0.383384120133,0.25237374152,0.74762625848,1.44528045047,1.8283798646,5.43180850979,0,0,0.005,0,0,20.4,40.8012037436,0,0,0,0,0,0,0,0,0,0
4.965,0.486772398414,0.513227601586,1,1,0.117937170134,0.126366248193,0.368835228281,0.386861353393,0.244303418326,0.755696581674,1.47437752953,1.82005387004,5.48638518944,0,0,0.005,0,0,20.4,40.8012037436,0,0,0,0,0,0,0,0,0,0
4.97,0.486976046044,0.513023953957,1,1,0.113594921492,0.122649004371,0.373381124551,0.390374949586,0.236243925863,0.763756074137,1.5034370047,1.81174219494,5.54273260801,0,0,0.005,0,0,20.4,40.8012037436,0,0,0,0,0,0,0,0,0,0
4.975,0.487183911423,0.512816088578,1,1,0.109313366422,0.118895620369,0.377870545,0.393920468209,0.228208986792,0.771791013209,1.53245815051,1.80344508181,5.60084214617,0,0,0.005,0,0,20.4,40.8012037436,0,0,0,0,0,0,0,0,0,0
4.98,0.487395643308,0.512604356693,1,1,0.105100547449,0.115111734579,0.382295095859,0.397492622114,0.220212282028,0.779787717973,1.56144024248,1.79516277305,5.66070501258,0,0,0.005,0,0,20.4,40.8012037436,0,0,0,0,0,0,0,0,0,0
4.985,0.487610855073,0.512389144927,1,1,0.100963573768,0.11130378104,0.386647281306,0.401085363887,0.212267354808,0.787732645192,1.59038255713,1.78689551087,5.72231224478,0,0,0.005,0,0,20.4,40.8012037436,0,0,0,0,0,0,0,0,0,0
4.99,0.487829126369,0.512170873632,1,1,0.0969086269854,0.107478888485,0.390920499383,0.404691985147,0.20438751547,0.79561248453,1.61928437199,1.77864353731,5.78565471021,0,0,0.005,0,0,20.4,40.8012037436,0,0,0,0,0,0,0,0,0,0
4.995,0.488050005312,0.511949994688,1,1,0.0929409797527,0.103644768764,0.395109025559,0.408305225924,0.196585748517,0.803414251483,1.64814496564,1.77040709426,5.85072310716,0,0,0.005,0,0,20.4,40.8012037436,0,0,0,0,0,0,0,0,0,0
5,0.488273011249,0.511726988751,1,1,0.0890650258873,0.0998095975894,0.399207985362,0.411917391162,0.188874623477,0.811125376524,1.67696361768,1.76218642339,5.91750796581,0,0,0.005,0,0,20.4,40.8012037436,0,0,0,0,0,0,0,0,0,0
5.005,0.488497638082,0.511502361918,1,1,0.0852843204735,0.0959818905347,0.403213317609,0.415520471383,0.181266211008,0.818733788992,1.70573960881,1.7539817662,5.98599964922,0,0,0.005,0,0,20.4,40.8012037436,0,0,0,0,0,0,0,0,0,0
5.01,0.488723358183,0.511276641818,1,1,0.0816016283717,0.0921703772043,0.407121729811,0.419106264613,0.173772005576,0.826227994424,1.7344722208,1.74579336397,6.05618835439,0,0,0.005,0,0,20.4,40.8012037436,0,0,0,0,0,0,0,0,0,0
5.015,0.488949626898,0.511050373103,1,1,0.0780189795394,0.0883838763342,0.410930647358,0.422666496769,0.166402855874,0.833597144127,1.76316073651,1.73762145777,6.1280641133,0,0,0.005,0,0,20.4,40.8012037436,0,0,0,0,0,0,0,0,0,0
5.02,0.48917588765,0.51082411235,1,1,0.0745377295802,0.0846311744208,0.41463815807,0.426192937929,0.159168904001,0.840831095999,1.79180443996,1.72946628846,6.20161679397,0,0,0.005,0,0,20.4,40.8012037436,0,0,0,0,0,0,0,0,0,0
5.025,0.489401577636,0.510598422365,1,1,0.0711586239713,0.0809209102248,0.418242953664,0.42967751214,0.152079534196,0.847920465804,1.82040261627,1.72132809663,6.27683610157,0,0,0.005,0,0,20.4,40.8012037436,0,0,0,0,0,0,0,0,0,0
5.03,0.489626134109,0.510373865892,1,1,0.0678818644908,0.0772614672125,0.421744269618,0.433112398679,0.145143331703,0.854856668297,1.84895455173,1.71320712267,6.35371157951,0,0,0.005,0,0,20.4,40.8012037436,0,0,0,0,0,0,0,0,0,0
5.035,0.489849001255,0.510150998745,1,1,0.0647071764535,0.0736608756794,0.425141824802,0.436490123066,0.138368052133,0.861631947868,1.8774595338,1.70510360668,6.43223261056,0,0,0.005,0,0,20.4,40.8012037436,0,0,0,0,0,0,0,0,0,0
5.04,0.490069637635,0.509930362365,1,1,0.0616338754726,0.0701267259574,0.428435762163,0.439803636408,0.13176060143,0.86823939857,1.90591685114,1.69701778851,6.51238841796,0,0,0.005,0,0,20.4,40.8012037436,0,0,0,0,0,0,0,0,0,0
5.045,0.490287524182,0.509712475819,1,1,0.0586609325887,0.0666660937504,0.431626591593,0.443046382068,0.125327026339,0.874672973661,1.9343257936,1.68894990773,6.59416806661,0,0,0.005,0,0,20.4,40.8012037436,0,0,0,0,0,0,0,0,0,0
5.05,0.490502172734,0.509497827266,1,1,0.0557870367414,0.0632854782863,0.434715135993,0.44621234898,0.119072515028,0.880927484973,1.96268565226,1.68090020364,6.67756046421,0,0,0.005,0,0,20.4,40.8012037436,0,0,0,0,0,0,0,0,0,0
5.055,0.490713135083,0.509286864918,1,1,0.0530106537021,0.0599907536215,0.437702481381,0.449296111296,0.113001407324,0.886998592677,1.99099571946,1.67286891522,6.76255436244,0,0,0.005,0,0,20.4,40.8012037436,0,0,0,0,0,0,0,0,0,0
5.06,0.490920012489,0.509079987512,1,1,0.0503300807308,0.0567871331029,0.440589931758,0.452292854409,0.107117213834,0.892882786167,2.01925528878,1.66485628116,6.84913835816,0,0,0.005,0,0,20.4,40.8012037436,0,0,0,0,0,0,0,0,0,0
5.065,0.491122465651,0.508877534349,1,1,0.0477434963698,0.0536791466825,0.443378969282,0.455198387666,0.101422643052,0.898577356948,2.04746365507,1.6568625398,6.93730089463,0,0,0.005,0,0,20.4,40.8012037436,0,0,0,0,0,0,0,0,0,0
5.07,0.491320225073,0.508679774927,1,1,0.0452490049287,0.0506706305006,0.446071220145,0.458009144427,0.0959196354293,0.904080364571,2.07562011449,1.6488879292,7.02703026274,0,0,0.005,0,0,20.4,40.8012037436,0,0,0,0,0,0,0,0,0,0
5.075,0.491513101781,0.508486898219,1,1,0.0428446753598,0.0477647279184,0.448668426421,0.460722170301,0.0906094032783,0.909390596722,2.10372396452,1.64093268702,7.11831460223,0,0,0.005,0,0,20.4,40.8012037436,0,0,0,0,0,0,0,0,0,0
5.08,0.491700998345,0.508299001656,1,1,0.0405285743545,0.0449639009765,0.45117242399,0.463335100679,0.0854924753311,0.914507524669,2.13177450394,1.63299705062,7.21114190298,0,0,0.005,0,0,20.4,40.8012037436,0,0,0,0,0,0,0,0,0,0
5.085,0.491883920135,0.508116079865,1,1,0.0382987936193,0.0422699511034,0.453585126516,0.465846128762,0.0805687447227,0.919431255278,2.15977103291,1.62508125695,7.30550000628,0,0,0.005,0,0,20.4,40.8012037436,0,0,0,0,0,0,0,0,0,0
5.09,0.492061986748,0.507938013253,1,1,0.0361534714064,0.0396840477854,0.455908515341,0.468253965467,0.0758375191918,0.924162480809,2.18771285293,1.61718554261,7.40137660609,0,0,0.005,0,0,20.4,40.8012037436,0,0,0,0,0,0,0,0,0,0
5.095,0.492235443518,0.507764556483,1,1,0.0340908084796,0.0372067638417,0.458144635038,0.470557792641,0.0712975723213,0.928702427679,2.21559926689,1.60931014381,7.49875925039,0,0,0.005,0,0,20.4,40.8012037436,0,0,0,0,0,0,0,0,0,0
5.1,0.49240467304,0.50759532696,1,1,0.0321090787905,0.0348381159259,0.460295594249,0.472757211035,0.0669471947164,0.933052805284,2.24342957909,1.60145529633,7.59763534249,0,0,0.005,0,0,20.4,40.8012037436,0,0,0,0,0,0,0,0,0,0
5.105,0.49257020659,0.507429793411,1,1,0.0302066352219,0.0325776088855,0.462363571368,0.474852184525,0.0627842441074,0.937215755893,2.27120309524,1.59362123559,7.69799214234,0,0,0.005,0,0,20.4,40.8012037436,0,0,0,0,0,0,0,0,0,0
5.11,0.49273273535,0.507267264651,1,1,0.0283819108249,0.0304242826669,0.464350824525,0.476842981984,0.0588061934917,0.941193806509,2.29891912249,1.58580819653,7.79981676794,0,0,0.005,0,0,20.4,40.8012037436,0,0,0,0,0,0,0,0,0,0
5.115,0.49289312131,0.50710687869,1,1,0.0266334160326,0.0283767605299,0.466259705278,0.47873011816,0.0550101765625,0.944989823438,2.32657696945,1.57801641369,7.90309619666,0,0,0.005,0,0,20.4,40.8012037436,0,0,0,0,0,0,0,0,0,0
5.12,0.493052407728,0.506947592273,1,1,0.0249597323759,0.026433297448,0.468092675352,0.480514294825,0.0513930298239,0.948606970177,2.3541759462,1.57024612115,8.00781726664,0,0,0.005,0,0,20.4,40.8012037436,0,0,0,0,0,0,0,0,0,0
5.125,0.493211828984,0.506788171017,1,1,0.023359503259,0.024591827695,0.469852325725,0.482196343322,0.047951330954,0.952048669046,2.3817153643,1.56249755254,8.1139666782,0,0,0.005,0,0,20.4,40.8012037436,0,0,0,0,0,0,0,0,0,0
5.13,0.493372819701,0.5066271803,1,1,0.0218314223693,0.0228500107641,0.471541397331,0.483777169536,0.0446814331334,0.955318566867,2.40919453684,1.55477094099,8.22153099527,0,0,0.005,0,0,20.4,40.8012037436,0,0,0,0,0,0,0,0,0,0
5.135,0.493537022943,0.506462977058,1,1,0.020374220303,0.0212052749165,0.47316280264,0.485257702141,0.0415794952195,0.958420504781,2.43661277843,1.54706651919,8.33049664679,0,0,0.005,0,0,20.4,40.8012037436,0,0,0,0,0,0,0,0,0,0
5.14,0.493706297315,0.506293702686,1,1,0.0189866499823,0.0196548578119,0.474719647332,0.486638844874,0.0386415077942,0.961358492206,2.46396940523,1.5393845193,8.44084992818,0,0,0.005,0,0,20.4,40.8012037436,0,0,0,0,0,0,0,0,0,0
5.145,0.493882722771,0.50611727723,1,1,0.0176674714237,0.018195843827,0.476215251347,0.487921433403,0.0358633152507,0.96413668475,2.49126373497,1.531725173,8.55257700279,0,0,0.005,0,0,20.4,40.8012037436,0,0,0,0,0,0,0,0,0,0
5.15,0.49406860492,0.50593139508,1,1,0.0164154363918,0.0168251978145,0.477653168529,0.489106197265,0.0332406342063,0.966759365794,2.51849508697,1.52408871143,8.66566390341,0,0,0.005,0,0,20.4,40.8012037436,0,0,0,0,0,0,0,0,0,0
5.155,0.494266477611,0.50573352239,1,1,0.015229273435,0.015539795195,0.479037204176,0.490193727195,0.03076906863,0.96923093137,2.54566278214,1.51647536523,8.78009653373,0,0,0.005,0,0,20.4,40.8012037436,0,0,0,0,0,0,0,0,0,0
5.16,0.494479103552,0.505520896448,1,1,0.0141076737602,0.0143364483921,0.480371429792,0.491184448056,0.0284441221524,0.971555877848,2.57276614303,1.50888536448,8.89586066986,0,0,0.005,0,0,20.4,40.8012037436,0,0,0,0,0,0,0,0,0,0
5.165,0.494709472741,0.50529052726,1,1,0.0130492783496,0.0132119297338,0.481660194391,0.492078597526,0.0262612080834,0.973738791917,2.59980449383,1.50131893871,9.01294196188,0,0,0.005,0,0,20.4,40.8012037436,0,0,0,0,0,0,0,0,0,0
5.17,0.494960798431,0.505039201569,1,1,0.012052666668,0.0121629910269,0.482908131763,0.492876210542,0.0242156576949,0.975784342306,2.62677716039,1.49377631693,9.13132593534,0,0,0.005,0,0,20.4,40.8012037436,0,0,0,0,0,0,0,0,0,0
5.175,0.495236510388,0.504763489613,1,1,0.0111163472503,0.0111863800845,0.484120163137,0.493577109528,0.0223027273349,0.977697272666,2.65368347023,1.48625772753,9.25099799285,0,0,0.005,0,0,20.4,40.8012037436,0,0,0,0,0,0,0,0,0,0
5.18,0.495540245155,0.504459754845,1,1,0.0102387503918,0.0102788545351,0.485301494763,0.49418090031,0.020517604927,0.979482395073,2.68052275261,1.47876339837,9.37194341561,0,0,0.005,0,0,20.4,40.8012037436,0,0,0,0,0,0,0,0,0,0
5.185,0.495875833083,0.504124166918,1,1,0.00941822310179,0.00943719327285,0.486457609981,0.494686973645,0.0188554163746,0.981144583626,2.70729433846,1.47129355669,9.49414736504,0,0,0.005,0,0,20.4,40.8012037436,0,0,0,0,0,0,0,0,0,0
5.19,0.496247281825,0.503752718176,1,1,0.00865302641396,0.00865820592377,0.487594255411,0.495094512252,0.0173112323377,0.982688767663,2.73399756049,1.46384842916,9.61759488435,0,0,0.005,0,0,20.4,40.8012037436,0,0,0,0,0,0,0,0,0,0
5.195,0.496658756066,0.503341243934,1,1,0.00794133508328,0.00793874069883,0.488717420983,0.495402503235,0.0158800757821,0.984119924218,2.76063175316,1.45642824184,9.74227090016,0,0,0.005,0,0,20.4,40.8012037436,0,0,0,0,0,0,0,0,0,0
5.2,0.497114553216,0.502885446785,1,1,0.00728123963638,0.00727569098728,0.489833313579,0.495609755797,0.0145569306237,0.985443069377,2.78719625268,1.44903322017,9.86816022411,0,0,0.005,0,0,20.4,40.8012037436,0,0,0,0,0,0,0,0,0,0
5.205,0.497619074828,0.502380925173,1,1,0.00667075068517,0.00666600101582,0.490948324143,0.495714924157,0.013336751701,0.986663248299,2.81369039709,1.44166358899,9.99524755451,0,0,0.005,0,0,20.4,40.8012037436,0,0,0,0,0,0,0,0,0,0
5.21,0.498176793538,0.501823206462,1,1,0.00610780535953,0.00610667086002,0.492068988179,0.495716535602,0.0122144762195,0.987785523781,2.84011352623,1.43431957251,10.123517478,0,0,0.005,0,0,20.4,40.8012037436,0,0,0,0,0,0,0,0,0,0
5.215,0.498792215322,0.501207784678,1,1,0.0055902756679,0.00559476104935,0.493201939655,0.495613023629,0.0111850367173,0.988814963283,2.86646498178,1.42700139431,10.2529544712,0,0,0.005,0,0,20.4,40.8012037436,0,0,0,0,0,0,0,0,0,0
5.22,0.499469836915,0.500530163086,1,1,0.00511597855387,0.00512739695802,0.494353858361,0.495402766128,0.0102433755119,0.989756624489,2.89274410726,1.41970927735,10.3835429023,0,0,0.005,0,0,20.4,40.8012037436,0,0,0,0,0,0,0,0,0,0
5.225,0.50021409827,0.49978590173,1,1,0.00468268738413,0.00470177312242,0.495531410886,0.495084128608,0.00938446050655,0.990615539494,2.91895024806,1.41244344392,10.5152670329,0,0,0.005,0,0,20.4,40.8012037436,0,0,0,0,0,0,0,0,0,0
5.23,0.50102933,0.49897067,1,1,0.00428814457817,0.00431515757604,0.496741185422,0.494655512424,0.00860330215421,0.991396697846,2.94508275146,1.40520411569,10.6481110197,0,0,0.005,0,0,20.4,40.8012037436,0,0,0,0,0,0,0,0,0,0
5.235,0.501919695758,0.498080304242,1,1,0.00393007507367,0.00396489624473,0.497989620684,0.494115407998,0.00789497131839,0.992105028682,2.97114096664,1.39799151367,10.7820589159,0,0,0.005,0,0,20.4,40.8012037436,0,0,0,0,0,0,0,0,0,0
5.24,0.502889129626,0.497110870375,1,1,0.00360620031326,0.00364841740207,0.499282929313,0.493462452973,0.00725461771533,0.992745382285,2.9971242447,1.39080585822,10.9170946734,0,0,0.005,0,0,20.4,40.8012037436,0,0,0,0,0,0,0,0,0,0
5.245,0.50394126861,0.49605873139,1,1,0.00331425243867,0.00336323614762,0.500627016172,0.492695495242,0.00667748858629,0.993322511414,3.02303193866,1.38364736905,11.0532021441,0,0,0.005,0,0,20.4,40.8012037436,0,0,0,0,0,0,0,0,0,0
5.25,0.505079380449,0.494920619552,1,1,0.00305198838631,0.00310695883967,0.502027392063,0.491813660712,0.00615894722597,0.993841052774,3.04886340352,1.37651626519,11.1903650817,0,0,0.005,0,0,20.4,40.8012037436,0,0,0,0,0,0,0,0,0,0
5.255,0.506306286998,0.493693713003,1,1,0.00281720359365,0.00287728739194,0.503489083404,0.490816425611,0.0056944909856,0.994305509015,3.0746179962,1.36941276504,11.3285671436,0,0,0.005,0,0,20.4,40.8012037436,0,0,0,0,0,0,0,0,0,0
5.26,0.50762428358,0.49237571642,1,1,0.00260774504823,0.00267202332793,0.505016538532,0.489703693092,0.00527976837616,0.994720231624,3.10029507562,1.36233708631,11.4677918926,0,0,0.005,0,0,20.4,40.8012037436,0,0,0,0,0,0,0,0,0,0
5.265,0.509035054765,0.490964945235,1,1,0.00242152343837,0.00248907147923,0.506613531327,0.488475873756,0.00491059491761,0.995089405083,3.12589400268,1.35528944603,11.6080227985,0,0,0.005,0,0,20.4,40.8012037436,0,0,0,0,0,0,0,0,0,0
5.27,0.510539587155,0.489460412845,1,1,0.00225652419778,0.0023264432142,0.508283062958,0.487133969631,0.00458296741198,0.995417032588,3.15141414028,1.3482700606,11.7492432399,0,0,0.005,0,0,20.4,40.8012037436,0,0,0,0,0,0,0,0,0,0
5.275,0.512138079878,0.487861920123,1,1,0.00211081727197,0.00218225908929,0.510027262606,0.485679661033,0.00429307636126,0.995706923639,3.17685485333,1.3412791457,11.8914365058,0,0,0.005,0,0,20.4,40.8012037436,0,0,0,0,0,0,0,0,0,0
5.28,0.513829853584,0.486170146417,1,1,0.00198256547322,0.00205475082798,0.51184728811,0.484115395589,0.00403731630119,0.995962683699,3.20221550877,1.33431691636,12.0345857979,0,0,0.005,0,0,20.4,40.8012037436,0,0,0,0,0,0,0,0,0,0
5.285,0.515613258886,0.484386741114,1,1,0.00187003133053,0.00194226254868,0.513743227555,0.482444478566,0.00381229387921,0.996187706121,3.22749547553,1.32738358692,12.1786742314,0,0,0.005,0,0,20.4,40.8012037436,0,0,0,0,0,0,0,0,0,0
5.29,0.517485585281,0.482514414719,1,1,0.00177158238117,0.00184325118374,0.5157140029,0.480671163536,0.00361483356491,0.996385166436,3.2526941246,1.32047937103,12.3236848375,0,0,0.005,0,0,20.4,40.8012037436,0,0,0,0,0,0,0,0,0,0
5.295,0.519442971724,0.480557028277,1,1,0.001685694889,0.0017562860541,0.517757276835,0.478800742222,0.0034419809431,0.996558019057,3.27781082902,1.31360448166,12.4696005651,0,0,0.005,0,0,20.4,40.8012037436,0,0,0,0,0,0,0,0,0,0
5.3,0.521480320145,0.478519679855,1,1,0.00161095601216,0.00168004758842,0.519869364133,0.476839632267,0.00329100360058,0.9967089964,3.30284496385,1.30675913107,12.6164042819,0,0,0.005,0,0,20.4,40.8012037436,0,0,0,0,0,0,0,0,0,0
5.305,0.523591213313,0.476408786687,1,1,0.00154606447612,0.00161332519911,0.522045148837,0.474795461488,0.00315938967523,0.996840610325,3.3277959062,1.29994353083,12.7640787767,0,0,0.005,0,0,20.4,40.8012037436,0,0,0,0,0,0,0,0,0,0
5.31,0.525767838547,0.474232161454,1,1,0.00148982983878,0.00155501435092,0.524278008708,0.472677147103,0.0030448441897,0.996955155811,3.35266303525,1.29315789177,12.912606761,0,0,0.005,0,0,20.4,40.8012037436,0,0,0,0,0,0,0,0,0,0
5.315,0.528000918896,0.471999081105,1,1,0.00144117046,0.00150411287853,0.526559748436,0.470494968226,0.00294528333854,0.997054716662,3.37744573219,1.28640242404,13.0619708705,0,0,0.005,0,0,20.4,40.8012037436,0,0,0,0,0,0,0,0,0,0
5.32,0.53027965348,0.469720346521,1,1,0.00139911030907,0.00145971662814,0.528880543171,0.468260629893,0.00285882693721,0.997141173063,3.40214338031,1.279677337,13.212153667,0,0,0.005,0,0,20.4,40.8012037436,0,0,0,0,0,0,0,0,0,0
5.325,0.532591668755,0.467408331245,1,1,0.00136277475968,0.00142101451293,0.531228893996,0.465987316732,0.00278378927261,0.997216210728,3.4267553649,1.27298283932,13.36313764,0,0,0.005,0,0,20.4,40.8012037436,0,0,0,0,0,0,0,0,0,0
5.33,0.534922982545,0.465077017455,1,1,0.00133138553308,0.00138728308395,0.533591597012,0.463689734371,0.00271866861703,0.997281331383,3.45128107331,1.26631913884,13.5149052084,0,0,0.005,0,0,20.4,40.8012037436,0,0,0,0,0,0,0,0,0,0
5.335,0.53725798268,0.46274201732,1,1,0.00130425495561,0.00135788072538,0.535953727725,0.461384136595,0.00266213568099,0.997337864319,3.47571989496,1.25968644267,13.667438722,0,0,0.005,0,0,20.4,40.8012037436,0,0,0,0,0,0,0,0,0,0
5.34,0.539579422139,0.460420577862,1,1,0.00128077969805,0.00133224158687,0.538298642441,0.459088336275,0.00261302128491,0.997386978716,3.50007122125,1.25308495708,13.8207204635,0,0,0.005,0,0,20.4,40.8012037436,0,0,0,0,0,0,0,0,0,0
5.345,0.541868432534,0.458131567466,1,1,0.00126043416047,0.00130986936569,0.540607998374,0.4568216981,0.00257030352615,0.997429696474,3.52433444564,1.24651488752,13.9747326495,0,0,0.005,0,0,20.4,40.8012037436,0,0,0,0,0,0,0,0,0,0
5.35,0.544104557785,0.455895442215,1,1,0.00124276365884,0.00129033104773,0.542861794126,0.454605111168,0.00253309470657,0.997466905294,3.54850896361,1.23997643857,14.1294574331,0,0,0.005,0,0,20.4,40.8012037436,0,0,0,0,0,0,0,0,0,0
5.355,0.546265809693,0.453734190307,1,1,0.00122737755851,0.00127325070982,0.545038432135,0.452460939597,0.00250062826833,0.997499371732,3.57259417265,1.23346981392,14.2848769043,0,0,0.005,0,0,20.4,40.8012037436,0,0,0,0,0,0,0,0,0,0
5.36,0.548328747091,0.451671252909,1,1,0.00121394248581,0.00125830347653,0.547114804605,0.450412949433,0.00247224596234,0.997527754038,3.59658947224,1.22699521634,14.4409730927,0,0,0.005,0,0,20.4,40.8012037436,0,0,0,0,0,0,0,0,0,0
5.365,0.550268580034,0.449731419966,1,1,0.00120217573298,0.00124520971324,0.549066404301,0.448486210253,0.00244738544622,0.997552614554,3.62049426386,1.2205528476,14.5977279685,0,0,0.005,0,0,20.4,40.8012037436,0,0,0,0,0,0,0,0,0,0
5.37,0.552059300371,0.447940699629,1,1,0.00119183895413,0.00123372952448,0.550867461417,0.446706970105,0.00242556847861,0.997574431522,3.64430795098,1.2141429085,14.7551234439,0,0,0.005,0,0,20.4,40.8012037436,0,0,0,0,0,0,0,0,0,0
5.375,0.553673839771,0.44632616023,1,1,0.00118273223165,0.00122365761268,0.552491107539,0.445102502617,0.00240638984433,0.997593610156,3.66802993904,1.20776559874,14.9131413752,0,0,0.005,0,0,20.4,40.8012037436,0,0,0,0,0,0,0,0,0,0
5.38,0.555084256057,0.444915743943,1,1,0.00117468857384,0.00121481853839,0.553909567484,0.443700925405,0.00238950711223,0.997610492888,3.69165963543,1.20142111692,15.0717635641,0,0,0.005,0,0,20.4,40.8012037436,0,0,0,0,0,0,0,0,0,0
5.385,0.556261948379,0.443738051621,1,1,0.00116756888677,0.00120706240925,0.555094379493,0.442530989212,0.00237463129601,0.997625368704,3.71519644952,1.19510966045,15.230971759,0,0,0.005,0,0,20.4,40.8012037436,0,0,0,0,0,0,0,0,0,0
5.39,0.557177901409,0.442822098591,1,1,0.00116125744598,0.0012002610114,0.556016643963,0.44162183758,0.00236151845738,0.997638481543,3.73863979259,1.18883142551,15.3907476571,0,0,0.005,0,0,20.4,40.8012037436,0,0,0,0,0,0,0,0,0,0
5.395,0.557802958396,0.442197041605,1,1,0.00115565787822,0.00119430438522,0.556647300518,0.441002737219,0.00234996226344,0.997650037737,3.76198907789,1.18258660699,15.5510729052,0,0,0.005,0,0,20.4,40.8012037436,0,0,0,0,0,0,0,0,0,0
5.4,0.558108122467,0.441891877533,1,1,0.00115068964909,0.00118909783606,0.556957432818,0.440702779697,0.00233978748515,0.997660212515,3.78524372058,1.17637539835,15.7119291021,0,0,0.005,0,0,20.4,40.8012037436,0,0,0,0,0,0,0,0,0,0
5.405,0.558064885133,0.441935114867,1,1,0.00114628504072,0.00118455936168,0.556918600092,0.440750555506,0.0023308444024,0.997669155598,3.80840313776,1.17019799164,15.8732977993,0,0,0.005,0,0,20.4,40.8012037436,0,0,0,0,0,0,0,0,0,0
5.41,0.557645580456,0.442354419544,1,1,0.00114238659358,0.0011806174704,0.556503193863,0.441173802074,0.00232300406398,0.997676995936,3.83146674842,1.16405457734,16.0351605033,0,0,0.005,0,0,20.4,40.8012037436,0,0,0,0,0,0,0,0,0,0
5.415,0.556823762853,0.443176237147,1,1,0.00113894497865,0.0011772093584,0.555684817875,0.441999027789,0.00231615433705,0.997683845663,3.85443397351,1.15794534431,16.1974986765,0,0,0.005,0,0,20.4,40.8012037436,0,0,0,0,0,0,0,0,0,0
5.42,0.555574605951,0.444425394049,1,1,0.00113591726089,0.00117427941057,0.55443868869,0.443251114639,0.00231019667147,0.997689803329,3.87730423587,1.15187047967,16.3602937394,0,0,0.005,0,0,20.4,40.8012037436,0,0,0,0,0,0,0,0,0,0
5.425,0.553875319378,0.446124680622,1,1,0.00113326551107,0.00117177798716,0.552742053867,0.444952902635,0.00230504349823,0.997694956502,3.90007696028,1.14583016873,16.5235270717,0,0,0.005,0,0,20.4,40.8012037436,0,0,0,0,0,0,0,0,0,0
5.43,0.551705579821,0.448294420179,1,1,0.00113095572159,0.00116966045762,0.5505746241,0.447124759721,0.00230061617921,0.997699383821,3.92275157345,1.13982459489,16.6871800141,0,0,0.005,0,0,20.4,40.8012037436,0,0,0,0,0,0,0,0,0,0
5.435,0.54904797211,0.45095202789,1,1,0.00112895698184,0.00116788644388,0.547919015128,0.449784141446,0.00229684342573,0.997703156575,3.94532750403,1.13385393949,16.8512338702,0,0,0.005,0,0,20.4,40.8012037436,0,0,0,0,0,0,0,0,0,0
5.44,0.545888435555,0.454111564446,1,1,0.00112724087008,0.00116641923683,0.544761194685,0.452945145209,0.00229366010691,0.997706339894,3.96780418265,1.12791838176,17.0156699077,0,0,0.005,0,0,20.4,40.8012037436,0,0,0,0,0,0,0,0,0,0
5.445,0.542216710214,0.457783289786,1,1,0.00112578102127,0.00116522535255,0.541090929193,0.456618064433,0.00229100637383,0.997708993627,3.99018104187,1.12201809868,17.1804693607,0,0,0.005,0,0,20.4,40.8012037436,0,0,0,0,0,0,0,0,0,0
5.45,0.538026777289,0.461973222712,1,1,0.00112455283407,0.0011642741982,0.536902224455,0.460808948513,0.00228882703228,0.997711172968,4.01245751631,1.11615326486,17.3456134309,0,0,0.005,0,0,20.4,40.8012037436,0,0,0,0,0,0,0,0,0,0
5.455,0.533317287333,0.466682712667,1,1,0.00112353328378,0.00116353782091,0.53219375405,0.465519174846,0.0022870711047,0.997712928896,4.03463304259,1.11032405246,17.5110832898,0,0,0.005,0,0,20.4,40.8012037436,0,0,0,0,0,0,0,0,0,0
5.46,0.528091969598,0.471908030403,1,1,0.00112270081279,0.00116299071726,0.526969268785,0.470745039685,0.00228569153006,0.99771430847,4.05670705938,1.10453063101,17.6768600805,0,0,0.005,0,0,20.4,40.8012037436,0,0,0,0,0,0,0,0,0,0
5.465,0.522360015418,0.477639984582,1,1,0.0011220352744,0.00116260968456,0.521237980144,0.476477374898,0.00228464495896,0.997715355041,4.0786790075,1.09877316737,17.8429249195,0,0,0.005,0,0,20.4,40.8012037436,0,0,0,0,0,0,0,0,0,0
5.47,0.516136428307,0.483863571694,1,1,0.00112151791024,0.00116237369902,0.515014910396,0.482701197995,0.00228389160927,0.997716108391,4.10054832986,1.09305182556,18.0092588989,0,0,0.005,0,0,20.4,40.8012037436,0,0,0,0,0,0,0,0,0,0
5.475,0.509442333171,0.490557666829,1,1,0.00112113134587,0.00116226380931,0.508321201826,0.48939540302,0.00228339515518,0.997716604845,4.12231447163,1.08736676667,18.1758430882,0,0,0.005,0,0,20.4,40.8012037436,0,0,0,0,0,0,0,0,0,0
5.48,0.502305236999,0.497694763001,1,1,0.00112085959266,0.00116226303703,0.501184377406,0.496532499964,0.00228312262969,0.997716877371,4.14397688018,1.08171814874,18.3426585368,0,0,0.005,0,0,20.4,40.8012037436,0,0,0,0,0,0,0,0,0,0
5.485,0.494759233306,0.505240766694,1,1,0.0011206880476,0.00116235627842,0.493638545258,0.504078410416,0.00228304432602,0.997716955674,4.16553500524,1.07610612665,18.5096862757,0,0,0.005,0,0,20.4,40.8012037436,0,0,0,0,0,0,0,0,0,0
5.49,0.486845142785,0.513154857215,1,1,0.00112060348536,0.00116253020352,0.4857245393,0.511992327012,0.00228313368888,0.997716866312,4.18698829891,1.07053085204,18.6769073204,0,0,0.005,0,0,20.4,40.8012037436,0,0,0,0,0,0,0,0,0,0
5.495,0.478610582796,0.521389417205,1,1,0.00112059403929,0.00116277315111,0.477489988756,0.520226644054,0.00228336719039,0.99771663281,4.20833621572,1.06499247316,18.8443026725,0,0,0.005,0,0,20.4,40.8012037436,0,0,0,0,0,0,0,0,0,0
5.5,0.470109958702,0.529890041298,1,1,0.00112064916979,0.00116307501853,0.468989309532,0.52872696628,0.00228372418832,0.997716275812,4.22957821279,1.05949113481,19.0118533228,0,0,0.005,0,0,20.4,40.8012037436,0,0,0,0,0,0,0,0,0,0
5.505,0.461404370573,0.538595629428,1,1,0.00112075961991,0.00116342714701,0.460283610953,0.537432202281,0.00228418676692,0.997715813234,4.2507137498,1.05402697825,19.1795402537,0,0,0.005,0,0,20.4,40.8012037436,0,0,0,0,0,0,0,0,0,0
5.51,0.452561429371,0.547438570629,1,1,0.00112091735874,0.00116382220317,0.451440512012,0.546274748426,0.0022847395619,0.997715260439,4.27174228919,1.04860014112,19.3473444412,0,0,0.005,0,0,20.4,40.8012037436,0,0,0,0,0,0,0,0,0,0
5.515,0.443654977574,0.556345022426,1,1,0.00112111551406,0.00116425405793,0.44253386206,0.555180768368,0.00228536957199,0.997714630428,4.29266329616,1.04321075736,19.5152468585,0,0,0.005,0,0,20.4,40.8012037436,0,0,0,0,0,0,0,0,0,0
5.52,0.43476471006,0.565235289941,1,1,0.00112134829578,0.00116471766438,0.433643361764,0.564070572276,0.00228606596015,0.99771393404,4.31347623883,1.03785895715,19.6832284779,0,0,0.005,0,0,20.4,40.8012037436,0,0,0,0,0,0,0,0,0,0
5.525,0.425975692189,0.574024307812,1,1,0.00112161091182,0.00116520893562,0.424854081277,0.572859098876,0.00228681984745,0.997713180153,4.3341805883,1.03254486684,19.851270274,0,0,0.005,0,0,20.4,40.8012037436,0,0,0,0,0,0,0,0,0,0
5.53,0.417377773205,0.582622226795,1,1,0.00112189947832,0.00116572462426,0.416255873727,0.581456502171,0.00228762410258,0.997712375898,4.35477581878,1.02726860894,20.0193532267,0,0,0.005,0,0,20.4,40.8012037436,0,0,0,0,0,0,0,0,0,0
5.535,0.409064894428,0.590935105573,1,1,0.00112221092561,0.00116626220431,0.407942683502,0.589768843368,0.00228847312992,0.997711526871,4.37526140767,1.02203030208,20.1874583238,0,0,0.005,0,0,20.4,40.8012037436,0,0,0,0,0,0,0,0,0,0
5.54,0.40113429315,0.59886570685,1,1,0.0011225429017,0.00116681975696,0.400011750249,0.597698887093,0.00228936265865,0.997710637342,4.39563683569,1.01683006095,20.3555665641,0,0,0.005,0,0,20.4,40.8012037436,0,0,0,0,0,0,0,0,0,0
5.545,0.393685604755,0.606314395246,1,1,0.00112289367456,0.0011673958609,0.39256271108,0.605146999385,0.00229028953545,0.997709710465,4.41590158695,1.01166799637,20.5236589605,0,0,0.005,0,0,20.4,40.8012037436,0,0,0,0,0,0,0,0,0,0
5.55,0.386819867186,0.613180132814,1,1,0.00112326203462,0.00116798948837,0.385696605152,0.612012143326,0.00229125152299,0.997708748477,4.43605514909,1.0065442152,20.6917165429,0,0,0.005,0,0,20.4,40.8012037436,0,0,0,0,0,0,0,0,0,0
5.555,0.380638433691,0.619361566309,1,1,0.0011236471989,0.00116859990772,0.379514786492,0.618192966402,0.00229224710662,0.997707752894,4.45609701337,1.00145882043,20.8597203615,0,0,0.005,0,0,20.4,40.8012037436,0,0,0,0,0,0,0,0,0,0
5.56,0.37524180148,0.62475819852,1,1,0.00112404871805,0.00116922659352,0.374117752762,0.623588971927,0.00229327531158,0.997706724689,4.47602667474,0.996411911165,21.0276514897,0,0,0.005,0,0,20.4,40.8012037436,0,0,0,0,0,0,0,0,0,0
5.565,0.370728365833,0.629271634167,1,1,0.00112446638773,0.00116986914514,0.369603899445,0.628101765022,0.00229433553287,0.997705664468,4.49584363199,0.991403582688,21.195491027,0,0,0.005,0,0,20.4,40.8012037436,0,0,0,0,0,0,0,0,0,0
5.57,0.367193110935,0.632806889065,1,1,0.00112490016574,0.00117052721475,0.366068210769,0.631636361851,0.0022954273805,0.99770457262,4.51554738778,0.9864339265,21.3632201026,0,0,0.005,0,0,20.4,40.8012037436,0,0,0,0,0,0,0,0,0,0
5.575,0.364726250558,0.635273749443,1,1,0.00112535009638,0.0011712004458,0.363600900461,0.634102548997,0.00229655054218,0.997703449458,4.53513744877,0.981503030383,21.5308198779,0,0,0.005,0,0,20.4,40.8012037436,0,0,0,0,0,0,0,0,0,0
5.58,0.363411833414,0.636588166587,1,1,0.00112581624331,0.0011718884226,0.362286017171,0.635416278164,0.00229770466592,0.997702295335,4.55461332568,0.976610978479,21.6982715498,0,0,0.005,0,0,20.4,40.8012037436,0,0,0,0,0,0,0,0,0,0
5.585,0.363326329652,0.636673670349,1,1,0.00112629863243,0.00117259063198,0.362200031019,0.635501079717,0.00229888926441,0.997701110736,4.57397453333,0.971757851364,21.8655563533,0,0,0.005,0,0,20.4,40.8012037436,0,0,0,0,0,0,0,0,0,0
5.59,0.364537216481,0.635462783519,1,1,0.00112679720572,0.00117330643729,0.363410419276,0.634289477082,0.00230010364301,0.997699896357,4.59322059074,0.966943726146,22.0326555647,0,0,0.005,0,0,20.4,40.8012037436,0,0,0,0,0,0,0,0,0,0
5.595,0.367101582271,0.632898417729,1,1,0.00112731178713,0.00117403506508,0.365974270484,0.631724382664,0.00230134685221,0.997698653148,4.61235102113,0.962168676561,22.1995505043,0,0,0.005,0,0,20.4,40.8012037436,0,0,0,0,0,0,0,0,0,0
5.6,0.371064769621,0.628935230379,1,1,0.00112784206097,0.00117477560421,0.36993692756,0.627760454775,0.00230261766518,0.997697382335,4.631365352,0.957432773074,22.3662225387,0,0,0.005,0,0,20.4,40.8012037436,0,0,0,0,0,0,0,0,0,0
5.605,0.376459078854,0.623540921146,1,1,0.001128387563,0.00117552701683,0.375330691291,0.622365394129,0.00230391457984,0.997696085421,4.65026311512,0.952736082996,22.5326530837,0,0,0.005,0,0,20.4,40.8012037436,0,0,0,0,0,0,0,0,0,0
5.61,0.383302554045,0.616697445955,1,1,0.001128947684,0.0011762881602,0.382173606361,0.615521157795,0.0023052358442,0.997694764156,4.66904384652,0.948078670591,22.6988236064,0,0,0.005,0,0,20.4,40.8012037436,0,0,0,0,0,0,0,0,0,0
5.615,0.391597874094,0.608402125907,1,1,0.00112952168486,0.00117705781779,0.390468352409,0.607225068089,0.00230657950265,0.997693420498,4.68770708653,0.943460597192,22.8647156276,0,0,0.005,0,0,20.4,40.8012037436,0,0,0,0,0,0,0,0,0,0
5.62,0.401331371412,0.598668628588,1,1,0.00113010872204,0.00117783473784,0.40020126269,0.597490793851,0.00230794345988,0.997692056541,4.70625237972,0.938881921316,23.0303107238,0,0,0.005,0,0,20.4,40.8012037436,0,0,0,0,0,0,0,0,0,0
5.625,0.412472200531,0.587527799469,1,1,0.00113070788153,0.00117861767691,0.41134149265,0.586349181792,0.00230932555845,0.997690674442,4.72467927487,0.934342698774,23.1955905292,0,0,0.005,0,0,20.4,40.8012037436,0,0,0,0,0,0,0,0,0,0
5.63,0.424971678285,0.575028321716,1,1,0.00113131821896,0.00117940544597,0.423840360066,0.57384891627,0.00231072366493,0.997689276336,4.74298732491,0.929842982783,23.3605367369,0,0,0.005,0,0,20.4,40.8012037436,0,0,0,0,0,0,0,0,0,0
5.635,0.43876281621,0.56123718379,1,1,0.00113193880344,0.00118019695607,0.437630877407,0.560056986834,0.00231213575951,0.997687864241,4.76117608686,0.925382824064,23.5251311011,0,0,0.005,0,0,20.4,40.8012037436,0,0,0,0,0,0,0,0,0,0
5.64,0.453760064402,0.546239935598,1,1,0.00113256876226,0.0011809912608,0.45262749564,0.545058944337,0.00231356002306,0.997686439977,4.77924512172,0.920962270942,23.689355438,0,0,0.005,0,0,20.4,40.8012037436,0,0,0,0,0,0,0,0,0,0
5.645,0.469859284232,0.530140715769,1,1,0.00113320732335,0.00118178759284,0.468726076908,0.528958928176,0.0023149949162,0.997685005084,4.79719399439,0.916581369427,23.8531916266,0,0,0.005,0,0,20.4,40.8012037436,0,0,0,0,0,0,0,0,0,0
5.65,0.486937965155,0.513062034846,1,1,0.00113385385297,0.00118258539184,0.485804111302,0.511879449454,0.00231643924481,0.997683560756,4.81502227354,0.91224016329,24.0166216102,0,0,0.005,0,0,20.4,40.8012037436,0,0,0,0,0,0,0,0,0,0
5.655,0.504855698229,0.495144301771,1,1,0.00113450788558,0.00118338432169,0.503721190343,0.49396091745,0.00231789220727,0.997682107793,4.83272953149,0.907938694125,24.1796273968,0,0,0.005,0,0,20.4,40.8012037436,0,0,0,0,0,0,0,0,0,0
5.66,0.523454915993,0.476545084007,1,1,0.00113516914401,0.00118418427545,0.522319746849,0.475360899732,0.00231935341946,0.997680646581,4.85031534401,0.903677001391,24.3421910592,0,0,0.005,0,0,20.4,40.8012037436,0,0,0,0,0,0,0,0,0,0
5.665,0.542561905048,0.457438094952,1,1,0.00113583754786,0.00118498536699,0.5414260675,0.456253109585,0.00232082291485,0.997679177086,4.86777929025,0.899455122448,24.5042947359,0,0,0.005,0,0,20.4,40.8012037436,0,0,0,0,0,0,0,0,0,0
5.67,0.561988094037,0.438011905963,1,1,0.00113651320915,0.00118578790894,0.560851580828,0.436826118054,0.00232230111809,0.997677698882,4.88512095249,0.895273092562,24.6659206307,0,0,0.005,0,0,20.4,40.8012037436,0,0,0,0,0,0,0,0,0,0
5.675,0.581531615794,0.418468384206,1,1,0.00113719641478,0.00118659237767,0.580394419379,0.417281791829,0.00232378879245,0.997676211208,4.90233991598,0.891130944904,24.8270510127,0,0,0.005,0,0,20.4,40.8012037436,0,0,0,0,0,0,0,0,0,0
5.68,0.600979138277,0.399020861723,1,1,0.00113788759621,0.00118739936628,0.599841250681,0.397833462357,0.00232528696249,0.997674713038,4.91943576877,0.887028710519,24.9876682164,0,0,0.005,0,0,20.4,40.8012037436,0,0,0,0,0,0,0,0,0,0
5.685,0.620107954546,0.379892045455,1,1,0.0011385872874,0.00118820952784,0.618969367258,0.378703835927,0.00232679681525,0.997673203185,4.93640810152,0.882966418283,25.1477546405,0,0,0.005,0,0,20.4,40.8012037436,0,0,0,0,0,0,0,0,0,0
5.69,0.638688317563,0.361311682438,1,1,0.00113929607304,0.00118902351137,0.637549021489,0.360122658927,0.00232831958441,0.997671680416,4.95325650725,0.87894409483,25.3072927484,0,0,0.005,0,0,20.4,40.8012037436,0,0,0,0,0,0,0,0,0,0
5.695,0.656486001075,0.343513998926,1,1,0.00114001452942,0.00118984189382,0.655345986545,0.342324157032,0.00232985642324,0.997670143577,4.9699805812,0.874961764468,25.4662650668,0,0,0.005,0,0,20.4,40.8012037436,0,0,0,0,0,0,0,0,0,0
5.7,0.673265063277,0.326734936724,1,1,0.00114074316131,0.0011906651116,0.672124320115,0.325544271612,0.00233140827291,0.997668591728,4.98657992059,0.871019449065,25.6246541851,0,0,0.005,0,0,20.4,40.8012037436,0,0,0,0,0,0,0,0,0,0
5.705,0.688790785521,0.31120921448,1,1,0.00114148233807,0.00119149339535,0.687649303183,0.310017721084,0.00233297573342,0.997667024267,5.00305412447,0.86711716792,25.7824427552,0,0,0.005,0,0,20.4,40.8012037436,0,0,0,0,0,0,0,0,0,0
5.71,0.702832754049,0.297167245951,1,1,0.00114223223277,0.00119232671186,0.701690521817,0.295974919239,0.00233455894463,0.997665441056,5.01940279346,0.86325493761,25.9396134903,0,0,0.005,0,0,20.4,40.8012037436,0,0,0,0,0,0,0,0,0,0
5.715,0.715168048675,0.284831951325,1,1,0.00114299276804,0.00119316471646,0.714025055907,0.283638786609,0.0023361574845,0.997663842516,5.03562552964,0.859432771826,26.096149164,0,0,0.005,0,0,20.4,40.8012037436,0,0,0,0,0,0,0,0,0,0
5.72,0.725584498604,0.274415501396,1,1,0.00114376357197,0.00119400671924,0.724440735032,0.273221494677,0.00233777029121,0.997662229709,5.05172193635,0.855650681177,26.2520326104,0,0,0.005,0,0,20.4,40.8012037436,0,0,0,0,0,0,0,0,0,0
5.725,0.733883962295,0.266116037706,1,1,0.00114454394725,0.00119485166747,0.732739418348,0.264921186038,0.00233939561472,0.997660604386,5.06769161803,0.851908672996,26.4072467226,0,0,0.005,0,0,20.4,40.8012037436,0,0,0,0,0,0,0,0,0,0
5.73,0.739885585389,0.260114414611,1,1,0.00114533285586,0.00119569814599,0.738740252533,0.258918716465,0.00234103100185,0.997658968999,5.0835341801,0.848206751119,26.5617744529,0,0,0.005,0,0,20.4,40.8012037436,0,0,0,0,0,0,0,0,0,0
5.735,0.743428988496,0.256571011504,1,1,0.0011461289211,0.0011965443966,0.742282859575,0.255374467107,0.0023426733177,0.997657326683,5.09924922884,0.844544915656,26.7155988124,0,0,0.005,0,0,20.4,40.8012037436,0,0,0,0,0,0,0,0,0,0
5.74,0.744377334955,0.255622665045,1,1,0.00114693044766,0.00119738835609,0.743230404508,0.254425276689,0.00234431880375,0.997655681197,5.11483637128,0.840923162756,26.8687028706,0,0,0.005,0,0,20.4,40.8012037436,0,0,0,0,0,0,0,0,0,0
5.745,0.742620227761,0.25737977224,1,1,0.00114773545961,0.00119822771213,0.741472492301,0.256181544528,0.00234596317174,0.997654036829,5.13029521515,0.83734148436,27.021069756,0,0,0.005,0,0,20.4,40.8012037436,0,0,0,0,0,0,0,0,0,0
5.75,0.738076384645,0.261923615355,1,1,0.00114854175513,0.00119905997474,0.73692784289,0.26072455538,0.00234760172988,0.997652398271,5.14562536881,0.83379986796,27.172682656,0,0,0.005,0,0,20.4,40.8012037436,0,0,0,0,0,0,0,0,0,0
5.755,0.730696040912,0.269303959088,1,1,0.00114934697596,0.00119988256038,0.729546693936,0.268104076528,0.00234922953634,0.997650770464,5.16082644128,0.830298296342,27.323524818,0,0,0.005,0,0,20.4,40.8012037436,0,0,0,0,0,0,0,0,0,0
5.76,0.720463031061,0.279536968939,1,1,0.0011501486884,0.00120069288508,0.719312882373,0.278336276054,0.00235084157348,0.997649158427,5.1758980422,0.826836747348,27.47357955,0,0,0.005,0,0,20.4,40.8012037436,0,0,0,0,0,0,0,0,0,0
5.765,0.70739650255,0.29260349745,1,1,0.00115094447242,0.00120148846213,0.706245558078,0.291402008988,0.00235243293455,0.997647567066,5.19083978191,0.823415193635,27.6228302226,0,0,0.005,0,0,20.4,40.8012037436,0,0,0,0,0,0,0,0,0,0
5.77,0.691552218205,0.308447781796,1,1,0.00115173201426,0.00120226699962,0.690400486191,0.307245514796,0.00235399901388,0.997646000987,5.2056512715,0.820033602444,27.7712602696,0,0,0.005,0,0,20.4,40.8012037436,0,0,0,0,0,0,0,0,0,0
5.775,0.673023407834,0.326976592167,1,1,0.00115250919815,0.00120302649294,0.671870898636,0.325773565674,0.00235553569109,0.997644464309,5.22033212296,0.816691935385,27.9188531914,0,0,0.005,0,0,20.4,40.8012037436,0,0,0,0,0,0,0,0,0,0
5.78,0.651941134476,0.348058865525,1,1,0.00115327419225,0.0012037653075,0.650787860283,0.346855100217,0.00235703949975,0.997642960501,5.23488194928,0.813390148236,28.0655925562,0,0,0.005,0,0,20.4,40.8012037436,0,0,0,0,0,0,0,0,0,0
5.785,0.628474146416,0.371525853584,1,1,0.00115402552421,0.00120448224705,0.627320120892,0.370321371337,0.00235850777126,0.997641492229,5.24930036464,0.810128190759,28.2114620037,0,0,0.005,0,0,20.4,40.8012037436,0,0,0,0,0,0,0,0,0,0
5.79,0.602828192548,0.397171807453,1,1,0.0011547621421,0.00120517660384,0.601673430405,0.395966630849,0.00235993874594,0.997640061255,5.26358698461,0.806906006543,28.356445248,0,0,0.005,0,0,20.4,40.8012037436,0,0,0,0,0,0,0,0,0,0
5.795,0.575244785801,0.424755214199,1,1,0.0011554834571,0.00120584818752,0.574089302344,0.423549366012,0.00236133164462,0.997638668356,5.2777414264,0.803723532868,28.5005260812,0,0,0.005,0,0,20.4,40.8012037436,0,0,0,0,0,0,0,0,0,0
5.8,0.545999407132,0.454000592869,1,1,0.00115618936507,0.00120649733061,0.544843217767,0.452794095538,0.00236268669567,0.997637313305,5.29176330908,0.800580700596,28.6436883775,0,0,0.005,0,0,20.4,40.8012037436,0,0,0,0,0,0,0,0,0,0
5.805,0.515399150793,0.484600849207,1,1,0.00115688024532,0.00120712486954,0.514242270548,0.483393724338,0.00236400511486,0.997635994886,5.30565225393,0.797477434098,28.7859160976,0,0,0.005,0,0,20.4,40.8012037436,0,0,0,0,0,0,0,0,0,0
5.81,0.483779820318,0.516220179682,1,1,0.0011575569358,0.00120773210152,0.482622263382,0.515012447581,0.00236528903732,0.997634710963,5.31940788469,0.794413651204,28.9271932929,0,0,0.005,0,0,20.4,40.8012037436,0,0,0,0,0,0,0,0,0,0
5.815,0.451502493546,0.548497506455,1,1,0.00115822068517,0.0012083207186,0.450344272861,0.547289185736,0.00236654140378,0.997633458597,5.33302982792,0.791389263191,29.0675041114,0,0,0.005,0,0,20.4,40.8012037436,0,0,0,0,0,0,0,0,0,0
5.82,0.418949584118,0.581050415882,1,1,0.00115887308354,0.00120889272149,0.417790711034,0.579841523161,0.00236776580503,0.997632234195,5.34651771335,0.788404174807,29.206832802,0,0,0.005,0,0,20.4,40.8012037436,0,0,0,0,0,0,0,0,0,0
5.825,0.38652043594,0.61347956406,1,1,0.00115951597464,0.00120945031678,0.385360919965,0.612270113744,0.00236896629143,0.997631033709,5.35987117421,0.785458284328,29.3451637206,0,0,0.005,0,0,20.4,40.8012037436,0,0,0,0,0,0,0,0,0,0
5.83,0.354626496008,0.645373503992,1,1,0.00116015135327,0.00120999580223,0.353466344655,0.64416350819,0.0023701471555,0.997629852845,5.37308984766,0.782551483645,29.4824813356,0,0,0.005,0,0,20.4,40.8012037436,0,0,0,0,0,0,0,0,0,0
5.835,0.323686119603,0.676313880398,1,1,0.00116078125268,0.00121053144525,0.32252533835,0.675103348953,0.00237131269792,0.997628687303,5.38617337509,0.779683658399,29.6187702337,0,0,0.005,0,0,20.4,40.8012037436,0,0,0,0,0,0,0,0,0,0
5.84,0.294119069961,0.70588093004,1,1,0.00116140762731,0.0012110593604,0.292957662334,0.704669870679,0.00237246698771,0.997627533013,5.39912140253,0.77685468814,29.7540151257,0,0,0.005,0,0,20.4,40.8012037436,0,0,0,0,0,0,0,0,0,0
5.845,0.266340782036,0.733659217965,1,1,0.00116203223647,0.00121158139188,0.265178749799,0.732447636573,0.00237361362836,0.997626386372,5.41193358102,0.774064446522,29.8882008527,0,0,0.005,0,0,20.4,40.8012037436,0,0,0,0,0,0,0,0,0,0
5.85,0.240756466623,0.759243533377,1,1,0.0011626565348,0.00121209900667,0.239593810089,0.75803143437,0.00237475554147,0.997625244459,5.42460956696,0.771312801532,30.0213123918,0,0,0.005,0,0,20.4,40.8012037436,0,0,0,0,0,0,0,0,0,0
5.855,0.217755136915,0.782244863085,1,1,0.00116328157506,0.0012126132039,0.21659185534,0.781032249881,0.00237589477896,0.997624105222,5.43714902245,0.76859961575,30.1533348617,0,0,0.005,0,0,20.4,40.8012037436,0,0,0,0,0,0,0,0,0,0
5.86,0.197703644184,0.802296355817,1,1,0.00116390792848,0.00121312444511,0.196539736255,0.801083231372,0.00237703237358,0.997622967627,5.44955161562,0.765924746631,30.2842535288,0,0,0.005,0,0,20.4,40.8012037436,0,0,0,0,0,0,0,0,0,0
5.865,0.180940812795,0.819059187206,1,1,0.00116453562685,0.00121363260929,0.179776277168,0.817845554596,0.00237816823614,0.997621831764,5.4618170209,0.763288046816,30.4140538122,0,0,0.005,0,0,20.4,40.8012037436,0,0,0,0,0,0,0,0,0,0
5.87,0.167771766876,0.832228233125,1,1,0.0011651641299,0.00121413697541,0.166606602746,0.83101409615,0.00237930110531,0.997620698895,5.47394491932,0.760689364465,30.5427212889,0,0,0.005,0,0,20.4,40.8012037436,0,0,0,0,0,0,0,0,0,0
5.875,0.158462541705,0.841537458295,1,1,0.00116579232007,0.00121463623378,0.157296749385,0.840322822062,0.00238042855385,0.997619571447,5.48593499874,0.758128543608,30.670241699,0,0,0.005,0,0,20.4,40.8012037436,0,0,0,0,0,0,0,0,0,0
5.88,0.153235072148,0.846764927852,1,1,0.00116641852559,0.00121512852652,0.152068653623,0.845549799326,0.00238154705211,0.997618452948,5.49778695403,0.755605424506,30.7966009494,0,0,0.005,0,0,20.4,40.8012037436,0,0,0,0,0,0,0,0,0,0
5.885,0.152262648157,0.847737351844,1,1,0.00116704057145,0.00121561151553,0.151095607585,0.846521740328,0.00238265208699,0.997617347913,5.50950048723,0.75311984403,30.9217851183,0,0,0.005,0,0,20.4,40.8012037436,0,0,0,0,0,0,0,0,0,0
5.89,0.155665923512,0.844334076488,1,1,0.00116765585635,0.00121608247558,0.154498267656,0.843117994012,0.00238373833193,0.997616261669,5.52107530768,0.750671636036,31.0457804582,0,0,0.005,0,0,20.4,40.8012037436,0,0,0,0,0,0,0,0,0,0
5.895,0.16350955858,0.83649044142,1,1,0.00116826145251,0.00121653840826,0.162341297128,0.835273903012,0.00238479986076,0.99761520014,5.53251113204,0.748260631756,31.1685733992,0,0,0.005,0,0,20.4,40.8012037436,0,0,0,0,0,0,0,0,0,0
5.9,0.175799570876,0.824200429125,1,1,0.00116885422398,0.0012169761721,0.174630716652,0.822983452952,0.00238583039608,0.997614169604,5.54380768434,0.745886660172,31.2901505508,0,0,0.005,0,0,20.4,40.8012037436,0,0,0,0,0,0,0,0,0,0
5.905,0.192481458835,0.807518541166,1,1,0.00116943095817,0.00121739262275,0.191312027877,0.806301148543,0.00238682358092,0.99761317642,5.55496469594,0.743549548397,31.4104987041,0,0,0.005,0,0,20.4,40.8012037436,0,0,0,0,0,0,0,0,0,0
5.91,0.213439154345,0.786560845656,1,1,0.0011699885045,0.00121778475689,0.21226916584,0.785343060899,0.00238777326139,0.997612226739,5.56598190541,0.741249122035,31.5296048323,0,0,0.005,0,0,20.4,40.8012037436,0,0,0,0,0,0,0,0,0,0
5.915,0.238494848489,0.761505151512,1,1,0.00117052391367,0.00121814985311,0.237324324575,0.760287001659,0.00238867376679,0.997611326234,5.57685905843,0.738985205534,31.6474560916,0,0,0.005,0,0,20.4,40.8012037436,0,0,0,0,0,0,0,0,0,0
5.92,0.267409722706,0.732590277295,1,1,0.00117103457093,0.00121848560314,0.266238688135,0.731371791691,0.00238952017408,0.997610479826,5.58759590755,0.736757622517,31.7640398204,0,0,0.005,0,0,20.4,40.8012037436,0,0,0,0,0,0,0,0,0,0
5.925,0.299885604337,0.700114395663,1,1,0.00117151831687,0.00121879022699,0.29871408602,0.698895605436,0.00239030854386,0.997609691457,5.59819221199,0.734566196096,31.8793435389,0,0,0.005,0,0,20.4,40.8012037436,0,0,0,0,0,0,0,0,0,0
5.93,0.335567551506,0.664432448495,1,1,0.00117197354972,0.00121906256644,0.334395577956,0.663213385928,0.00239103611615,0.997608963884,5.60864773734,0.732410749156,31.993354947,0,0,0.005,0,0,20.4,40.8012037436,0,0,0,0,0,0,0,0,0,0
5.935,0.374047357677,0.625952642324,1,1,0.00117239930407,0.0012193021522,0.372874958372,0.624733340172,0.00239170145626,0.997608298544,5.61896225519,0.730291104617,32.1060619227,0,0,0.005,0,0,20.4,40.8012037436,0,0,0,0,0,0,0,0,0,0
5.94,0.414867951282,0.585132048718,1,1,0.00117279530183,0.0012195092411,0.41369515598,0.583912539477,0.00239230454293,0.997607695458,5.62913554279,0.728207085666,32.2174525187,0,0,0.005,0,0,20.4,40.8012037436,0,0,0,0,0,0,0,0,0,0
5.945,0.457528650724,0.542471349277,1,1,0.00117316197261,0.00121968482134,0.456355488751,0.541251664456,0.00239284679395,0.997607153207,5.63916738264,0.726158515956,32.3275149597,0,0,0.005,0,0,20.4,40.8012037436,0,0,0,0,0,0,0,0,0,0
5.95,0.501491220134,0.498508779866,1,1,0.00117350044216,0.00121983058494,0.500317719692,0.497288949281,0.0023933310271,0.997606668973,5.64905756202,0.724145219775,32.4362376383,0,0,0.005,0,0,20.4,40.8012037436,0,0,0,0,0,0,0,0,0,0
5.955,0.546186656755,0.453813343245,1,1,0.00117381248884,0.00121994886844,0.545012844267,0.452593394377,0.00239376135728,0.997606238643,5.65880587252,0.722167022183,32.5436091108,0,0,0.005,0,0,20.4,40.8012037436,0,0,0,0,0,0,0,0,0,0
5.96,0.591022626904,0.408977373097,1,1,0.00117410046998,0.00122004256414,0.589848526434,0.407757330532,0.00239414303411,0.997605856966,5.66841210957,0.720223749112,32.6496180927,0,0,0.005,0,0,20.4,40.8012037436,0,0,0,0,0,0,0,0,0,0
5.965,0.635391454569,0.364608545432,1,1,0.00117436722091,0.00122011500567,0.634217087348,0.363388430426,0.00239448222658,0.997605517774,5.67787607191,0.718315227443,32.7542534539,0,0,0.005,0,0,20.4,40.8012037436,0,0,0,0,0,0,0,0,0,0
5.97,0.678678554891,0.321321445109,1,1,0.00117461593143,0.001220169833,0.67750393896,0.320101275276,0.00239478576442,0.997605214236,5.68719756109,0.71644128504,32.8575042137,0,0,0.005,0,0,20.4,40.8012037436,0,0,0,0,0,0,0,0,0,0
5.975,0.720271194425,0.279728805576,1,1,0.00117485000498,0.00122021084281,0.71909634442,0.278508594733,0.00239506084779,0.997604939153,5.69637638095,0.714601750762,32.9593595356,0,0,0.005,0,0,20.4,40.8012037436,0,0,0,0,0,0,0,0,0,0
5.98,0.759567451342,0.240432548658,1,1,0.00117507290716,0.00122024183125,0.758392378435,0.239212306827,0.00239531473841,0.997604685262,5.70541233712,0.712796454445,33.059808722,0,0,0.005,0,0,20.4,40.8012037436,0,0,0,0,0,0,0,0,0,0
5.985,0.795985241866,0.204014758134,1,1,0.00117528801048,0.00122026643603,0.794809953856,0.202794491698,0.00239555444651,0.997604445554,5.71430523653,0.71102522686,33.1588412094,0,0,0.005,0,0,20.4,40.8012037436,0,0,0,0,0,0,0,0,0,0
5.99,0.828971274317,0.171028725684,1,1,0.00117549844268,0.00122028798545,0.827795775874,0.169808437698,0.00239578642812,0.997604213572,5.72305488691,0.709287899642,33.2564465632,0,0,0.005,0,0,20.4,40.8012037436,0,0,0,0,0,0,0,0,0,0
5.995,0.858009789458,0.141990210543,1,1,0.0011757069458,0.00122030936114,0.856834082512,0.140769901181,0.00239601630694,0.997603983694,5.73166109641,0.707584305209,33.3526144731,0,0,0.005,0,0,20.4,40.8012037436,0,0,0,0,0,0,0,0,0,0
6,0.882630945357,0.117369054643,1,1,0.00117591575269,0.00122033288134,0.881455029604,0.116148721762,0.00239624863403,0.997603751366,5.74012367315,0.70591427666,33.447334749,0,0,0.005,0,0,20.4,40.8012037436,0,0,0,0,0,0,0,0,0,0
6.005,0.902418706871,0.0975812931294,1,1,0.00117612648691,0.00122036020989,0.901242580384,0.0963609329195,0.0023964866968,0.997603513304,5.74844242485,0.704277647662,33.5405973168,0,0,0.005,0,0,20.4,40.8012037436,0,0,0,0,0,0,0,0,0,0
6.01,0.917018104138,0.0829818958622,1,1,0.001176340091,0.00122039229575,0.915841764047,0.0817615035665,0.00239673238675,0.997603267614,5.75661715856,0.702674252323,33.6323922151,0,0,0.005,0,0,20.4,40.8012037436,0,0,0,0,0,0,0,0,0,0
6.015,0.926141731096,0.0738582689048,1,1,0.00117655678673,0.00122042934573,0.924965174309,0.0726378395591,0.00239698613246,0.997603013868,5.76464768039,0.701103925076,33.7227095927,0,0,0.005,0,0,20.4,40.8012037436,0,0,0,0,0,0,0,0,0,0
6.02,0.929575364014,0.0704246359867,1,1,0.00117677606936,0.00122047083224,0.928398587944,0.0692041651544,0.0023972469016,0.997602753099,5.77253379526,0.699566500546,33.8115397062,0,0,0.005,0,0,20.4,40.8012037436,0,0,0,0,0,0,0,0,0,0
6.025,0.92718259124,0.0728174087602,1,1,0.00117699673662,0.0012205155357,0.926005594504,0.0715968932245,0.00239751227232,0.997602487728,5.78027530686,0.698061813432,33.8988729185,0,0,0.005,0,0,20.4,40.8012037436,0,0,0,0,0,0,0,0,0,0
6.03,0.918908358655,0.0810916413459,1,1,0.00117721695123,0.00122056162009,0.917731141703,0.0798710797258,0.00239777857132,0.997602221429,5.78787201748,0.696589698395,33.9846996987,0,0,0.005,0,0,20.4,40.8012037436,0,0,0,0,0,0,0,0,0,0
6.035,0.904781350574,0.0952186494263,1,1,0.00117743433434,0.0012206067382,0.90360391624,0.0939980426881,0.00239804107254,0.997601958928,5.79532372808,0.695149989955,34.0690106218,0,0,0.005,0,0,20.4,40.8012037436,0,0,0,0,0,0,0,0,0,0
6.04,0.884915142806,0.115084857194,1,1,0.00117764608573,0.00122064816206,0.88373749672,0.113864209032,0.00239829424779,0.997601705753,5.80263023832,0.693742522408,34.1517963701,0,0,0.005,0,0,20.4,40.8012037436,0,0,0,0,0,0,0,0,0,0
6.045,0.859508082969,0.140491917032,1,1,0.00117784912539,0.00122068293262,0.858330233844,0.139271234099,0.00239853205801,0.997601467942,5.80979134671,0.692367129758,34.2330477347,0,0,0.005,0,0,20.4,40.8012037436,0,0,0,0,0,0,0,0,0,0
6.05,0.828841872823,0.171158127178,1,1,0.00117804025009,0.00122070802188,0.827663832572,0.169937419156,0.00239874827197,0.997601251729,5.81680685083,0.691023645675,34.3127556188,0,0,0.005,0,0,20.4,40.8012037436,0,0,0,0,0,0,0,0,0,0
6.055,0.793278847843,0.206721152157,1,1,0.00117821629753,0.0012207205002,0.792100631546,0.205500431657,0.00239893679772,0.997601063203,5.82367654758,0.689711903474,34.3909110406,0,0,0.005,0,0,20.4,40.8012037436,0,0,0,0,0,0,0,0,0,0
6.06,0.753257970327,0.246742029673,1,1,0.00117837431086,0.00122071770093,0.752079596016,0.245521311972,0.00239909201178,0.997600907989,5.83040023354,0.688431736121,34.4675051386,0,0,0.005,0,0,20.4,40.8012037436,0,0,0,0,0,0,0,0,0,0
6.065,0.709289573548,0.290710426452,1,1,0.00117851169555,0.00122069737503,0.708111061853,0.289489729077,0.00239920907058,0.99760079093,5.83697770536,0.687182976267,34.5425291758,0,0,0.005,0,0,20.4,40.8012037436,0,0,0,0,0,0,0,0,0,0
6.07,0.661948915582,0.338051084419,1,1,0.00117862636159,0.00122065782832,0.66077028922,0.33683042659,0.00239928418991,0.997600715811,5.84340876023,0.685965456313,34.6159745463,0,0,0.005,0,0,20.4,40.8012037436,0,0,0,0,0,0,0,0,0,0
6.075,0.611868621957,0.388131378044,1,1,0.00117871684415,0.00122059803513,0.610689905113,0.386910780009,0.00239931487928,0.997600685121,5.84969319635,0.684779008502,34.6878327819,0,0,0.005,0,0,20.4,40.8012037436,0,0,0,0,0,0,0,0,0,0
6.08,0.559730115949,0.440269884051,1,1,0.00117878239713,0.00122051772292,0.558551333552,0.439049366328,0.00239930012004,0.99760069988,5.85583081352,0.683623465043,34.7580955586,0,0,0.005,0,0,20.4,40.8012037436,0,0,0,0,0,0,0,0,0,0
6.085,0.506254153746,0.493745846255,1,1,0.00117882305503,0.00122041742401,0.505075330691,0.492525428831,0.00239924047904,0.997600759521,5.86182141373,0.682498658259,34.826754705,0,0,0.005,0,0,20.4,40.8012037436,0,0,0,0,0,0,0,0,0,0
6.09,0.452190598485,0.547809401516,1,1,0.00117883966027,0.00122029849174,0.451011758825,0.546589103024,0.00239913815201,0.997600861848,5.86766480172,0.681404420769,34.89380221,0,0,0.005,0,0,20.4,40.8012037436,0,0,0,0,0,0,0,0,0,0
6.095,0.398307582095,0.601692417906,1,1,0.00117883385429,0.00122016308031,0.39712874824,0.600472254825,0.00239899693461,0.997601003066,5.87336078568,0.680340585693,34.9592302313,0,0,0.005,0,0,20.4,40.8012037436,0,0,0,0,0,0,0,0,0,0
6.1,0.345380216479,0.654619783521,1,1,0.00117880803295,0.00122001408893,0.344201408446,0.653399769432,0.00239882212189,0.997601177879,5.87890917785,0.679306986879,35.0230311038,0,0,0.005,0,0,20.4,40.8012037436,0,0,0,0,0,0,0,0,0,0
6.105,0.29417902582,0.70582097418,1,1,0.0011787652678,0.00121985507277,0.293000260553,0.704601119107,0.00239862034057,0.99760137966,5.88430979517,0.678303459159,35.0851973483,0,0,0.005,0,0,20.4,40.8012037436,0,0,0,0,0,0,0,0,0,0
6.11,0.245458279224,0.754541720776,1,1,0.0011787091969,0.00121969012452,0.244279570027,0.753322030652,0.00239839932142,0.997601600679,5.88956245996,0.677329838613,35.14572168,0,0,0.005,0,0,20.4,40.8012037436,0,0,0,0,0,0,0,0,0,0
6.115,0.199944407563,0.800055592438,1,1,0.00117864388988,0.00121952373175,0.198765763673,0.798836068706,0.00239816762163,0.997601832379,5.89466700047,0.676385962861,35.2045970172,0,0,0.005,0,0,20.4,40.8012037436,0,0,0,0,0,0,0,0,0,0
6.12,0.158324689944,0.841675310057,1,1,0.00117857369326,0.00121936061653,0.157146116251,0.84045594944,0.0023979343098,0.997602065691,5.89962325156,0.675471671358,35.2618164891,0,0,0.005,0,0,20.4,40.8012037436,0,0,0,0,0,0,0,0,0,0
6.125,0.121236393749,0.878763606252,1,1,0.00117850306295,0.00121920556415,0.120057890686,0.877544400688,0.0023977086271,0.997602291373,5.90443105516,0.674586805699,35.3173734436,0,0,0.005,0,0,20.4,40.8012037436,0,0,0,0,0,0,0,0,0,0
6.13,0.0892565475566,0.910743452444,1,1,0.00117843639133,0.00121906324873,0.0880781111653,0.909524389195,0.00239749964006,0.99760250036,5.90909026088,0.673731209933,35.3712614545,0,0,0.005,0,0,20.4,40.8012037436,0,0,0,0,0,0,0,0,0,0
6.135,0.0628925185746,0.937107481426,1,1,0.00117837783672,0.0012189380633,0.0617141407379,0.935888543363,0.00239731590002,0.9976026841,5.9136007264,0.672904730876,35.4234743281,0,0,0.005,0,0,20.4,40.8012037436,0,0,0,0,0,0,0,0,0,0
6.14,0.0425735554722,0.957426444528,1,1,0.00117833116256,0.00121883396181,0.0413952243096,0.956207610567,0.00239716512437,0.997602834876,5.91796231792,0.67210721842,35.4740061094,0,0,0.005,0,0,20.4,40.8012037436,0,0,0,0,0,0,0,0,0,0
6.145,0.0286434439476,0.971356556053,1,1,0.0011782995936,0.0012187543199,0.027465144354,0.970137801733,0.00239705391349,0.997602946087,5.92217491047,0.671338525836,35.5228510864,0,0,0.005,0,0,20.4,40.8012037436,0,0,0,0,0,0,0,0,0,0
6.15,0.0213544060978,0.978645593903,1,1,0.00117828569511,0.00121870182049,0.0201761204026,0.977426892082,0.0023969875156,0.997603012485,5.92623838816,0.670598510067,35.5700037951,0,0,0.005,0,0,20.4,40.8012037436,0,0,0,0,0,0,0,0,0,0
6.155,0.0208623559775,0.979137644023,1,1,0.00117829128047,0.00121867836893,0.0196840646971,0.977918965654,0.00239696964939,0.997603030351,5.93015264444,0.669887032011,35.615459022,0,0,0.005,0,0,20.4,40.8012037436,0,0,0,0,0,0,0,0,0,0
6.16,0.0272236029112,0.972776397089,1,1,0.00117831735065,0.00121868504112,0.0260452855606,0.971557712048,0.00239700239177,0.997602997609,5.9339175821,0.669203956782,35.6592118069,0,0,0.005,0,0,20.4,40.8012037436,0,0,0,0,0,0,0,0,0,0
6.165,0.0403930714779,0.959606928523,1,1,0.0011783640682,0.0012187220666,0.0392147074097,0.958388206456,0.00239708613481,0.997602913866,5.9375331134,0.668549153955,35.701257444,0,0,0.005,0,0,20.4,40.8012037436,0,0,0,0,0,0,0,0,0,0
6.17,0.0602240830147,0.939775916986,1,1,0.00117843076621,0.00121878884675,0.0590456522485,0.938557128139,0.00239721961297,0.997602780388,5.94099915995,0.667922497791,35.7415914816,0,0,0.005,0,0,20.4,40.8012037436,0,0,0,0,0,0,0,0,0,0
6.175,0.0864697183598,0.913530281641,1,1,0.00117851599131,0.00121888400688,0.0852912023685,0.912311397634,0.00239739999819,0.997602600002,5.9443156526,0.667323867433,35.7802097217,0,0,0.005,0,0,20.4,40.8012037436,0,0,0,0,0,0,0,0,0,0
6.18,0.118785755812,0.881214244188,1,1,0.00117861757832,0.00121900547927,0.117607138234,0.879995238709,0.00239762305759,0.997602376943,5.94748253119,0.666753147087,35.817108218,0,0,0.005,0,0,20.4,40.8012037436,0,0,0,0,0,0,0,0,0,0
6.185,0.156735152366,0.843264847635,1,1,0.0011787327525,0.0012191506129,0.155556419613,0.842045697022,0.0023978833654,0.997602116635,5.9504997443,0.666210226164,35.8522832724,0,0,0.005,0,0,20.4,40.8012037436,0,0,0,0,0,0,0,0,0,0
6.19,0.199794010608,0.800205989393,1,1,0.0011788582542,0.00121931630441,0.198615152354,0.798986673088,0.0023981745586,0.997601825442,5.95336724883,0.665694999406,35.8857314317,0,0,0.005,0,0,20.4,40.8012037436,0,0,0,0,0,0,0,0,0,0
6.195,0.24735894874,0.752641051261,1,1,0.00117899047971,0.00121949914382,0.24617995826,0.751421552117,0.00239848962353,0.997601510377,5.95608500959,0.665207366984,35.9174494826,0,0,0.005,0,0,20.4,40.8012037436,0,0,0,0,0,0,0,0,0,0
6.2,0.298755767373,0.701244232627,1,1,0.00117912563146,0.00121969556807,0.297576641742,0.700024537059,0.00239882119953,0.997601178801,5.95865299877,0.664747234563,35.9474344456,0,0,0.005,0,0,20.4,40.8012037436,0,0,0,0,0,0,0,0,0,0
6.205,0.353249284549,0.646750715452,1,1,0.00117925987026,0.00121990201497,0.352070024678,0.645530813437,0.00239916188523,0.997600838115,5.96107119539,0.664314513349,35.9756835691,0,0,0.005,0,0,20.4,40.8012037436,0,0,0,0,0,0,0,0,0,0
6.21,0.410054190178,0.589945809822,1,1,0.00117938946231,0.00122011507038,0.408874800716,0.588725694752,0.00239950453269,0.997600495468,5.96333958468,0.663909120112,36.002194322,0,0,0.005,0,0,20.4,40.8012037436,0,0,0,0,0,0,0,0,0,0
6.215,0.468346753224,0.531653246776,1,1,0.00117951091413,0.00122033160167,0.46716724231,0.530432915174,0.00239984251579,0.997600157485,5.96545815746,0.663530977182,36.026964386,0,0,0.005,0,0,20.4,40.8012037436,0,0,0,0,0,0,0,0,0,0
6.22,0.527277199698,0.472722800302,1,1,0.00117962108899,0.00122054887135,0.526097578609,0.471502251431,0.00240016996034,0.99759983004,5.96742690941,0.663180012427,36.0499916481,0,0,0.005,0,0,20.4,40.8012037436,0,0,0,0,0,0,0,0,0,0
6.225,0.58598256731,0.414017432691,1,1,0.00117971729972,0.00122076462578,0.58480285001,0.412796668065,0.00240048192551,0.997599518075,5.96924584044,0.662856159218,36.0712741914,0,0,0.005,0,0,20.4,40.8012037436,0,0,0,0,0,0,0,0,0,0
6.23,0.643599833524,0.356400166476,1,1,0.00117979737358,0.00122097715497,0.642420036151,0.355179189321,0.00240077452856,0.997599225472,5.97091495389,0.662559356372,36.0908102873,0,0,0.005,0,0,20.4,40.8012037436,0,0,0,0,0,0,0,0,0,0
6.235,0.699279108083,0.300720891917,1,1,0.00117985968668,0.00122118532106,0.698099248397,0.299499706596,0.00240104500774,0.997598954993,5.97243425592,0.662289548087,36.1085983868,0,0,0.005,0,0,20.4,40.8012037436,0,0,0,0,0,0,0,0,0,0
6.24,0.752196678848,0.247803321153,1,1,0.00117990316668,0.00122138855455,0.751016775681,0.246581932598,0.00240129172123,0.997598708279,5.97380375475,0.662046683866,36.1246371119,0,0,0.005,0,0,20.4,40.8012037436,0,0,0,0,0,0,0,0,0,0
6.245,0.801567701168,0.198432298832,1,1,0.00117992726423,0.00122158681897,0.800387773904,0.197210712013,0.0024015140832,0.997598485917,5.97502346002,0.661830718442,36.1389252476,0,0,0.005,0,0,20.4,40.8012037436,0,0,0,0,0,0,0,0,0,0
6.25,0.846658325876,0.153341674124,1,1,0.00117993189504,0.00122178054612,0.845478393981,0.152119893578,0.00240171244116,0.997598287559,5.97609338212,0.661641611686,36.1514617341,0,0,0.005,0,0,20.4,40.8012037436,0,0,0,0,0,0,0,0,0,0
6.255,0.886797069369,0.113202930631,1,1,0.00117991735614,0.00122197054557,0.885617152013,0.111980960086,0.00240188790171,0.997598112099,5.97701353163,0.661479328529,36.1622456593,0,0,0.005,0,0,20.4,40.8012037436,0,0,0,0,0,0,0,0,0,0
6.26,0.921385240991,0.0786147590096,1,1,0.00117988422085,0.00122215789339,0.92020535677,0.0773926011162,0.00240204211423,0.997597957886,5.97778391875,0.66134383888,36.1712762525,0,0,0.005,0,0,20.4,40.8012037436,0,0,0,0,0,0,0,0,0,0
6.265,0.949906257789,0.0500937422114,1,1,0.00117983321849,0.00122234380586,0.948726424571,0.0488713984056,0.00240217702435,0.997597822976,5.97840455281,0.661235117553,36.1785528778,0,0,0.005,0,0,20.4,40.8012037436,0,0,0,0,0,0,0,0,0,0
6.27,0.971933694541,0.0280663054595,1,1,0.00117976510525,0.00122252950514,0.970753929436,0.0268437759543,0.00240229461038,0.99759770539,5.97887544188,0.661153144197,36.1840750296,0,0,0.005,0,0,20.4,40.8012037436,0,0,0,0,0,0,0,0,0,0
6.275,0.987137937352,0.0128620626487,1,1,0.00117968053324,0.00122271608379,0.985958256819,0.0116393465649,0.00240239661703,0.997597603383,5.97919659237,0.661097903243,36.1878423279,0,0,0.005,0,0,20.4,40.8012037436,0,0,0,0,0,0,0,0,0,0
6.28,0.995291331819,0.004708668182,1,1,0.00117957992513,0.00122290437554,0.994111751893,0.00348576380646,0.00240248430067,0.9975975157,5.97936800884,0.661069383857,36.1898545154,0,0,0.005,0,0,20.4,40.8012037436,0,0,0,0,0,0,0,0,0,0
6.285,0.996271741323,0.00372825867796,1,1,0.00117946336113,0.00122309483914,0.995092277961,0.00250516383881,0.00240255820028,0.9975974418,5.97938969372,0.66106757991,36.1901114546,0,0,0.005,0,0,20.4,40.8012037436,0,0,0,0,0,0,0,0,0,0
6.29,0.990064457036,0.0099355429643,1,1,0.00117933048493,0.00122328746198,0.988885126551,0.00871225550231,0.00240261794691,0.997597382054,5.9792616473,0.661092489963,36.1886131272,0,0,0.005,0,0,20.4,40.8012037436,0,0,0,0,0,0,0,0,0,0
6.295,0.97676242827,0.0232375717302,1,1,0.00117918043411,0.00122348168873,0.975583247836,0.0220140900415,0.00240266212284,0.997597337878,5.97898386767,0.661144117263,36.1853596336,0,0,0.005,0,0,20.4,40.8012037436,0,0,0,0,0,0,0,0,0,0
6.3,0.956564809368,0.0434351906329,1,1,0.00117901179971,0.00122367637963,0.955385797568,0.0422115142532,0.00240268817934,0.997597311821,5.97855635079,0.661222469757,36.1803511941,0,0,0.005,0,0,20.4,40.8012037436,0,0,0,0,0,0,0,0,0,0
6.305,0.929773846995,0.0702261530058,1,1,0.00117882261779,0.00122386980147,0.928595024377,0.0690022832043,0.00240269241926,0.997597307581,5.97797909068,0.66132756012,36.1735881504,0,0,0.005,0,0,20.4,40.8012037436,0,0,0,0,0,0,0,0,0,0
6.31,0.896790158918,0.103209841083,1,1,0.001178610395,0.00122405965271,0.895611548523,0.10198578143,0.00240267004771,0.997597329953,5.97725207966,0.661459405795,36.1650709693,0,0,0.005,0,0,20.4,40.8012037436,0,0,0,0,0,0,0,0,0,0
6.315,0.8581064817,0.1418935183,1,1,0.0011783721681,0.00122424312281,0.856928109532,0.140669275177,0.00240261529091,0.99759738471,5.97637530865,0.66161802905,36.1548002463,0,0,0.005,0,0,20.4,40.8012037436,0,0,0,0,0,0,0,0,0,0
6.32,0.814299989775,0.185700010225,1,1,0.00117810459582,0.00122441698422,0.813121885179,0.184475593241,0.00240252158004,0.99759747842,5.9753487676,0.661803457038,36.1427767102,0,0,0.005,0,0,20.4,40.8012037436,0,0,0,0,0,0,0,0,0,0
6.325,0.766023311585,0.233976688415,1,1,0.00117780408023,0.00122457771372,0.764845507505,0.232752110702,0.00240238179394,0.997597618207,5.97417244594,0.662015721877,36.1290012298,0,0,0.005,0,0,20.4,40.8012037436,0,0,0,0,0,0,0,0,0,0
6.33,0.713994389572,0.286005610429,1,1,0.00117746691299,0.00122472163863,0.712816922659,0.28478088879,0.00240218855162,0.997597811449,5.97284633311,0.662254860721,36.1134748195,0,0,0.005,0,0,20.4,40.8012037436,0,0,0,0,0,0,0,0,0,0
6.335,0.658985349343,0.341014650658,1,1,0.00117708944081,0.00122484510222,0.657808259902,0.339789805555,0.00240193454304,0.997598065457,5.97137041916,0.662520915851,36.0961986468,0,0,0.005,0,0,20.4,40.8012037436,0,0,0,0,0,0,0,0,0,0
6.34,0.601810559063,0.398189440937,1,1,0.00117666824347,0.00122494464138,0.60063389082,0.396964496296,0.00240161288485,0.997598387116,5.96974469538,0.662813934756,36.0771740402,0,0,0.005,0,0,20.4,40.8012037436,0,0,0,0,0,0,0,0,0,0
6.345,0.54331407274,0.45668592726,1,1,0.00117620031693,0.00122501716925,0.542137872423,0.455460910091,0.00240121748618,0.997598782514,5.96796915494,0.663133970217,36.0564024968,0,0,0.005,0,0,20.4,40.8012037436,0,0,0,0,0,0,0,0,0,0
6.35,0.484356660375,0.515643339626,1,1,0.00117568325383,0.0012250601551,0.483180977121,0.514418279471,0.00240074340893,0.997599256592,5.9660437936,0.663481080382,36.0338856912,0,0,0.005,0,0,20.4,40.8012037436,0,0,0,0,0,0,0,0,0,0
6.355,0.425802633816,0.574197366184,1,1,0.00117511541352,0.00122507179342,0.424627518403,0.572972294391,0.00240018720695,0.997599812794,5.96396861042,0.663855328838,36.0096254837,0,0,0.005,0,0,20.4,40.8012037436,0,0,0,0,0,0,0,0,0,0
6.36,0.368506679483,0.631493320517,1,1,0.00117449607403,0.00122505115502,0.367332183409,0.630268269362,0.00239954722905,0.997600452771,5.96174360842,0.664256784668,35.9836239286,0,0,0.005,0,0,20.4,40.8012037436,0,0,0,0,0,0,0,0,0,0
6.365,0.31330090787,0.68669909213,1,1,0.00117382555913,0.00122499831294,0.312127082311,0.685474093817,0.00239882387207,0.997601176128,5.95936879538,0.664685522494,35.9558832831,0,0,0.005,0,0,20.4,40.8012037436,0,0,0,0,0,0,0,0,0,0
6.37,0.26098232502,0.739017674981,1,1,0.00117310533442,0.00122491443749,0.259809219685,0.737792760543,0.00239801977191,0.997601980229,5.95684418441,0.665141622503,35.9264060153,0,0,0.005,0,0,20.4,40.8012037436,0,0,0,0,0,0,0,0,0,0
6.375,0.212300922971,0.78769907703,1,1,0.0011723380675,0.00122480185554,0.211128584903,0.786474275174,0.00239713992304,0.997602860077,5.95416979469,0.665625170458,35.8951948115,0,0,0.005,0,0,20.4,40.8012037436,0,0,0,0,0,0,0,0,0,0
6.38,0.167948574784,0.832051425216,1,1,0.00117152764891,0.00122466407051,0.166777047135,0.830826761146,0.00239619171942,0.997603808281,5.95134565207,0.666136257681,35.8622525842,0,0,0.005,0,0,20.4,40.8012037436,0,0,0,0,0,0,0,0,0,0
6.385,0.128548905303,0.871451094698,1,1,0.00117067917161,0.00122450574143,0.127378226131,0.870226588957,0.00239518491304,0.997604815087,5.94837178963,0.666674981018,35.827582478,0,0,0.005,0,0,20.4,40.8012037436,0,0,0,0,0,0,0,0,0,0
6.39,0.0946482916038,0.905351708397,1,1,0.00116979886878,0.00122433262056,0.093478492735,0.904127375776,0.00239413148934,0.997605868511,5.94524824823,0.667241442773,35.791187876,0,0,0.005,0,0,20.4,40.8012037436,0,0,0,0,0,0,0,0,0,0
6.395,0.0667081274718,0.933291872529,1,1,0.00116889401108,0.00122415145094,0.0655392334607,0.932067721078,0.00239304546202,0.997606954539,5.94197507694,0.667835750624,35.7530724047,0,0,0.005,0,0,20.4,40.8012037436,0,0,0,0,0,0,0,0,0,0
6.4,0.045098464478,0.954901535523,1,1,0.00116797276609,0.00122396982671,0.0439304917119,0.953677565696,0.00239194259281,0.997608057408,5.93855233344,0.668458017506,35.7132399382,0,0,0.005,0,0,20.4,40.8012037436,0,0,0,0,0,0,0,0,0,0
6.405,0.0300931188655,0.969906881135,1,1,0.00116704402425,0.0012237960205,0.0289260748412,0.968683085115,0.00239084004474,0.997609159956,5.93498008438,0.669108361471,35.6716946014,0,0,0.005,0,0,20.4,40.8012037436,0,0,0,0,0,0,0,0,0,0
6.41,0.0218663087413,0.978133691259,1,1,0.00116611719655,0.00122363878331,0.0207001915448,0.976910052476,0.00238975597986,0.997610244021,5.93125840557,0.669786905519,35.6284407724,0,0,0.005,0,0,20.4,40.8012037436,0,0,0,0,0,0,0,0,0,0
6.415,0.0204908605658,0.979509139435,1,1,0.00116520199072,0.00122350712358,0.0193256585751,0.978285632311,0.00238870911431,0.997611290886,5.92738738214,0.670493777406,35.5834830835,0,0,0.005,0,0,20.4,40.8012037436,0,0,0,0,0,0,0,0,0,0
6.42,0.0259379980218,0.974062001979,1,1,0.00116430817299,0.00122341007253,0.0247736898488,0.972838591906,0.00238771824552,0.997612281755,5.92336710868,0.671229109432,35.5368264216,0,0,0.005,0,0,20.4,40.8012037436,0,0,0,0,0,0,0,0,0,0
6.425,0.0380787005019,0.961921299499,1,1,0.00116344532323,0.00122335644367,0.0369152551787,0.960697943055,0.00238680176689,0.997613198234,5.91919768917,0.671993038195,35.4884759268,0,0,0.005,0,0,20.4,40.8012037436,0,0,0,0,0,0,0,0,0,0
6.43,0.0566865931063,0.943313406894,1,1,0.00116262259145,0.00122335459437,0.0555239705149,0.9420900523,0.00238597718582,0.997614022815,5.91487923691,0.672785704337,35.4384369912,0,0,0.005,0,0,20.4,40.8012037436,0,0,0,0,0,0,0,0,0,0
6.435,0.0814423056304,0.91855769437,1,1,0.0011618484635,0.00122341219716,0.0802804571669,0.917334282173,0.00238526066066,0.99761473934,5.91041187438,0.67360725227,35.3867152551,0,0,0.005,0,0,20.4,40.8012037436,0,0,0,0,0,0,0,0,0,0
6.44,0.111939214946,0.888060785055,1,1,0.00116113054316,0.00122353602819,0.110778084403,0.886837249026,0.00238466657135,0.997615333429,5.90579573298,0.674457829882,35.3333166039,0,0,0.005,0,0,20.4,40.8012037436,0,0,0,0,0,0,0,0,0,0
6.445,0.147690463815,0.852309536185,1,1,0.00116047535764,0.00122373177931,0.146529988457,0.851085804406,0.00238420713696,0.997615792864,5.90103095268,0.675337588242,35.2782471626,0,0,0.005,0,0,20.4,40.8012037436,0,0,0,0,0,0,0,0,0,0
6.45,0.188137129876,0.811862870125,1,1,0.00115988819199,0.00122400389961,0.186977241684,0.810638866225,0.00238389209161,0.997616107909,5.89611768169,0.676246681286,35.2215132903,0,0,0.005,0,0,20.4,40.8012037436,0,0,0,0,0,0,0,0,0,0
6.455,0.232657401585,0.767342598416,1,1,0.00115937295725,0.00122435547071,0.231498028627,0.766118242945,0.00238372842796,0.997616271573,5.891056076,0.677185265511,35.1631215743,0,0,0.005,0,0,20.4,40.8012037436,0,0,0,0,0,0,0,0,0,0
6.46,0.280576603583,0.719423396418,1,1,0.00115893209568,0.00122478811924,0.279417671487,0.718198608299,0.00238372021492,0.997616279786,5.88584629882,0.678153499658,35.1030788224,0,0,0.005,0,0,20.4,40.8012037436,0,0,0,0,0,0,0,0,0,0
6.465,0.33117790243,0.668822097571,1,1,0.00115856652521,0.00122530196831,0.330019335904,0.667596795603,0.00238386849353,0.997616131507,5.88048852013,0.67915154441,35.0413920556,0,0,0.005,0,0,20.4,40.8012037436,0,0,0,0,0,0,0,0,0,0
6.47,0.383713515126,0.616286484874,1,1,0.00115827562368,0.00122589562844,0.382555239503,0.615060589246,0.00238417125213,0.997615828748,5.87498291601,0.680179562087,34.9780685001,0,0,0.005,0,0,20.4,40.8012037436,0,0,0,0,0,0,0,0,0,0
6.475,0.437416237385,0.562583762615,1,1,0.00115805725234,0.00122656622719,0.436258180133,0.561357196388,0.00238462347953,0.997615376521,5.86932966809,0.681237716361,34.9131155789,0,0,0.005,0,0,20.4,40.8012037436,0,0,0,0,0,0,0,0,0,0
6.48,0.491511106257,0.508488893744,1,1,0.0011579078166,0.00122730947524,0.49035319844,0.507261584268,0.00238521729183,0.997614782709,5.86352896286,0.682326171978,34.8465409033,0,0,0.005,0,0,20.4,40.8012037436,0,0,0,0,0,0,0,0,0,0
6.485,0.545227012505,0.454772987496,1,1,0.00115782236101,0.00122811976587,0.544069190144,0.45354486773,0.00238594212688,0.997614057874,5.85758099107,0.683445094508,34.7783522641,0,0,0.005,0,0,20.4,40.8012037436,0,0,0,0,0,0,0,0,0,0
6.49,0.597808081902,0.402191918098,1,1,0.00115779469438,0.0012289903034,0.596650287208,0.400962927795,0.00238678499779,0.997613215003,5.85148594705,0.684594650104,34.7085576235,0,0,0.005,0,0,20.4,40.8012037436,0,0,0,0,0,0,0,0,0,0
6.495,0.648524651376,0.351475348625,1,1,0.00115781754026,0.0012299132558,0.647366833836,0.350245435369,0.00238773079606,0.997612269204,5.8452440281,0.685775005296,34.6371651059,0,0,0.005,0,0,20.4,40.8012037436,0,0,0,0,0,0,0,0,0,0
6.5,0.696683675387,0.303316324613,1,1,0.00115788270729,0.00123087992579,0.69552579268,0.302085444688,0.00238876263307,0.997611237367,5.83885543385,0.686986326801,34.5641829906,0,0,0.005,0,0,20.4,40.8012037436,0,0,0,0,0,0,0,0,0,0
6.505,0.741638409977,0.258361590023,1,1,0.00115798127387,0.00123188093485,0.740480428704,0.257129709088,0.00238986220872,0.997610137792,5.83232036567,0.68822878137,34.4896197033,0,0,0.005,0,0,20.4,40.8012037436,0,0,0,0,0,0,0,0,0,0
6.51,0.782797236227,0.217202763773,1,1,0.0011581037812,0.00123290641408,0.781639132446,0.215969857359,0.00239101019529,0.997608989805,5.82563902613,0.689502535654,34.4134838094,0,0,0.005,0,0,20.4,40.8012037436,0,0,0,0,0,0,0,0,0,0
6.515,0.819631501194,0.180368498806,1,1,0.00115824042902,0.00123394619634,0.818473260765,0.17913455261,0.00239218662536,0.997607813375,5.81881161843,0.690807756107,34.3357840067,0,0,0.005,0,0,20.4,40.8012037436,0,0,0,0,0,0,0,0,0,0
6.52,0.851682272418,0.148317727582,1,1,0.00115838126874,0.00123499000428,0.850523891149,0.147082737578,0.00239337127302,0.997606628728,5.811838346,0.692144608916,34.2565291197,0,0,0.005,0,0,20.4,40.8012037436,0,0,0,0,0,0,0,0,0,0
6.525,0.878565921435,0.121434078565,1,1,0.00115851638914,0.00123602762962,0.877407405046,0.120198050936,0.00239454401876,0.997605455982,5.80471941201,0.693513259956,34.1757280939,0,0,0.005,0,0,20.4,40.8012037436,0,0,0,0,0,0,0,0,0,0
6.53,0.899978472105,0.100021527896,1,1,0.00115863609034,0.00123704909949,0.898819836014,0.0987844787962,0.00239568518984,0.997604314811,5.79745501908,0.694913874785,34.0933899917,0,0,0.005,0,0,20.4,40.8012037436,0,0,0,0,0,0,0,0,0,0
6.535,0.915698670539,0.0843013294619,1,1,0.00115873104277,0.00123804482666,0.914539939496,0.0830632846353,0.00239677586942,0.997603224131,5.79004536895,0.696346618648,34.0095239877,0,0,0.005,0,0,20.4,40.8012037436,0,0,0,0,0,0,0,0,0,0
6.54,0.92558975466,0.074410245341,1,1,0.00115879242832,0.00123900574125,0.924430962231,0.0731712395997,0.00239779816957,0.997602201831,5.78249066223,0.697811656526,33.9241393668,0,0,0.005,0,0,20.4,40.8012037436,0,0,0,0,0,0,0,0,0,0
6.545,0.929599922569,0.0704000774319,1,1,0.00115881206223,0.00123992340246,0.928441110506,0.0691601540295,0.00239873546469,0.997601264536,5.77479109833,0.699309153189,33.837245521,0,0,0.005,0,0,20.4,40.8012037436,0,0,0,0,0,0,0,0,0,0
6.55,0.927761519575,0.0722384804254,1,1,0.00115878249452,0.00124079008959,0.926602737081,0.0709976903358,0.0023995725841,0.997600427416,5.76694687526,0.700839273284,33.748851949,0,0,0.005,0,0,20.4,40.8012037436,0,0,0,0,0,0,0,0,0,0
6.555,0.92018898364,0.0798110163606,1,1,0.00115869709094,0.00124159887261,0.919030286549,0.078569417488,0.00240029596355,0.997599704037,5.7589581897,0.702402181429,33.6589682552,0,0,0.005,0,0,20.4,40.8012037436,0,0,0,0,0,0,0,0,0,0
6.56,0.907075607753,0.0929243922475,1,1,0.00115855009415,0.00124234366317,0.905917057659,0.0916820485843,0.00240089375731,0.997599106243,5.75082523701,0.703998042324,33.5676041502,0,0,0.005,0,0,20.4,40.8012037436,0,0,0,0,0,0,0,0,0,0
6.565,0.888689195152,0.111310804849,1,1,0.00115833666603,0.00124301924731,0.887530858486,0.110067785602,0.00240135591334,0.997598644087,5.74254821136,0.705627020872,33.4747694524,0,0,0.005,0,0,20.4,40.8012037436,0,0,0,0,0,0,0,0,0,0
6.57,0.865366698999,0.134633301001,1,1,0.00115805291297,0.00124362130213,0.864208646086,0.133389679699,0.0024016742151,0.997598325785,5.73412730591,0.707289282304,33.3804740892,0,0,0.005,0,0,20.4,40.8012037436,0,0,0,0,0,0,0,0,0,0
6.575,0.837507951992,0.162492048009,1,1,0.00115769589593,0.00124414639826,0.836350256096,0.16124790161,0.00240184229419,0.997598157706,5.72556271304,0.708984992305,33.2847281003,0,0,0.005,0,0,20.4,40.8012037436,0,0,0,0,0,0,0,0,0,0
6.58,0.805568603133,0.194431396868,1,1,0.00115726362743,0.00124459199068,0.804411339505,0.193186804877,0.00240185561811,0.997598144382,5.71685462468,0.710714317139,33.1875416404,0,0,0.005,0,0,20.4,40.8012037436,0,0,0,0,0,0,0,0,0,0
6.585,0.770052388493,0.229947611508,1,1,0.00115675505761,0.00124495640017,0.768895633435,0.228702655107,0.00240171145778,0.997598288543,5.70800323262,0.712477423762,33.088924983,0,0,0.005,0,0,20.4,40.8012037436,0,0,0,0,0,0,0,0,0,0
6.59,0.731502870035,0.268497129966,1,1,0.0011561700513,0.00124523878753,0.730346699984,0.267251891178,0.00240140883883,0.997598591162,5.69900872893,0.71427447993,32.9888885251,0,0,0.005,0,0,20.4,40.8012037436,0,0,0,0,0,0,0,0,0,0
6.595,0.690494781476,0.309505218525,1,1,0.00115550935801,0.00124543912252,0.689339272118,0.308259779402,0.00240094848053,0.99759905152,5.68987130637,0.716105654288,32.8874427912,0,0,0.005,0,0,20.4,40.8012037436,0,0,0,0,0,0,0,0,0,0
6.6,0.647625122686,0.352374877314,1,1,0.00115477457633,0.00124555814902,0.64647034811,0.351129319165,0.00240033272535,0.997599667275,5.68059115888,0.71797111644,32.7845984384,0,0,0.005,0,0,20.4,40.8012037436,0,0,0,0,0,0,0,0,0,0
6.605,0.603504144268,0.396495855733,1,1,0.00115396811379,0.0012455973476,0.602350176154,0.395250258385,0.0023995654614,0.997600434539,5.67116848202,0.719871037004,32.6803662614,0,0,0.005,0,0,20.4,40.8012037436,0,0,0,0,0,0,0,0,0,0
6.61,0.55874636183,0.441253638171,1,1,0.00115309314306,0.00124555889617,0.557593268687,0.440008079274,0.00239865203923,0.997601347961,5.66160347353,0.721805587628,32.5747571978,0,0,0.005,0,0,20.4,40.8012037436,0,0,0,0,0,0,0,0,0,0
6.615,0.513961735148,0.486038264852,1,1,0.00115215355477,0.00124544562882,0.512809581593,0.484792819224,0.00239759918359,0.997602400817,5.6518963338,0.723774940997,32.4677823332,0,0,0.005,0,0,20.4,40.8012037436,0,0,0,0,0,0,0,0,0,0
6.62,0.469747141016,0.530252858985,1,1,0.00115115390694,0.00124526099289,0.468595987109,0.529007597992,0.00239641489984,0.997603585101,5.64204726639,0.725779270791,32.3594529061,0,0,0.005,0,0,20.4,40.8012037436,0,0,0,0,0,0,0,0,0,0
6.625,0.426678260332,0.573321739669,1,1,0.00115009937079,0.0012450090035,0.425528160961,0.572076730666,0.00239510837429,0.997604891626,5.63205647856,0.72781875163,32.2497803129,0,0,0.005,0,0,20.4,40.8012037436,0,0,0,0,0,0,0,0,0,0
6.63,0.385301990008,0.614698009993,1,1,0.00114899567219,0.00124469419483,0.384152994336,0.613453315798,0.00239368986701,0.997606310134,5.62192418173,0.729893558974,32.1387761125,0,0,0.005,0,0,20.4,40.8012037436,0,0,0,0,0,0,0,0,0,0
6.635,0.346129478864,0.653870521136,1,1,0.00114784902826,0.00124432156718,0.344981629836,0.652626199569,0.00239217059544,0.997607829405,5.611650592,0.732003868994,32.0264520309,0,0,0.005,0,0,20.4,40.8012037436,0,0,0,0,0,0,0,0,0,0
6.64,0.309629873994,0.690370126006,1,1,0.00114666607828,0.00124389652878,0.308483207916,0.689126229478,0.00239056260706,0.997609437393,5.60123593058,0.734149858412,31.9128199646,0,0,0.005,0,0,20.4,40.8012037436,0,0,0,0,0,0,0,0,0,0
6.645,0.276224850447,0.723775149553,1,1,0.00114545380823,0.00124342483128,0.275079396639,0.722531724722,0.00238887863951,0.997611121361,5.5906804242,0.736331704308,31.7978919843,0,0,0.005,0,0,20.4,40.8012037436,0,0,0,0,0,0,0,0,0,0
6.65,0.246283982689,0.753716017312,1,1,0.00114421946858,0.00124291249836,0.24513976322,0.752473104813,0.00238713196695,0.997612868034,5.57998430554,0.738549583894,31.6816803379,0,0,0.005,0,0,20.4,40.8012037436,0,0,0,0,0,0,0,0,0,0
6.655,0.220121001437,0.779878998563,1,1,0.0011429704851,0.00124236574683,0.218978030952,0.778636632816,0.00238533623192,0.997614663769,5.56914781352,0.740803674261,31.5641974527,0,0,0.005,0,0,20.4,40.8012037436,0,0,0,0,0,0,0,0,0,0
6.66,0.197990964438,0.802009035562,1,1,0.00114171436284,0.00124179090017,0.196849250075,0.800767244662,0.00238350526301,0.997616494738,5.55817119366,0.743094152096,31.4454559369,0,0,0.005,0,0,20.4,40.8012037436,0,0,0,0,0,0,0,0,0,0
6.665,0.180088354708,0.819911645292,1,1,0.001140458584,0.0012411942951,0.178947896124,0.818670450997,0.00238165287911,0.997618347121,5.54705469829,0.745421193374,31.3254685814,0,0,0.005,0,0,20.4,40.8012037436,0,0,0,0,0,0,0,0,0,0
6.67,0.166546105085,0.833453894916,1,1,0.00113921050071,0.00124058218181,0.165406894584,0.832213312734,0.00237979268252,0.997620207318,5.53579858679,0.74778497303,31.2042483594,0,0,0.005,0,0,20.4,40.8012037436,0,0,0,0,0,0,0,0,0,0
6.675,0.157435533702,0.842564466298,1,1,0.0011379772242,0.00123996061958,0.156297556478,0.841324505679,0.00237793784378,0.997622062157,5.52440312571,0.750185664614,31.0818084267,0,0,0.005,0,0,20.4,40.8012037436,0,0,0,0,0,0,0,0,0,0
6.68,0.152767161597,0.847232838404,1,1,0.00113676551266,0.00123933536961,0.151630396084,0.845993503034,0.00237610088227,0.997623899118,5.51286858893,0.752623439922,30.9581621211,0,0,0.005,0,0,20.4,40.8012037436,0,0,0,0,0,0,0,0,0,0
6.685,0.152492371091,0.84750762891,1,1,0.00113558165996,0.00123871178754,0.151356789431,0.846268917122,0.0023742934475,0.997625706553,5.50119525765,0.755098468625,30.8333229601,0,0,0.005,0,0,20.4,40.8012037436,0,0,0,0,0,0,0,0,0,0
6.69,0.156505852218,0.843494147782,1,1,0.0011344313882,0.00123809471851,0.15537142083,0.842256053064,0.0023725261067,0.997627473894,5.48938342043,0.757610917888,30.7073046394,0,0,0.005,0,0,20.4,40.8012037436,0,0,0,0,0,0,0,0,0,0
6.695,0.164648774282,0.835351225719,1,1,0.00113331974701,0.0012374883979,0.163515454535,0.834113737321,0.00237080814491,0.997629191856,5.47743337315,0.760160951985,30.5801210302,0,0,0.005,0,0,20.4,40.8012037436,0,0,0,0,0,0,0,0,0,0
6.7,0.17671261083,0.82328738917,1,1,0.00113225102288,0.00123689636101,0.175580359807,0.822050492809,0.00236914738389,0.997630852617,5.46534541887,0.762748731913,30.4517861756,0,0,0.005,0,0,20.4,40.8012037436,0,0,0,0,0,0,0,0,0,0
6.705,0.192443539025,0.807556460976,1,1,0.00113122866147,0.00123632136491,0.191312310364,0.806320139611,0.00236755002638,0.997632449974,5.45311986772,0.765374415015,30.3223142869,0,0,0.005,0,0,20.4,40.8012037436,0,0,0,0,0,0,0,0,0,0
6.71,0.211547328537,0.788452671464,1,1,0.00113025520603,0.00123576532582,0.210417073331,0.787216906138,0.00236602053185,0.997633979469,5.44075703672,0.768038154611,30.1917197395,0,0,0.005,0,0,20.4,40.8012037436,0,0,0,0,0,0,0,0,0,0
6.715,0.233694630874,0.766305369126,1,1,0.00112933225447,0.00123522927466,0.23256529862,0.765070139852,0.00236456152912,0.997635438471,5.42825724953,0.770740099644,30.0600170683,0,0,0.005,0,0,20.4,40.8012037436,0,0,0,0,0,0,0,0,0,0
6.72,0.25852657735,0.741473422651,1,1,0.0011284604373,0.00123471333336,0.257398116912,0.740238709318,0.00236317377066,0.99763682623,5.41562083623,0.773480394338,29.9272209623,0,0,0.005,0,0,20.4,40.8012037436,0,0,0,0,0,0,0,0,0,0
6.725,0.285660592743,0.714339407257,1,1,0.00112763941816,0.00123421671367,0.284532953325,0.713105190544,0.00236185613183,0.997638143869,5.40284813299,0.776259177886,29.7933462594,0,0,0.005,0,0,20.4,40.8012037436,0,0,0,0,0,0,0,0,0,0
6.73,0.314696332091,0.685303667909,1,1,0.00112686791772,0.00123373773965,0.313569464174,0.684069930169,0.00236060565737,0.997639394343,5.38993948178,0.779076584152,29.6584079413,0,0,0.005,0,0,20.4,40.8012037436,0,0,0,0,0,0,0,0,0,0
6.735,0.345221649813,0.654778350188,1,1,0.00112614376123,0.00123327389423,0.344095506051,0.653545076294,0.00235941765546,0.997640582345,5.37689523004,0.781932741405,29.5224211269,0,0,0.005,0,0,20.4,40.8012037436,0,0,0,0,0,0,0,0,0,0
6.74,0.376818513514,0.623181486486,1,1,0.0011254639491,0.00123282188923,0.375693049565,0.621948664597,0.00235828583833,0.997641714162,5.36371573029,0.784827772087,29.3854010672,0,0,0.005,0,0,20.4,40.8012037436,0,0,0,0,0,0,0,0,0,0
6.745,0.40906877921,0.590931220791,1,1,0.00112482474898,0.00123237775759,0.407943954461,0.589698843033,0.00235720250657,0.997642797494,5.35040133981,0.787761792602,29.247363139,0,0,0.005,0,0,20.4,40.8012037436,0,0,0,0,0,0,0,0,0,0
6.75,0.44155975014,0.55844024986,1,1,0.00112422180709,0.00123193696554,0.440435528333,0.557208312895,0.00235615877263,0.997643841228,5.33695242027,0.790734913149,29.1083228391,0,0,0.005,0,0,20.4,40.8012037436,0,0,0,0,0,0,0,0,0,0
6.755,0.473889447874,0.526110552126,1,1,0.00112365027581,0.00123149454164,0.472765797598,0.524879057585,0.00235514481744,0.997644855183,5.3233693373,0.793747237582,28.9682957785,0,0,0.005,0,0,20.4,40.8012037436,0,0,0,0,0,0,0,0,0,0
6.76,0.505671531633,0.494328468367,1,1,0.00112310495379,0.00123104521903,0.504548426679,0.493097423148,0.00235415017282,0.997645849828,5.30965246019,0.796798863308,28.8272976766,0,0,0.005,0,0,20.4,40.8012037436,0,0,0,0,0,0,0,0,0,0
6.765,0.536539809763,0.463460190238,1,1,0.00112258043444,0.00123058358657,0.535417229328,0.462229606651,0.00235316402102,0.99764683598,5.2958021615,0.799889881224,28.6853443558,0,0,0.005,0,0,20.4,40.8012037436,0,0,0,0,0,0,0,0,0,0
6.77,0.566152295748,0.433847704253,1,1,0.0011220712581,0.00123010424409,0.56503022449,0.432617600008,0.00235217550219,0.997647824498,5.28181881668,0.803020375684,28.542451736,0,0,0.005,0,0,20.4,40.8012037436,0,0,0,0,0,0,0,0,0,0
6.775,0.594194770003,0.405805229997,1,1,0.00112157206321,0.0012296019567,0.59307319794,0.404575628041,0.00235117401991,0.997648825981,5.26770280381,0.806190424502,28.3986358299,0,0,0.005,0,0,20.4,40.8012037436,0,0,0,0,0,0,0,0,0,0
6.78,0.620383817713,0.379616182288,1,1,0.00112107773151,0.00122907180335,0.619262739981,0.378387110485,0.00235014953486,0.997649850466,5.25345450321,0.809400098992,28.2539127375,0,0,0.005,0,0,20.4,40.8012037436,0,0,0,0,0,0,0,0,0,0
6.785,0.644469322069,0.355530677932,1,1,0.0011205835227,0.00122850931443,0.643348738546,0.354302168617,0.00234909283713,0.997650907163,5.23907429717,0.812649464039,28.1082986427,0,0,0.005,0,0,20.4,40.8012037436,0,0,0,0,0,0,0,0,0,0
6.79,0.666236401241,0.333763598759,1,1,0.00112008519418,0.00122791059407,0.665116316047,0.332535688165,0.00234799578825,0.997652004212,5.22456256972,0.815938578195,27.9618098083,0,0,0.005,0,0,20.4,40.8012037436,0,0,0,0,0,0,0,0,0,0
6.795,0.685506786141,0.31449321386,1,1,0.0011195791021,0.00122727242304,0.684387207039,0.313265941437,0.00234685152514,0.997653148475,5.20991970632,0.819267493814,27.8144625728,0,0,0.005,0,0,20.4,40.8012037436,0,0,0,0,0,0,0,0,0,0
6.8,0.702139644422,0.297860355578,1,1,0.00111906228058,0.0012265923389,0.701020582142,0.29663376324,0.00234565461948,0.997654345381,5.19514609372,0.822636257201,27.6662733468,0,0,0.005,0,0,20.4,40.8012037436,0,0,0,0,0,0,0,0,0,0
6.805,0.716031864046,0.283968135955,1,1,0.00111853249683,0.00122586869092,0.714913331549,0.282742267264,0.00234440118775,0.997655598813,5.18024211973,0.826044908793,27.5172586103,0,0,0.005,0,0,20.4,40.8012037436,0,0,0,0,0,0,0,0,0,0
6.81,0.727117817029,0.272882182971,1,1,0.00111798828073,0.00122510066832,0.725999828749,0.271657082303,0.00234308894905,0.997656911052,5.16520817306,0.829493483358,27.36743491,0,0,0.005,0,0,20.4,40.8012037436,0,0,0,0,0,0,0,0,0,0
6.815,0.735368630642,0.264631369359,1,1,0.00111742892854,0.00122428830107,0.734251201713,0.263407081058,0.00234171722961,0.997658282771,5.15004464328,0.832982010204,27.2168188571,0,0,0.005,0,0,20.4,40.8012037436,0,0,0,0,0,0,0,0,0,0
6.82,0.740790999192,0.259209000808,1,1,0.00111685448111,0.00122343243403,0.739674144711,0.257985568374,0.00234028691515,0.997659713085,5.13475192063,0.836510513413,27.0654271255,0,0,0.005,0,0,20.4,40.8012037436,0,0,0,0,0,0,0,0,0,0
6.825,0.743425574642,0.256574425359,1,1,0.00111626567833,0.00122253467577,0.742309308964,0.255351890683,0.00233880035411,0.997661199646,5.11933039606,0.840079012077,26.9132764505,0,0,0.005,0,0,20.4,40.8012037436,0,0,0,0,0,0,0,0,0,0
6.83,0.743344978532,0.256655021468,1,1,0.00111566389202,0.00122159732454,0.74222931464,0.255433424144,0.00233726121656,0.997662738784,5.10378046113,0.843687520544,26.7603836277,0,0,0.005,0,0,20.4,40.8012037436,0,0,0,0,0,0,0,0,0,0
6.835,0.740651481107,0.259348518894,1,1,0.00111505104054,0.00122062327485,0.739536430066,0.258127895619,0.00233567431539,0.997664325685,5.08810250807,0.847336048667,26.606765512,0,0,0.005,0,0,20.4,40.8012037436,0,0,0,0,0,0,0,0,0,0
6.84,0.735474396029,0.264525603971,1,1,0.00111442948897,0.00121961590848,0.734359966541,0.263305988063,0.00233404539745,0.997665954603,5.07229692979,0.851024602053,26.4524390173,0,0,0.005,0,0,20.4,40.8012037436,0,0,0,0,0,0,0,0,0,0
6.845,0.727967240766,0.272032759235,1,1,0.00111380193909,0.0012185789747,0.726853438827,0.27081418026,0.00233238091379,0.997667619087,5.05636411996,0.854753182314,26.2974211163,0,0,0.005,0,0,20.4,40.8012037436,0,0,0,0,0,0,0,0,0,0
6.85,0.718304713505,0.281695286495,1,1,0.00111317131381,0.00121751646432,0.717191542192,0.280477770031,0.00233068777813,0.997669312222,5.04030447309,0.858521787304,26.1417288407,0,0,0.005,0,0,20.4,40.8012037436,0,0,0,0,0,0,0,0,0,0
6.855,0.706679537516,0.293320462484,1,1,0.00111254064075,0.00121643248279,0.705566996876,0.292104030001,0.00232897312354,0.997671026877,5.02411838461,0.862330411351,25.9853792809,0,0,0.005,0,0,20.4,40.8012037436,0,0,0,0,0,0,0,0,0,0
6.86,0.693299223071,0.306700776929,1,1,0.00111191293946,0.00121533112712,0.692187310132,0.305485445802,0.00232724406658,0.997672755934,5.00780625105,0.866179045486,25.8283895869,0,0,0.005,0,0,20.4,40.8012037436,0,0,0,0,0,0,0,0,0,0
6.865,0.678382795605,0.321617204396,1,1,0.00111129111666,0.0012142163713,0.677271504488,0.320402988025,0.00232550748796,0.997674492513,4.99136847018,0.870067677644,25.6707769687,0,0,0.005,0,0,20.4,40.8012037436,0,0,0,0,0,0,0,0,0,0
6.87,0.662157536657,0.337842463343,1,1,0.0011106778732,0.00121309196429,0.661046858784,0.336629371379,0.00232376983748,0.997676230163,4.97480544111,0.87399629286,25.5125586969,0,0,0.005,0,0,20.4,40.8012037436,0,0,0,0,0,0,0,0,0,0
6.875,0.644855781463,0.355144218537,1,1,0.00111007562589,0.00121196134395,0.643745705838,0.353932257193,0.00232203696984,0.997677963031,4.95811756457,0.877964873447,25.3537521031,0,0,0.005,0,0,20.4,40.8012037436,0,0,0,0,0,0,0,0,0,0
6.88,0.626711813837,0.373288186164,1,1,0.00110948644667,0.00121082756968,0.62560232739,0.372077358594,0.00232031401635,0.997679685984,4.94130524299,0.881973399152,25.1943745812,0,0,0.005,0,0,20.4,40.8012037436,0,0,0,0,0,0,0,0,0,0
6.885,0.60795889539,0.392041104611,1,1,0.00110891202043,0.00120969327543,0.606849983369,0.390831411336,0.00231860529586,0.997681394705,4.92436888076,0.886021847291,25.0344435877,0,0,0.005,0,0,20.4,40.8012037436,0,0,0,0,0,0,0,0,0,0
6.89,0.588826462148,0.411173537852,1,1,0.00110835362241,0.00120856064373,0.587718108526,0.409964977208,0.00231691426614,0.997683085734,4.90730888442,0.890110192871,24.8739766426,0,0,0.005,0,0,20.4,40.8012037436,0,0,0,0,0,0,0,0,0,0
6.895,0.569537517404,0.430462482596,1,1,0.00110781211468,0.0012074314008,0.56842970529,0.429255051195,0.00231524351549,0.997684756485,4.89012566283,0.894238408684,24.7129913298,0,0,0.005,0,0,20.4,40.8012037436,0,0,0,0,0,0,0,0,0,0
6.9,0.550306245211,0.449693754789,1,1,0.00110728796075,0.0012063068314,0.549198957251,0.448487447958,0.00231359479216,0.997686405208,4.87281962736,0.89840646538,24.5515052979,0,0,0.005,0,0,20.4,40.8012037436,0,0,0,0,0,0,0,0,0,0
6.905,0.531335864444,0.468664135556,1,1,0.00110678125633,0.00120518781152,0.530229083188,0.467458947745,0.00231196906785,0.997688030933,4.85539119215,0.902614331524,24.3895362602,0,0,0.005,0,0,20.4,40.8012037436,0,0,0,0,0,0,0,0,0,0
6.91,0.512816738774,0.487183261226,1,1,0.00110629177376,0.00120407485626,0.511710447,0.48597918637,0.00231036663002,0.997689633371,4.8378407742,0.906861973625,24.2271019957,0,0,0.005,0,0,20.4,40.8012037436,0,0,0,0,0,0,0,0,0,0
6.915,0.494924753426,0.505075246574,1,1,0.00110581901716,0.00120296817958,0.493818934409,0.503872278395,0.00230878719674,0.997691212804,4.82016879365,0.911149356153,24.0642203485,0,0,0.005,0,0,20.4,40.8012037436,0,0,0,0,0,0,0,0,0,0
6.92,0.4778199652,0.5221800348,1,1,0.00110536228478,0.00120186776232,0.476714602915,0.520978167038,0.0023072300471,0.997692769953,4.80237567387,0.915476441527,23.900909228,0,0,0.005,0,0,20.4,40.8012037436,0,0,0,0,0,0,0,0,0,0
6.925,0.461645528009,0.538354471992,1,1,0.00110492073517,0.00120077342453,0.460540607274,0.537153698567,0.0023056941597,0.997694305841,4.78446184169,0.919843190094,23.737186609,0,0,0.005,0,0,20.4,40.8012037436,0,0,0,0,0,0,0,0,0,0
6.93,0.446526892212,0.553473107788,1,1,0.00110449345361,0.00119968489837,0.445422398759,0.55227342289,0.00230417835198,0.997695821649,4.76642772748,0.924249560084,23.5730705307,0,0,0.005,0,0,20.4,40.8012037436,0,0,0,0,0,0,0,0,0,0
6.935,0.432571272297,0.567428727704,1,1,0.00110407951553,0.00119860189787,0.431467192781,0.566230125806,0.00230268141341,0.997697318587,4.74827376535,0.928695507556,23.4085790965,0,0,0.005,0,0,20.4,40.8012037436,0,0,0,0,0,0,0,0,0,0
6.94,0.419867374047,0.580132625954,1,1,0.00110367804399,0.00119752418229,0.418763696003,0.578935101771,0.00230120222628,0.997698797774,4.73000039322,0.93318098632,23.2437304731,0,0,0.005,0,0,20.4,40.8012037436,0,0,0,0,0,0,0,0,0,0
6.945,0.408485369296,0.591514630705,1,1,0.00110328825879,0.00119645161018,0.407382081037,0.590318179094,0.00229973986897,0.997700260132,4.71160805297,0.937705947861,23.0785428894,0,0,0.005,0,0,20.4,40.8012037436,0,0,0,0,0,0,0,0,0,0
6.95,0.398477103641,0.601522896359,1,1,0.00110290951536,0.00119538418227,0.397374194126,0.600327512177,0.00229829369762,0.997701706303,4.69309719047,0.942270341242,22.9130346352,0,0,0.005,0,0,20.4,40.8012037436,0,0,0,0,0,0,0,0,0,0
6.955,0.389876520207,0.610123479794,1,1,0.0011025413322,0.00119432207153,0.388773978875,0.608929157722,0.00229686340373,0.997703136597,4.67446825574,0.946874112997,22.7472240598,0,0,0.005,0,0,20.4,40.8012037436,0,0,0,0,0,0,0,0,0,0
6.96,0.382700280617,0.617299719383,1,1,0.00110218340648,0.00119326563992,0.381598097211,0.616106453743,0.0022954490464,0.997704550954,4.65572170293,0.95151720703,22.5811295704,0,0,0.005,0,0,20.4,40.8012037436,0,0,0,0,0,0,0,0,0,0
6.965,0.376948562825,0.623051437176,1,1,0.00110183561776,0.00119221544182,0.375846727207,0.621859221734,0.00229405105958,0.997705948941,4.6368579904,0.956199564496,22.4147696302,0,0,0.005,0,0,20.4,40.8012037436,0,0,0,0,0,0,0,0,0,0
6.97,0.372606014318,0.627393985682,1,1,0.0011014980208,0.00119117221504,0.371504516298,0.626202813467,0.00229267023584,0.997707329765,4.61787758074,0.960921123685,22.2481627566,0,0,0.005,0,0,20.4,40.8012037436,0,0,0,0,0,0,0,0,0,0
6.975,0.369642838494,0.630357161507,1,1,0.00110117082855,0.00119013686068,0.368541667665,0.629167024646,0.00229130768924,0.997708692311,4.59878094078,0.965681819907,22.0813275186,0,0,0.005,0,0,20.4,40.8012037436,0,0,0,0,0,0,0,0,0,0
6.98,0.368015991594,0.631984008407,1,1,0.00110085438716,0.00118911041387,0.366915137207,0.630794897993,0.00228996480103,0.9977100352,4.5795685416,0.970481585372,21.9142825348,0,0,0.005,0,0,20.4,40.8012037436,0,0,0,0,0,0,0,0,0,0
6.985,0.367670467614,0.632329532386,1,1,0.00110054914483,0.00118809400736,0.366569918469,0.631141438379,0.00228864315219,0.997711356848,4.56024085849,0.975320349079,21.7470464708,0,0,0.005,0,0,20.4,40.8012037436,0,0,0,0,0,0,0,0,0,0
6.99,0.368540648866,0.631459351134,1,1,0.00110025561666,0.00118708883063,0.36744039325,0.630272262304,0.00228734444729,0.997712655553,4.54079837094,0.980198036707,21.5796380367,0,0,0.005,0,0,20.4,40.8012037436,0,0,0,0,0,0,0,0,0,0
6.995,0.370551700494,0.629448299506,1,1,0.00109997434765,0.00118609608658,0.369451726147,0.62826220342,0.00228607043423,0.997713929566,4.52124156257,0.985114570506,21.4120759841,0,0,0.005,0,0,20.4,40.8012037436,0,0,0,0,0,0,0,0,0,0
7,0.373620988112,0.626379011888,1,1,0.00109970587561,0.00118511694828,0.372521282237,0.62519389494,0.00228482282388,0.997715177177,4.50157092112,0.990069869203,21.2443791037,0,0,0.005,0,0,20.4,40.8012037436,0,0,0,0,0,0,0,0,0,0
7.005,0.377659498843,0.622340501158,1,1,0.00109945069593,0.00118415251759,0.376560048147,0.62115634864,0.00228360321352,0.997716396787,4.48178693835,0.995063847916,21.0765662222,0,0,0.005,0,0,20.4,40.8012037436,0,0,0,0,0,0,0,0,0,0
7.01,0.382573247331,0.617426752669,1,1,0.00109920922959,0.00118320378734,0.381474038102,0.616243548882,0.00228241301692,0.997717586984,4.46189010998,1.00009641807,20.908656199,0,0,0.005,0,0,20.4,40.8012037436,0,0,0,0,0,0,0,0,0,0
7.015,0.388264649809,0.611735350191,1,1,0.00109898179551,0.00118227160805,0.387165668014,0.610553078583,0.00228125340356,0.997718746597,4.44188093562,1.00516748731,20.7406679238,0,0,0.005,0,0,20.4,40.8012037436,0,0,0,0,0,0,0,0,0,0
7.02,0.394633850874,0.605366149126,1,1,0.00109876858827,0.00118135666031,0.393535082286,0.604184792466,0.00228012524858,0.997719874752,4.42175991866,1.0102769595,20.5726203132,0,0,0.005,0,0,20.4,40.8012037436,0,0,0,0,0,0,0,0,0,0
7.025,0.401579989384,0.598420010616,1,1,0.00109856966166,0.00118045943285,0.400481419723,0.597239551183,0.00227902909451,0.997720970906,4.4015275662,1.01542473459,20.4045323077,0,0,0.005,0,0,20.4,40.8012037436,0,0,0,0,0,0,0,0,0,0
7.03,0.40900239163,0.590997608371,1,1,0.00109838491898,0.00117958020668,0.407904006711,0.589818028164,0.00227796512566,0.997722034875,4.38118438895,1.02061070865,20.2364228686,0,0,0.005,0,0,20.4,40.8012037436,0,0,0,0,0,0,0,0,0,0
7.035,0.416801681781,0.58319831822,1,1,0.00109821411048,0.00117871904537,0.415703467671,0.582019599174,0.00227693315585,0.997723066845,4.3607309011,1.02583477381,20.068310975,0,0,0.005,0,0,20.4,40.8012037436,0,0,0,0,0,0,0,0,0,0
7.04,0.424880801419,0.575119198581,1,1,0.00109805683905,0.00117787579165,0.42378274458,0.57394132279,0.00227593263071,0.99772406737,4.34016762028,1.03109681827,19.9002156208,0,0,0.005,0,0,20.4,40.8012037436,0,0,0,0,0,0,0,0,0,0
7.045,0.433145931776,0.566854068224,1,1,0.00109791257573,0.00117705007087,0.432048019201,0.565677018153,0.0022749626466,0.997725037354,4.31949506739,1.03639672629,19.7321558115,0,0,0.005,0,0,20.4,40.8012037436,0,0,0,0,0,0,0,0,0,0
7.05,0.441507314056,0.558492685945,1,1,0.00109778068692,0.00117624130263,0.440409533369,0.557316444642,0.00227402198955,0.997725978011,4.29871376655,1.04173437818,19.5641505614,0,0,0.005,0,0,20.4,40.8012037436,0,0,0,0,0,0,0,0,0,0
7.055,0.449879964909,0.550120035091,1,1,0.00109766047674,0.00117544872266,0.448782304432,0.548944586369,0.0022731091994,0.997726890801,4.27782424497,1.04710965036,19.3962188907,0,0,0.005,0,0,20.4,40.8012037436,0,0,0,0,0,0,0,0,0,0
7.06,0.45818428574,0.541815714261,1,1,0.00109755124846,0.00117467141809,0.457086734491,0.540641042843,0.00227222266655,0.997727777334,4.25682703285,1.05252241538,19.2283798225,0,0,0.005,0,0,20.4,40.8012037436,0,0,0,0,0,0,0,0,0,0
7.065,0.466346566004,0.533653433997,1,1,0.00109745239065,0.0011739083808,0.465249113613,0.532479525616,0.00227136077145,0.997728639229,4.23572266331,1.05797254197,19.0606523801,0,0,0.005,0,0,20.4,40.8012037436,0,0,0,0,0,0,0,0,0,0
7.07,0.474299382066,0.525700617934,1,1,0.0010973634946,0.00117315858479,0.473202018572,0.52452745935,0.00227052207939,0.997729477921,4.21451167226,1.06345989508,18.8930555841,0,0,0.005,0,0,20.4,40.8012037436,0,0,0,0,0,0,0,0,0,0
7.075,0.48198189442,0.518018105581,1,1,0.00109728451126,0.00117242109526,0.480884609908,0.516845684486,0.00226970560652,0.997730294394,4.19319459834,1.06898433596,18.72560845,0,0,0.005,0,0,20.4,40.8012037436,0,0,0,0,0,0,0,0,0,0
7.08,0.489340047184,0.510659952817,1,1,0.00109721595679,0.00117169521834,0.488242831227,0.509488257599,0.00226891117513,0.997731088825,4.17177198279,1.07454572224,18.5583299856,0,0,0.005,0,0,20.4,40.8012037436,0,0,0,0,0,0,0,0,0,0
7.085,0.496326674789,0.503673325212,1,1,0.00109715917708,0.0011709807021,0.495229515612,0.50250234451,0.00226813987919,0.997731860121,4.15024436944,1.08014390798,18.391239188,0,0,0.005,0,0,20.4,40.8012037436,0,0,0,0,0,0,0,0,0,0
7.09,0.502901521568,0.497098478433,1,1,0.00109711668217,0.00117027800031,0.501804404885,0.495928200433,0.00226739468248,0.997732605318,4.12861230457,1.0857787438,18.2243550419,0,0,0.005,0,0,20.4,40.8012037436,0,0,0,0,0,0,0,0,0,0
7.095,0.509031180664,0.490968819336,1,1,0.00109709256185,0.00116958861134,0.507934088102,0.489799230725,0.00226668117319,0.997733318827,4.10687633687,1.09145007696,18.0576965168,0,0,0.005,0,0,20.4,40.8012037436,0,0,0,0,0,0,0,0,0,0
7.1,0.514688959216,0.485311040785,1,1,0.00109709299378,0.00116891550484,0.513591866222,0.48414212528,0.00226600849862,0.997733991502,4.08503701737,1.09715775143,17.8912825648,0,0,0.005,0,0,20.4,40.8012037436,0,0,0,0,0,0,0,0,0,0
7.105,0.519854677158,0.480145322842,1,1,0.0010971268544,0.00116826364849,0.518757550304,0.478977059194,0.00226539050289,0.997734609498,4.06309489937,1.10290160805,17.7251321183,0,0,0.005,0,0,20.4,40.8012037436,0,0,0,0,0,0,0,0,0,0
7.11,0.524514407278,0.475485592722,1,1,0.00109720644215,0.00116764064612,0.523417200836,0.474317952076,0.00226484708828,0.997735152912,4.0410505384,1.10868148459,17.5592640882,0,0,0.005,0,0,20.4,40.8012037436,0,0,0,0,0,0,0,0,0,0
7.115,0.52866016428,0.471339835721,1,1,0.00109734832027,0.00116705749705,0.527562815959,0.470172778224,0.00226440581732,0.997735594183,4.01890449219,1.11449721588,17.3936973616,0,0,0.005,0,0,20.4,40.8012037436,0,0,0,0,0,0,0,0,0,0
7.12,0.532289550652,0.467710449349,1,1,0.00109757428429,0.00116652948369,0.531191976367,0.466543919865,0.00226410376798,0.997735896233,3.99665732058,1.12034863393,17.2284507997,0,0,0.005,0,0,20.4,40.8012037436,0,0,0,0,0,0,0,0,0,0
7.125,0.535405367047,0.464594632954,1,1,0.00109791245643,0.00116607719173,0.53430745459,0.463428555762,0.00226398964817,0.997736010352,3.97430958551,1.12623556803,17.0635432362,0,0,0.005,0,0,20.4,40.8012037436,0,0,0,0,0,0,0,0,0,0
7.13,0.538015194694,0.461984805306,1,1,0.0010983985055,0.00116572766321,0.536916796189,0.460819077643,0.00226412616871,0.997735873832,3.95186185102,1.13215784487,16.8989934753,0,0,0.005,0,0,20.4,40.8012037436,0,0,0,0,0,0,0,0,0,0
7.135,0.540130957111,0.459869042889,1,1,0.00109907698766,0.00116551567842,0.539031880124,0.458703527211,0.00226459266608,0.997735407335,3.92931468316,1.13811528865,16.7348202896,0,0,0.005,0,0,20.4,40.8012037436,0,0,0,0,0,0,0,0,0,0
7.14,0.541768468027,0.458231531973,1,1,0.00110000279937,0.00116548515797,0.540668465228,0.457066046816,0.00226548795734,0.997734512043,3.90666865003,1.14410772121,16.5710424189,0,0,0.005,0,0,20.4,40.8012037436,0,0,0,0,0,0,0,0,0,0
7.145,0.542946972027,0.457053027974,1,1,0.00110124273022,0.0011656906712,0.541845729297,0.455887337303,0.00226693340142,0.997733066599,3.88392432173,1.15013496209,16.4076785679,0,0,0.005,0,0,20.4,40.8012037436,0,0,0,0,0,0,0,0,0,0
7.15,0.543688683975,0.456311316025,1,1,0.00110287709996,0.00116619903223,0.542585806875,0.455145116993,0.00226907613219,0.997730923868,3.86108227034,1.15619682871,16.244747405,0,0,0.005,0,0,20.4,40.8012037436,0,0,0,0,0,0,0,0,0,0
7.155,0.544018332765,0.455981667236,1,1,0.00110500146111,0.00116709095999,0.542913331304,0.454814576276,0.00227209242109,0.99772790758,3.83814306995,1.16229313641,16.0822675603,0,0,0.005,0,0,20.4,40.8012037436,0,0,0,0,0,0,0,0,0,0
7.16,0.54396271441,0.456037285591,1,1,0.00110772834628,0.00116846277464,0.542854986064,0.454868822816,0.00227619112092,0.99772380888,3.81510729663,1.1684236986,15.9202576242,0,0,0.005,0,0,20.4,40.8012037436,0,0,0,0,0,0,0,0,0,0
7.165,0.543550258959,0.456449741041,1,1,0.00111118903826,0.00117042809904,0.542439069921,0.455279312942,0.0022816171373,0.997718382863,3.79197552842,1.17458832683,15.7587361456,0,0,0.005,0,0,20.4,40.8012037436,0,0,0,0,0,0,0,0,0,0
7.17,0.542810615131,0.45718938487,1,1,0.00111553534063,0.00117311953164,0.54169507979,0.456016265338,0.00228865487227,0.997711345128,3.76874834536,1.18078683088,15.5977216307,0,0,0.005,0,0,20.4,40.8012037436,0,0,0,0,0,0,0,0,0,0
7.175,0.541774256013,0.458225743988,1,1,0.001120941328,0.00117669025632,0.540653314685,0.457049053731,0.00229763158432,0.997702368416,3.74542632949,1.18701901888,15.4372325408,0,0,0.005,0,0,20.4,40.8012037436,0,0,0,0,0,0,0,0,0,0
7.18,0.540472108621,0.459527891379,1,1,0.0011276050577,0.0011813155549,0.539344503563,0.458346575825,0.00230892061261,0.997691079388,3.72201006481,1.19328469735,15.2772872915,0,0,0.005,0,0,20.4,40.8012037436,0,0,0,0,0,0,0,0,0,0
7.185,0.538935209545,0.461064790456,1,1,0.00113575022851,0.00118719419086,0.537799459316,0.459877596265,0.00232294441937,0.997677055581,3.69850013736,1.19958367135,15.1179042506,0,0,0.005,0,0,20.4,40.8012037436,0,0,0,0,0,0,0,0,0,0
7.19,0.537194388409,0.462805611591,1,1,0.00114562777795,0.00119454963639,0.536048760631,0.461611061955,0.00234017741434,0.997659822586,3.67489713517,1.20591574445,14.9591017368,0,0,0.005,0,0,20.4,40.8012037436,0,0,0,0,0,0,0,0,0,0
7.195,0.535279980367,0.464720019633,1,1,0.00115751741615,0.00120363112188,0.534122462951,0.463516388512,0.00236114853803,0.997638851463,3.65120164831,1.21228071893,14.8008980181,0,0,0.005,0,0,20.4,40.8012037436,0,0,0,0,0,0,0,0,0,0
7.2,0.533221568368,0.466778431633,1,1,0.00117172910252,0.00121471449429,0.532049839265,0.465563717138,0.00238644359681,0.997613556404,3.6274142689,1.21867839572,14.6433113104,0,0,0.005,0,0,20.4,40.8012037436,0,0,0,0,0,0,0,0,0,0
7.205,0.531047755524,0.468952244477,1,1,0.00118860448031,0.00122810288138,0.529859151043,0.467724141596,0.00241670736169,0.997583292639,3.60353559107,1.22510857456,14.4863597756,0,0,0.005,0,0,20.4,40.8012037436,0,0,0,0,0,0,0,0,0,0
7.21,0.528785967484,0.471214032517,1,1,0.00120851829323,0.00124412717027,0.52757744919,0.469969905347,0.0024526454635,0.997547354537,3.57956621104,1.231571054,14.3300615203,0,0,0.005,0,0,20.4,40.8012037436,0,0,0,0,0,0,0,0,0,0
7.215,0.526462284376,0.473537715625,1,1,0.00123187981819,0.00126314632143,0.525230404557,0.472274569304,0.00249502613963,0.997504973861,3.55550672711,1.23806563147,14.1744345944,0,0,0.005,0,0,20.4,40.8012037436,0,0,0,0,0,0,0,0,0,0
7.22,0.524101301546,0.475898698455,1,1,0.00125913435694,0.0012855475537,0.522842167189,0.474613150901,0.00254468191064,0.99745531809,3.53135773965,1.24459210333,14.0194969891,0,0,0.005,0,0,20.4,40.8012037436,0,0,0,0,0,0,0,0,0,0
7.225,0.521726018058,0.478273981943,1,1,0.00129076483739,0.00131174644964,0.52043525322,0.476962235493,0.00260251128703,0.997397488714,3.50711985113,1.25115026491,13.8652666356,0,0,0.005,0,0,20.4,40.8012037436,0,0,0,0,0,0,0,0,0,0
7.23,0.519357751664,0.480642248337,1,1,0.00132729358244,0.00134218704543,0.518030458082,0.479300061291,0.00266948062787,0.997330519373,3.48279366612,1.25773991054,13.7117614034,0,0,0.005,0,0,20.4,40.8012037436,0,0,0,0,0,0,0,0,0,0
7.235,0.517016078766,0.482983921235,1,1,0.00136928430779,0.00137734198273,0.515646794458,0.481606579252,0.00274662629053,0.99725337371,3.45837979134,1.26436083361,13.5589990987,0,0,0.005,0,0,20.4,40.8012037436,0,0,0,0,0,0,0,0,0,0
7.24,0.514718797719,0.485281202281,1,1,0.00141734441295,0.00141771281249,0.513301453307,0.483863489469,0.00283505722544,0.997164942775,3.4338788356,1.27101282657,13.4069974629,0,0,0.005,0,0,20.4,40.8012037436,0,0,0,0,0,0,0,0,0,0
7.245,0.512481913722,0.487518086279,1,1,0.00147212762744,0.00146383055078,0.511009786094,0.486054255728,0.00293595817822,0.997064041822,3.40929140987,1.27769568098,13.2557741706,0,0,0.005,0,0,20.4,40.8012037436,0,0,0,0,0,0,0,0,0,0
7.25,0.510319643411,0.48968035659,1,1,0.00153433707003,0.00151625659465,0.508785306341,0.488164099995,0.00305059366469,0.996949406336,3.38461812725,1.28440918754,13.1053468283,0,0,0.005,0,0,20.4,40.8012037436,0,0,0,0,0,0,0,0,0,0
7.255,0.508244437278,0.491755562723,1,1,0.00160472876955,0.00157558411011,0.506639708508,0.490179978613,0.00318031287966,0.996819687121,3.35985960297,1.29115313608,12.9557329725,0,0,0.005,0,0,20.4,40.8012037436,0,0,0,0,0,0,0,0,0,0
7.26,0.506267017939,0.493732982062,1,1,0.00168411568335,0.001642440005,0.504582902255,0.492090542057,0.00332655568835,0.996673444312,3.33501645445,1.29792731563,12.8069500681,0,0,0.005,0,0,20.4,40.8012037436,0,0,0,0,0,0,0,0,0,0
7.265,0.50439643234,0.495603567661,1,1,0.00177337223255,0.00171748759556,0.502623060107,0.493886080065,0.00349085982811,0.996509140172,3.31008930122,1.30473151438,12.6590155067,0,0,0.005,0,0,20.4,40.8012037436,0,0,0,0,0,0,0,0,0,0
7.27,0.50264011597,0.497359884031,1,1,0.00187343935237,0.00180143006709,0.500766676617,0.495558453964,0.00367486941946,0.996325130581,3.28507876499,1.31156551975,12.5119466048,0,0,0.005,0,0,20.4,40.8012037436,0,0,0,0,0,0,0,0,0,0
7.275,0.501003967225,0.498996032776,1,1,0.00198533003164,0.00189501481522,0.499018637193,0.497101017961,0.00388034484686,0.996119655154,3.25998546961,1.31842911836,12.3657606022,0,0,0.005,0,0,20.4,40.8012037436,0,0,0,0,0,0,0,0,0,0
7.28,0.49949243012,0.500507569881,1,1,0.00211013528826,0.001999038736,0.497382294831,0.498508531145,0.00410917402425,0.995890825976,3.23481004108,1.32532209606,12.2204746602,0,0,0.005,0,0,20.4,40.8012037436,0,0,0,0,0,0,0,0,0,0
7.285,0.498108583631,0.50189141637,1,1,0.00224903049784,0.00211435450897,0.495859553133,0.499777061861,0.00436338500681,0.995636614994,3.20955310754,1.33224423796,12.0761058597,0,0,0.005,0,0,20.4,40.8012037436,0,0,0,0,0,0,0,0,0,0
7.29,0.496854236051,0.503145763949,1,1,0.00240328196174,0.00224187788923,0.49445095409,0.50090388606,0.00464515985096,0.99535484015,3.18421529928,1.33919532839,11.9326711998,0,0,0.005,0,0,20.4,40.8012037436,0,0,0,0,0,0,0,0,0,0
7.295,0.495730022836,0.504269977165,1,1,0.00257425356955,0.00238259599146,0.493155769266,0.501887381173,0.00495684956101,0.99504315044,3.15879724872,1.34617515096,11.7901875956,0,0,0.005,0,0,20.4,40.8012037436,0,0,0,0,0,0,0,0,0,0
7.3,0.494735506545,0.505264493456,1,1,0.00276341338105,0.00253757651244,0.491972093164,0.502726916943,0.00530098989349,0.994699010107,3.13329959041,1.35318348854,11.6486718769,0,0,0.005,0,0,20.4,40.8012037436,0,0,0,0,0,0,0,0,0,0
7.305,0.493869277595,0.506130722406,1,1,0.00297233992431,0.00270797779891,0.49089693767,0.503422744607,0.00568031772322,0.994319682277,3.10772296099,1.36022012326,11.508140786,0,0,0.005,0,0,20.4,40.8012037436,0,0,0,0,0,0,0,0,0,0
7.31,0.493129054662,0.506870945338,1,1,0.00320272798264,0.00289505962623,0.48992632668,0.503975885712,0.00609778760887,0.993902212392,3.08206799924,1.36728483653,11.3686109761,0,0,0.005,0,0,20.4,40.8012037436,0,0,0,0,0,0,0,0,0,0
7.315,0.492511783709,0.507488216292,1,1,0.00345639362361,0.00310019451054,0.489055390085,0.504388021781,0.00655658813416,0.993443411866,3.056335346,1.37437740905,11.2300990097,0,0,0.005,0,0,20.4,40.8012037436,0,0,0,0,0,0,0,0,0,0
7.32,0.492013734705,0.507986265296,1,1,0.00373527821062,0.00332487933486,0.488278456494,0.504661385961,0.00706015754548,0.992939842455,3.03052564422,1.38149762081,11.0926213566,0,0,0.005,0,0,20.4,40.8012037436,0,0,0,0,0,0,0,0,0,0
7.325,0.49163059528,0.508369404721,1,1,0.00404145113174,0.00357074702874,0.487589144148,0.504798657692,0.00761219816048,0.99238780184,3.00463953889,1.3886452511,10.9561943921,0,0,0.005,0,0,20.4,40.8012037436,0,0,0,0,0,0,0,0,0,0
7.33,0.491357560616,0.508642439385,1,1,0.00437711098446,0.00383957800301,0.486980449631,0.504802861382,0.00821668898747,0.991783311013,2.97867767706,1.39582007848,10.8208343953,0,0,0.005,0,0,20.4,40.8012037436,0,0,0,0,0,0,0,0,0,0
7.335,0.491189419032,0.508810580968,1,1,0.00474458496709,0.00413331100698,0.486444834065,0.504677269961,0.00887789597407,0.991122104027,2.95264070781,1.40302188085,10.6865575476,0,0,0.005,0,0,20.4,40.8012037436,0,0,0,0,0,0,0,0,0,0
7.34,0.491120632816,0.508879367185,1,1,0.00514632625082,0.00445405304727,0.485974306565,0.504425314138,0.0096003792981,0.990399620703,2.92652928225,1.4102504354,10.5533799304,0,0,0.005,0,0,20.4,40.8012037436,0,0,0,0,0,0,0,0,0,0
7.345,0.491145413943,0.508854586057,1,1,0.00558490913921,0.00480408798526,0.485560504804,0.504050498072,0.0103889971245,0.989611002876,2.90034405347,1.41750551866,10.4213175239,0,0,0.005,0,0,20.4,40.8012037436,0,0,0,0,0,0,0,0,0,0
7.35,0.491257794456,0.508742205545,1,1,0.00606302186509,0.00518588341589,0.485194772591,0.503556322129,0.011248905281,0.98875109472,2.87408567654,1.42478690646,10.2903862049,0,0,0.005,0,0,20.4,40.8012037436,0,0,0,0,0,0,0,0,0,0
7.355,0.491451691307,0.508548308693,1,1,0.00658345692753,0.00560209542557,0.48486823438,0.502946213268,0.0121855523531,0.987814447648,2.84775480852,1.43209437399,10.1606017455,0,0,0.005,0,0,20.4,40.8012037436,0,0,0,0,0,0,0,0,0,0
7.36,0.491720965615,0.508279034386,1,1,0.00714909893292,0.00605557083029,0.484571866682,0.502223463555,0.0132046697632,0.986795330237,2.82135210839,1.43942769574,10.0319798108,0,0,0.005,0,0,20.4,40.8012037436,0,0,0,0,0,0,0,0,0,0
7.365,0.492059476293,0.507940523708,1,1,0.00776290997258,0.00654934650996,0.48429656632,0.501391177198,0.0143122564825,0.985687743518,2.79487823704,1.44678664559,9.90453595774,0,0,0.005,0,0,20.4,40.8012037436,0,0,0,0,0,0,0,0,0,0
7.37,0.492461128121,0.50753887188,1,1,0.00842791264366,0.00708664547913,0.484033215477,0.500452226401,0.0155145581228,0.984485441878,2.76833385729,1.45417099675,9.77828563319,0,0,0.005,0,0,20.4,40.8012037436,0,0,0,0,0,0,0,0,0,0
7.375,0.492919914356,0.507080085645,1,1,0.0091471708972,0.00767086936985,0.483772743459,0.499409216275,0.016818040267,0.983181959734,2.74171963382,1.46158052179,9.65324417214,0,0,0.005,0,0,20.4,40.8012037436,0,0,0,0,0,0,0,0,0,0
7.38,0.493429954046,0.506570045955,1,1,0.00992376897595,0.00830558704783,0.48350618507,0.498264458907,0.0182293560238,0.981770643977,2.71503623318,1.46901499268,9.52942679616,0,0,0.005,0,0,20.4,40.8012037436,0,0,0,0,0,0,0,0,0,0
7.385,0.493985524235,0.506014475766,1,1,0.0107607887808,0.00899451913935,0.483224735454,0.497019956626,0.0197553079202,0.98024469208,2.68828432375,1.47647418074,9.40684861168,0,0,0.005,0,0,20.4,40.8012037436,0,0,0,0,0,0,0,0,0,0
7.39,0.494581087299,0.505418912701,1,1,0.0116612860769,0.00974151831104,0.482919801222,0.49567739439,0.021402804388,0.978597195613,2.66146457573,1.48395785671,9.28552460834,0,0,0.005,0,0,20.4,40.8012037436,0,0,0,0,0,0,0,0,0,0
7.395,0.495211313663,0.504788686337,1,1,0.012628266015,0.0105505452187,0.482583047649,0.494238141118,0.0231788112337,0.976821188767,2.63457766112,1.49146579071,9.16546965734,0,0,0.005,0,0,20.4,40.8012037436,0,0,0,0,0,0,0,0,0,0
7.4,0.495871100187,0.504128899814,1,1,0.0136646584961,0.0114256401226,0.482206441691,0.492703259691,0.0250902986187,0.974909701382,2.60762425369,1.4989977523,9.04669850983,0,0,0.005,0,0,20.4,40.8012037436,0,0,0,0,0,0,0,0,0,0
7.405,0.496555584504,0.503444415496,1,1,0.0147732939515,0.0123708902533,0.481782290553,0.491073525243,0.0271441842047,0.972855815796,2.58060502896,1.50655351043,8.92922579531,0,0,0.005,0,0,20.4,40.8012037436,0,0,0,0,0,0,0,0,0,0
7.41,0.497260155633,0.502739844367,1,1,0.0159568801287,0.0133903931041,0.481303275504,0.489349451263,0.0293472732328,0.970652726768,2.55352066419,1.51413283353,8.81306602,0,0,0.005,0,0,20.4,40.8012037436,0,0,0,0,0,0,0,0,0,0
7.415,0.497980461155,0.502019538846,1,1,0.017217980488,0.0144882159212,0.480762480667,0.487531322925,0.0317061964092,0.968293803591,2.52637183832,1.52173548944,8.69823356526,0,0,0.005,0,0,20.4,40.8012037436,0,0,0,0,0,0,0,0,0,0
7.42,0.498712411282,0.501287588718,1,1,0.0185589947926,0.0156683517567,0.48015341649,0.485619236962,0.0342273465493,0.965772653451,2.499159232,1.52936124547,8.58474268606,0,0,0.005,0,0,20.4,40.8012037436,0,0,0,0,0,0,0,0,0,0
7.425,0.499452180126,0.500547819874,1,1,0.0199821424478,0.0169346725462,0.479470037678,0.483613147328,0.036916814994,0.963083185007,2.47188352755,1.53700986843,8.4726075094,0,0,0.005,0,0,20.4,40.8012037436,0,0,0,0,0,0,0,0,0,0
7.43,0.500196204457,0.499803795544,1,1,0.0214894490838,0.0182908797625,0.478706755373,0.481512915781,0.0397803288463,0.960219671154,2.44454540891,1.54468112456,8.36184203279,0,0,0.005,0,0,20.4,40.8012037436,0,0,0,0,0,0,0,0,0,0
7.435,0.500941180263,0.499058819737,1,1,0.0230827368006,0.0197404532862,0.477858443463,0.479318366451,0.0428231900868,0.957176809914,2.41714556165,1.55237477966,8.25246012274,0,0,0.005,0,0,20.4,40.8012037436,0,0,0,0,0,0,0,0,0,0
7.44,0.501684057392,0.498315942609,1,1,0.0247636183945,0.0212865992123,0.476920438997,0.477029343397,0.0460502176069,0.953949782394,2.38968467296,1.56009059898,8.14447551322,0,0,0.005,0,0,20.4,40.8012037436,0,0,0,0,0,0,0,0,0,0
7.445,0.502422032532,0.497577967469,1,1,0.0265334957702,0.0229321973853,0.475888536762,0.474645770084,0.0494656931554,0.950534306845,2.36216343158,1.56782834734,8.03790180422,0,0,0.005,0,0,20.4,40.8012037436,0,0,0,0,0,0,0,0,0,0
7.45,0.503152540815,0.496847459185,1,1,0.0283935626059,0.0246797495147,0.474758978209,0.472167709671,0.0530733121206,0.94692668788,2.33458252782,1.57558778908,7.93275246027,0,0,0.005,0,0,20.4,40.8012037436,0,0,0,0,0,0,0,0,0,0
7.455,0.503873246261,0.49612675374,1,1,0.030344811196,0.026531328775,0.473528435065,0.469595424965,0.056876139971,0.94312386003,2.30694265352,1.58336868807,7.82904080898,0,0,0.005,0,0,20.4,40.8012037436,0,0,0,0,0,0,0,0,0,0
7.46,0.504582031294,0.495417968707,1,1,0.0323880432372,0.028488531826,0.472193988057,0.466929436881,0.0608765750632,0.939123424937,2.27924450205,1.59117080776,7.7267800396,0,0,0.005,0,0,20.4,40.8012037436,0,0,0,0,0,0,0,0,0,0
7.465,0.505276985556,0.494723014445,1,1,0.0345238841671,0.030552434212,0.470753101389,0.464170580233,0.065076318379,0.934923681622,2.25148876827,1.59899391117,7.62598320162,0,0,0.005,0,0,20.4,40.8012037436,0,0,0,0,0,0,0,0,0,0
7.47,0.505956394181,0.49404360582,1,1,0.0367528005021,0.0327235501026,0.469203593679,0.461320055717,0.0694763506047,0.930523649396,2.22367614851,1.60683776091,7.52666320334,0,0,0.005,0,0,20.4,40.8012037436,0,0,0,0,0,0,0,0,0,0
7.475,0.506618725733,0.493381274268,1,1,0.0390751194729,0.0350017973227,0.46754360626,0.458379476945,0.0740769167956,0.925923083205,2.19580734055,1.61470211919,7.42883281053,0,0,0.005,0,0,20.4,40.8012037436,0,0,0,0,0,0,0,0,0,0
7.48,0.507262619944,0.492737380057,1,1,0.0414910501107,0.0373864685889,0.465771569833,0.455350911468,0.0788775186995,0.921122481301,2.16788304362,1.62258674781,7.332504645,0,0,0.005,0,0,20.4,40.8012037436,0,0,0,0,0,0,0,0,0,0
7.485,0.507886875406,0.492113124594,1,1,0.0440007048179,0.0398762098192,0.463886170588,0.452236914775,0.0838769146371,0.916123085364,2.13990395835,1.63049140824,7.2376911833,0,0,0.005,0,0,20.4,40.8012037436,0,0,0,0,0,0,0,0,0,0
7.49,0.508490437339,0.491509562662,1,1,0.0466041203557,0.042469006314,0.461886316983,0.449040556348,0.0890731266697,0.910926873331,2.11187078677,1.63841586154,7.14440475536,0,0,0.005,0,0,20.4,40.8012037436,0,0,0,0,0,0,0,0,0,0
7.495,0.509072385541,0.490927614459,1,1,0.0493012771102,0.0451621775169,0.459771108431,0.445765436943,0.094463454627,0.905536545374,2.08378423229,1.64635986844,7.05265754315,0,0,0.005,0,0,20.4,40.8012037436,0,0,0,0,0,0,0,0,0,0
7.5,0.509631922625,0.490368077376,1,1,0.0520921154612,0.0479523809584,0.457539807164,0.442415696418,0.10004449642,0.899955503581,2.05564499967,1.65432318933,6.96246157944,0,0,0.005,0,0,20.4,40.8012037436,0,0,0,0,0,0,0,0,0,0
7.505,0.510168362612,0.489831637389,1,1,0.0549765480768,0.0508356258609,0.455191814535,0.438996011528,0.105812173938,0.894187826063,2.02745379501,1.66230558427,6.87382874642,0,0,0.005,0,0,20.4,40.8012037436,0,0,0,0,0,0,0,0,0,0
7.51,0.510681119961,0.489318880039,1,1,0.0579544669958,0.0538072967396,0.452726652966,0.4355115833,0.111761763735,0.888238236265,1.99921132572,1.67030681302,6.78677077452,0,0,0.005,0,0,20.4,40.8012037436,0,0,0,0,0,0,0,0,0,0
7.515,0.511169699088,0.488830300912,1,1,0.0610257444407,0.0568621871799,0.450143954648,0.431968113732,0.117887931621,0.88211206838,1.97091830052,1.67832663501,6.7012992411,0,0,0.005,0,0,20.4,40.8012037436,0,0,0,0,0,0,0,0,0,0
7.52,0.511633684411,0.48836631559,1,1,0.064190226428,0.0599945437978,0.447443457983,0.428371771792,0.124184770226,0.875815229775,1.94257542939,1.68636480939,6.61742556922,0,0,0.005,0,0,20.4,40.8012037436,0,0,0,0,0,0,0,0,0,0
7.525,0.512072730972,0.487927269029,1,1,0.0674477184065,0.0631981202079,0.444625012566,0.424729148821,0.130645838614,0.869354161386,1.91418342359,1.69442109504,6.53516102644,0,0,0.005,0,0,20.4,40.8012037436,0,0,0,0,0,0,0,0,0,0
7.53,0.512486555655,0.487513444345,1,1,0.0707979623594,0.0664662406323,0.441688593296,0.421047203713,0.137264202992,0.862735797009,1.88574299561,1.70249525054,6.45451672359,0,0,0.005,0,0,20.4,40.8012037436,0,0,0,0,0,0,0,0,0,0
7.535,0.512874929013,0.487125070988,1,1,0.0742406050448,0.0697918725828,0.438634323968,0.417333198405,0.144032477628,0.855967522373,1.85725485917,1.71058703423,6.37550361359,0,0,0.005,0,0,20.4,40.8012037436,0,0,0,0,0,0,0,0,0,0
7.54,0.513237667721,0.48676233228,1,1,0.0777751573212,0.0731677078514,0.4354625104,0.413594624428,0.150942865173,0.849057134828,1.82871972918,1.71869620421,6.29813249026,0,0,0.005,0,0,20.4,40.8012037436,0,0,0,0,0,0,0,0,0,0
7.545,0.513574627659,0.486425372341,1,1,0.0814009448001,0.0765862508376,0.432173682859,0.409839121504,0.157987195638,0.842012804363,1.80013832176,1.72682251831,6.22241398722,0,0,0.005,0,0,20.4,40.8012037436,0,0,0,0,0,0,0,0,0,0
7.55,0.51388569762,0.486114302381,1,1,0.0851170503796,0.080039913051,0.42876864724,0.40607438933,0.165156963431,0.83484303657,1.77151135417,1.73496573416,6.14835857667,0,0,0.005,0,0,20.4,40.8012037436,0,0,0,0,0,0,0,0,0,0
7.555,0.514170793636,0.485829206365,1,1,0.0889222495338,0.0835211124352,0.425248544102,0.40230809393,0.172443361969,0.827556638032,1.74283954484,1.74312560915,6.07597656833,0,0,0.005,0,0,20.4,40.8012037436,0,0,0,0,0,0,0,0,0,0
7.56,0.514429853914,0.485570146086,1,1,0.0928149395541,0.0870223759892,0.42161491436,0.398547770097,0.179837315543,0.820162684457,1.71412361332,1.75130190046,6.00527810829,0,0,0.005,0,0,20.4,40.8012037436,0,0,0,0,0,0,0,0,0,0
7.565,0.514662834368,0.485337165632,1,1,0.0967930642463,0.0905364440029,0.417869770122,0.39480072163,0.187329508249,0.812670491751,1.68536428026,1.75949436509,5.93627317797,0,0,0.005,0,0,20.4,40.8012037436,0,0,0,0,0,0,0,0,0,0
7.57,0.51486970472,0.485130295281,1,1,0.100854035876,0.0940563740935,0.414015668844,0.391073921187,0.194910409969,0.805089590031,1.65656226743,1.76770275983,5.86897159297,0,0,0.005,0,0,20.4,40.8012037436,0,0,0,0,0,0,0,0,0,0
7.575,0.515050445162,0.484949554838,1,1,0.104994656412,0.0975756431216,0.41005578875,0.387373911717,0.202570299534,0.797429700467,1.62771829765,1.77592684128,5.80338300208,0,0,0.005,0,0,20.4,40.8012037436,0,0,0,0,0,0,0,0,0,0
7.58,0.515205043552,0.484794956449,1,1,0.109211040335,0.101088244993,0.405994003218,0.383706711456,0.210299285327,0.789700714674,1.59883309482,1.78416636588,5.73951688624,0,0,0.005,0,0,20.4,40.8012037436,0,0,0,0,0,0,0,0,0,0
7.585,0.515333493113,0.484666506888,1,1,0.113498541433,0.10458878231,0.40183495168,0.380077724577,0.218087323744,0.781912676257,1.56990738386,1.79242108991,5.67738255744,0,0,0.005,0,0,20.4,40.8012037436,0,0,0,0,0,0,0,0,0,0
7.59,0.515435790624,0.484564209376,1,1,0.11785168614,0.108072549852,0.397584104485,0.376491659525,0.225924235991,0.77407576401,1.54094189072,1.80069076946,5.61698915781,0,0,0.005,0,0,20.4,40.8012037436,0,0,0,0,0,0,0,0,0,0
7.595,0.515511935067,0.484488064934,1,1,0.122264115961,0.111535607874,0.393247819106,0.37295245706,0.233799723835,0.766200276165,1.51193734235,1.80897516052,5.55834565855,0,0,0.005,0,0,20.4,40.8012037436,0,0,0,0,0,0,0,0,0,0
7.6,0.515561926702,0.484438073299,1,1,0.126728541575,0.114974843359,0.388833385127,0.36946322994,0.241703384934,0.758296615067,1.48289446668,1.81727401889,5.50146085903,0,0,0.005,0,0,20.4,40.8012037436,0,0,0,0,0,0,0,0,0,0
7.605,0.515585766559,0.484414233441,1,1,0.131236711014,0.118388017426,0.384349055546,0.366026216015,0.24962472844,0.750375271561,1.45381399261,1.82558710026,5.44634338577,0,0,0.005,0,0,20.4,40.8012037436,0,0,0,0,0,0,0,0,0,0
7.61,0.515583456301,0.4844165437,1,1,0.135779394208,0.121773797338,0.379804062093,0.362642746361,0.257553191546,0.742446808455,1.42469664999,1.83391416021,5.39300169152,0,0,0.005,0,0,20.4,40.8012037436,0,0,0,0,0,0,0,0,0,0
7.615,0.515554998441,0.48444500156,1,1,0.140346385889,0.12513177175,0.375208612552,0.35931322981,0.265478157639,0.734521842362,1.39554316959,1.84225495418,5.34144405438,0,0,0.005,0,0,20.4,40.8012037436,0,0,0,0,0,0,0,0,0,0
7.62,0.515500396894,0.484499603107,1,1,0.144926528528,0.128462448111,0.370573868366,0.356037154996,0.273388976639,0.726611023362,1.36635428309,1.8506092375,5.29167857682,0,0,0.005,0,0,20.4,40.8012037436,0,0,0,0,0,0,0,0,0,0
7.625,0.515419657822,0.484580342178,1,1,0.149507756583,0.131767231473,0.365911901239,0.352813110705,0.281274988056,0.718725011944,1.33713072307,1.8589767654,5.24371318487,0,0,0.005,0,0,20.4,40.8012037436,0,0,0,0,0,0,0,0,0,0
7.63,0.515312790764,0.484687209236,1,1,0.154077162881,0.13504838428,0.361235627883,0.349638824956,0.289125547161,0.710874452839,1.30787322297,1.86735729303,5.1975556272,0,0,0.005,0,0,20.4,40.8012037436,0,0,0,0,0,0,0,0,0,0
7.635,0.515179810011,0.48482018999,1,1,0.158621087447,0.138308967111,0.356558722564,0.346511222879,0.296930054558,0.703069945443,1.27858251711,1.87575057543,5.15321347429,0,0,0.005,0,0,20.4,40.8012037436,0,0,0,0,0,0,0,0,0,0
7.64,0.515020736214,0.484979263786,1,1,0.163125228546,0.141552760758,0.351895507668,0.343426503028,0.304677989305,0.695322010696,1.24925934062,1.88415636758,5.11069411759,0,0,0.005,0,0,20.4,40.8012037436,0,0,0,0,0,0,0,0,0,0
7.645,0.514835598198,0.485164401803,1,1,0.167574775141,0.144784170441,0.347260823057,0.340380231362,0.312358945581,0.687641054419,1.21990442945,1.89257442436,5.07000476872,0,0,0.005,0,0,20.4,40.8012037436,0,0,0,0,0,0,0,0,0,0
7.65,0.514624434949,0.485375565052,1,1,0.171954559369,0.148008113375,0.34266987558,0.337367451677,0.319962672743,0.680037327257,1.19051852036,1.90100450061,5.03115245864,0,0,0.005,0,0,20.4,40.8012037436,0,0,0,0,0,0,0,0,0,0
7.655,0.514387297772,0.485612702228,1,1,0.176249227089,0.15122989137,0.338138070683,0.334382810859,0.327479118459,0.672520881542,1.16110235088,1.90944635109,4.9941440369,0,0,0.005,0,0,20.4,40.8012037436,0,0,0,0,0,0,0,0,0,0
7.66,0.514124252579,0.485875747422,1,1,0.180443423973,0.154455050508,0.333680828606,0.331420696914,0.33489847448,0.66510152552,1.1316566593,1.91789973052,4.95898617087,0,0,0.005,0,0,20.4,40.8012037436,0,0,0,0,0,0,0,0,0,0
7.665,0.51383538229,0.486164617711,1,1,0.18452199409,0.157689230373,0.3293133882,0.328475387338,0.342211224463,0.657788775538,1.10218218465,1.92636439358,4.92568534501,0,0,0.005,0,0,20.4,40.8012037436,0,0,0,0,0,0,0,0,0,0
7.67,0.513520789337,0.486479210664,1,1,0.188470187505,0.16093800563,0.325050601832,0.325541205034,0.349408193135,0.650591806866,1.0726796667,1.93484009488,4.89424786011,0,0,0.005,0,0,20.4,40.8012037436,0,0,0,0,0,0,0,0,0,0
7.675,0.513180598235,0.486819401765,1,1,0.192273872958,0.164206723076,0.320906725277,0.322612678689,0.356480596034,0.643519403967,1.0431498459,1.94332658903,4.86467983263,0,0,0.005,0,0,20.4,40.8012037436,0,0,0,0,0,0,0,0,0,0
7.68,0.512814958211,0.487185041789,1,1,0.19591975142,0.16750033751,0.316895206791,0.31968470428,0.36342008893,0.636579911071,1.01359346338,1.9518236306,4.83698719398,0,0,0.005,0,0,20.4,40.8012037436,0,0,0,0,0,0,0,0,0,0
7.685,0.51242404586,0.487575954141,1,1,0.199395566076,0.170823249978,0.313028479784,0.316752704163,0.370218816053,0.629781183947,0.984011260964,1.96033097414,4.81117568987,0,0,0.005,0,0,20.4,40.8012037436,0,0,0,0,0,0,0,0,0,0
7.69,0.512008067819,0.487991932182,1,1,0.202690304163,0.174179152024,0.309317763656,0.313812780158,0.376869456186,0.623130543815,0.954403981085,1.96884837419,4.78725087966,0,0,0.005,0,0,20.4,40.8012037436,0,0,0,0,0,0,0,0,0,0
7.695,0.511567263437,0.488432736564,1,1,0.205794386107,0.177570879618,0.30577287733,0.310861856945,0.383365265725,0.616634734275,0.92477236682,1.97737558528,4.76521813571,0,0,0.005,0,0,20.4,40.8012037436,0,0,0,0,0,0,0,0,0,0
7.7,0.511101907414,0.488898092586,1,1,0.208699837474,0.181000280371,0.30240206994,0.307897812215,0.389700117845,0.610299882156,0.895117161847,1.98591236196,4.74508264282,0,0,0.005,0,0,20.4,40.8012037436,0,0,0,0,0,0,0,0,0,0
7.705,0.510612312398,0.489387687603,1,1,0.2114004395,0.184468097466,0.299211872897,0.304919590137,0.395868536966,0.604131463034,0.865439110426,1.99445845876,4.72684939756,0,0,0.005,0,0,20.4,40.8012037436,0,0,0,0,0,0,0,0,0,0
7.71,0.510098831516,0.489901168484,1,1,0.213891854295,0.187973873532,0.296206977221,0.301927294952,0.401865727828,0.598134272173,0.835738957384,2.00301363023,4.71052320779,0,0,0.005,0,0,20.4,40.8012037436,0,0,0,0,0,0,0,0,0,0
7.715,0.509561860827,0.490438139174,1,1,0.216171721253,0.191515877316,0.293390139574,0.298922261858,0.407687598569,0.592312401432,0.806017448093,2.01157763096,4.69610869202,0,0,0.005,0,0,20.4,40.8012037436,0,0,0,0,0,0,0,0,0,0
7.72,0.509001841666,0.490998158335,1,1,0.218239721772,0.1950910556,0.290762119894,0.295907102734,0.413330777373,0.586669222628,0.776275328446,2.02015021555,4.68361027895,0,0,0.005,0,0,20.4,40.8012037436,0,0,0,0,0,0,0,0,0,0
7.725,0.508419262876,0.491580737125,1,1,0.220097609995,0.198695012343,0.288321652881,0.292885724782,0.418792622338,0.581207377663,0.746513344842,2.02873113864,4.67303220692,0,0,0.005,0,0,20.4,40.8012037436,0,0,0,0,0,0,0,0,0,0
7.73,0.507814662893,0.492185337108,1,1,0.221749208019,0.202322016416,0.286065454874,0.289863320692,0.424071224435,0.575928775566,0.716732244164,2.03732015491,4.66437852341,0,0,0.005,0,0,20.4,40.8012037436,0,0,0,0,0,0,0,0,0,0
7.735,0.507188631684,0.492811368317,1,1,0.223200364793,0.205965038727,0.28398826689,0.28684632959,0.42916540352,0.570834596481,0.686932773756,2.04591701907,4.6576530846,0,0,0.005,0,0,20.4,40.8012037436,0,0,0,0,0,0,0,0,0,0
7.74,0.5065418125,0.493458187501,1,1,0.224458878713,0.209615818843,0.282082933787,0.283842368658,0.434074697556,0.565925302445,0.657115681406,2.05452148592,4.65285955487,0,0,0.005,0,0,20.4,40.8012037436,0,0,0,0,0,0,0,0,0,0
7.745,0.505874903446,0.494125096554,1,1,0.225534384783,0.213264960543,0.280340518663,0.280860136011,0.438799345326,0.561200654674,0.627281715323,2.0631333103,4.65000140643,0,0,0.005,0,0,20.4,40.8012037436,0,0,0,0,0,0,0,0,0,0
7.75,0.505188658838,0.494811341162,1,1,0.226438208027,0.216902055028,0.278750450811,0.277909286134,0.443340263055,0.556659736946,0.597431624116,2.0717522471,4.64908191885,0,0,0.005,0,0,20.4,40.8012037436,0,0,0,0,0,0,0,0,0,0
7.755,0.504483890332,0.495516109669,1,1,0.227183185637,0.220515829843,0.277300704695,0.275000279826,0.447699015479,0.552300984521,0.567566156773,2.08037805131,4.6501041787,0,0,0.005,0,0,20.4,40.8012037436,0,0,0,0,0,0,0,0,0,0
7.76,0.503761467816,0.496238532185,1,1,0.227783461124,0.224094320878,0.275978006691,0.272144211307,0.451877782002,0.548122217998,0.537686062642,2.089010478,4.65307107915,0,0,0.005,0,0,20.4,40.8012037436,0,0,0,0,0,0,0,0,0,0
7.765,0.50302232004,0.496977679961,1,1,0.228254254407,0.227625064239,0.274768065633,0.269352615722,0.455879318646,0.544120681355,0.507792091406,2.09764928231,4.65798531966,0,0,0.005,0,0,20.4,40.8012037436,0,0,0,0,0,0,0,0,0,0
7.77,0.502267434978,0.497732565022,1,1,0.228611612403,0.231095304171,0.273655822576,0.266637260851,0.459706916574,0.540293083427,0.477884993067,2.10629421948,4.66484940561,0,0,0.005,0,0,20.4,40.8012037436,0,0,0,0,0,0,0,0,0,0
7.775,0.501497859901,0.4985021401,1,1,0.228872145181,0.234492212804,0.27262571472,0.264009927295,0.463364357985,0.536635642016,0.447965517919,2.11494504485,4.673665648,0,0,0.005,0,0,20.4,40.8012037436,0,0,0,0,0,0,0,0,0,0
7.78,0.500714701146,0.499285298854,1,1,0.229052753134,0.237803117056,0.271661948013,0.261482181798,0.466855870189,0.533144129811,0.418034416531,2.12360151388,4.68443616317,0,0,0.005,0,0,20.4,40.8012037436,0,0,0,0,0,0,0,0,0,0
7.785,0.499919123584,0.500080876417,1,1,0.229170350865,0.241015727797,0.270748772719,0.25906514862,0.470186078662,0.529813921339,0.388092439721,2.13226338213,4.69716287253,0,0,0.005,0,0,20.4,40.8012037436,0,0,0,0,0,0,0,0,0,0
7.79,0.499112349751,0.500887650249,1,1,0.229241593628,0.244118366201,0.269870756123,0.256769284048,0.47335995983,0.526640040171,0.35814033854,2.14093040527,4.7118475023,0,0,0.005,0,0,20.4,40.8012037436,0,0,0,0,0,0,0,0,0,0
7.795,0.498295658662,0.501704341338,1,1,0.229282612121,0.247100182189,0.269013046542,0.254604159149,0.47638279431,0.523617205691,0.328178864245,2.14960233912,4.72849158327,0,0,0.005,0,0,20.4,40.8012037436,0,0,0,0,0,0,0,0,0,0
7.8,0.497470384267,0.502529615734,1,1,0.229308761255,0.24995135996,0.268161623012,0.252578255774,0.479260121215,0.520739878786,0.29820876828,2.15827893961,4.74709645063,0,0,0.005,0,0,20.4,40.8012037436,0,0,0,0,0,0,0,0,0,0
7.805,0.496637913567,0.503362086434,1,1,0.229334388247,0.252663305845,0.267303525319,0.250698780589,0.481997694092,0.518002305909,0.268230802255,2.16695996282,4.76766324376,0,0,0.005,0,0,20.4,40.8012037436,0,0,0,0,0,0,0,0,0,0
7.81,0.495799684377,0.504200315623,1,1,0.229372624897,0.255228814049,0.266427059481,0.248971501575,0.484601438945,0.515398561055,0.238245717921,2.17564516499,4.79019290606,0,0,0.005,0,0,20.4,40.8012037436,0,0,0,0,0,0,0,0,0,0
7.815,0.494957182726,0.505042817275,1,1,0.229435208362,0.257642206344,0.265521974364,0.247400610931,0.487077414705,0.512922585295,0.20825426715,2.18433430249,4.81468618481,0,0,0.005,0,0,20.4,40.8012037436,0,0,0,0,0,0,0,0,0,0
7.82,0.494111939892,0.505888060108,1,1,0.229532334084,0.259899442319,0.264579605808,0.24598861779,0.489431776403,0.510568223598,0.178257201913,2.19302713184,4.84114363104,0,0,0.005,0,0,20.4,40.8012037436,0,0,0,0,0,0,0,0,0,0
7.825,0.493265529089,0.506734470911,1,1,0.229672543716,0.261998197496,0.263592985373,0.244736273415,0.491670741213,0.508329258788,0.148255274259,2.20172340976,4.86956559944,0,0,0.005,0,0,20.4,40.8012037436,0,0,0,0,0,0,0,0,0,0
7.83,0.492419561779,0.507580438222,1,1,0.229862650088,0.263937907351,0.26255691169,0.243642530871,0.493800557439,0.506199442562,0.118249236291,2.21042289311,4.89995224827,0,0,0.005,0,0,20.4,40.8012037436,0,0,0,0,0,0,0,0,0,0
7.835,0.491575683635,0.508424316366,1,1,0.230107700345,0.265719776077,0.26146798329,0.242704540289,0.495827476421,0.504172523579,0.0882398401438,2.21912533894,4.9323035393,0,0,0.005,0,0,20.4,40.8012037436,0,0,0,0,0,0,0,0,0,0
7.84,0.490735570156,0.509264429845,1,1,0.23041097748,0.267346749803,0.260324592676,0.241917680042,0.497757727282,0.502242272718,0.058227837964,2.22783050447,4.96661923774,0,0,0.005,0,0,20.4,40.8012037436,0,0,0,0,0,0,0,0,0,0
7.845,0.489900921931,0.51009907807,1,1,0.230774039569,0.268823454794,0.259126882362,0.241275623276,0.499597494363,0.500402505638,0.0282139818866,2.23653814711,5.00289891227,0,0,0.005,0,0,20.4,40.8012037436,0,0,0,0,0,0,0,0,0,0
7.85,0.489073459578,0.510926540423,1,1,0.231196795111,0.270156102041,0.257876664467,0.240770438382,0.501352897152,0.498647102849,-0.00180097598676,2.24524802449,5.041141935,0,0,0.005,0,0,20.4,40.8012037436,0,0,0,0,0,0,0,0,0,0
7.855,0.48825491836,0.511745081641,1,1,0.231677612029,0.271352360451,0.256577306331,0.240392721189,0.503029972481,0.49697002752,-0.0318162836099,2.25395989441,5.0813474815,0,0,0.005,0,0,20.4,40.8012037436,0,0,0,0,0,0,0,0,0,0
7.86,0.487447042496,0.512552957505,1,1,0.232213457122,0.27242120161,0.255233585374,0.240131755894,0.504634658732,0.495365341269,-0.061831189014,2.26267351487,5.12351453084,0,0,0.005,0,0,20.4,40.8012037436,0,0,0,0,0,0,0,0,0,0
7.865,0.486651579185,0.513348420816,1,1,0.232800062043,0.273372719775,0.253851517142,0.239975701041,0.506172781818,0.493827218183,-0.0918449403294,2.27138864411,5.16764186567,0,0,0.005,0,0,20.4,40.8012037436,0,0,0,0,0,0,0,0,0,0
7.87,0.485870272363,0.514129727637,1,1,0.233432111316,0.274217931358,0.252438161048,0.23991179628,0.507650042673,0.492349957327,-0.121856785808,2.28010504057,5.21372807226,0,0,0.005,0,0,20.4,40.8012037436,0,0,0,0,0,0,0,0,0,0
7.875,0.485104856218,0.514895143782,1,1,0.234103447428,0.274968558621,0.251001408791,0.239926585162,0.509072006048,0.490927993952,-0.151865973843,2.28882246289,5.26177154064,0,0,0.005,0,0,20.4,40.8012037436,0,0,0,0,0,0,0,0,0,0
7.88,0.484357048478,0.515642951523,1,1,0.234807287712,0.275636802679,0.249549760766,0.240006148844,0.510444090391,0.489555909609,-0.181871752996,2.29754066997,5.31177046471,0,0,0.005,0,0,20.4,40.8012037436,0,0,0,0,0,0,0,0,0,0
7.885,0.483628543513,0.516371456488,1,1,0.235536447551,0.276235111117,0.248092095962,0.24013634537,0.511771558669,0.488228441332,-0.21187337201,2.30625942092,5.36372284235,0,0,0.005,0,0,20.4,40.8012037436,0,0,0,0,0,0,0,0,0,0
7.89,0.482921005273,0.517078994727,1,1,0.236283564379,0.276775945612,0.246637440894,0.240303049115,0.513059509991,0.48694049001,-0.241870079841,2.31497847509,5.41762647565,0,0,0.005,0,0,20.4,40.8012037436,0,0,0,0,0,0,0,0,0,0
7.895,0.482236060096,0.517763939905,1,1,0.23704131707,0.277271554893,0.245194743026,0.240492385012,0.514312871963,0.485687128038,-0.271861125669,2.32369759207,5.47347897103,0,0,0.005,0,0,20.4,40.8012037436,0,0,0,0,0,0,0,0,0,0
7.9,0.481575289412,0.518424710588,1,1,0.237802635538,0.27773375818,0.243772653874,0.240690952409,0.515536393718,0.484463606283,-0.301845758929,2.33241653168,5.53127773944,0,0,0.005,0,0,20.4,40.8012037436,0,0,0,0,0,0,0,0,0,0
7.905,0.480940222404,0.519059777597,1,1,0.238560895743,0.278173743885,0.24237932666,0.240886033712,0.516734639629,0.483265360372,-0.331823229325,2.34113505401,5.59101999665,0,0,0.005,0,0,20.4,40.8012037436,0,0,0,0,0,0,0,0,0,0
7.91,0.480332328627,0.519667671373,1,1,0.239310095782,0.278601887949,0.241022232845,0.241065783424,0.517911983731,0.48208801627,-0.361792786855,2.34985291939,5.65270276339,0,0,0.005,0,0,20.4,40.8012037436,0,0,0,0,0,0,0,0,0,0
7.915,0.479753010666,0.520246989335,1,1,0.240045009342,0.279027595568,0.239708001323,0.241219393766,0.519072604911,0.48092739509,-0.391753681831,2.3585698884,5.71632286569,0,0,0.005,0,0,20.4,40.8012037436,0,0,0,0,0,0,0,0,0,0
7.92,0.479203596836,0.520796403164,1,1,0.240761313473,0.279459169469,0.238442283363,0.241337233695,0.520220482942,0.479779517058,-0.421705164897,2.36728572188,5.78187693514,0,0,0.005,0,0,20.4,40.8012037436,0,0,0,0,0,0,0,0,0,0
7.925,0.478685334005,0.521314665996,1,1,0.241455688354,0.279903707113,0.237229645651,0.241410958883,0.521359395466,0.478640604534,-0.451646487055,2.37600018095,5.84936140915,0,0,0.005,0,0,20.4,40.8012037436,0,0,0,0,0,0,0,0,0,0
7.93,0.478199380547,0.521800619453,1,1,0.242125887543,0.280367028466,0.236073493004,0.241433590988,0.522492916009,0.477507083992,-0.48157689968,2.38471302697,5.9187725313,0,0,0.005,0,0,20.4,40.8012037436,0,0,0,0,0,0,0,0,0,0
7.935,0.477746799508,0.522253200493,1,1,0.242770777983,0.280853635152,0.234976021525,0.241399565341,0.523624413135,0.476375586866,-0.511495654541,2.39342402158,5.99010635169,0,0,0.005,0,0,20.4,40.8012037436,0,0,0,0,0,0,0,0,0,0
7.94,0.477328551994,0.522671448006,1,1,0.243390349825,0.281366700998,0.233938202169,0.241304747009,0.524757050823,0.475242949178,-0.541402003826,2.40213292669,6.06335872725,0,0,0.005,0,0,20.4,40.8012037436,0,0,0,0,0,0,0,0,0,0
7.945,0.476945490863,0.523054509138,1,1,0.24398569695,0.281908093178,0.232959793913,0.24114641596,0.525893790128,0.474106209873,-0.571295200154,2.41083950449,6.13852532215,0,0,0.005,0,0,20.4,40.8012037436,0,0,0,0,0,0,0,0,0,0
7.95,0.476598354737,0.523401645263,1,1,0.244558969739,0.28247842244,0.232039384998,0.240923222824,0.527037392179,0.472962607821,-0.601174496601,2.41954351744,6.21560160817,0,0,0.005,0,0,20.4,40.8012037436,0,0,0,0,0,0,0,0,0,0
7.955,0.476287762406,0.523712237594,1,1,0.24511330236,0.283077120165,0.231174460046,0.240635117429,0.528190422526,0.471809577475,-0.631039146716,2.42824472828,6.29458286512,0,0,0.005,0,0,20.4,40.8012037436,0,0,0,0,0,0,0,0,0,0
7.96,0.47601420765,0.523985792351,1,1,0.245652717383,0.283702539439,0.230361490267,0.240283252912,0.529355256822,0.470644743179,-0.660888404538,2.43694290003,6.37546418125,0,0,0.005,0,0,20.4,40.8012037436,0,0,0,0,0,0,0,0,0,0
7.965,0.475778054534,0.524221945467,1,1,0.246182011041,0.284352076762,0.229596043493,0.239869868705,0.530534087803,0.469465912198,-0.690721524621,2.44563779599,6.45824045374,0,0,0.005,0,0,20.4,40.8012037436,0,0,0,0,0,0,0,0,0,0
7.97,0.475579533225,0.524420466776,1,1,0.246706622836,0.285022310644,0.228872910389,0.239398156131,0.531728933481,0.46827106652,-0.720537762046,2.45432917975,6.5429063891,0,0,0.005,0,0,20.4,40.8012037436,0,0,0,0,0,0,0,0,0,0
7.975,0.475418736357,0.524581263644,1,1,0.247232493427,0.28570915302,0.22818624293,0.238872110624,0.532941646446,0.467058353554,-0.750336372445,2.46301681519,6.6294565037,0,0,0.005,0,0,20.4,40.8012037436,0,0,0,0,0,0,0,0,0,0
7.98,0.475295615999,0.524704384001,1,1,0.247765914917,0.286408009232,0.227529701082,0.238296374769,0.534173924149,0.465826075852,-0.780116612013,2.47170046646,6.71788512425,0,0,0.005,0,0,20.4,40.8012037436,0,0,0,0,0,0,0,0,0,0
7.985,0.475209981262,0.524790018738,1,1,0.248313377671,0.287113942325,0.226896603591,0.237676076413,0.535427319997,0.464572680004,-0.80987773753,2.48037989803,6.80818638831,0,0,0.005,0,0,20.4,40.8012037436,0,0,0,0,0,0,0,0,0,0
7.99,0.475161496568,0.524838503433,1,1,0.248881417696,0.287821837403,0.226280078872,0.23701666603,0.536703255099,0.463296744901,-0.839619006378,2.48905487464,6.90035424483,0,0,0.005,0,0,20.4,40.8012037436,0,0,0,0,0,0,0,0,0,0
7.995,0.475149680629,0.524850319372,1,1,0.249476468441,0.288526562029,0.225673212188,0.236323757342,0.53800303047,0.46199696953,-0.869339676557,2.49772516132,6.99438245472,0,0,0.005,0,0,20.4,40.8012037436,0,0,0,0,0,0,0,0,0,0
8,0.475173906159,0.524826093841,1,1,0.250104720574,0.289223118911,0.225069185585,0.23560297493,0.539327839486,0.460672160515,-0.899039006703,2.5063905234,7.09026459136,0,0,0.005,0,0,20.4,40.8012037436,0,0,0,0,0,0,0,0,0,0
8.005,0.475233400337,0.524766599664,1,1,0.250771992907,0.289906787499,0.22446140743,0.234859812165,0.540678780406,0.459321219595,-0.928716256104,2.51505072651,7.18799404126,0,0,0.005,0,0,20.4,40.8012037436,0,0,0,0,0,0,0,0,0,0
8.01,0.475327246051,0.52467275395,1,1,0.251483617196,0.290573251568,0.223843628855,0.234099502382,0.542056868764,0.457943131237,-0.958370684715,2.52370553656,7.28756400461,0,0,0.005,0,0,20.4,40.8012037436,0,0,0,0,0,0,0,0,0,0
8.015,0.47545438394,0.524545616061,1,1,0.252244339038,0.291218710392,0.223210044901,0.233326905669,0.54346304943,0.456536950571,-0.98800155318,2.53235471978,7.38896749589,0,0,0.005,0,0,20.4,40.8012037436,0,0,0,0,0,0,0,0,0,0
8.02,0.475613615234,0.524386384766,1,1,0.253058236538,0.291839971645,0.222555378696,0.232546413122,0.544898208183,0.455101791818,-1.01760812284,2.54099804268,7.49219734455,0,0,0.005,0,0,20.4,40.8012037436,0,0,0,0,0,0,0,0,0,0
8.025,0.475803605418,0.524196394582,1,1,0.253928657848,0.292434524767,0.221874947571,0.231761869815,0.546363182615,0.453636817386,-1.04718965575,2.54963527206,7.59724619564,0,0,0.005,0,0,20.4,40.8012037436,0,0,0,0,0,0,0,0,0,0
8.03,0.476022888702,0.523977111298,1,1,0.254858178134,0.293000594107,0.221164710568,0.230976517192,0.547858772241,0.45214122776,-1.07674541472,2.55826617504,7.70410651044,0,0,0.005,0,0,20.4,40.8012037436,0,0,0,0,0,0,0,0,0,0
8.035,0.476269873309,0.523730126692,1,1,0.255848575947,0.293537171723,0.220421297362,0.230192954968,0.54938574767,0.45061425233,-1.10627466326,2.56689051902,7.81277056723,0,0,0.005,0,0,20.4,40.8012037436,0,0,0,0,0,0,0,0,0,0
8.04,0.476542847563,0.523457152437,1,1,0.256900828463,0.294044030285,0.219642019101,0.229413122152,0.550944858748,0.449055141253,-1.13577666569,2.57550807173,7.92323046189,0,0,0.005,0,0,20.4,40.8012037436,0,0,0,0,0,0,0,0,0,0
8.045,0.476839986771,0.52316001323,1,1,0.258015124583,0.294521716981,0.218824862188,0.228638296249,0.552536841564,0.447463158437,-1.16525068709,2.58411860117,8.0354781087,0,0,0.005,0,0,20.4,40.8012037436,0,0,0,0,0,0,0,0,0,0
8.05,0.477159360866,0.522840639135,1,1,0.259190894455,0.294971529816,0.21796846641,0.227869109319,0.554162424272,0.445837575729,-1.19469599333,2.59272187566,8.14950524102,0,0,0.005,0,0,20.4,40.8012037436,0,0,0,0,0,0,0,0,0,0
8.055,0.4774989428,0.5225010572,1,1,0.260426853615,0.295395478039,0.217072089185,0.227105579161,0.555822331654,0.444177668347,-1.22411185107,2.60131766382,8.26530341206,0,0,0.005,0,0,20.4,40.8012037436,0,0,0,0,0,0,0,0,0,0
8.06,0.47785661765,0.522143382351,1,1,0.261721059678,0.295796228716,0.216135557972,0.226347153635,0.557517288394,0.442482711606,-1.25349752783,2.60990573457,8.38286399565,0,0,0.005,0,0,20.4,40.8012037436,0,0,0,0,0,0,0,0,0,0
8.065,0.478230192387,0.521769807614,1,1,0.263070979302,0.296177041738,0.215159213085,0.225592765876,0.55924802104,0.440751978961,-1.28285229194,2.61848585715,8.50217818703,0,0,0.005,0,0,20.4,40.8012037436,0,0,0,0,0,0,0,0,0,0
8.07,0.478617406293,0.521382593708,1,1,0.264473563008,0.296541695623,0.214143843285,0.224840898084,0.561015258632,0.438984741369,-1.31217541258,2.62705780108,8.6232370036,0,0,0.005,0,0,20.4,40.8012037436,0,0,0,0,0,0,0,0,0,0
8.075,0.479015941952,0.520984058048,1,1,0.26592532542,0.296894406583,0.213090616532,0.224089651465,0.562819732004,0.437180267997,-1.3414661598,2.63562133622,8.74603128581,0,0,0.005,0,0,20.4,40.8012037436,0,0,0,0,0,0,0,0,0,0
8.08,0.479423436775,0.520576563226,1,1,0.267422428494,0.29723974327,0.212001008281,0.223336819956,0.564662171763,0.435337828237,-1.37072380451,2.64417623272,8.87055169793,0,0,0.005,0,0,20.4,40.8012037436,0,0,0,0,0,0,0,0,0,0
8.085,0.479837494993,0.520162505007,1,1,0.268960765432,0.29758253954,0.210876729562,0.222579965467,0.566543304972,0.433456695029,-1.39994761855,2.65272226104,8.99678872891,0,0,0.005,0,0,20.4,40.8012037436,0,0,0,0,0,0,0,0,0,0
8.09,0.480255700072,0.519744299929,1,1,0.270536043127,0.297927807429,0.209719656945,0.2218164925,0.568463850556,0.431536149444,-1.42913687461,2.66125919198,9.12473269328,0,0,0.005,0,0,20.4,40.8012037436,0,0,0,0,0,0,0,0,0,0
8.095,0.480675627451,0.519324372549,1,1,0.272143861206,0.298280652301,0.208531766246,0.221043720249,0.570424513506,0.429575486494,-1.45829084635,2.66978679662,9.25437373197,0,0,0.005,0,0,20.4,40.8012037436,0,0,0,0,0,0,0,0,0,0
8.1,0.481094857571,0.51890514243,1,1,0.273779786003,0.298646191913,0.207315071568,0.220258950516,0.572425977916,0.427574022085,-1.48740880834,2.67830484638,9.38570181327,0,0,0.005,0,0,20.4,40.8012037436,0,0,0,0,0,0,0,0,0,0
8.105,0.481510989081,0.51848901092,1,1,0.275439418097,0.299029480861,0.206071570984,0.219459530059,0.574468898957,0.425531101043,-1.51649003608,2.686813113,9.51870673369,0,0,0.005,0,0,20.4,40.8012037436,0,0,0,0,0,0,0,0,0,0
8.11,0.481921652172,0.518078347829,1,1,0.277118452345,0.299435441545,0.204803199827,0.218642906283,0.576553893891,0.42344610611,-1.54553380605,2.69531136852,9.65337811892,0,0,0.005,0,0,20.4,40.8012037436,0,0,0,0,0,0,0,0,0,0
8.115,0.482324521943,0.517675478058,1,1,0.278812729692,0.299868802552,0.203511792251,0.217806675506,0.578681532244,0.421318467756,-1.5745393957,2.70379938533,9.78970542476,0,0,0.005,0,0,20.4,40.8012037436,0,0,0,0,0,0,0,0,0,0
8.12,0.482717331716,0.517282668285,1,1,0.280518280328,0.300334044999,0.202199051388,0.216948623286,0.580852325326,0.419147674674,-1.60350608347,2.71227693615,9.92767793811,0,0,0.005,0,0,20.4,40.8012037436,0,0,0,0,0,0,0,0,0,0
8.125,0.483097886221,0.51690211378,1,1,0.282231358108,0.300835357149,0.200866528113,0.216066756631,0.583066715257,0.416933284744,-1.63243314878,2.72074379401,10.0672847779,0,0,0.005,0,0,20.4,40.8012037436,0,0,0,0,0,0,0,0,0,0
8.13,0.483464074555,0.516535925445,1,1,0.283948466409,0.301376597338,0.199515608146,0.215159328107,0.585325063747,0.414674936253,-1.66131987209,2.7291997323,10.2085148962,0,0,0.005,0,0,20.4,40.8012037436,0,0,0,0,0,0,0,0,0,0
8.135,0.48381388284,0.516186117161,1,1,0.28566637587,0.301961265016,0.19814750697,0.214224852144,0.587627640886,0.412372359114,-1.69016553488,2.73764452471,10.351357079,0,0,0.005,0,0,20.4,40.8012037436,0,0,0,0,0,0,0,0,0,0
8.14,0.484145406473,0.515854593528,1,1,0.287382134661,0.30259247955,0.196763271812,0.213262113977,0.589974614211,0.410025385789,-1.71896941965,2.74607794532,10.4957999475,0,0,0.005,0,0,20.4,40.8012037436,0,0,0,0,0,0,0,0,0,0
8.145,0.484456861908,0.515543138093,1,1,0.289093072145,0.303272966251,0.195363789763,0.212270171842,0.592366038396,0.407633961605,-1.74773080999,2.75449976853,10.641831959,0,0,0.005,0,0,20.4,40.8012037436,0,0,0,0,0,0,0,0,0,0
8.15,0.484746597856,0.515253402144,1,1,0.290796796876,0.30400504901,0.19394980098,0.211248353135,0.594801845886,0.405198154115,-1.77644899054,2.76290976909,10.7894414081,0,0,0.005,0,0,20.4,40.8012037436,0,0,0,0,0,0,0,0,0,0
8.155,0.485013105839,0.514986894161,1,1,0.292491190009,0.304790648837,0.19252191583,0.210196245325,0.597281838845,0.402718161155,-1.80512324703,2.7713077221,10.9386164276,0,0,0.005,0,0,20.4,40.8012037436,0,0,0,0,0,0,0,0,0,0
8.16,0.485255030005,0.514744969995,1,1,0.29417439521,0.305631287576,0.191080634795,0.209113682419,0.599805682787,0.400194317214,-1.8337528663,2.77969340305,11.0893449896,0,0,0.005,0,0,20.4,40.8012037436,0,0,0,0,0,0,0,0,0,0
8.165,0.485471176132,0.514528823869,1,1,0.295844806176,0.30652809607,0.189626369956,0.208000727799,0.602372902246,0.397627097755,-1.86233713628,2.78806658776,11.241614907,0,0,0.005,0,0,20.4,40.8012037436,0,0,0,0,0,0,0,0,0,0
8.17,0.485660519738,0.514339480263,1,1,0.297501052795,0.307481826072,0.188159466943,0.20685765419,0.604982878868,0.395017121133,-1.89087534606,2.79642705245,11.395413834,0,0,0.005,0,0,20.4,40.8012037436,0,0,0,0,0,0,0,0,0,0
8.175,0.485822213239,0.514177786762,1,1,0.299141986954,0.308492865268,0.186680226285,0.205684921494,0.607634852222,0.392365147779,-1.91936678585,2.80477457368,11.5507292678,0,0,0.005,0,0,20.4,40.8012037436,0,0,0,0,0,0,0,0,0,0
8.18,0.48595559207,0.514044407931,1,1,0.300766668825,0.309561254825,0.185188923245,0.204483153105,0.610327923651,0.38967207635,-1.94781074703,2.81310892843,11.7075485495,0,0,0.005,0,0,20.4,40.8012037436,0,0,0,0,0,0,0,0,0,0
8.185,0.486060179726,0.513939820275,1,1,0.30237435439,0.310686708987,0.183685825336,0.203253111288,0.613061063377,0.386938936623,-1.97620652216,2.82142989405,11.8658588653,0,0,0.005,0,0,20.4,40.8012037436,0,0,0,0,0,0,0,0,0,0
8.19,0.486135691659,0.513864308341,1,1,0.303964484767,0.311868636282,0.182171206892,0.201995672059,0.615833121049,0.384166878952,-2.00455340498,2.82973724827,12.0256472477,0,0,0.005,0,0,20.4,40.8012037436,0,0,0,0,0,0,0,0,0,0
8.195,0.486182037985,0.513817962015,1,1,0.305536677763,0.313106162031,0.180645360222,0.200711799984,0.618642839795,0.381357160206,-2.03285069045,2.83803076925,12.1869005769,0,0,0.005,0,0,20.4,40.8012037436,0,0,0,0,0,0,0,0,0,0
8.2,0.486199324959,0.513800675042,1,1,0.307090721906,0.314398151889,0.179108603053,0.199402523153,0.621488873796,0.378511126205,-2.06109767476,2.84631023552,12.3496055817,0,0,0.005,0,0,20.4,40.8012037436,0,0,0,0,0,0,0,0,0,0
8.205,0.486187855185,0.513812144816,1,1,0.308626573031,0.315743236216,0.177561282155,0.1980689086,0.624369809246,0.375630190754,-2.08929365531,2.85457542605,12.5137488411,0,0,0.005,0,0,20.4,40.8012037436,0,0,0,0,0,0,0,0,0,0
8.21,0.486148126539,0.513851873462,1,1,0.310144353354,0.31713983513,0.176003773185,0.196712038331,0.627284188485,0.372715811516,-2.1174379308,2.86282612022,12.6793167854,0,0,0.005,0,0,20.4,40.8012037436,0,0,0,0,0,0,0,0,0,0
8.215,0.48608082978,0.513919170221,1,1,0.311644352825,0.318586184115,0.174436476955,0.195332986105,0.63023053694,0.36976946306,-2.14552980117,2.87106209784,12.8462956974,0,0,0.005,0,0,20.4,40.8012037436,0,0,0,0,0,0,0,0,0,0
8.22,0.48598684485,0.514013155151,1,1,0.313127032386,0.320080360053,0.172859812464,0.193932795098,0.633207392439,0.366792607562,-2.17356856766,2.87928313915,13.0146717137,0,0,0.005,0,0,20.4,40.8012037436,0,0,0,0,0,0,0,0,0,0
8.225,0.485867235856,0.514132764145,1,1,0.314593028708,0.321620307567,0.171274207148,0.192512456578,0.636213336275,0.363786663726,-2.20155353284,2.88748902481,13.1844308264,0,0,0.005,0,0,20.4,40.8012037436,0,0,0,0,0,0,0,0,0,0
8.23,0.48572324475,0.51427675525,1,1,0.316043159842,0.323203865523,0.169680084909,0.191072889727,0.639247025365,0.360752974636,-2.22948400058,2.89567953597,13.3555588839,0,0,0.005,0,0,20.4,40.8012037436,0,0,0,0,0,0,0,0,0,0
8.235,0.485556283728,0.514443716273,1,1,0.317478431198,0.324828793484,0.16807785253,0.189614922789,0.642307224681,0.357692775319,-2.25735927611,2.9038544542,13.5280415926,0,0,0.005,0,0,20.4,40.8012037436,0,0,0,0,0,0,0,0,0,0
8.24,0.485367926366,0.514632073635,1,1,0.3189000412,0.326492797902,0.166467885166,0.188139275733,0.645392839102,0.354607160898,-2.28517866602,2.91201356154,13.7018645182,0,0,0.005,0,0,20.4,40.8012037436,0,0,0,0,0,0,0,0,0,0
8.245,0.485159897553,0.514840102448,1,1,0.320309385971,0.328193557752,0.164850511582,0.186646544695,0.648502943723,0.351497056277,-2.31294147828,2.9201566405,13.877013087,0,0,0.005,0,0,20.4,40.8012037436,0,0,0,0,0,0,0,0,0,0
8.25,0.484934062256,0.515065937745,1,1,0.321708062407,0.329928749258,0.163225999849,0.185137188487,0.651636811665,0.348363188336,-2.34064702227,2.92828347407,14.0534725873,0,0,0.005,0,0,20.4,40.8012037436,0,0,0,0,0,0,0,0,0,0
8.255,0.484692413175,0.515307586825,1,1,0.323097869033,0.331696069341,0.161594544143,0.183611517484,0.654793938373,0.345206061627,-2.36829460876,2.93639384572,14.2312281711,0,0,0.005,0,0,20.4,40.8012037436,0,0,0,0,0,0,0,0,0,0
8.26,0.484437057379,0.515562942622,1,1,0.324480804092,0.333493257353,0.159956253287,0.182069685269,0.657974061445,0.342025938555,-2.39588355,2.9444875394,14.4102648549,0,0,0.005,0,0,20.4,40.8012037436,0,0,0,0,0,0,0,0,0,0
8.265,0.484170201968,0.515829798033,1,1,0.325859060384,0.335318114655,0.158311141584,0.180511683377,0.661177175039,0.338822824962,-2.42341315966,2.95256433958,14.5905675218,0,0,0.005,0,0,20.4,40.8012037436,0,0,0,0,0,0,0,0,0,0
8.27,0.483894138891,0.51610586111,1,1,0.327235016457,0.337168521574,0.156659122433,0.178937339536,0.664403538031,0.33559646197,-2.45088275291,2.96062403123,14.7721209228,0,0,0.005,0,0,20.4,40.8012037436,0,0,0,0,0,0,0,0,0,0
8.275,0.48361122898,0.516388771021,1,1,0.32861122387,0.339042451302,0.155000005109,0.177346319719,0.667653675172,0.332346324829,-2.47829164639,2.9686663998,14.9549096779,0,0,0.005,0,0,20.4,40.8012037436,0,0,0,0,0,0,0,0,0,0
8.28,0.483323885336,0.516676114665,1,1,0.329990390315,0.340937980341,0.153333495021,0.175738134324,0.670928370656,0.329071629345,-2.50563915827,2.97669123131,15.138918278,0,0,0.005,0,0,20.4,40.8012037436,0,0,0,0,0,0,0,0,0,0
8.285,0.483034556167,0.516965443834,1,1,0.331375358545,0.34285329512,0.151659197622,0.174112148715,0.674228653664,0.325771346336,-2.53292460824,2.98469831228,15.3241310863,0,0,0.005,0,0,20.4,40.8012037436,0,0,0,0,0,0,0,0,0,0
8.29,0.482745707203,0.517254292798,1,1,0.332769081135,0.344786694544,0.149976626068,0.172467598254,0.677555775679,0.322444224322,-2.56014731757,2.99268742975,15.5105323398,0,0,0.005,0,0,20.4,40.8012037436,0,0,0,0,0,0,0,0,0,0
8.295,0.482459803826,0.517540196174,1,1,0.334174591234,0.346736588292,0.148285212592,0.170803607883,0.680911179526,0.319088820475,-2.58730660907,3.00065837132,15.6981061507,0,0,0.005,0,0,20.4,40.8012037436,0,0,0,0,0,0,0,0,0,0
8.3,0.482179293041,0.51782070696,1,1,0.335594969581,0.348701490817,0.14658432346,0.169119216142,0.684296460399,0.315703539602,-2.61440180716,3.00861092515,15.8868365082,0,0,0.005,0,0,20.4,40.8012037436,0,0,0,0,0,0,0,0,0,0
8.305,0.481906585433,0.518093414568,1,1,0.337033308154,0.35068001115,0.144873277279,0.167413403418,0.687713319304,0.312286680697,-2.64143223785,3.01654487992,16.0767072797,0,0,0.005,0,0,20.4,40.8012037436,0,0,0,0,0,0,0,0,0,0
8.31,0.481644037262,0.518355962739,1,1,0.338492670944,0.35267083871,0.143151366318,0.165685124029,0.691163509653,0.308836490347,-2.66839722879,3.02446002489,16.2677022128,0,0,0.005,0,0,20.4,40.8012037436,0,0,0,0,0,0,0,0,0,0
8.315,0.481393932838,0.518606067163,1,1,0.339976052416,0.354672725519,0.141417880421,0.163933341644,0.694648777936,0.305351222065,-2.69529610928,3.03235614988,16.4598049365,0,0,0.005,0,0,20.4,40.8012037436,0,0,0,0,0,0,0,0,0,0
8.32,0.481158467325,0.518841532676,1,1,0.341486334326,0.356684465329,0.139672132999,0.162157067346,0.698170799655,0.301829200345,-2.7221282103,3.0402330453,16.652998963,0,0,0.005,0,0,20.4,40.8012037436,0,0,0,0,0,0,0,0,0,0
8.325,0.480939730139,0.519060269861,1,1,0.343026241602,0.35870487031,0.137913488537,0.160355399551,0.701731111913,0.298268888088,-2.74889286447,3.04809050211,16.8472676894,0,0,0.005,0,0,20.4,40.8012037436,0,0,0,0,0,0,0,0,0,0
8.33,0.480739689077,0.519260310923,1,1,0.344598298103,0.360732746085,0.136141390974,0.158527564838,0.705331044188,0.294668955812,-2.77558940617,3.05592831188,17.042594399,0,0,0.005,0,0,20.4,40.8012037436,0,0,0,0,0,0,0,0,0,0
8.335,0.480560175334,0.519439824667,1,1,0.346204783057,0.362766865984,0.134355392277,0.156672958683,0.70897164904,0.29102835096,-2.80221717146,3.06374626675,17.2389622631,0,0,0.005,0,0,20.4,40.8012037436,0,0,0,0,0,0,0,0,0,0
8.34,0.480402869555,0.519597130446,1,1,0.347847689056,0.36480594547,0.132555180499,0.154791184976,0.712653634525,0.287346365476,-2.82877549817,3.07154415948,17.4363543427,0,0,0.005,0,0,20.4,40.8012037436,0,0,0,0,0,0,0,0,0,0
8.345,0.480269289065,0.519730710936,1,1,0.349528682474,0.366848617741,0.130740606591,0.152882093196,0.716377300215,0.283622699786,-2.85526372586,3.0793217834,17.6347535899,0,0,0.005,0,0,20.4,40.8012037436,0,0,0,0,0,0,0,0,0,0
8.35,0.480160776405,0.519839223596,1,1,0.35124906717,0.368893411523,0.128911709235,0.150945812073,0.720142478693,0.279857521308,-2.8816811959,3.08707893247,17.8341428501,0,0,0.005,0,0,20.4,40.8012037436,0,0,0,0,0,0,0,0,0,0
8.355,0.480078489312,0.519921510689,1,1,0.353009752323,0.370938732048,0.127068736989,0.148982778641,0.723948484371,0.27605151563,-2.90802725144,3.09481540125,18.0345048629,0,0,0.005,0,0,20.4,40.8012037436,0,0,0,0,0,0,0,0,0,0
8.36,0.480023392253,0.519976607748,1,1,0.354811225206,0.372982846155,0.125212167047,0.146993761593,0.727794071361,0.27220592864,-2.93430123742,3.10253098493,18.2358222644,0,0,0.005,0,0,20.4,40.8012037436,0,0,0,0,0,0,0,0,0,0
8.365,0.479996249621,0.52000375038,1,1,0.356653529638,0.375023872373,0.123342719983,0.144979878006,0.731677402012,0.268322597989,-2.96050250065,3.11022547931,18.4380775885,0,0,0.005,0,0,20.4,40.8012037436,0,0,0,0,0,0,0,0,0,0
8.37,0.479997620698,0.520002379303,1,1,0.358536250796,0.377059776691,0.121461369901,0.142942602612,0.735596027488,0.264403972513,-2.98663038977,3.11789868081,18.6412532689,0,0,0.005,0,0,20.4,40.8012037436,0,0,0,0,0,0,0,0,0,0
8.375,0.480027856443,0.519972143558,1,1,0.360458506946,0.379088374602,0.119569349496,0.140883768956,0.739546881549,0.260453118452,-3.01268425527,3.12555038649,18.8453316404,0,0,0.005,0,0,20.4,40.8012037436,0,0,0,0,0,0,0,0,0,0
8.38,0.480087098197,0.519912901803,1,1,0.362418948575,0.381107339793,0.117668149622,0.13880556201,0.743526288368,0.256473711633,-3.03866344954,3.13318039404,19.0502949412,0,0,0.005,0,0,20.4,40.8012037436,0,0,0,0,0,0,0,0,0,0
8.385,0.480175278333,0.519824721668,1,1,0.364415765256,0.383114219674,0.115759513077,0.136710501993,0.747529984931,0.25247001507,-3.06456732686,3.1407885018,19.2561253139,0,0,0.005,0,0,20.4,40.8012037436,0,0,0,0,0,0,0,0,0,0
8.39,0.480292122882,0.519707877119,1,1,0.366446700447,0.385106457713,0.113845422435,0.134601419406,0.75155315816,0.248446841841,-3.09039524342,3.14837450874,19.4628048078,0,0,0.005,0,0,20.4,40.8012037436,0,0,0,0,0,0,0,0,0,0
8.395,0.48043715616,0.51956284384,1,1,0.368509074269,0.387081422308,0.111928081891,0.132481421532,0.755590496577,0.244409503423,-3.11614655733,3.15593821446,19.6703153803,0,0,0.005,0,0,20.4,40.8012037436,0,0,0,0,0,0,0,0,0,0
8.4,0.480609707369,0.519390292631,1,1,0.370599814163,0.389036441736,0.110009893206,0.130353850895,0.759636255899,0.240363744102,-3.14182062868,3.16347941925,19.8786388988,0,0,0.005,0,0,20.4,40.8012037436,0,0,0,0,0,0,0,0,0,0
8.405,0.480808919151,0.51919108085,1,1,0.372715493123,0.390968844456,0.108093426028,0.128222236394,0.763684337579,0.236315662422,-3.16741681947,3.17099792403,20.0877571425,0,0,0.005,0,0,20.4,40.8012037436,0,0,0,0,0,0,0,0,0,0
8.41,0.481033758035,0.518966241966,1,1,0.374852375084,0.392876003873,0.106181382951,0.126090238093,0.767728378957,0.232271621044,-3.19293449371,3.17849353038,20.2976518038,0,0,0.005,0,0,20.4,40.8012037436,0,0,0,0,0,0,0,0,0,0
8.415,0.481283026717,0.518716973283,1,1,0.37700646682,0.394755386485,0.104276559897,0.123961586798,0.771761853305,0.228238146695,-3.21837301739,3.18596604053,20.5083044905,0,0,0.005,0,0,20.4,40.8012037436,0,0,0,0,0,0,0,0,0,0
8.42,0.481555378056,0.518444621945,1,1,0.379173575589,0.396604602159,0.102381802466,0.121840019786,0.775778177748,0.224221822253,-3.2437317585,3.1934152574,20.7196967273,0,0,0.005,0,0,20.4,40.8012037436,0,0,0,0,0,0,0,0,0,0
8.425,0.481849330679,0.518150669322,1,1,0.381349371581,0.398421455182,0.100499959098,0.119729214139,0.779770826763,0.220229173238,-3.26901008704,3.20084098457,20.9318099577,0,0,0.005,0,0,20.4,40.8012037436,0,0,0,0,0,0,0,0,0,0
8.43,0.482163286066,0.517836713934,1,1,0.383529454089,0.400203994658,0.0986338319771,0.117632719277,0.783733448747,0.216266551254,-3.29420737507,3.20824302628,21.1446255456,0,0,0.005,0,0,20.4,40.8012037436,0,0,0,0,0,0,0,0,0,0
8.435,0.482495546927,0.517504453073,1,1,0.385709420225,0.401950562741,0.0967861267027,0.115553890332,0.787659982966,0.212340017035,-3.31932299667,3.21562118745,21.3581247774,0,0,0.005,0,0,20.4,40.8012037436,0,0,0,0,0,0,0,0,0,0
8.44,0.482844336717,0.517155663283,1,1,0.387884934855,0.403659839259,0.0949594018621,0.113495824024,0.791544774115,0.208455225886,-3.34435632799,3.2229752737,21.5722888634,0,0,0.005,0,0,20.4,40.8012037436,0,0,0,0,0,0,0,0,0,0
8.445,0.483207820077,0.516792179923,1,1,0.390051800417,0.405330881264,0.0931560196598,0.11146129866,0.795382681681,0.20461731832,-3.36930674726,3.23030509129,21.78709894,0,0,0.005,0,0,20.4,40.8012037436,0,0,0,0,0,0,0,0,0,0
8.45,0.483584123989,0.516415876011,1,1,0.392206025181,0.406963156186,0.0913780988081,0.109452719825,0.799169181368,0.200830818633,-3.39417363479,3.23761044722,22.002536071,0,0,0.005,0,0,20.4,40.8012037436,0,0,0,0,0,0,0,0,0,0
8.455,0.483971359418,0.516028640583,1,1,0.394343888546,0.408556567383,0.0896274708719,0.1074720732,0.802900455929,0.197099544072,-3.418956373,3.24489114913,22.2185812502,0,0,0.005,0,0,20.4,40.8012037436,0,0,0,0,0,0,0,0,0,0
8.46,0.48436764319,0.515632356811,1,1,0.396462001964,0.41011147103,0.0879056412256,0.105520885781,0.806573472994,0.193426527007,-3.44365434641,3.25214700539,22.4352154022,0,0,0.005,0,0,20.4,40.8012037436,0,0,0,0,0,0,0,0,0,0
8.465,0.484771119868,0.515228880132,1,1,0.398557364154,0.411628683535,0.0862137557146,0.103600196597,0.810186047689,0.189813952312,-3.46826694168,3.25937782505,22.6524193852,0,0,0.005,0,0,20.4,40.8012037436,0,0,0,0,0,0,0,0,0,0
8.47,0.485179983355,0.514820016645,1,1,0.400627409343,0.413109478866,0.0845525740123,0.101710537779,0.813736888209,0.186263111791,-3.49279354762,3.26658341787,22.8701739922,0,0,0.005,0,0,20.4,40.8012037436,0,0,0,0,0,0,0,0,0,0
8.475,0.485592497959,0.514407502042,1,1,0.402670047423,0.414555575448,0.0829224505361,0.099851926594,0.817225622871,0.18277437713,-3.51723355518,3.2737635943,23.088459953,0,0,0.005,0,0,20.4,40.8012037436,0,0,0,0,0,0,0,0,0,0
8.48,0.486007018668,0.513992981333,1,1,0.404683695043,0.415969112546,0.0813233236248,0.0980238687874,0.820652807588,0.179347192412,-3.54158635748,3.28091816552,23.3072579363,0,0,0.005,0,0,20.4,40.8012037436,0,0,0,0,0,0,0,0,0,0
8.485,0.48642201036,0.513577989641,1,1,0.406667296861,0.417352616344,0.0797547134984,0.0962253732975,0.824019913205,0.175980086796,-3.56585134983,3.28804694341,23.5265485512,0,0,0.005,0,0,20.4,40.8012037436,0,0,0,0,0,0,0,0,0,0
8.49,0.4868360657,0.513163934301,1,1,0.408620336384,0.418708956179,0.0782157293158,0.0944549781221,0.827329292563,0.172670707438,-3.59002792973,3.29514974059,23.7463123491,0,0,0.005,0,0,20.4,40.8012037436,0,0,0,0,0,0,0,0,0,0
8.495,0.487247921473,0.512752078528,1,1,0.410542836047,0.42004129168,0.0767050854258,0.0927107868478,0.830584127727,0.169415872274,-3.61411549689,3.30222637036,23.966529826,0,0,0.005,0,0,20.4,40.8012037436,0,0,0,0,0,0,0,0,0,0
8.5,0.487656473116,0.512343526885,1,1,0.412435346438,0.421353011807,0.0752211266779,0.0909905150775,0.833788358245,0.166211641755,-3.63811345324,3.3092766468,24.1871814237,0,0,0.005,0,0,20.4,40.8012037436,0,0,0,0,0,0,0,0,0,0
8.505,0.488060787246,0.511939212755,1,1,0.414298924821,0.422647666998,0.0737618624253,0.0892915457565,0.836946591819,0.163053408182,-3.66202120295,3.31630038467,24.4082475322,0,0,0.005,0,0,20.4,40.8012037436,0,0,0,0,0,0,0,0,0,0
8.51,0.488460111968,0.511539888033,1,1,0.416135103347,0.423928895864,0.0723250086213,0.087610992169,0.84006399921,0.15993600079,-3.68583815244,3.32329739951,24.6297084916,0,0,0.005,0,0,20.4,40.8012037436,0,0,0,0,0,0,0,0,0,0
8.515,0.488853884806,0.511146115195,1,1,0.417945847615,0.425200348001,0.0709080371907,0.0859457671942,0.843146195616,0.156853804385,-3.70956371038,3.33026750759,24.8515445934,0,0,0.005,0,0,20.4,40.8012037436,0,0,0,0,0,0,0,0,0,0
8.52,0.489241738104,0.510758261897,1,1,0.419733506451,0.426465604643,0.0695082316533,0.0842926572539,0.846199111094,0.153800888907,-3.73319728773,3.3372105259,25.0737360833,0,0,0.005,0,0,20.4,40.8012037436,0,0,0,0,0,0,0,0,0,0
8.525,0.489623501779,0.510376498221,1,1,0.421500753983,0.427728098947,0.068122747796,0.0826483992742,0.849228852931,0.15077114707,-3.75673829774,3.34412627222,25.2962631622,0,0,0.005,0,0,20.4,40.8012037436,0,0,0,0,0,0,0,0,0,0
8.53,0.489999203351,0.51000079665,1,1,0.423250525315,0.428991037739,0.0667486780359,0.08100975891,0.852241563055,0.147758436946,-3.78018615596,3.35101456506,25.519105989,0,0,0.005,0,0,20.4,40.8012037436,0,0,0,0,0,0,0,0,0,0
8.535,0.490369065187,0.509630934814,1,1,0.424985947186,0.430257326558,0.065383118001,0.0793736082552,0.855243273745,0.144756726256,-3.80354028026,3.35787522371,25.7422446816,0,0,0.005,0,0,20.4,40.8012037436,0,0,0,0,0,0,0,0,0,0
8.54,0.490733498963,0.509266501037,1,1,0.426710265191,0.43152949976,0.0640232337725,0.0777370012772,0.858239764951,0.14176023505,-3.82680009084,3.36470806822,25.9656593196,0,0,0.005,0,0,20.4,40.8012037436,0,0,0,0,0,0,0,0,0,0
8.545,0.49109309736,0.50890690264,1,1,0.428426769166,0.432809657365,0.0626663281939,0.0760972452756,0.861236426531,0.13876357347,-3.84996501026,3.37151291942,26.189329946,0,0,0.005,0,0,20.4,40.8012037436,0,0,0,0,0,0,0,0,0,0
8.55,0.491448623061,0.50855137694,1,1,0.430138718404,0.434099410176,0.0613099046571,0.0744519667639,0.86423812858,0.135761871421,-3.87303446343,3.3782895989,26.4132365689,0,0,0.005,0,0,20.4,40.8012037436,0,0,0,0,0,0,0,0,0,0
8.555,0.491800995153,0.508199004848,1,1,0.431849268333,0.435399834536,0.0599517268193,0.0727991703123,0.867249102869,0.132750897132,-3.89600787763,3.38503792905,26.6373591637,0,0,0.005,0,0,20.4,40.8012037436,0,0,0,0,0,0,0,0,0,0
8.56,0.492151273084,0.507848726917,1,1,0.433561400285,0.436711437854,0.0585898727987,0.071137289063,0.870272838139,0.129727161862,-3.91888468255,3.39175773306,26.8616776749,0,0,0.005,0,0,20.4,40.8012037436,0,0,0,0,0,0,0,0,0,0
8.565,0.492500638352,0.507499361648,1,1,0.43527785583,0.438034135816,0.0572227825227,0.0694652258321,0.873311991646,0.126688008355,-3.94166431026,3.3984488349,27.0861720182,0,0,0.005,0,0,20.4,40.8012037436,0,0,0,0,0,0,0,0,0,0
8.57,0.492850374141,0.507149625859,1,1,0.437001077069,0.439367241924,0.0558492970725,0.067782383935,0.876368318993,0.123631681008,-3.96434619528,3.40511105935,27.3108220825,0,0,0.005,0,0,20.4,40.8012037436,0,0,0,0,0,0,0,0,0,0
8.575,0.493201843171,0.506798156829,1,1,0.438733154106,0.440709469707,0.0544686890654,0.0660886871225,0.879442623813,0.120557376188,-3.98692977453,3.41174423199,27.5356077316,0,0,0.005,0,0,20.4,40.8012037436,0,0,0,0,0,0,0,0,0,0
8.58,0.493556464038,0.506443535963,1,1,0.440475780694,0.442058947699,0.0530806833433,0.0643845882641,0.882534728393,0.117465271607,-4.00941448742,3.41834817922,27.7605088063,0,0,0.005,0,0,20.4,40.8012037436,0,0,0,0,0,0,0,0,0,0
8.585,0.493915686363,0.506084313638,1,1,0.442230218879,0.443413246956,0.0516854674838,0.0626710666817,0.885643465835,0.114356534166,-4.03179977577,3.42492272827,27.9855051265,0,0,0.005,0,0,20.4,40.8012037436,0,0,0,0,0,0,0,0,0,0
8.59,0.494280965099,0.505719034902,1,1,0.443997273193,0.444769420607,0.0502836919054,0.0609496142949,0.8887666938,0.1112333062,-4.05408508394,3.43146770717,28.2105764931,0,0,0.005,0,0,20.4,40.8012037436,0,0,0,0,0,0,0,0,0,0
8.595,0.494653734341,0.50534626566,1,1,0.445777274732,0.446124054667,0.0488764596091,0.0592222109925,0.891901329399,0.108098670602,-4.07626985872,3.43798294479,28.4357026898,0,0,0.005,0,0,20.4,40.8012037436,0,0,0,0,0,0,0,0,0,0
8.6,0.495035381039,0.504964618961,1,1,0.447570075182,0.447473329076,0.0474653058578,0.0574912898855,0.895043404257,0.104956595743,-4.09835354946,3.44446827086,28.6608634853,0,0,0.005,0,0,20.4,40.8012037436,0,0,0,0,0,0,0,0,0,0
8.605,0.495427218984,0.504572781016,1,1,0.449375050635,0.448813087699,0.046052168349,0.0557596933172,0.898188138335,0.101811861666,-4.12033560799,3.45092351592,28.8860386352,0,0,0.005,0,0,20.4,40.8012037436,0,0,0,0,0,0,0,0,0,0
8.61,0.495830463475,0.504169536526,1,1,0.451191114802,0.450138915822,0.0446393486727,0.0540306207033,0.901330030625,0.098669969376,-4.14221548871,3.45734851136,29.1112078839,0,0,0.005,0,0,20.4,40.8012037436,0,0,0,0,0,0,0,0,0,0
8.615,0.496246207055,0.503753792946,1,1,0.453016740995,0.451446223502,0.0432294660593,0.052307569444,0.904462964497,0.0955370355033,-4.16399264853,3.46374308946,29.3363509668,0,0,0.005,0,0,20.4,40.8012037436,0,0,0,0,0,0,0,0,0,0
8.62,0.496675396706,0.503324603295,1,1,0.454849992103,0.452730333008,0.0418254046024,0.0505942702868,0.907580325112,0.0924196748892,-4.18566654696,3.4701070833,29.561447612,0,0,0.005,0,0,20.4,40.8012037436,0,0,0,0,0,0,0,0,0,0
8.625,0.497118812877,0.502881187124,1,1,0.456688557584,0.453986568502,0.0404302552926,0.0488946186223,0.910675126086,0.0893248739149,-4.20723664607,3.47644032688,29.7864775424,0,0,0.005,0,0,20.4,40.8012037436,0,0,0,0,0,0,0,0,0,0
8.63,0.497577050699,0.502422949302,1,1,0.458529796393,0.455210346042,0.039047254306,0.0472126032594,0.913740142435,0.0862598575654,-4.22870241051,3.48274265503,30.0114204778,0,0,0.005,0,0,20.4,40.8012037436,0,0,0,0,0,0,0,0,0,0
8.635,0.498050503724,0.501949496277,1,1,0.460370784665,0.456397262018,0.037679719059,0.0455522342586,0.916768046683,0.0832319533176,-4.25006330755,3.48901390347,30.2362561368,0,0,0.005,0,0,20.4,40.8012037436,0,0,0,0,0,0,0,0,0,0
8.64,0.498539350477,0.501460649524,1,1,0.462208366907,0.457543178134,0.0363309835698,0.0439174713896,0.919751545041,0.0802484549593,-4.27131880706,3.49525390879,30.4609642385,0,0,0.005,0,0,20.4,40.8012037436,0,0,0,0,0,0,0,0,0,0
8.645,0.4990435441,0.500956455901,1,1,0.464039209451,0.458644301164,0.0350043346482,0.0423121547372,0.922683510615,0.0773164893854,-4.29246838156,3.50146250847,30.685524505,0,0,0.005,0,0,20.4,40.8012037436,0,0,0,0,0,0,0,0,0,0
8.65,0.499562805293,0.500437194708,1,1,0.465859854911,0.459697255809,0.0337029503819,0.0407399388992,0.92555711072,0.0744428892811,-4.31351150619,3.50763954088,30.9099166628,0,0,0.005,0,0,20.4,40.8012037436,0,0,0,0,0,0,0,0,0,0
8.655,0.500096618746,0.499903381255,1,1,0.467666776458,0.460699149148,0.0324298422879,0.0392042321074,0.928365925605,0.0716340743953,-4.33444765875,3.51378484528,31.1341204453,0,0,0.005,0,0,20.4,40.8012037436,0,0,0,0,0,0,0,0,0,0
8.66,0.500644233168,0.499355766833,1,1,0.469456430793,0.461647625371,0.031187802375,0.0377081414624,0.931104056163,0.0688959438374,-4.3552763197,3.51989826181,31.3581155944,0,0,0.005,0,0,20.4,40.8012037436,0,0,0,0,0,0,0,0,0,0
8.665,0.501204665006,0.498795334994,1,1,0.47122530881,0.462540909687,0.0299793561967,0.0362544253075,0.933766218497,0.0662337815042,-4.37599697219,3.52597963154,31.5818818627,0,0,0.005,0,0,20.4,40.8012037436,0,0,0,0,0,0,0,0,0,0
8.67,0.501776705855,0.498223294146,1,1,0.472969983059,0.463377840565,0.0288067227962,0.0348454535804,0.936347823624,0.0636521763766,-4.39660910205,3.53202879643,31.805399015,0,0,0.005,0,0,20.4,40.8012037436,0,0,0,0,0,0,0,0,0,0
8.675,0.502358933522,0.497641066479,1,1,0.474687151282,0.464157889699,0.02767178224,0.0334831767804,0.93884504098,0.0611549590204,-4.41711219781,3.53804559934,32.0286468311,0,0,0.005,0,0,20.4,40.8012037436,0,0,0,0,0,0,0,0,0,0
8.68,0.502949726648,0.497050273353,1,1,0.476373675424,0.464881169377,0.0265760512242,0.0321691039759,0.941254844801,0.0587451552001,-4.4375057507,3.54402988407,32.2516051067,0,0,0.005,0,0,20.4,40.8012037436,0,0,0,0,0,0,0,0,0,0
8.685,0.50354728273,0.49645271727,1,1,0.478026615713,0.46554842721,0.0255206670179,0.0309042900608,0.943575042922,0.0564249570786,-4.4577892547,3.54998149532,32.4742536564,0,0,0.005,0,0,20.4,40.8012037436,0,0,0,0,0,0,0,0,0,0
8.69,0.504149639319,0.495850360682,1,1,0.479643259529,0.466161028429,0.0245063797898,0.0296893322528,0.945804287958,0.0541957120426,-4.47796220648,3.55590027871,32.6965723148,0,0,0.005,0,0,20.4,40.8012037436,0,0,0,0,0,0,0,0,0,0
8.695,0.504754698131,0.49524530187,1,1,0.481221144975,0.466720926255,0.0235335531552,0.0285243756148,0.947942071231,0.0520579287699,-4.49802410549,3.56178608079,32.9185409388,0,0,0.005,0,0,20.4,40.8012037436,0,0,0,0,0,0,0,0,0,0
8.7,0.50536025175,0.49463974825,1,1,0.48275807917,0.467230621069,0.0226021725807,0.0274091271811,0.949988700239,0.0500112997618,-4.5179744539,3.56763874904,33.1401394098,0,0,0.005,0,0,20.4,40.8012037436,0,0,0,0,0,0,0,0,0,0
8.705,0.505964012549,0.494035987452,1,1,0.484252151442,0.467693109364,0.0217118611067,0.0263428780884,0.951945260806,0.0480547391951,-4.53781275668,3.57345813188,33.361347635,0,0,0.005,0,0,20.4,40.8012037436,0,0,0,0,0,0,0,0,0,0
8.71,0.506563643406,0.493436356594,1,1,0.485701741716,0.468111823651,0.0208619016905,0.0253245329433,0.953813565367,0.0461864346338,-4.55753852154,3.57924407865,33.5821455498,0,0,0.005,0,0,20.4,40.8012037436,0,0,0,0,0,0,0,0,0,0
8.715,0.507156789788,0.492843210213,1,1,0.487105524445,0.468490564692,0.0200512653423,0.0243526455211,0.955596089137,0.0444039108635,-4.57715125898,3.58499643965,33.8025131199,0,0,0.005,0,0,20.4,40.8012037436,0,0,0,0,0,0,0,0,0,0
8.72,0.507741112686,0.492258887315,1,1,0.488462468561,0.468833427541,0.0192786441251,0.0234254597739,0.957295896102,0.042704103899,-4.59665048229,3.59071506612,34.0224303424,0,0,0.005,0,0,20.4,40.8012037436,0,0,0,0,0,0,0,0,0,0
8.725,0.508314321932,0.491685678068,1,1,0.489771833917,0.469144723028,0.0185424880156,0.0225409550406,0.958916556945,0.0410834430562,-4.61603570758,3.59639981024,34.2418772488,0,0,0.005,0,0,20.4,40.8012037436,0,0,0,0,0,0,0,0,0,0
8.73,0.508874209341,0.491125790659,1,1,0.491033164756,0.469428896364,0.0178410445855,0.0216968942951,0.96046206112,0.0395379388807,-4.63530645376,3.60205052516,34.460833906,0,0,0.005,0,0,20.4,40.8012037436,0,0,0,0,0,0,0,0,0,0
8.735,0.509418681172,0.490581318828,1,1,0.492246280726,0.469690444583,0.0171724004469,0.0208908742449,0.961936725309,0.0380632746918,-4.65446224254,3.60766706496,34.6792804188,0,0,0.005,0,0,20.4,40.8012037436,0,0,0,0,0,0,0,0,0,0
8.74,0.509945789366,0.490054210634,1,1,0.49341126594,0.469933834542,0.0165345234262,0.020120376093,0.963345100482,0.0366548995192,-4.67350259849,3.61324928471,34.8971969315,0,0,0.005,0,0,20.4,40.8012037436,0,0,0,0,0,0,0,0,0,0
8.745,0.510453761044,0.489546238957,1,1,0.49452845657,0.470163423141,0.015925304474,0.0193828158157,0.964691879711,0.0353081202897,-4.692427049,3.61879704043,35.11456363,0,0,0.005,0,0,20.4,40.8012037436,0,0,0,0,0,0,0,0,0,0
8.75,0.510941025762,0.489058974239,1,1,0.495598427378,0.470383381373,0.015342598384,0.0186755928651,0.965981808752,0.0340181912491,-4.71123512434,3.6243101891,35.3313607437,0,0,0.005,0,0,20.4,40.8012037436,0,0,0,0,0,0,0,0,0,0
8.755,0.511406240051,0.48859375995,1,1,0.496621977565,0.470597623657,0.0147842624854,0.0179961362929,0.967219601222,0.0327803987783,-4.72992635761,3.6297885887,35.5475685471,0,0,0.005,0,0,20.4,40.8012037436,0,0,0,0,0,0,0,0,0,0
8.76,0.511848308791,0.48815169121,1,1,0.497600116217,0.470809743808,0.0142481925743,0.0173419474015,0.968409860025,0.0315901399758,-4.7485002848,3.63523209816,35.7631673622,0,0,0.005,0,0,20.4,40.8012037436,0,0,0,0,0,0,0,0,0,0
8.765,0.512266403036,0.487733596964,1,1,0.498534047569,0.471022958812,0.0137323554675,0.0167106381524,0.969557006381,0.0304429936199,-4.76695644477,3.6406405774,35.9781375602,0,0,0.005,0,0,20.4,40.8012037436,0,0,0,0,0,0,0,0,0,0
8.77,0.512659973935,0.487340026066,1,1,0.499425156246,0.471240061363,0.0132348176884,0.016099964703,0.970665217609,0.0293347823915,-4.78529437927,3.64601388734,36.192459563,0,0,0.005,0,0,20.4,40.8012037436,0,0,0,0,0,0,0,0,0,0
8.775,0.513028762453,0.486971237548,1,1,0.500274992533,0.471463381955,0.0127537699199,0.0155078555931,0.971738374488,0.028261625513,-4.80351363297,3.65135188988,36.4061138458,0,0,0.005,0,0,20.4,40.8012037436,0,0,0,0,0,0,0,0,0,0
8.78,0.513372804686,0.486627195315,1,1,0.501085257694,0.471694761057,0.0122875469923,0.0149324342575,0.972780018751,0.0272199812498,-4.82161375343,3.6566544479,36.6190809386,0,0,0.005,0,0,20.4,40.8012037436,0,0,0,0,0,0,0,0,0,0
8.785,0.513692432588,0.486307567412,1,1,0.50185778929,0.471935531715,0.0118346432979,0.0143720356978,0.973793321005,0.0262066789957,-4.83959429116,3.66192142529,36.831341428,0,0,0.005,0,0,20.4,40.8012037436,0,0,0,0,0,0,0,0,0,0
8.79,0.513988270041,0.48601172996,1,1,0.5025945464,0.472186512659,0.0113937236408,0.0138252173004,0.97478105906,0.0252189409412,-4.85745479958,3.66715268696,37.0428759594,0,0,0.005,0,0,20.4,40.8012037436,0,0,0,0,0,0,0,0,0,0
8.795,0.514261224247,0.485738775754,1,1,0.503297594603,0.472448011823,0.0109636296439,0.0132907639308,0.975745606426,0.0242543935748,-4.87519483508,3.67234809881,37.2536652388,0,0,0.005,0,0,20.4,40.8012037436,0,0,0,0,0,0,0,0,0,0
8.8,0.514512472512,0.485487527489,1,1,0.503969090584,0.472719839916,0.0105433819275,0.0127676875732,0.9766889305,0.0233110695008,-4.89281395698,3.67750752774,37.4636900342,0,0,0.005,0,0,20.4,40.8012037436,0,0,0,0,0,0,0,0,0,0
8.805,0.514743444561,0.48525655544,1,1,0.504611266201,0.473001333539,0.0101321783598,0.0122552219004,0.97761259974,0.0223874002603,-4.91031172761,3.6826308417,37.6729311785,0,0,0.005,0,0,20.4,40.8012037436,0,0,0,0,0,0,0,0,0,0
8.81,0.514955800601,0.485044199399,1,1,0.505226411853,0.473291387134,0.00972938874863,0.0117528122659,0.978517798986,0.0214822010146,-4.92768771224,3.68771790964,37.8813695705,0,0,0.005,0,0,20.4,40.8012037436,0,0,0,0,0,0,0,0,0,0
8.815,0.51515140542,0.484848594581,1,1,0.505816859025,0.473588492889,0.0093345463946,0.0112601016918,0.979405351914,0.0205946480864,-4.94494147916,3.69276860154,38.0889861769,0,0,0.005,0,0,20.4,40.8012037436,0,0,0,0,0,0,0,0,0,0
8.82,0.515332298884,0.484667701117,1,1,0.506384961917,0.473890787626,0.00894733696641,0.0107769134915,0.980275749543,0.0197242504579,-4.96207259966,3.69778278841,38.2957620345,0,0,0.005,0,0,20.4,40.8012037436,0,0,0,0,0,0,0,0,0,0
8.825,0.515500663256,0.484499336745,1,1,0.506933078077,0.474196105537,0.00856758517888,0.0103032312081,0.981129183614,0.018870816387,-4.97908064804,3.70276034229,38.5016782521,0,0,0.005,0,0,20.4,40.8012037436,0,0,0,0,0,0,0,0,0,0
8.83,0.515658787819,0.484341212182,1,1,0.507463548054,0.474502035611,0.00819523976471,0.00983917657113,0.981965583665,0.0180344163358,-4.99596520164,3.70770113627,38.7067160119,0,0,0.005,0,0,20.4,40.8012037436,0,0,0,0,0,0,0,0,0,0
8.835,0.515809031332,0.484190968669,1,1,0.507978674107,0.474805982495,0.00783035722489,0.00938498617382,0.982784656602,0.0172153433987,-5.01272584084,3.71260504447,38.9108565717,0,0,0.005,0,0,20.4,40.8012037436,0,0,0,0,0,0,0,0,0,0
8.84,0.515953782908,0.484046217093,1,1,0.508480698081,0.475105229537,0.00747308482663,0.00894098755573,0.983585927618,0.0164140723824,-5.02936214907,3.71747194208,39.1140812666,0,0,0.005,0,0,20.4,40.8012037436,0,0,0,0,0,0,0,0,0,0
8.845,0.516095421911,0.483904578089,1,1,0.50897177862,0.475397002752,0.00712364329108,0.0085075753377,0.984368781372,0.0156312186288,-5.04587371282,3.72230170532,39.3163715111,0,0,0.005,0,0,20.4,40.8012037436,0,0,0,0,0,0,0,0,0,0
8.85,0.516236277525,0.483763722476,1,1,0.509453967947,0.475678534472,0.00678230957822,0.00808518800408,0.985132502418,0.0148674975823,-5.06226012167,3.72709421147,39.5177088006,0,0,0.005,0,0,20.4,40.8012037436,0,0,0,0,0,0,0,0,0,0
8.855,0.516378588626,0.483621411375,1,1,0.509929188491,0.475947125513,0.00644940013518,0.00767428586215,0.985876314003,0.0141236859973,-5.07852096829,3.73184933888,39.7180747134,0,0,0.005,0,0,20.4,40.8012037436,0,0,0,0,0,0,0,0,0,0
8.86,0.516524464633,0.483475535368,1,1,0.510399209705,0.476200204735,0.00612525492811,0.00727533063274,0.98659941444,0.0134005855609,-5.09465584843,3.73656696696,39.9174509126,0,0,0.005,0,0,20.4,40.8012037436,0,0,0,0,0,0,0,0,0,0
8.865,0.516675847969,0.483324152032,1,1,0.51086562544,0.476435384988,0.00581022252913,0.00688876704351,0.987301010428,0.0126989895726,-5.11066436099,3.74124697618,40.1158191475,0,0,0.005,0,0,20.4,40.8012037436,0,0,0,0,0,0,0,0,0,0
8.87,0.516834478769,0.483165521232,1,1,0.51132983229,0.476650514523,0.00550464647936,0.00651500670926,0.987980346812,0.0120196531886,-5.12654610795,3.7458892481,40.313161256,0,0,0.005,0,0,20.4,40.8012037436,0,0,0,0,0,0,0,0,0,0
8.875,0.517001862436,0.482998137565,1,1,0.511793009336,0.47684372307,0.00520885309918,0.00615441449555,0.988636732406,0.0113632675947,-5.14230069447,3.75049366532,40.509459166,0,0,0.005,0,0,20.4,40.8012037436,0,0,0,0,0,0,0,0,0,0
8.88,0.517179240603,0.482820759398,1,1,0.512256099735,0.477013461923,0.00492314086805,0.00580729747517,0.989269561658,0.0107304383432,-5.15792772882,3.75506011156,40.7046948971,0,0,0.005,0,0,20.4,40.8012037436,0,0,0,0,0,0,0,0,0,0
8.885,0.517367566019,0.482632433982,1,1,0.512719794569,0.477158537477,0.00464777144954,0.00547389650478,0.989878332046,0.0101216679543,-5.17342682245,3.75958847158,40.8988505629,0,0,0.005,0,0,20.4,40.8012037436,0,0,0,0,0,0,0,0,0,0
8.89,0.517567481811,0.48243251819,1,1,0.513184519417,0.477278137817,0.00438296239462,0.00515438037302,0.990462657233,0.00953734276764,-5.18879758995,3.76407863127,41.0919083719,0,0,0.005,0,0,20.4,40.8012037436,0,0,0,0,0,0,0,0,0,0
8.895,0.51777930551,0.482220694491,1,1,0.513650423993,0.477371852087,0.00412888151643,0.00484884240367,0.991022276081,0.0089777239201,-5.20403964912,3.76853047757,41.28385063,0,0,0.005,0,0,20.4,40.8012037436,0,0,0,0,0,0,0,0,0,0
8.9,0.518003018157,0.481996981844,1,1,0.514117375262,0.477439682504,0.00388564289514,0.00455729934009,0.991557057766,0.00844294223523,-5.21915262093,3.77294389852,41.4746597419,0,0,0.005,0,0,20.4,40.8012037436,0,0,0,0,0,0,0,0,0,0
8.905,0.518238258732,0.481761741269,1,1,0.514584954291,0.477482048979,0.00365330444113,0.00427969228981,0.99206700327,0.00793299673094,-5.23413612954,3.77731878326,41.6643182129,0,0,0.005,0,0,20.4,40.8012037436,0,0,0,0,0,0,0,0,0,0
8.91,0.518484324046,0.481515675955,1,1,0.515052457127,0.477499786482,0.00343186691876,0.00401588947317,0.992552243609,0.00744775639193,-5.24898980231,3.78165502202,41.8528086503,0,0,0.005,0,0,20.4,40.8012037436,0,0,0,0,0,0,0,0,0,0
8.915,0.518740174167,0.481259825833,1,1,0.515518899855,0.477494135338,0.00322127431258,0.00376569049566,0.993013035193,0.00698696480823,-5.26371326984,3.78595250612,42.0401137657,0,0,0.005,0,0,20.4,40.8012037436,0,0,0,0,0,0,0,0,0,0
8.92,0.519004443362,0.480995556639,1,1,0.515983027961,0.477466724788,0.00302141540077,0.00352883185139,0.993449752749,0.00655024725216,-5.27830616593,3.79021112801,42.2262163761,0,0,0.005,0,0,20.4,40.8012037436,0,0,0,0,0,0,0,0,0,0
8.925,0.519275456419,0.480724543582,1,1,0.516443330029,0.477419550219,0.00283212638921,0.00330499336307,0.993862880248,0.00613711975229,-5.2927681276,3.79443078121,42.4110994059,0,0,0.005,0,0,20.4,40.8012037436,0,0,0,0,0,0,0,0,0,0
8.93,0.519551250176,0.480448749825,1,1,0.516898055724,0.477354944554,0.00265319445132,0.00309380527151,0.994253000278,0.00574699972283,-5.30709879513,3.79861136035,42.5947458882,0,0,0.005,0,0,20.4,40.8012037436,0,0,0,0,0,0,0,0,0,0
8.935,0.519829599939,0.480170400062,1,1,0.517345237924,0.477275544358,0.00248436201459,0.0028948557042,0.994620782282,0.00537921771878,-5.32129781203,3.80275276117,42.7771389669,0,0,0.005,0,0,20.4,40.8012037436,0,0,0,0,0,0,0,0,0,0
8.94,0.520108050435,0.479891949566,1,1,0.5177827188,0.477184251291,0.00232533163462,0.00270769827519,0.994966970091,0.00503302990981,-5.33536482507,3.80685488053,42.958261898,0,0,0.005,0,0,20.4,40.8012037436,0,0,0,0,0,0,0,0,0,0
8.945,0.520383950846,0.479616049154,1,1,0.518208179547,0.477084189557,0.00217577129936,0.00253185959753,0.995292369104,0.00470763089689,-5.34929948427,3.81091761639,43.1380980513,0,0,0.005,0,0,20.4,40.8012037436,0,0,0,0,0,0,0,0,0,0
8.95,0.520654493407,0.479345506594,1,1,0.518619173395,0.476978660073,0.00203532001196,0.00236684652143,0.995597833467,0.00440216653339,-5.36310144292,3.81494086782,43.316630912,0,0,0.005,0,0,20.4,40.8012037436,0,0,0,0,0,0,0,0,0,0
8.955,0.520916754984,0.479083245017,1,1,0.519013161476,0.476871092071,0.00190359350839,0.00221215294609,0.995884253546,0.00411574645448,-5.37677035757,3.818924535,43.4938440821,0,0,0.005,0,0,20.4,40.8012037436,0,0,0,0,0,0,0,0,0,0
8.96,0.521167741014,0.478832258986,1,1,0.519387551039,0.476764992898,0.00178018997563,0.00206726608833,0.996152543937,0.00384745606395,-5.39030588807,3.82286851923,43.6697212823,0,0,0.005,0,0,20.4,40.8012037436,0,0,0,0,0,0,0,0,0,0
8.965,0.521404431115,0.478595568886,1,1,0.519739735467,0.47666389676,0.00166469564836,0.00193167212534,0.996403632227,0.0035963677737,-5.40370769754,3.82677272294,43.8442463535,0,0,0.005,0,0,20.4,40.8012037436,0,0,0,0,0,0,0,0,0,0
8.97,0.521623825668,0.478376174333,1,1,0.520067135493,0.476571313172,0.00155669017488,0.0018048611616,0.996638448664,0.00336155133648,-5.41697545238,3.83063704967,44.0174032579,0,0,0.005,0,0,20.4,40.8012037436,0,0,0,0,0,0,0,0,0,0
8.975,0.521822992648,0.478177007353,1,1,0.52036724099,0.476490675854,0.00145575165763,0.00168633149924,0.996857916844,0.00314208315687,-5.4301088223,3.83446140406,44.1891760812,0,0,0.005,0,0,20.4,40.8012037436,0,0,0,0,0,0,0,0,0,0
8.98,0.521999113965,0.478000886035,1,1,0.520637652676,0.476425292818,0.00136146128892,0.0015755932171,0.997062945495,0.00293705450602,-5.44310748031,3.8382456919,44.3595490336,0,0,0.005,0,0,20.4,40.8012037436,0,0,0,0,0,0,0,0,0,0
8.985,0.52214953058,0.477850469421,1,1,0.520876123062,0.476378298336,0.00127340751813,0.001472171085,0.997254421398,0.00274557860313,-5.45597110273,3.8419898201,44.5285064516,0,0,0.005,0,0,20.4,40.8012037436,0,0,0,0,0,0,0,0,0,0
8.99,0.522271785683,0.477728214317,1,1,0.52108059598,0.476352607461,0.00119118970287,0.00137560685666,0.997433203441,0.00256679655953,-5.4686993692,3.84569369668,44.6960327993,0,0,0.005,0,0,20.4,40.8012037436,0,0,0,0,0,0,0,0,0,0
8.995,0.522363665249,0.477636334752,1,1,0.521249244037,0.476350873755,0.00111442121241,0.00128546099701,0.997600117791,0.00239988220942,-5.48129196266,3.8493572308,44.8621126702,0,0,0.005,0,0,20.4,40.8012037436,0,0,0,0,0,0,0,0,0,0
9,0.522423235309,0.477576764692,1,1,0.521380503342,0.476375450784,0.00104273196726,0.00120131390748,0.997755954126,0.00224404587474,-5.49374856939,3.85298033275,45.0267307883,0,0,0.005,0,0,20.4,40.8012037436,0,0,0,0,0,0,0,0,0,0
9.005,0.522448875345,0.477551124656,1,1,0.521473104931,0.476428357939,0.000975770413835,0.00112276671637,0.997901462871,0.00209853713021,-5.50606887903,3.85656291394,45.1898720097,0,0,0.005,0,0,20.4,40.8012037436,0,0,0,0,0,0,0,0,0,0
9.01,0.522439307263,0.477560692738,1,1,0.521526102316,0.476511251036,0.000913204946705,0.00104944170173,0.998037353352,0.00196264664843,-5.51825258451,3.86010488691,45.3515213244,0,0,0.005,0,0,20.4,40.8012037436,0,0,0,0,0,0,0,0,0,0
9.015,0.522393619463,0.477606380538,1,1,0.521538894659,0.476625398127,0.000854724803838,0.000980982410814,0.998164292786,0.00183570721465,-5.53029938215,3.86360616535,45.5116638572,0,0,0.005,0,0,20.4,40.8012037436,0,0,0,0,0,0,0,0,0,0
9.02,0.522311285616,0.477688714385,1,1,0.521511245144,0.47677166085,0.000800040471108,0.000917053535389,0.998282905994,0.0017170940065,-5.54220897161,3.86706666408,45.6702848695,0,0,0.005,0,0,20.4,40.8012037436,0,0,0,0,0,0,0,0,0,0
9.025,0.522192177823,0.477807822178,1,1,0.521443294181,0.476950481584,0.000748883641849,0.000857340594515,0.998393775764,0.00160622423636,-5.55398105592,3.87048629904,45.8273697606,0,0,0.005,0,0,20.4,40.8012037436,0,0,0,0,0,0,0,0,0,0
9.03,0.522036573932,0.477963426069,1,1,0.521335567148,0.4771618766,0.000701006784598,0.000801549468971,0.998497443747,0.00150255625357,-5.56561534147,3.87386498733,45.9829040692,0,0,0.005,0,0,20.4,40.8012037436,0,0,0,0,0,0,0,0,0,0
9.035,0.521845158873,0.478154841128,1,1,0.521188976495,0.477405435305,0.000656182377685,0.000749405822836,0.9985944118,0.00140558820052,-5.57711153803,3.87720264718,46.1368734749,0,0,0.005,0,0,20.4,40.8012037436,0,0,0,0,0,0,0,0,0,0
9.04,0.521619019954,0.478380980047,1,1,0.521004818081,0.477680325607,0.000614201872654,0.000700654439744,0.998685143688,0.0013148563124,-5.58846935878,3.88049919795,46.2892637994,0,0,0.005,0,0,20.4,40.8012037436,0,0,0,0,0,0,0,0,0,0
9.045,0.521359636195,0.478640363806,1,1,0.520784761745,0.477985305312,0.000574874449823,0.000655058493884,0.998770067057,0.00122993294371,-5.59968852028,3.88375456017,46.4400610078,0,0,0.005,0,0,20.4,40.8012037436,0,0,0,0,0,0,0,0,0,0
9.05,0.521068861806,0.478931138195,1,1,0.520530836177,0.478318739425,0.000538025628587,0.000612398769482,0.998849575603,0.00115042439807,-5.61076874249,3.88696865549,46.5892512105,0,0,0.005,0,0,20.4,40.8012037436,0,0,0,0,0,0,0,0,0,0
9.055,0.520748904075,0.479251095926,1,1,0.520245408283,0.478678623088,0.000503495792475,0.000572472837461,0.998924031371,0.00107596862994,-5.62170974879,3.89014140672,46.7368206639,0,0,0.005,0,0,20.4,40.8012037436,0,0,0,0,0,0,0,0,0,0
9.06,0.520402295965,0.479597704036,1,1,0.51993115728,0.479062609842,0.000471138684678,0.000535094194374,0.998993767122,0.00100623287905,-5.63251126599,3.89327273781,46.8827557725,0,0,0.005,0,0,20.4,40.8012037436,0,0,0,0,0,0,0,0,0,0
9.065,0.520031863826,0.479968136175,1,1,0.519591043902,0.479468044809,0.000440819924082,0.00050009136657,0.99905908871,0.000940911290652,-5.64317302433,3.89636257386,47.0270430895,0,0,0.005,0,0,20.4,40.8012037436,0,0,0,0,0,0,0,0,0,0
9.07,0.519640690713,0.480359309287,1,1,0.519228275129,0.479892002306,0.000412415584866,0.000467306981777,0.999120277434,0.000879722566644,-5.65369475749,3.89941084112,47.1696693187,0,0,0.005,0,0,20.4,40.8012037436,0,0,0,0,0,0,0,0,0,0
9.075,0.519232075839,0.480767924162,1,1,0.518846264964,0.480331327351,0.000385810875025,0.00043659681067,0.999177592315,0.000822407685695,-5.66407620261,3.902417467,47.3106213157,0,0,0.005,0,0,20.4,40.8012037436,0,0,0,0,0,0,0,0,0,0
9.08,0.518809490769,0.481190509232,1,1,0.518448591828,0.48078268045,0.000360898940849,0.000407828782381,0.999231272278,0.000768727723229,-5.67431710028,3.90538238004,47.4498860889,0,0,0.005,0,0,20.4,40.8012037436,0,0,0,0,0,0,0,0,0,0
9.085,0.518376533022,0.481623466979,1,1,0.518038953206,0.481242584999,0.000337579815949,0.000380881979896,0.999281538205,0.000718461795845,-5.68441719459,3.90830550995,47.5874508012,0,0,0.005,0,0,20.4,40.8012037436,0,0,0,0,0,0,0,0,0,0
9.09,0.517936877762,0.482063122239,1,1,0.517621118237,0.481707476615,0.0003157595251,0.000355645623657,0.999328594852,0.000671405148757,-5.69437623308,3.91118678759,47.7233027713,0,0,0.005,0,0,20.4,40.8012037436,0,0,0,0,0,0,0,0,0,0
9.095,0.517494228295,0.482505771706,1,1,0.517198878949,0.482173753652,0.000295349345322,0.000332018054088,0.999372632601,0.00062736739941,-5.70419396681,3.91402614497,47.8574294745,0,0,0.005,0,0,20.4,40.8012037436,0,0,0,0,0,0,0,0,0,0
9.1,0.517052266118,0.482947733882,1,1,0.516776000899,0.482637828156,0.000276265219525,0.000309905725939,0.999413829055,0.000586170945464,-5.71387015033,3.91682351527,47.9898185446,0,0,0.005,0,0,20.4,40.8012037436,0,0,0,0,0,0,0,0,0,0
9.105,0.516614601263,0.483385398738,1,1,0.516356173951,0.483096176509,0.000258427311942,0.000289222228992,0.99945235046,0.000547649540934,-5.72340454171,3.91957883281,48.1204577746,0,0,0.005,0,0,20.4,40.8012037436,0,0,0,0,0,0,0,0,0,0
9.11,0.516184723652,0.483815276349,1,1,0.515942963962,0.483545388999,0.000241759689573,0.000269887350666,0.999488352961,0.000511647040239,-5.73279690252,3.92229203307,48.2493351182,0,0,0.005,0,0,20.4,40.8012037436,0,0,0,0,0,0,0,0,0,0
9.115,0.515765956207,0.484234043793,1,1,0.515539766097,0.483982217597,0.00022619011025,0.000251826196204,0.999521983694,0.000478016306454,-5.74204699791,3.92496305268,48.3764386911,0,0,0.005,0,0,20.4,40.8012037436,0,0,0,0,0,0,0,0,0,0
9.12,0.515361410387,0.484638589614,1,1,0.515149760491,0.484403621233,0.00021164989553,0.000234968381414,0.999553381724,0.000446618276944,-5.75115459652,3.92759182945,48.5017567718,0,0,0.005,0,0,20.4,40.8012037436,0,0,0,0,0,0,0,0,0,0
9.125,0.514973944793,0.485026055208,1,1,0.514775870927,0.484806807896,0.000198073865682,0.000219247311286,0.999582678824,0.000417321176968,-5.76011947057,3.93017830232,48.6252778032,0,0,0.005,0,0,20.4,40.8012037436,0,0,0,0,0,0,0,0,0,0
9.13,0.514606127471,0.48539387253,1,1,0.514420727156,0.485189272975,0.000185400314248,0.000204599555423,0.999610000131,0.000389999869671,-5.76894139583,3.93272241141,48.7469903937,0,0,0.005,0,0,20.4,40.8012037436,0,0,0,0,0,0,0,0,0,0
9.135,0.514260202417,0.485739797583,1,1,0.514086631416,0.485548833255,0.000173571001095,0.000190964328064,0.999635464672,0.000364535329159,-5.77762015165,3.93522409797,48.866883318,0,0,0.005,0,0,20.4,40.8012037436,0,0,0,0,0,0,0,0,0,0
9.14,0.513938060796,0.486061939204,1,1,0.513775529651,0.485883656127,0.000162531145246,0.000178283076879,0.999659185779,0.000340814222125,-5.78615552094,3.93768330444,48.9849455186,0,0,0.005,0,0,20.4,40.8012037436,0,0,0,0,0,0,0,0,0,0
9.145,0.513641217252,0.486358782749,1,1,0.51348898785,0.486192283568,0.000152229401927,0.000166499180749,0.999681271418,0.000318728582676,-5.7945472902,3.94009997439,49.1011661065,0,0,0.005,0,0,20.4,40.8012037436,0,0,0,0,0,0,0,0,0,0
9.15,0.513370791649,0.486629208352,1,1,0.513228173837,0.486473650599,0.000142617811967,0.000155557752753,0.999701824436,0.000298175564719,-5.80279524952,3.94247405255,49.2155343629,0,0,0.005,0,0,20.4,40.8012037436,0,0,0,0,0,0,0,0,0,0
9.155,0.513127496493,0.486872503507,1,1,0.512993844778,0.486727097967,0.000133651715662,0.000145405540683,0.999720942744,0.000279057256346,-5.81089919259,3.94480548482,49.3280397395,0,0,0.005,0,0,20.4,40.8012037436,0,0,0,0,0,0,0,0,0,0
9.16,0.512911630176,0.487088369825,1,1,0.512786340549,0.486952378911,0.00012528962728,0.000135990913938,0.99973871946,0.000261280541218,-5.8188589167,3.94709421824,49.4386718602,0,0,0.005,0,0,20.4,40.8012037436,0,0,0,0,0,0,0,0,0,0
9.165,0.512723076129,0.487276923872,1,1,0.512605583059,0.487149659949,0.000117493070211,0.000127263922682,0.999755243008,0.000244756992893,-5.82667422275,3.94934020103,49.5474205215,0,0,0.005,0,0,20.4,40.8012037436,0,0,0,0,0,0,0,0,0,0
9.17,0.512561307868,0.487438692132,1,1,0.512451081492,0.487319515719,0.000110226376309,0.000119176412978,0.999770597211,0.000229402789286,-5.83434491526,3.95154338252,49.6542756942,0,0,0.005,0,0,20.4,40.8012037436,0,0,0,0,0,0,0,0,0,0
9.175,0.51242539983,0.48757460017,1,1,0.512321943375,0.48746291799,0.000103456455858,0.000111682180189,0.999784861365,0.000215138636047,-5.84187080236,3.95370371324,49.7592275236,0,0,0.005,0,0,20.4,40.8012037436,0,0,0,0,0,0,0,0,0,0
9.18,0.512314043812,0.487685956189,1,1,0.512216891265,0.487581219047,9.71525468943e-05,0.000104737142511,0.999798110311,0.000201889689405,-5.84925169582,3.95582114486,49.8622663311,0,0,0.005,0,0,20.4,40.8012037436,0,0,0,0,0,0,0,0,0,0
9.185,0.512225570755,0.487774429246,1,1,0.512134284801,0.487676129729,9.12859540806e-05,9.82995168908e-05,0.99981041453,0.000189585470971,-5.85648741102,3.95789563017,49.9633826148,0,0,0.005,0,0,20.4,40.8012037436,0,0,0,0,0,0,0,0,0,0
9.19,0.512157977538,0.487842022462,1,1,0.51207214775,0.487749692481,8.58297880404e-05,9.23299809312e-05,0.999821840232,0.000178159768972,-5.863577767,3.95992712317,50.0625670504,0,0,0.005,0,0,20.4,40.8012037436,0,0,0,0,0,0,0,0,0,0
9.195,0.512108958361,0.487891041639,1,1,0.512028199646,0.487804249833,8.0758715953e-05,8.67918064232e-05,0.999832449478,0.000167550522376,-5.87052258641,3.96191557896,50.1598104923,0,0,0.005,0,0,20.4,40.8012037436,0,0,0,0,0,0,0,0,0,0
9.2,0.512075940256,0.487924059745,1,1,0.511999891523,0.487842408792,7.60487333844e-05,8.16509528819e-05,0.999842300315,0.000157699686266,-5.87732169554,3.96386095382,50.2551039741,0,0,0.005,0,0,20.4,40.8012037436,0,0,0,0,0,0,0,0,0,0
9.205,0.512056122197,0.487943877804,1,1,0.511984445231,0.487867001692,7.16769658659e-05,7.6876112642e-05,0.999851446922,0.000148553078508,-5.88397492435,3.96576320517,50.3484387099,0,0,0.005,0,0,20.4,40.8012037436,0,0,0,0,0,0,0,0,0,0
9.21,0.512046517238,0.487953482763,1,1,0.511978895731,0.48788104406,6.76215067546e-05,7.24387025406e-05,0.999859939791,0.000140060209295,-5.89048210641,3.96762229159,50.4398060947,0,0,0.005,0,0,20.4,40.8012037436,0,0,0,0,0,0,0,0,0,0
9.215,0.512043997068,0.487956002932,1,1,0.511980135773,0.487887690132,6.38612955832e-05,6.83128007642e-05,0.999867825904,0.000132174096347,-5.89684307897,3.9694381728,50.5291977057,0,0,0.005,0,0,20.4,40.8012037436,0,0,0,0,0,0,0,0,0,0
9.22,0.512045338337,0.487954661663,1,1,0.511984962299,0.487890186633,6.03760385827e-05,6.447503087e-05,0.999875148931,0.000124851069453,-5.90305768289,3.97121080967,50.6166053024,0,0,0.005,0,0,20.4,40.8012037436,0,0,0,0,0,0,0,0,0,0
9.225,0.512047270102,0.487952729899,1,1,0.511990123931,0.487891825501,5.71461705136e-05,6.09043981206e-05,0.999881949432,0.000118050568634,-5.90912576272,3.97294016422,50.7020208281,0,0,0.005,0,0,20.4,40.8012037436,0,0,0,0,0,0,0,0,0,0
9.23,0.512046521721,0.48795347828,1,1,0.511992368867,0.487895896194,5.41528545358e-05,5.75820859371e-05,0.99988826506,0.000111734940473,-5.91504716663,3.97462619961,50.7854364101,0,0,0.005,0,0,20.4,40.8012037436,0,0,0,0,0,0,0,0,0,0
9.235,0.512039870528,0.487960129473,1,1,0.511988492513,0.487905638251,5.13780147206e-05,5.44912223381e-05,0.999894130764,0.000105869237059,-5.92082174647,3.97626888017,50.8668443609,0,0,0.005,0,0,20.4,40.8012037436,0,0,0,0,0,0,0,0,0,0
9.24,0.512024188622,0.487975811378,1,1,0.511975384228,0.487924194751,4.88043940909e-05,5.16166276186e-05,0.999899578979,0.000100421021709,-5.92644935773,3.97786817135,50.9462371784,0,0,0.005,0,0,20.4,40.8012037436,0,0,0,0,0,0,0,0,0,0
9.245,0.511996488141,0.48800351186,1,1,0.511950072511,0.487954567305,4.64156298562e-05,4.89445551589e-05,0.999904639816,9.53601850151e-05,-5.93192985955,3.97942403977,51.023607547,0,0,0.005,0,0,20.4,40.8012037436,0,0,0,0,0,0,0,0,0,0
9.25,0.51195396439,0.48804603561,1,1,0.511909768054,0.487999573173,4.4196336844e-05,4.64624371673e-05,0.999909341227,9.06587740113e-05,-5.93726311475,3.98093645318,51.0989483381,0,0,0.005,0,0,20.4,40.8012037436,0,0,0,0,0,0,0,0,0,0
9.255,0.511894036264,0.488105963737,1,1,0.511851904074,0.488061805091,4.21321900496e-05,4.41586463546e-05,0.999913709164,8.62908364042e-05,-5.9424489898,3.98240538049,51.1722526109,0,0,0.005,0,0,20.4,40.8012037436,0,0,0,0,0,0,0,0,0,0
9.26,0.511814383406,0.488185616595,1,1,0.511774173408,0.488143594312,4.02099977001e-05,4.2022283129e-05,0.99991776772,8.22322808291e-05,-5.94748735481,3.98383079174,51.2435136129,0,0,0.005,0,0,20.4,40.8012037436,0,0,0,0,0,0,0,0,0,0
9.265,0.511712979635,0.488287020366,1,1,0.511674561878,0.48824697737,3.84177572289e-05,4.00429959663e-05,0.999921539248,7.84607531952e-05,-5.95237808359,3.98521265813,51.3127247805,0,0,0.005,0,0,20.4,40.8012037436,0,0,0,0,0,0,0,0,0,0
9.27,0.511588122197,0.488411877804,1,1,0.511551377509,0.488373666964,3.67446879881e-05,3.82108403133e-05,0.999925044472,7.49555283014e-05,-5.95712105359,3.98655095199,51.37987974,0,0,0.005,0,0,20.4,40.8012037436,0,0,0,0,0,0,0,0,0,0
9.275,0.511438456467,0.488561543533,1,1,0.511403275231,0.488525027355,3.51812362934e-05,3.65161788658e-05,0.999928302586,7.16974151592e-05,-5.96171614594,3.98784564683,51.4449723077,0,0,0.005,0,0,20.4,40.8012037436,0,0,0,0,0,0,0,0,0,0
9.28,0.511262995811,0.48873700419,1,1,0.51122927676,0.488702054566,3.371905038e-05,3.49496234873e-05,0.999931331327,6.86686738672e-05,-5.96616324542,3.98909671726,51.5079964907,0,0,0.005,0,0,20.4,40.8012037436,0,0,0,0,0,0,0,0,0,0
9.285,0.511061136342,0.488938863659,1,1,0.511028785417,0.488905361643,3.23509249156e-05,3.35020165673e-05,0.999934147059,6.58529414829e-05,-5.97046224051,3.99030413908,51.5689464876,0,0,0.005,0,0,20.4,40.8012037436,0,0,0,0,0,0,0,0,0,0
9.29,0.510832666429,0.489167333572,1,1,0.510801595712,0.489135169125,3.10707167435e-05,3.21644473962e-05,0.999936764837,6.32351641397e-05,-5.97461302333,3.99146788919,51.627816689,0,0,0.005,0,0,20.4,40.8012037436,0,0,0,0,0,0,0,0,0,0
9.295,0.51057777084,0.489422229161,1,1,0.510547897605,0.489391300863,2.98732353824e-05,3.09282972879e-05,0.999939198468,6.08015326703e-05,-5.97861548972,3.99258794568,51.6846016779,0,0,0.005,0,0,20.4,40.8012037436,0,0,0,0,0,0,0,0,0,0
9.3,0.510297029503,0.489702970498,1,1,0.51026827539,0.489673185192,2.87541133936e-05,2.9785305809e-05,0.999941460582,5.85394192026e-05,-5.98246953917,3.99366428775,51.7392962303,0,0,0.005,0,0,20.4,40.8012037436,0,0,0,0,0,0,0,0,0,0
9.305,0.509991410923,0.490008589078,1,1,0.50996370126,0.489979861428,2.77096629383e-05,2.87276496433e-05,0.999943562688,5.64373125816e-05,-5.98617507485,3.99469689577,51.7918953158,0,0,0.005,0,0,20.4,40.8012037436,0,0,0,0,0,0,0,0,0,0
9.31,0.509662260379,0.490337739622,1,1,0.509635523653,0.490309991597,2.67367256308e-05,2.77480253531e-05,0.99994551525,5.44847509839e-05,-5.98973200365,3.99568575123,51.8423940981,0,0,0.005,0,0,20.4,40.8012037436,0,0,0,0,0,0,0,0,0,0
9.315,0.509311283068,0.490688716933,1,1,0.509285450545,0.490661877205,2.58325231153e-05,2.68397276043e-05,0.99994732775,5.26722507196e-05,-5.99314023611,3.99663083681,51.8907879354,0,0,0.005,0,0,20.4,40.8012037436,0,0,0,0,0,0,0,0,0,0
9.32,0.508940522459,0.491059477542,1,1,0.508915527943,0.491033480827,2.4994515636e-05,2.59967152452e-05,0.99994900877,5.09912308813e-05,-5.9963996865,3.99753213628,51.9370723808,0,0,0.005,0,0,20.4,40.8012037436,0,0,0,0,0,0,0,0,0,0
9.325,0.508552334143,0.491447665857,1,1,0.508528113868,0.491422452198,2.42202752718e-05,2.52136589098e-05,0.999950566067,4.94339341816e-05,-5.99951027277,3.99838963459,51.981243183,0,0,0.005,0,0,20.4,40.8012037436,0,0,0,0,0,0,0,0,0,0
9.33,0.50814935556,0.491850644441,1,1,0.50812584818,0.491826158475,2.35073795024e-05,2.44859654465e-05,0.999952006656,4.79933449489e-05,-6.00247191658,3.99920331782,52.0232962866,0,0,0.005,0,0,20.4,40.8012037436,0,0,0,0,0,0,0,0,0,0
9.335,0.507734471989,0.492265528011,1,1,0.50771161866,0.492241718235,2.28533294513e-05,2.38097763529e-05,0.999953336895,4.66631058042e-05,-6.00528454331,3.99997317322,52.0632278325,0,0,0.005,0,0,20.4,40.8012037436,0,0,0,0,0,0,0,0,0,0
9.34,0.507310779289,0.492689220711,1,1,0.507288523794,0.492666038772,2.22554955843e-05,2.31819393787e-05,0.999954562566,4.54374349629e-05,-6.00794808203,4.00069918914,52.1010341584,0,0,0.005,0,0,20.4,40.8012037436,0,0,0,0,0,0,0,0,0,0
9.345,0.506881543853,0.493118456148,1,1,0.506859832761,0.493095856193,2.1711091959e-05,2.25999544296e-05,0.999955688954,4.43110463887e-05,-6.01046246554,4.00138135513,52.1367117988,0,0,0.005,0,0,20.4,40.8012037436,0,0,0,0,0,0,0,0,0,0
9.35,0.506450160321,0.49354983968,1,1,0.506428943143,0.493527777783,2.12171784018e-05,2.20618967318e-05,0.999956720926,4.32790751337e-05,-6.01282763038,4.00201966183,52.1702574863,0,0,0.005,0,0,20.4,40.8012037436,0,0,0,0,0,0,0,0,0,0
9.355,0.506020107598,0.493979892403,1,1,0.50599933691,0.493958326081,2.07706883651e-05,2.15663217805e-05,0.999957662991,4.23370101456e-05,-6.01504351679,4.00261410106,52.2016681508,0,0,0.005,0,0,20.4,40.8012037436,0,0,0,0,0,0,0,0,0,0
9.36,0.505594903743,0.494405096258,1,1,0.505574535264,0.4943839841,2.03684787726e-05,2.11121578209e-05,0.999958519364,4.14806365935e-05,-6.01711006875,4.00316466578,52.2309409208,0,0,0.005,0,0,20.4,40.8012037436,0,0,0,0,0,0,0,0,0,0
9.365,0.505178060313,0.494821939688,1,1,0.505158052916,0.494801241096,2.00073969886e-05,2.06985924048e-05,0.999959294011,4.07059893934e-05,-6.01902723399,4.00367135008,52.258073123,0,0,0.005,0,0,20.4,40.8012037436,0,0,0,0,0,0,0,0,0,0
9.37,0.50477303674,0.495226963261,1,1,0.504753352381,0.495206638301,1.96843592047e-05,2.03249599113e-05,0.999959990682,4.0009319116e-05,-6.02079496398,4.0041341492,52.283062283,0,0,0.005,0,0,20.4,40.8012037436,0,0,0,0,0,0,0,0,0,0
9.375,0.504383195337,0.495616804663,1,1,0.504363798903,0.495596814027,1.93964340842e-05,1.99906367878e-05,0.99996061293,3.93870708719e-05,-6.02241321391,4.00455305954,52.3059061257,0,0,0.005,0,0,20.4,40.8012037436,0,0,0,0,0,0,0,0,0,0
9.38,0.50401175748,0.495988242521,1,1,0.503992616554,0.49596854757,1.91409254367e-05,1.96949506911e-05,0.999961164125,3.88358761278e-05,-6.02388194276,4.00492807861,52.3266025752,0,0,0.005,0,0,20.4,40.8012037436,0,0,0,0,0,0,0,0,0,0
9.385,0.503661761539,0.496338238462,1,1,0.503642846091,0.496318801353,1.89154480326e-05,1.94371087275e-05,0.999961647444,3.83525567601e-05,-6.02520111324,4.0052592051,52.345149755,0,0,0.005,0,0,20.4,40.8012037436,0,0,0,0,0,0,0,0,0,0
9.39,0.503336023086,0.496663976915,1,1,0.503317305094,0.496644760766,1.87179913509e-05,1.92161486789e-05,0.999962065861,3.79341400298e-05,-6.02637069181,4.00554643881,52.3615459887,0,0,0.005,0,0,20.4,40.8012037436,0,0,0,0,0,0,0,0,0,0
9.395,0.503037097871,0.49696290213,1,1,0.503018550904,0.496943871214,1.85469670606e-05,1.90309155573e-05,0.999962422118,3.75778826178e-05,-6.02739064873,4.00578978071,52.3757897997,0,0,0.005,0,0,20.4,40.8012037436,0,0,0,0,0,0,0,0,0,0
9.4,0.502767248042,0.497232751958,1,1,0.502748846805,0.497213871894,1.84012372679e-05,1.8880064148e-05,0.999962718699,3.72813014159e-05,-6.02826095798,4.0059892329,52.3878799116,0,0,0.005,0,0,20.4,40.8012037436,0,0,0,0,0,0,0,0,0,0
9.405,0.502528412029,0.497471587972,1,1,0.502510131907,0.497452825885,1.82801219535e-05,1.87620865053e-05,0.999962957792,3.70422084588e-05,-6.02898159733,4.00614479861,52.3978152485,0,0,0.005,0,0,20.4,40.8012037436,0,0,0,0,0,0,0,0,0,0
9.41,0.502322178471,0.497677821529,1,1,0.502303995086,0.497659146168,1.81833854751e-05,1.86753617544e-05,0.999963141254,3.68587472295e-05,-6.02955254833,4.00625648224,52.4055949346,0,0,0.005,0,0,20.4,40.8012037436,0,0,0,0,0,0,0,0,0,0
9.415,0.502149764522,0.497850235479,1,1,0.502131653319,0.497831617254,1.8111203432e-05,1.86182241418e-05,0.999963270573,3.67294275738e-05,-6.02997379628,4.00632428931,52.411218295,0,0,0.005,0,0,20.4,40.8012037436,0,0,0,0,0,0,0,0,0,0
9.42,0.502011998801,0.4979880012,1,1,0.501993934689,0.497969412156,1.80641124835e-05,1.85890441494e-05,0.999963346844,3.6653156633e-05,-6.03024533026,4.00634822649,52.4146848551,0,0,0.005,0,0,20.4,40.8012037436,0,0,0,0,0,0,0,0,0,0
9.425,0.501909309215,0.498090690786,1,1,0.501891266268,0.498072104469,1.80429468113e-05,1.85863167113e-05,0.999963370737,3.66292635226e-05,-6.03036714314,4.00632830159,52.4159943412,0,0,0.005,0,0,20.4,40.8012037436,0,0,0,0,0,0,0,0,0,0
9.43,0.501841715812,0.498158284189,1,1,0.501823667046,0.498139675439,1.80487657433e-05,1.86087502035e-05,0.999963342485,3.66575159468e-05,-6.03033923154,4.00626452356,52.4151466802,0,0,0.005,0,0,20.4,40.8012037436,0,0,0,0,0,0,0,0,0,0
9.435,0.501808828754,0.498191171247,1,1,0.501790745977,0.498172515897,1.80827775729e-05,1.86553499228e-05,0.999963261873,3.67381274958e-05,-6.03016159588,4.00615690249,52.4121419997,0,0,0.005,0,0,20.4,40.8012037436,0,0,0,0,0,0,0,0,0,0
9.44,0.501809851463,0.498190148538,1,1,0.501791705198,0.498171423047,1.81462647784e-05,1.87254902368e-05,0.999963128246,3.68717550152e-05,-6.02983424033,4.00600544961,52.4069806282,0,0,0.005,0,0,20.4,40.8012037436,0,0,0,0,0,0,0,0,0,0
9.445,0.501843588891,0.49815641111,1,1,0.501825348376,0.498137592139,1.82405156797e-05,1.88189704277e-05,0.999962940515,3.70594861074e-05,-6.02935717286,4.0058101773,52.3996630945,0,0,0.005,0,0,20.4,40.8012037436,0,0,0,0,0,0,0,0,0,0
9.45,0.501908460844,0.498091539156,1,1,0.501890094077,0.498072603106,1.83667670714e-05,1.89360504228e-05,0.999962697183,3.73028174942e-05,-6.0287304052,4.00557109907,52.3901901282,0,0,0.005,0,0,20.4,40.8012037436,0,0,0,0,0,0,0,0,0,0
9.455,0.502002520192,0.497997479809,1,1,0.501983994031,0.497978402345,1.85261615869e-05,1.90774640135e-05,0.999962396375,3.76036256004e-05,-6.02795395284,4.00528822957,52.3785626595,0,0,0.005,0,0,20.4,40.8012037436,0,0,0,0,0,0,0,0,0,0
9.46,0.50212347576,0.497876524241,1,1,0.502104756037,0.497857279832,1.8719722533e-05,1.92444087331e-05,0.99996203587,3.79641312661e-05,-6.02702783507,4.00496158461,52.3647818189,0,0,0.005,0,0,20.4,40.8012037436,0,0,0,0,0,0,0,0,0,0
9.465,0.502268719624,0.497731280377,1,1,0.502249771276,0.497711841864,1.89483477605e-05,1.94385131735e-05,0.99996161314,3.83868609339e-05,-6.02595207492,4.0045911811,52.348848937,0,0,0.005,0,0,20.4,40.8012037436,0,0,0,0,0,0,0,0,0,0
9.47,0.502435358491,0.49756464151,1,1,0.502416145668,0.497544979726,1.92128228794e-05,1.96617840892e-05,0.999961125394,3.88746069686e-05,-6.02472669919,4.00417703713,52.3307655446,0,0,0.005,0,0,20.4,40.8012037436,0,0,0,0,0,0,0,0,0,0
9.475,0.502620248775,0.497379751226,1,1,0.502600734922,0.497359834689,1.95138528757e-05,1.99165370379e-05,0.999960569611,3.94303899136e-05,-6.02335173845,4.00371917191,52.3105333726,0,0,0.005,0,0,20.4,40.8012037436,0,0,0,0,0,0,0,0,0,0
9.48,0.502820034944,0.497179965057,1,1,0.502800182834,0.497159759742,1.98521100207e-05,2.02053154726e-05,0.999959942575,4.00574254933e-05,-6.02182722703,4.00321760579,52.2881543514,0,0,0.005,0,0,20.4,40.8012037436,0,0,0,0,0,0,0,0,0,0
9.485,0.503031190678,0.496968809323,1,1,0.503010962383,0.496948278519,2.02282949582e-05,2.05308040421e-05,0.999959240902,4.07590990003e-05,-6.02015320299,4.00267236025,52.263630611,0,0,0.005,0,0,20.4,40.8012037436,0,0,0,0,0,0,0,0,0,0
9.49,0.503250062317,0.496749937684,1,1,0.50322941911,0.496729041942,2.0643207078e-05,2.08957423276e-05,0.999958461051,4.15389494057e-05,-6.01832970817,4.00208345794,52.2369644805,0,0,0.005,0,0,20.4,40.8012037436,0,0,0,0,0,0,0,0,0,0
9.495,0.503472914059,0.496527085941,1,1,0.50345181624,0.496505783096,2.10978197772e-05,2.13028453103e-05,0.999957599336,4.24006650876e-05,-6.01635678813,4.00145092261,52.2081584881,0,0,0.005,0,0,20.4,40.8012037436,0,0,0,0,0,0,0,0,0,0
9.5,0.503695974362,0.496304025639,1,1,0.503674381006,0.496282270903,2.15933560152e-05,2.1754736526e-05,0.999956651908,4.33480925412e-05,-6.01423449219,4.00077477916,52.1772153607,0,0,0.005,0,0,20.4,40.8012037436,0,0,0,0,0,0,0,0,0,0
9.505,0.503915482934,0.496084517067,1,1,0.503893351574,0.496062263168,2.21313596834e-05,2.22538991383e-05,0.999955614742,4.43852588217e-05,-6.01196287341,4.00005505365,52.1441380235,0,0,0.005,0,0,20.4,40.8012037436,0,0,0,0,0,0,0,0,0,0
9.51,0.504127737747,0.495872262254,1,1,0.504105023988,0.495849459605,2.27137587353e-05,2.28026490973e-05,0.999954483593,4.55164078326e-05,-6.00954198856,3.99929177324,52.1089295998,0,0,0.005,0,0,20.4,40.8012037436,0,0,0,0,0,0,0,0,0,0
9.515,0.504329141453,0.495670858548,1,1,0.504305798536,0.495647455415,2.33429167186e-05,2.34031332179e-05,0.999953253951,4.67460499364e-05,-6.00697189815,3.99848496626,52.0715934106,0,0,0.005,0,0,20.4,40.8012037436,0,0,0,0,0,0,0,0,0,0
9.52,0.504516246607,0.495483753394,1,1,0.504492224937,0.49545969604,2.4021670281e-05,2.4057353487e-05,0.999951920977,4.8079023768e-05,-6.00425266643,3.99763466215,52.0321329744,0,0,0.005,0,0,20.4,40.8012037436,0,0,0,0,0,0,0,0,0,0
9.525,0.504685799123,0.495314200878,1,1,0.504661045772,0.495289433661,2.47533513103e-05,2.47672173046e-05,0.999950479432,4.95205686149e-05,-6.00138436133,3.99674089151,51.9905520063,0,0,0.005,0,0,20.4,40.8012037436,0,0,0,0,0,0,0,0,0,0
9.53,0.504834779371,0.49516522063,1,1,0.504809237577,0.495139686018,2.55417935593e-05,2.55346117609e-05,0.999948923595,5.10764053202e-05,-5.99836705454,3.99580368604,51.9468544183,0,0,0.005,0,0,20.4,40.8012037436,0,0,0,0,0,0,0,0,0,0
9.535,0.504960440393,0.495039559608,1,1,0.504934049068,0.495013198109,2.63913248049e-05,2.63614985812e-05,0.999947247177,5.27528233861e-05,-5.99520082142,3.9948230786,51.9010443185,0,0,0.005,0,0,20.4,40.8012037436,0,0,0,0,0,0,0,0,0,0
9.54,0.505060342714,0.494939657287,1,1,0.505033035967,0.494912407261,2.73067467337e-05,2.72500250989e-05,0.999945443229,5.45567718326e-05,-5.99188574106,3.99379910318,51.8531260105,0,0,0.005,0,0,20.4,40.8012037436,0,0,0,0,0,0,0,0,0,0
9.545,0.505132385277,0.494867614724,1,1,0.505104091971,0.494839412078,2.82933057445e-05,2.82026456544e-05,0.999943504049,5.64959513989e-05,-5.98842189625,3.99273179489,51.8031039934,0,0,0.005,0,0,20.4,40.8012037436,0,0,0,0,0,0,0,0,0,0
9.55,0.50517483208,0.494825167921,1,1,0.505145475421,0.494795945674,2.9356658665e-05,2.92222472079e-05,0.999941421095,5.85789058729e-05,-5.98480937346,3.99162119,51.7509829611,0,0,0.005,0,0,20.4,40.8012037436,0,0,0,0,0,0,0,0,0,0
9.555,0.505186334145,0.494813665856,1,1,0.505155831307,0.494783353583,3.05028379251e-05,3.03122727578e-05,0.99993918489,6.08151106829e-05,-5.98104826288,3.99046732586,51.6967678017,0,0,0.005,0,0,20.4,40.8012037436,0,0,0,0,0,0,0,0,0,0
9.56,0.505165946499,0.494834053502,1,1,0.505134208278,0.494802576666,3.17382209929e-05,3.14768363762e-05,0.999936784943,6.32150573691e-05,-5.97713865837,3.98927024101,51.6404635972,0,0,0.005,0,0,20.4,40.8012037436,0,0,0,0,0,0,0,0,0,0
9.565,0.505113139914,0.494886860087,1,1,0.505080070405,0.494854139262,3.30695088407e-05,3.27208243159e-05,0.999934209668,6.57903331567e-05,-5.9730806575,3.98802997506,51.5820756229,0,0,0.005,0,0,20.4,40.8012037436,0,0,0,0,0,0,0,0,0,0
9.57,0.505027807238,0.494972192763,1,1,0.50499330352,0.494938142786,3.45037178706e-05,3.40499776619e-05,0.999931446305,6.85536955325e-05,-5.96887436149,3.98674656879,51.521609347,0,0,0.005,0,0,20.4,40.8012037436,0,0,0,0,0,0,0,0,0,0
9.575,0.504910264176,0.495089735825,1,1,0.504874215987,0.495054264871,3.6048189117e-05,3.54709533457e-05,0.999928480858,7.15191424627e-05,-5.96451987529,3.98542006408,51.4590704298,0,0,0.005,0,0,20.4,40.8012037436,0,0,0,0,0,0,0,0,0,0
9.58,0.504761244516,0.495238755484,1,1,0.504723533899,0.495201764123,3.77106177036e-05,3.69913619348e-05,0.999925298021,7.47019796384e-05,-5.96001730749,3.98405050395,51.3944647235,0,0,0.005,0,0,20.4,40.8012037436,0,0,0,0,0,0,0,0,0,0
9.585,0.504581889802,0.495418110199,1,1,0.504542390697,0.495379490417,3.94991045142e-05,3.86197823467e-05,0.999921881114,7.81188868609e-05,-5.95536677037,3.98263793253,51.3277982713,0,0,0.005,0,0,20.4,40.8012037436,0,0,0,0,0,0,0,0,0,0
9.59,0.504373733584,0.495626266416,1,1,0.504332311353,0.495585900661,4.14222309166e-05,4.0365755429e-05,0.999918212014,8.17879863457e-05,-5.95056837991,3.98118239509,51.259077307,0,0,0.005,0,0,20.4,40.8012037436,0,0,0,0,0,0,0,0,0,0
9.595,0.504138680434,0.495861319567,1,1,0.504095191277,0.495819079807,4.34891562295e-05,4.22397600709e-05,0.999914271085,8.57289163004e-05,-5.94562225574,3.97968393801,51.1883082544,0,0,0.005,0,0,20.4,40.8012037436,0,0,0,0,0,0,0,0,0,0
9.6,0.50387897996,0.49612102004,1,1,0.503833270224,0.496076766863,4.57097365219e-05,4.42531770677e-05,0.999910037087,8.99629135896e-05,-5.94052852117,3.97814260878,51.1154977267,0,0,0.005,0,0,20.4,40.8012037436,0,0,0,0,0,0,0,0,0,0
9.605,0.503597196188,0.496402803812,1,1,0.503549101526,0.496356385565,4.80946623636e-05,4.64182472509e-05,0.999905487091,9.45129096146e-05,-5.93528730319,3.97655845603,51.0406525257,0,0,0.005,0,0,20.4,40.8012037436,0,0,0,0,0,0,0,0,0,0
9.61,0.503296172666,0.496703827334,1,1,0.503245517054,0.496655079303,5.06556123613e-05,4.87480313347e-05,0.999900596357,9.94036436961e-05,-5.92989873246,3.9749315295,50.9637796414,0,0,0.005,0,0,20.4,40.8012037436,0,0,0,0,0,0,0,0,0,0
9.615,0.502978993783,0.497021006218,1,1,0.502925588364,0.496969749838,5.34054187876e-05,5.12563794609e-05,0.999895338203,0.000104661798249,-5.92436294331,3.97326188002,50.8848862513,0,0,0.005,0,0,20.4,40.8012037436,0,0,0,0,0,0,0,0,0,0
9.62,0.502648942798,0.497351057203,1,1,0.502592584557,0.497297099284,5.63582413654e-05,5.39579185e-05,0.999889683841,0.000110316159865,-5.91868007375,3.97154955957,50.8039797196,0,0,0.005,0,0,20.4,40.8012037436,0,0,0,0,0,0,0,0,0,0
9.625,0.502309457156,0.497690542845,1,1,0.502249927411,0.49763367478,5.95297453367e-05,5.68680647821e-05,0.999883602191,0.000116397810119,-5.91285026545,3.96979462124,50.7210675964,0,0,0.005,0,0,20.4,40.8012037436,0,0,0,0,0,0,0,0,0,0
9.63,0.501964081693,0.498035918308,1,1,0.501901144413,0.497975915239,6.29372803194e-05,6.00030690959e-05,0.999877059651,0.000122940349415,-5.90687366376,3.96799711919,50.6361576176,0,0,0.005,0,0,20.4,40.8012037436,0,0,0,0,0,0,0,0,0,0
9.635,0.501616420378,0.498383579623,1,1,0.501549820321,0.498320199523,6.66000571151e-05,6.33800995535e-05,0.999870019844,0.000129980156669,-5.9007504177,3.96615710875,50.5492577033,0,0,0.005,0,0,20.4,40.8012037436,0,0,0,0,0,0,0,0,0,0
9.64,0.501270087261,0.49872991274,1,1,0.501199547941,0.498662895373,7.05393205396e-05,6.70173663318e-05,0.999862443314,0.000137556686871,-5.89448067995,3.96427464632,50.4603759578,0,0,0.005,0,0,20.4,40.8012037436,0,0,0,0,0,0,0,0,0,0
9.645,0.500928657306,0.499071342695,1,1,0.500853878789,0.499000408404,7.47785174368e-05,7.09342904611e-05,0.999854287193,0.000145712807898,-5.88806460689,3.96234978941,50.3695206685,0,0,0.005,0,0,20.4,40.8012037436,0,0,0,0,0,0,0,0,0,0
9.65,0.500595617814,0.499404382187,1,1,0.500516274353,0.49932923047,7.93434602388e-05,7.51517168277e-05,0.999845504824,0.000154495177067,-5.88150235853,3.96038259664,50.2767003052,0,0,0.005,0,0,20.4,40.8012037436,0,0,0,0,0,0,0,0,0,0
9.655,0.50027432111,0.499725678891,1,1,0.500190058622,0.499645986722,8.4262487661e-05,7.96921695068e-05,0.999836045344,0.000163954657168,-5.87479409858,3.95837312776,50.1819235193,0,0,0.005,0,0,20.4,40.8012037436,0,0,0,0,0,0,0,0,0,0
9.66,0.499967939186,0.500032060815,1,1,0.499878372561,0.499947480669,8.95666252794e-05,8.45801455519e-05,0.99982585323,0.000174146770831,-5.86793999441,3.95632144358,50.0851991429,0,0,0.005,0,0,20.4,40.8012037436,0,0,0,0,0,0,0,0,0,0
9.665,0.499679420937,0.500320579064,1,1,0.499584131187,0.500230736623,9.52897497346e-05,8.98424415398e-05,0.99981486781,0.000185132191274,-5.86094021705,3.95422760604,49.9865361882,0,0,0.005,0,0,20.4,40.8012037436,0,0,0,0,0,0,0,0,0,0
9.67,0.499411452613,0.500588547388,1,1,0.499309983852,0.500493038882,0.000101468761056,9.55085056048e-05,0.999803022734,0.000196977266661,-5.8537949412,3.95209167818,49.8859438463,0,0,0.005,0,0,20.4,40.8012037436,0,0,0,0,0,0,0,0,0,0
9.675,0.499166422075,0.500833577926,1,1,0.499058278307,0.500731967119,0.000108143768021,0.000101610806463,0.999790245426,0.000209754574484,-5.84650434522,3.94991372413,49.7834314868,0,0,0.005,0,0,20.4,40.8012037436,0,0,0,0,0,0,0,0,0,0
9.68,0.498946387358,0.501053612643,1,1,0.498831029067,0.500945427433,0.000115358291493,0.000108185210085,0.999776456499,0.000223543501578,-5.83906861115,3.94769380913,49.6790086563,0,0,0.005,0,0,20.4,40.8012037436,0,0,0,0,0,0,0,0,0,0
9.685,0.498753050019,0.501246949982,1,1,0.498629890529,0.501131678628,0.000123159490267,0.000115271354247,0.999761569156,0.000238430844514,-5.83148792467,3.94543199949,49.5726850782,0,0,0.005,0,0,20.4,40.8012037436,0,0,0,0,0,0,0,0,0,0
9.69,0.498587733661,0.50141226634,1,1,0.498456135248,0.501289353329,0.000131598413085,0.000122913011171,0.999745488577,0.000254511424256,-5.82376247513,3.94312836264,49.464470651,0,0,0.005,0,0,20.4,40.8012037436,0,0,0,0,0,0,0,0,0,0
9.695,0.498451367958,0.501548632043,1,1,0.498310637679,0.501417473614,0.000140730279135,0.000131158428845,0.999728111293,0.000271888707981,-5.81589245552,3.94078296711,49.354375448,0,0,0.005,0,0,20.4,40.8012037436,0,0,0,0,0,0,0,0,0,0
9.7,0.498344478411,0.50165552159,1,1,0.498193863624,0.501515460947,0.000150614787564,0.000140060642295,0.999709324571,0.00029067542986,-5.80787806249,3.9383958825,49.2424097161,0,0,0.005,0,0,20.4,40.8012037436,0,0,0,0,0,0,0,0,0,0
9.705,0.49826718201,0.501732817991,1,1,0.498105865556,0.501583140244,0.000161316454346,0.00014967774705,0.999689005799,0.000310994201395,-5.79971949635,3.93596717951,49.1285838745,0,0,0.005,0,0,20.4,40.8012037436,0,0,0,0,0,0,0,0,0,0
9.71,0.498219188854,0.501780811147,1,1,0.498046283881,0.501620738019,0.000172904972341,0.000160073128125,0.9996670219,0.000332978100466,-5.79141696103,3.93349692993,49.0129085142,0,0,0.005,0,0,20.4,40.8012037436,0,0,0,0,0,0,0,0,0,0
9.715,0.49819980972,0.501800190281,1,1,0.498014354133,0.501628874642,0.000185455587621,0.000171315639019,0.999643228774,0.00035677122664,-5.7829706641,3.93098520663,48.8953943965,0,0,0.005,0,0,20.4,40.8012037436,0,0,0,0,0,0,0,0,0,0
9.72,0.498207969475,0.501792030525,1,1,0.498008919993,0.501608550799,0.000199049482232,0.000183479726294,0.999617470792,0.000382529208527,-5.77438081677,3.92843208357,48.7760524523,0,0,0.005,0,0,20.4,40.8012037436,0,0,0,0,0,0,0,0,0,0
9.725,0.498242226121,0.50175777388,1,1,0.498028451971,0.501561128383,0.000213774150671,0.000196645496259,0.999589580354,0.00041041964693,-5.76564763387,3.92583763581,48.6548937807,0,0,0.005,0,0,20.4,40.8012037436,0,0,0,0,0,0,0,0,0,0
9.73,0.498300795204,0.501699204797,1,1,0.498071071449,0.501488306076,0.000229723754539,0.000210898720941,0.999559377525,0.000440622475479,-5.75677133386,3.92320193947,48.5319296482,0,0,0.005,0,0,20.4,40.8012037436,0,0,0,0,0,0,0,0,0,0
9.735,0.498381579211,0.501618420789,1,1,0.498134579774,0.501392090008,0.000246999437278,0.000226330780915,0.999526669783,0.000473330218193,-5.74775213881,3.92052507174,48.4071714874,0,0,0.005,0,0,20.4,40.8012037436,0,0,0,0,0,0,0,0,0,0
9.74,0.49848220153,0.501517798471,1,1,0.498216491951,0.501274759928,0.000265709578728,0.00024303854255,0.99949125188,0.000508748121278,-5.73859027439,3.91780711092,48.2806308957,0,0,0.005,0,0,20.4,40.8012037436,0,0,0,0,0,0,0,0,0,0
9.745,0.498600044431,0.501399955569,1,1,0.498314074464,0.501138831402,0.000285969967535,0.000261124166931,0.999452905866,0.000547094134466,-5.72928596988,3.91504813637,48.1523196347,0,0,0.005,0,0,20.4,40.8012037436,0,0,0,0,0,0,0,0,0,0
9.75,0.498732290529,0.501267709472,1,1,0.498424386661,0.500987014625,0.000307903868431,0.000280694847045,0.999411401285,0.000588598715476,-5.71983945813,3.91224822852,48.0222496284,0,0,0.005,0,0,20.4,40.8012037436,0,0,0,0,0,0,0,0,0,0
9.755,0.498875967068,0.501124032933,1,1,0.498544325107,0.500822170464,0.000331641961078,0.000301862468978,0.999366495571,0.000633504430056,-5.71025097561,3.90940746887,47.8904329621,0,0,0.005,0,0,20.4,40.8012037436,0,0,0,0,0,0,0,0,0,0
9.76,0.499027992378,0.500972007623,1,1,0.49867067025,0.500647264431,0.00035732212772,0.000324743191865,0.999317934681,0.000682065319586,-5.70052076235,3.90652593999,47.7568818818,0,0,0.005,0,0,20.4,40.8012037436,0,0,0,0,0,0,0,0,0,0
9.765,0.499185223775,0.500814776226,1,1,0.498800134707,0.500465319285,0.000385089068367,0.000349456940437,0.999265453992,0.000734546008804,-5.69064906193,3.90360372552,47.621608792,0,0,0.005,0,0,20.4,40.8012037436,0,0,0,0,0,0,0,0,0,0
9.77,0.499344506191,0.500655493809,1,1,0.498929412467,0.500279367006,0.000415093724674,0.000376126803305,0.999208779473,0.000791220527979,-5.68063612152,3.90064091017,47.4846262553,0,0,0.005,0,0,20.4,40.8012037436,0,0,0,0,0,0,0,0,0,0
9.775,0.499502720782,0.500497279219,1,1,0.499055228285,0.500092400889,0.000447492497229,0.000404878329909,0.999147629174,0.000852370827138,-5.67048219183,3.8976375797,47.3459469906,0,0,0.005,0,0,20.4,40.8012037436,0,0,0,0,0,0,0,0,0,0
9.78,0.499656832771,0.50034316723,1,1,0.499174386525,0.499907328511,0.000482446245536,0.000435838719449,0.999081715036,0.000918284964985,-5.66018752711,3.89459382092,47.205583872,0,0,0.005,0,0,20.4,40.8012037436,0,0,0,0,0,0,0,0,0,0
9.785,0.499803937805,0.500196062196,1,1,0.499283818739,0.499726926299,0.000520119065655,0.000469135896454,0.999010745039,0.000989254962109,-5.64975238515,3.89150972172,47.0635499277,0,0,0.005,0,0,20.4,40.8012037436,0,0,0,0,0,0,0,0,0,0
9.79,0.499941306109,0.500058693892,1,1,0.499380629262,0.499553796422,0.000560676847191,0.000504897470011,0.998934425684,0.0010655743172,-5.63917702726,3.88838537103,46.9198583384,0,0,0.005,0,0,20.4,40.8012037436,0,0,0,0,0,0,0,0,0,0
9.795,0.500066423769,0.499933576232,1,1,0.49946213815,0.499390326655,0.00060428561911,0.000543249577268,0.998852464804,0.00114753519638,-5.62846171827,3.88522085882,46.7745224359,0,0,0.005,0,0,20.4,40.8012037436,0,0,0,0,0,0,0,0,0,0
9.8,0.500177030517,0.499822969483,1,1,0.499525920815,0.499238653867,0.000651109702516,0.000584315616818,0.998764574681,0.00123542531933,-5.61760672654,3.88201627612,46.6275557021,0,0,0.005,0,0,20.4,40.8012037436,0,0,0,0,0,0,0,0,0,0
9.805,0.500271153457,0.499728846544,1,1,0.499569843758,0.49910063166,0.000701309698104,0.000628214883874,0.998670475419,0.00132952458198,-5.6066123239,3.87877171501,46.4789717676,0,0,0.005,0,0,20.4,40.8012037436,0,0,0,0,0,0,0,0,0,0
9.81,0.5003471362,0.499652863801,1,1,0.499592095853,0.498977802674,0.000755040346195,0.000675061126906,0.998569898528,0.0014301014731,-5.59547878569,3.87548726859,46.3287844101,0,0,0.005,0,0,20.4,40.8012037436,0,0,0,0,0,0,0,0,0,0
9.815,0.500403663012,0.499596336989,1,1,0.499591214704,0.498871375934,0.000812448308032,0.000724961054354,0.998462590638,0.00153740936239,-5.58420639073,3.87216303102,46.1770075531,0,0,0.005,0,0,20.4,40.8012037436,0,0,0,0,0,0,0,0,0,0
9.82,0.500439777592,0.499560222409,1,1,0.499566107664,0.498782209579,0.000873669927995,0.00077801283006,0.998348317243,0.00165168275806,-5.57279542133,3.86879909748,46.0236552647,0,0,0.005,0,0,20.4,40.8012037436,0,0,0,0,0,0,0,0,0,0
9.825,0.500454896223,0.499545103778,1,1,0.499516067175,0.498710799171,0.000938829047461,0.000834304606856,0.998226866347,0.00177313365432,-5.56124616326,3.86539556419,45.868741756,0,0,0.005,0,0,20.4,40.8012037436,0,0,0,0,0,0,0,0,0,0
9.83,0.500448815122,0.499551184878,1,1,0.499440780171,0.49865727172,0.0010080349517,0.000893913158845,0.99809805189,0.00190194811055,-5.54955890574,3.8619525284,45.7122813799,0,0,0.005,0,0,20.4,40.8012037436,0,0,0,0,0,0,0,0,0,0
9.835,0.500421711905,0.499578288095,1,1,0.499340331364,0.498621385411,0.00108138054129,0.000956902683951,0.997961716776,0.00203828322524,-5.53773394148,3.85847008838,45.5542886296,0,0,0.005,0,0,20.4,40.8012037436,0,0,0,0,0,0,0,0,0,0
9.84,0.500374141161,0.49962585884,1,1,0.499215200332,0.498602534982,0.00115894082838,0.00102332385864,0.997817735314,0.00218226468703,-5.5257715666,3.85494834344,45.3947781368,0,0,0.005,0,0,20.4,40.8012037436,0,0,0,0,0,0,0,0,0,0
9.845,0.500307024252,0.499692975748,1,1,0.499066252387,0.498599762513,0.0012407718656,0.00109321323577,0.997666014899,0.00233398510137,-5.51367208069,3.85138739389,45.2337646711,0,0,0.005,0,0,20.4,40.8012037436,0,0,0,0,0,0,0,0,0,0
9.85,0.500221633536,0.499778366465,1,1,0.498894723315,0.498611773382,0.00132691022071,0.00116659308351,0.997506496697,0.00249350330422,-5.50143578676,3.84778734106,45.0712631378,0,0,0.005,0,0,20.4,40.8012037436,0,0,0,0,0,0,0,0,0,0
9.855,0.500119571265,0.499880428736,1,1,0.498702198152,0.498636956968,0.00141737311285,0.00124347176799,0.99733915512,0.00266084488084,-5.48906299125,3.84414828732,44.9072885768,0,0,0.005,0,0,20.4,40.8012037436,0,0,0,0,0,0,0,0,0,0
9.86,0.500002743565,0.499997256436,1,1,0.498490584239,0.498673411652,0.001512159326,0.00132384478318,0.997163995892,0.00283600410918,-5.47655400403,3.84047033602,44.7418561609,0,0,0.005,0,0,20.4,40.8012037436,0,0,0,0,0,0,0,0,0,0
9.865,0.4998733299,0.5001266701,1,1,0.498262078889,0.498718973571,0.00161125101132,0.00140769652911,0.99698105246,0.00301894754043,-5.46390913839,3.83675359154,44.5749811948,0,0,0.005,0,0,20.4,40.8012037436,0,0,0,0,0,0,0,0,0,0
9.87,0.499733748554,0.500266251447,1,1,0.498019132072,0.498771248515,0.00171461648223,0.0014950029322,0.996790380586,0.00320961941443,-5.45112871102,3.83299815926,44.406679113,0,0,0.005,0,0,20.4,40.8012037436,0,0,0,0,0,0,0,0,0,0
9.875,0.49958661869,0.500413381311,1,1,0.497764404596,0.498827646322,0.00182221409332,0.00158573498961,0.996592050918,0.00340794908294,-5.43821304202,3.82920414557,44.2369654788,0,0,0.005,0,0,20.4,40.8012037436,0,0,0,0,0,0,0,0,0,0
9.88,0.499434719615,0.500565280386,1,1,0.497500722338,0.498885417084,0.00193399727739,0.00167986330221,0.996386139421,0.00361386057959,-5.42516245488,3.82537165786,44.0658559826,0,0,0.005,0,0,20.4,40.8012037436,0,0,0,0,0,0,0,0,0,0
9.885,0.499280947908,0.500719052092,1,1,0.497231027116,0.498941688454,0.00204992079201,0.00177736363855,0.99617271557,0.00382728443056,-5.4119772765,3.82150080453,43.8933664404,0,0,0.005,0,0,20.4,40.8012037436,0,0,0,0,0,0,0,0,0,0
9.89,0.4991282731,0.500871726901,1,1,0.4969583249,0.498993503356,0.00216994820002,0.00187822354442,0.995951828256,0.00404817174444,-5.39865783717,3.81759169494,43.7195127921,0,0,0.005,0,0,20.4,40.8012037436,0,0,0,0,0,0,0,0,0,0
9.895,0.498979692619,0.501020307382,1,1,0.496685632044,0.499037857402,0.00229406057515,0.00198244998013,0.995723489446,0.00427651055528,-5.38520447054,3.8136444395,43.5443111004,0,0,0.005,0,0,20.4,40.8012037436,0,0,0,0,0,0,0,0,0,0
9.9,0.498838186715,0.501161813286,1,1,0.496415920328,0.499071735355,0.00242226638719,0.00209007793062,0.995487655683,0.00451234431781,-5.37161751366,3.80965914957,43.3677775489,0,0,0.005,0,0,20.4,40.8012037436,0,0,0,0,0,0,0,0,0,0
9.905,0.49870667407,0.501293325931,1,1,0.496152061591,0.499092146038,0.0025546124787,0.00220117989291,0.995244207629,0.0047557923716,-5.35789730693,3.80563593751,43.1899284405,0,0,0.005,0,0,20.4,40.8012037436,0,0,0,0,0,0,0,0,0,0
9.91,0.498587968785,0.501412031216,1,1,0.495896772785,0.499096155114,0.00269119600022,0.00231587610207,0.994992927899,0.00500707210229,-5.34404419414,3.8015749167,43.0107801962,0,0,0.005,0,0,20.4,40.8012037436,0,0,0,0,0,0,0,0,0,0
9.915,0.498484739406,0.501515260595,1,1,0.495652562283,0.499080915283,0.00283217712266,0.0024343453121,0.994733477566,0.00526652243476,-5.33005852242,3.79747620145,42.8303493531,0,0,0.005,0,0,20.4,40.8012037436,0,0,0,0,0,0,0,0,0,0
9.92,0.498399470613,0.501600529388,1,1,0.495421678317,0.499043693485,0.00297779229584,0.00255683590282,0.994465371802,0.00553462819866,-5.31594064227,3.79333990711,42.648652563,0,0,0.005,0,0,20.4,40.8012037436,0,0,0,0,0,0,0,0,0,0
9.925,0.498334428148,0.501665571853,1,1,0.495206060376,0.498981894812,0.00312836777247,0.00268367704078,0.994187955188,0.00581204481324,-5.30169090751,3.78916614998,42.4657065909,0,0,0.005,0,0,20.4,40.8012037436,0,0,0,0,0,0,0,0,0,0
9.93,0.498291627483,0.501708372518,1,1,0.495007294415,0.498893082936,0.0032843330684,0.00281528958131,0.993900377351,0.00609962264971,-5.28730967532,3.78495504734,42.2815283132,0,0,0.005,0,0,20.4,40.8012037436,0,0,0,0,0,0,0,0,0,0
9.935,0.498272806696,0.501727193305,1,1,0.494826572711,0.498774996941,0.00344623398535,0.00295219636341,0.993601569652,0.00639843034876,-5.27279730622,3.78070671747,42.096134716,0,0,0.005,0,0,20.4,40.8012037436,0,0,0,0,0,0,0,0,0,0
9.94,0.498279403912,0.501720596089,1,1,0.49466465913,0.498625564568,0.00361474478207,0.00309503152004,0.993290223699,0.00670977630211,-5.25815416403,3.7764212796,41.9095428938,0,0,0.005,0,0,20.4,40.8012037436,0,0,0,0,0,0,0,0,0,0
9.945,0.49831253962,0.50168746038,1,1,0.494521860573,0.498442911974,0.00379067904774,0.00324454840594,0.992964772547,0.00703522745368,-5.24338061591,3.77209885395,41.7217700473,0,0,0.005,0,0,20.4,40.8012037436,0,0,0,0,0,0,0,0,0,0
9.95,0.498373004066,0.501626995935,1,1,0.494398005258,0.4982253702,0.00397499880772,0.00340162573428,0.992623375459,0.007376624542,-5.22847703232,3.76773956171,41.5328334824,0,0,0.005,0,0,20.4,40.8012037436,0,0,0,0,0,0,0,0,0,0
9.955,0.49846124986,0.501538750141,1,1,0.49429242848,0.497971478627,0.00416882137995,0.00356727151444,0.992263907106,0.00773609289438,-5.21344378702,3.76334352502,41.3427506077,0,0,0.005,0,0,20.4,40.8012037436,0,0,0,0,0,0,0,0,0,0
9.96,0.498577389835,0.501422610166,1,1,0.494203966334,0.497679985769,0.00437342350059,0.00374262439675,0.991883952103,0.00811604789734,-5.19828125707,3.75891086702,41.1515389338,0,0,0.005,0,0,20.4,40.8012037436,0,0,0,0,0,0,0,0,0,0
9.965,0.498721200118,0.501278799882,1,1,0.494130957865,0.497349847825,0.00459024225341,0.0039289520574,0.99148080569,0.00851919431081,-5.1829898228,3.75444171179,40.9592160705,0,0,0.005,0,0,20.4,40.8012037436,0,0,0,0,0,0,0,0,0,0
9.97,0.498892128279,0.501107871722,1,1,0.494071255911,0.496980225424,0.00482087236804,0.00412764629803,0.991051481335,0.00894851866607,-5.16756986782,3.74993618439,40.7657997258,0,0,0.005,0,0,20.4,40.8012037436,0,0,0,0,0,0,0,0,0,0
9.975,0.499089306351,0.50091069365,1,1,0.49402224685,0.49657047906,0.00506705950061,0.00434021459056,0.99059272591,0.00940727409116,-5.15202177902,3.74539441081,40.571307704,0,0,0.005,0,0,20.4,40.8012037436,0,0,0,0,0,0,0,0,0,0
9.98,0.499311568439,0.500688431562,1,1,0.493980879264,0.496120163694,0.00533068917516,0.00456826786773,0.990101042958,0.00989895704289,-5.13634594653,3.74081651803,40.3757579039,0,0,0.005,0,0,20.4,40.8012037436,0,0,0,0,0,0,0,0,0,0
9.985,0.499557472565,0.500442527436,1,1,0.493943701418,0.495629022993,0.00561377114633,0.0048135044432,0.989572724411,0.0104272755895,-5.12054276371,3.73620263397,40.179168317,0,0,0.005,0,0,20.4,40.8012037436,0,0,0,0,0,0,0,0,0,0
9.99,0.499825326319,0.500174673682,1,1,0.493906907276,0.495096983642,0.00591841904258,0.0050776900403,0.989003890918,0.0109961090829,-5.10461262718,3.7315528875,39.9815570257,0,0,0.005,0,0,20.4,40.8012037436,0,0,0,0,0,0,0,0,0,0
9.995,0.500113215853,0.499886784148,1,1,0.49386639059,0.494524150133,0.00624682526265,0.00536263401422,0.988390540724,0.0116094592769,-5.08855593676,3.72686740844,39.7829422016,0,0,0.005,0,0,20.4,40.8012037436,0,0,0,0,0,0,0,0,0,0
10,0.500419037697,0.499580962304,1,1,0.493817806472,0.493910800338,0.006601231225,0.00567016196595,0.98772860681,0.0122713931909,-5.0723730955,3.72214632757,39.5833421037,0,0,0.005,0,0,20.4,40.8012037436,0,0,0,0,0,0,0,0,0,0
10.005,0.500740532829,0.499259467172,1,1,0.493756639622,0.493257382106,0.00698389320703,0.00600208506509,0.987014021729,0.0129859782721,-5.05606450962,3.71738977659,39.3827750766,0,0,0.005,0,0,20.4,40.8012037436,0,0,0,0,0,0,0,0,0,0
10.01,0.501075322429,0.498924677571,1,1,0.493678278273,0.492564511052,0.00739704415613,0.00636016651953,0.986242789325,0.0137572106757,-5.03963058856,3.71259788817,39.1812595484,0,0,0.005,0,0,20.4,40.8012037436,0,0,0,0,0,0,0,0,0,0
10.015,0.501420944705,0.498579055296,1,1,0.493578092702,0.491832969546,0.00784285200251,0.00674608574972,0.985411062249,0.0145889377522,-5.02307174491,3.70777079588,38.9788140294,0,0,0.005,0,0,20.4,40.8012037436,0,0,0,0,0,0,0,0,0,0
10.02,0.501774892186,0.498225107815,1,1,0.493451517033,0.491063706875,0.0083233751524,0.00716140093958,0.984515223909,0.015484776092,-5.00638839444,3.70290863427,38.7754571097,0,0,0.005,0,0,20.4,40.8012037436,0,0,0,0,0,0,0,0,0,0
10.025,0.502134648883,0.497865351118,1,1,0.493294132901,0.490257840376,0.00884051598237,0.0076075107417,0.983551973277,0.0164480267241,-4.98958095605,3.69801153878,38.571207458,0,0,0.005,0,0,20.4,40.8012037436,0,0,0,0,0,0,0,0,0,0
10.03,0.502497726723,0.497502273278,1,1,0.493101753434,0.489416657271,0.0093959732889,0.00808561600757,0.982518410704,0.0174815892965,-4.97264985179,3.69307964581,38.3660838188,0,0,0.005,0,0,20.4,40.8012037436,0,0,0,0,0,0,0,0,0,0
10.035,0.502861700686,0.497138299315,1,1,0.492870505921,0.488541616825,0.00999119476526,0.00859668248922,0.981412122746,0.0185878772545,-4.95559550684,3.68811309267,38.1601050117,0,0,0.005,0,0,20.4,40.8012037436,0,0,0,0,0,0,0,0,0,0
10.04,0.503224242131,0.49677575787,1,1,0.492596911455,0.487634352355,0.0106273306758,0.0091414055153,0.98023126381,0.0197687361911,-4.93841834947,3.68311201759,37.9532899285,0,0,0.005,0,0,20.4,40.8012037436,0,0,0,0,0,0,0,0,0,0
10.045,0.50358314979,0.496416850211,1,1,0.492277959818,0.486696672535,0.0113051899716,0.00972017767652,0.978974632353,0.0210253676481,-4.92111881108,3.67807655973,37.745657532,0,0,0.005,0,0,20.4,40.8012037436,0,0,0,0,0,0,0,0,0,0
10.05,0.503936378014,0.496063621986,1,1,0.491911177877,0.485730561424,0.0120252001372,0.0103330605623,0.977641739301,0.0223582606995,-4.90369732613,3.67300685916,37.5372268537,0,0,0.005,0,0,20.4,40.8012037436,0,0,0,0,0,0,0,0,0,0
10.055,0.504282061871,0.49571793813,1,1,0.491494689802,0.484738176561,0.0127873720684,0.0109797615685,0.976232866364,0.0237671336369,-4.88615433217,3.66790305687,37.3280169924,0,0,0.005,0,0,20.4,40.8012037436,0,0,0,0,0,0,0,0,0,0
10.06,0.50461853876,0.495381461241,1,1,0.491027267498,0.483721844499,0.0135912712618,0.0116596167427,0.974749111996,0.0252508880046,-4.8684902698,3.66276529476,37.1180471116,0,0,0.005,0,0,20.4,40.8012037436,0,0,0,0,0,0,0,0,0,0
10.065,0.504944366298,0.495055633703,1,1,0.490508369766,0.482684053148,0.0144359965319,0.0123715805553,0.973192422914,0.0268075770873,-4.85070558268,3.65759371562,36.9073364383,0,0,0.005,0,0,20.4,40.8012037436,0,0,0,0,0,0,0,0,0,0
10.07,0.50525833627,0.494741663731,1,1,0.489938168894,0.481627440365,0.0153201673755,0.0131142233656,0.97156560926,0.0284343907411,-4.83280071749,3.65238846316,36.6959042608,0,0,0.005,0,0,20.4,40.8012037436,0,0,0,0,0,0,0,0,0,0
10.075,0.505559484521,0.49444051548,1,1,0.489317563558,0.480554778263,0.0162419209632,0.0138857372169,0.969872341821,0.0301276581801,-4.81477612396,3.647149682,36.4837699268,0,0,0.005,0,0,20.4,40.8012037436,0,0,0,0,0,0,0,0,0,0
10.08,0.505847096734,0.494152903267,1,1,0.48864817717,0.479468952846,0.0171989195632,0.0146839504214,0.968117130016,0.0318828699846,-4.79663225482,3.64187751763,36.2709528414,0,0,0.005,0,0,20.4,40.8012037436,0,0,0,0,0,0,0,0,0,0
10.085,0.50612071011,0.493879289891,1,1,0.48793234112,0.478372938686,0.0181883689897,0.0155063512042,0.966305279807,0.0336947201939,-4.77836956578,3.63657211647,36.0574724654,0,0,0.005,0,0,20.4,40.8012037436,0,0,0,0,0,0,0,0,0,0
10.09,0.506380111033,0.493619888968,1,1,0.487173062604,0.477269768506,0.0192070484293,0.0163501204619,0.96444283111,0.0355571688912,-4.75998851556,3.6312336258,35.8433483134,0,0,0.005,0,0,20.4,40.8012037436,0,0,0,0,0,0,0,0,0,0
10.095,0.506625328856,0.493374671145,1,1,0.48637397713,0.47616249768,0.0202513517268,0.0172121734642,0.96253647481,0.037463525191,-4.74148956585,3.62586219382,35.6285999516,0,0,0.005,0,0,20.4,40.8012037436,0,0,0,0,0,0,0,0,0,0
10.1,0.506856626031,0.49314337397,1,1,0.485539286107,0.475054163883,0.0213173399241,0.0180892100865,0.96059344999,0.0394065500106,-4.72287318131,3.62045796958,35.4132469963,0,0,0.005,0,0,20.4,40.8012037436,0,0,0,0,0,0,0,0,0,0
10.105,0.507074484828,0.492925515173,1,1,0.484673680284,0.473947742252,0.022400804544,0.0189777729207,0.958621422536,0.0413785774647,-4.70413982955,3.61502110306,35.1973091115,0,0,0.005,0,0,20.4,40.8012037436,0,0,0,0,0,0,0,0,0,0
10.11,0.507279590965,0.492720409036,1,1,0.483782250166,0.472846096664,0.023497340799,0.0198743123721,0.95662834683,0.043371653171,-4.6852899811,3.60955174508,34.9808060074,0,0,0.005,0,0,20.4,40.8012037436,0,0,0,0,0,0,0,0,0,0
10.115,0.507472814499,0.492527185502,1,1,0.482870384894,0.471751927883,0.0246024296051,0.0207752576184,0.954622312777,0.0453776872235,-4.66632410945,3.60405004737,34.7637574384,0,0,0.005,0,0,20.4,40.8012037436,0,0,0,0,0,0,0,0,0,0
10.12,0.507655188371,0.49234481163,1,1,0.48194366139,0.470667719531,0.0257115269808,0.021677092099,0.952611380921,0.0473886190798,-4.64724269099,3.59851616252,34.5461832008,0,0,0.005,0,0,20.4,40.8012037436,0,0,0,0,0,0,0,0,0,0
10.125,0.507827885012,0.492172114989,1,1,0.481007725868,0.469595682983,0.0268201591437,0.0225764320064,0.950603408851,0.0493965911501,-4.62804620502,3.59295024399,34.3281031316,0,0,0.005,0,0,20.4,40.8012037436,0,0,0,0,0,0,0,0,0,0
10.13,0.507992191465,0.492007808536,1,1,0.480068170095,0.468537702435,0.0279240213705,0.0234701061003,0.94860587253,0.0513941274708,-4.60873513375,3.58735244614,34.1095371058,0,0,0.005,0,0,20.4,40.8012037436,0,0,0,0,0,0,0,0,0,0
10.135,0.508149483458,0.491850516543,1,1,0.479130404973,0.467495281509,0.0290190784847,0.0243552350339,0.946625686482,0.0533743135187,-4.58930996224,3.58172292416,33.890505035,0,0,0.005,0,0,20.4,40.8012037436,0,0,0,0,0,0,0,0,0,0
10.14,0.508301198886,0.491698801115,1,1,0.478199534213,0.466469492807,0.0301016646736,0.0252293083081,0.944669027019,0.0553309729817,-4.56977117846,3.57606183415,33.6710268652,0,0,0.005,0,0,20.4,40.8012037436,0,0,0,0,0,0,0,0,0,0
10.145,0.508448811159,0.491551188842,1,1,0.477280230925,0.465460931916,0.031168580234,0.0260902569263,0.942741162841,0.0572588371603,-4.55011927323,3.57036933304,33.4511225749,0,0,0.005,0,0,20.4,40.8012037436,0,0,0,0,0,0,0,0,0,0
10.15,0.508593802839,0.491406197161,1,1,0.476376620041,0.464469677321,0.032217182798,0.0269365198409,0.940846297362,0.0591537026389,-4.5303547402,3.56464557864,33.2308121734,0,0,0.005,0,0,20.4,40.8012037436,0,0,0,0,0,0,0,0,0,0
10.155,0.508737640009,0.491262359992,1,1,0.475492169404,0.46349525765,0.0332454706047,0.0277671023421,0.938987427054,0.0610125729468,-4.5104780759,3.55889072961,33.0101156985,0,0,0.005,0,0,20.4,40.8012037436,0,0,0,0,0,0,0,0,0,0
10.16,0.508881747736,0.491118252265,1,1,0.47462959227,0.462536627607,0.0342521554665,0.0285816246575,0.937166219877,0.062833780124,-4.49048977965,3.55310494549,32.7890532148,0,0,0.005,0,0,20.4,40.8012037436,0,0,0,0,0,0,0,0,0,0
10.165,0.509027487027,0.490972512974,1,1,0.473790763803,0.46159215378,0.0352367232239,0.0293803591941,0.935382917583,0.0646170824181,-4.47039035361,3.54728838665,32.5676448117,0,0,0.005,0,0,20.4,40.8012037436,0,0,0,0,0,0,0,0,0,0
10.17,0.509176133574,0.490823866427,1,1,0.472976653875,0.460659611359,0.0361994796982,0.0301642550683,0.933636265234,0.0663637347665,-4.45018030274,3.54144121433,32.3459106014,0,0,0.005,0,0,20.4,40.8012037436,0,0,0,0,0,0,0,0,0,0
10.175,0.509328858591,0.49067114141,1,1,0.472187278171,0.459736192584,0.0371415804196,0.0309349488265,0.931923470755,0.0680765292461,-4.42986013479,3.53556359061,32.123870717,0,0,0.005,0,0,20.4,40.8012037436,0,0,0,0,0,0,0,0,0,0
10.18,0.509486711979,0.490513288022,1,1,0.471421669233,0.458818527467,0.0380650427454,0.0316947605552,0.9302401967,0.0697598033006,-4.40943036029,3.52965567844,31.9015453106,0,0,0.005,0,0,20.4,40.8012037436,0,0,0,0,0,0,0,0,0,0
10.185,0.509650608004,0.490349391997,1,1,0.470677868646,0.457902717091,0.0389727393579,0.0324466749057,0.928580585737,0.0714194142636,-4.38889149256,3.5237176416,31.6789545512,0,0,0.005,0,0,20.4,40.8012037436,0,0,0,0,0,0,0,0,0,0
10.19,0.509821313649,0.490178686352,1,1,0.469952941092,0.456984379439,0.0398683725569,0.0331943069128,0.926937320531,0.0730626794696,-4.36824404766,3.51774964472,31.4561186228,0,0,0.005,0,0,20.4,40.8012037436,0,0,0,0,0,0,0,0,0,0
10.195,0.509999439712,0.490000560289,1,1,0.469243010499,0.456058707436,0.0407564292134,0.0339418528528,0.925301717935,0.0746982820662,-4.3474885444,3.51175185326,31.2330577225,0,0,0.005,0,0,20.4,40.8012037436,0,0,0,0,0,0,0,0,0,0
10.2,0.510185434711,0.48981456529,1,1,0.468543317986,0.455120538528,0.0416421167243,0.0346940267619,0.923663856515,0.0763361434861,-4.32662550431,3.50572443354,31.0097920585,0,0,0.005,0,0,20.4,40.8012037436,0,0,0,0,0,0,0,0,0,0
10.205,0.510379581582,0.489620418418,1,1,0.467848300794,0.454164434816,0.0425312807884,0.0354559836025,0.92201273561,0.0779872643909,-4.30565545168,3.4996675527,30.7863418481,0,0,0.005,0,0,20.4,40.8012037436,0,0,0,0,0,0,0,0,0,0
10.21,0.510581997123,0.489418002877,1,1,0.467151690823,0.453184772452,0.0434303063,0.0362332304257,0.920336463275,0.0796635367258,-4.28457891348,3.49358137874,30.5627273157,0,0,0.005,0,0,20.4,40.8012037436,0,0,0,0,0,0,0,0,0,0
10.215,0.510792634074,0.489207365927,1,1,0.466446630961,0.452175838723,0.044346003113,0.0370315272043,0.918622469684,0.0813775303173,-4.26339641937,3.48746608045,30.338968691,0,0,0.005,0,0,20.4,40.8012037436,0,0,0,0,0,0,0,0,0,0
10.22,0.511011285709,0.488988714292,1,1,0.465725806856,0.451131934978,0.0452854788531,0.0378567793137,0.916857741834,0.0831422581669,-4.2421085017,3.4813218275,30.1150862068,0,0,0.005,0,0,20.4,40.8012037436,0,0,0,0,0,0,0,0,0,0
10.225,0.511237592758,0.488762407243,1,1,0.464981591419,0.450047483353,0.0462560013397,0.0387149238897,0.915029074772,0.0849709252294,-4.22071569551,3.47514879033,29.8911000973,0,0,0.005,0,0,20.4,40.8012037436,0,0,0,0,0,0,0,0,0,0
10.23,0.511471052444,0.488528947557,1,1,0.464206198943,0.448917135059,0.0472648535011,0.0396118124976,0.913123334002,0.0868766659987,-4.19921853847,3.46894714026,29.6670305958,0,0,0.005,0,0,20.4,40.8012037436,0,0,0,0,0,0,0,0,0,0
10.235,0.511711029402,0.488288970599,1,1,0.463391845471,0.447735877903,0.0483191839313,0.0405530926959,0.911127723374,0.0888722766273,-4.1776175709,3.46271704939,29.4428979328,0,0,0.005,0,0,20.4,40.8012037436,0,0,0,0,0,0,0,0,0,0
10.24,0.511956768225,0.488043231776,1,1,0.462530911808,0.446499140618,0.049425856417,0.0415440911587,0.909030052425,0.0909699475756,-4.15591333575,3.45645869065,29.2187223344,0,0,0.005,0,0,20.4,40.8012037436,0,0,0,0,0,0,0,0,0,0
10.245,0.512207407343,0.487792592658,1,1,0.461616105472,0.445202891616,0.050591301871,0.0425897010414,0.906818997088,0.0931810029124,-4.13410637858,3.45017223779,28.9945240198,0,0,0.005,0,0,20.4,40.8012037436,0,0,0,0,0,0,0,0,0,0
10.25,0.512461993966,0.487538006034,1,1,0.460640617842,0.443843729809,0.0518213761244,0.0436942762252,0.904484347651,0.0955156523495,-4.11219724754,3.44385786537,28.7703231995,0,0,0.005,0,0,20.4,40.8012037436,0,0,0,0,0,0,0,0,0,0
10.255,0.512719499772,0.487280500229,1,1,0.459598272815,0.442418965276,0.0531212269571,0.0448615349528,0.902017238091,0.0979827619099,-4.0901864934,3.43751574875,28.5461400737,0,0,0.005,0,0,20.4,40.8012037436,0,0,0,0,0,0,0,0,0,0
10.26,0.512978837057,0.487021162943,1,1,0.458483663467,0.440926687753,0.05449517359,0.0460944751908,0.89941035122,0.100589648781,-4.06807466946,3.4311460641,28.3219948295,0,0,0.005,0,0,20.4,40.8012037436,0,0,0,0,0,0,0,0,0,0
10.265,0.51323887506,0.486761124941,1,1,0.457292273446,0.439365821141,0.0559466016138,0.0473953038,0.896658094587,0.103341905414,-4.0458623316,3.4247489884,28.0979076398,0,0,0.005,0,0,20.4,40.8012037436,0,0,0,0,0,0,0,0,0,0
10.27,0.513498456154,0.486501543847,1,1,0.45602058015,0.437736162548,0.0574778760042,0.0487653812992,0.893756742697,0.106243257303,-4.02355003823,3.41832469942,27.8738986608,0,0,0.005,0,0,20.4,40.8012037436,0,0,0,0,0,0,0,0,0,0
10.275,0.513756411661,0.486243588339,1,1,0.454666137187,0.436038404689,0.0590902744746,0.0502051836502,0.890704541876,0.109295458125,-4.0011383503,3.41187337572,27.6499880302,0,0,0.005,0,0,20.4,40.8012037436,0,0,0,0,0,0,0,0,0,0
10.28,0.51401157703,0.485988422971,1,1,0.453227634078,0.434274140867,0.0607839429522,0.0517142821034,0.887501774945,0.112498225056,-3.97862783126,3.40539519666,27.4261958651,0,0,0.005,0,0,20.4,40.8012037436,0,0,0,0,0,0,0,0,0,0
10.285,0.514262806138,0.485737193863,1,1,0.451704931689,0.432445852145,0.0625578744494,0.0532913417182,0.884150783833,0.115849216168,-3.95601904705,3.39889034239,27.2025422602,0,0,0.005,0,0,20.4,40.8012037436,0,0,0,0,0,0,0,0,0,0
10.29,0.514508984534,0.485491015466,1,1,0.450099072488,0.430556876735,0.0644099120465,0.0549341387318,0.880655949223,0.119344050778,-3.9333125661,3.39235899385,26.9790472858,0,0,0.005,0,0,20.4,40.8012037436,0,0,0,0,0,0,0,0,0,0
10.295,0.51474904143,0.485250958571,1,1,0.448412265305,0.428611362071,0.0663367761253,0.0566395964997,0.877023627376,0.122976372625,-3.91050895931,3.38580133274,26.7557309856,0,0,0.005,0,0,20.4,40.8012037436,0,0,0,0,0,0,0,0,0,0
10.3,0.514981960304,0.485018039697,1,1,0.446647844903,0.426614200413,0.0683341154008,0.0584038392846,0.873262045315,0.126737954685,-3.88760880003,3.37921754156,26.5326133753,0,0,0.005,0,0,20.4,40.8012037436,0,0,0,0,0,0,0,0,0,0
10.305,0.515206787999,0.484793212002,1,1,0.444810207277,0.424570949258,0.0703965807216,0.0602222627441,0.869381156535,0.130618843466,-3.86461266403,3.37260780358,26.3097144398,0,0,0.005,0,0,20.4,40.8012037436,0,0,0,0,0,0,0,0,0,0
10.31,0.515422642241,0.48457735776,1,1,0.442904722195,0.4224877382,0.0725179200461,0.06208961956,0.865392460395,0.134607539606,-3.84152112952,3.36597230284,26.087054132,0,0,0.005,0,0,20.4,40.8012037436,0,0,0,0,0,0,0,0,0,0
10.315,0.515628717519,0.484371282482,1,1,0.440937625037,0.420371164186,0.0746910924826,0.0640001182953,0.861308789223,0.138691210778,-3.81833477709,3.35931122415,25.8646523707,0,0,0.005,0,0,20.4,40.8012037436,0,0,0,0,0,0,0,0,0,0
10.32,0.515824289315,0.484175710686,1,1,0.438915890505,0.418228177446,0.0769083988095,0.0659475332406,0.857144067951,0.14285593205,-3.79505418975,3.35262475309,25.6425290382,0,0,0.005,0,0,20.4,40.8012037436,0,0,0,0,0,0,0,0,0,0
10.325,0.516008716699,0.483991283302,1,1,0.436847091209,0.416065960541,0.0791616254898,0.0679253227608,0.85291305175,0.147086948251,-3.77167995285,3.345913076,25.4207039789,0,0,0.005,0,0,20.4,40.8012037436,0,0,0,0,0,0,0,0,0,0
10.33,0.516181443333,0.483818556668,1,1,0.434739244473,0.413891803219,0.0814421988604,0.0699267534489,0.848631047692,0.151368952309,-3.74821265413,3.33917637998,25.1991969972,0,0,0.005,0,0,20.4,40.8012037436,0,0,0,0,0,0,0,0,0,0
10.335,0.516341996953,0.483658003048,1,1,0.432600651016,0.411712975779,0.0837413459367,0.071945027269,0.844313626795,0.155686373206,-3.72465288365,3.33241485287,24.9780278553,0,0,0.005,0,0,20.4,40.8012037436,0,0,0,0,0,0,0,0,0,0
10.34,0.516489987421,0.48351001258,1,1,0.430439729302,0.409536603766,0.0860502581187,0.0739734088145,0.839976333068,0.160023666933,-3.70100123381,3.3256286833,24.7572162719,0,0,0.005,0,0,20.4,40.8012037436,0,0,0,0,0,0,0,0,0,0
10.345,0.516625103479,0.483374896522,1,1,0.42826484945,0.407369546704,0.0883602540281,0.0760053498182,0.835634396155,0.164365603846,-3.67725829931,3.31881806063,24.5367819194,0,0,0.005,0,0,20.4,40.8012037436,0,0,0,0,0,0,0,0,0,0
10.35,0.51674710833,0.483252891671,1,1,0.426084170582,0.405218283529,0.0906629377479,0.0780346081427,0.83130245411,0.168697545891,-3.65342467716,3.31198317495,24.3167444228,0,0,0.005,0,0,20.4,40.8012037436,0,0,0,0,0,0,0,0,0,0
10.355,0.516855834204,0.483144165797,1,1,0.423905485332,0.403088807164,0.0929503488718,0.0800553586332,0.826994292496,0.173005707505,-3.62950096664,3.30512421712,24.0971233574,0,0,0.005,0,0,20.4,40.8012037436,0,0,0,0,0,0,0,0,0,0
10.36,0.516951176079,0.483048823922,1,1,0.421736075078,0.400986530488,0.0952151010007,0.0820622934338,0.822722605566,0.177277394434,-3.6054877693,3.29824137874,23.877938247,0,0,0.005,0,0,20.4,40.8012037436,0,0,0,0,0,0,0,0,0,0
10.365,0.517033084721,0.48296691528,1,1,0.419582579084,0.398916205631,0.0974505056369,0.0840507096483,0.818498784716,0.181501215285,-3.58138568894,3.29133485214,23.6592085618,0,0,0.005,0,0,20.4,40.8012037436,0,0,0,0,0,0,0,0,0,0
10.37,0.517101559243,0.482898440758,1,1,0.417450880424,0.396881858206,0.0996506788182,0.0860165825523,0.81433273863,0.185667261371,-3.55719533159,3.2844048304,23.440953717,0,0,0.005,0,0,20.4,40.8012037436,0,0,0,0,0,0,0,0,0,0
10.375,0.517156639338,0.482843360663,1,1,0.415346011049,0.394886737729,0.101810628289,0.0879566229335,0.810232748778,0.189767251223,-3.53291730551,3.2774515073,23.2231930703,0,0,0.005,0,0,20.4,40.8012037436,0,0,0,0,0,0,0,0,0,0
10.38,0.517198397396,0.482801602605,1,1,0.413272077878,0.39293328507,0.103926319518,0.0898683175349,0.806205362948,0.193794637053,-3.50855222116,3.27047507739,23.0059459205,0,0,0.005,0,0,20.4,40.8012037436,0,0,0,0,0,0,0,0,0,0
10.385,0.517226930651,0.482773069349,1,1,0.411232211247,0.391023117355,0.105994719405,0.0917499519942,0.802255328602,0.197744671399,-3.48410069119,3.26347573594,22.7892315054,0,0,0.005,0,0,20.4,40.8012037436,0,0,0,0,0,0,0,0,0,0
10.39,0.517242353554,0.482757646447,1,1,0.409228536439,0.389157030345,0.108013817114,0.0936006161027,0.798385566784,0.201614433217,-3.4595633304,3.25645367892,22.573069,0,0,0.005,0,0,20.4,40.8012037436,0,0,0,0,0,0,0,0,0,0
10.395,0.517244790496,0.482755209505,1,1,0.407262168478,0.387335017878,0.109982622018,0.0954201916273,0.794597186356,0.205402813645,-3.43494075578,3.24940910305,22.3574775147,0,0,0.005,0,0,20.4,40.8012037436,0,0,0,0,0,0,0,0,0,0
10.4,0.517234369061,0.48276563094,1,1,0.405333229747,0.385556307586,0.111901139313,0.0972093233548,0.790889537333,0.209110462668,-3.41023358644,3.24234220575,22.1424760933,0,0,0.005,0,0,20.4,40.8012037436,0,0,0,0,0,0,0,0,0,0
10.405,0.5172112139,0.482788786101,1,1,0.403440889468,0.383819411701,0.113770324431,0.0989693744003,0.787260301169,0.212739698831,-3.38544244363,3.23525318518,21.9280837114,0,0,0.005,0,0,20.4,40.8012037436,0,0,0,0,0,0,0,0,0,0
10.41,0.517175441362,0.482824558639,1,1,0.401583423532,0.38212219146,0.11559201783,0.100702367179,0.783705614992,0.216294385009,-3.3605679507,3.2281422402,21.7143192743,0,0,0.005,0,0,20.4,40.8012037436,0,0,0,0,0,0,0,0,0,0
10.415,0.517127154963,0.482872845038,1,1,0.399758292718,0.380461933292,0.117368862245,0.102410911746,0.78022022601,0.219779773991,-3.3356107331,3.22100957037,21.5012016152,0,0,0.005,0,0,20.4,40.8012037436,0,0,0,0,0,0,0,0,0,0
10.42,0.517066441759,0.482933558242,1,1,0.397962236929,0.378835434766,0.11910420483,0.104098123477,0.776797671694,0.223202328306,-3.31057141836,3.21385537599,21.2887494938,0,0,0.005,0,0,20.4,40.8012037436,0,0,0,0,0,0,0,0,0,0
10.425,0.516993369684,0.483006630317,1,1,0.396191382724,0.377239098054,0.12080198696,0.105767532263,0.773430480778,0.226569519223,-3.28545063605,3.20667985803,21.0769815939,0,0,0.005,0,0,20.4,40.8012037436,0,0,0,0,0,0,0,0,0,0
10.43,0.516907985883,0.483092014118,1,1,0.394441361203,0.375669028571,0.12246662468,0.107422985547,0.770110389774,0.229889610227,-3.26024901783,3.19948321819,20.8659165218,0,0,0.005,0,0,20.4,40.8012037436,0,0,0,0,0,0,0,0,0,0
10.435,0.516810316036,0.483189683965,1,1,0.392707433093,0.374121136361,0.124102882943,0.109068547604,0.766828569454,0.233171430547,-3.23496719736,3.19226565887,20.6555728048,0,0,0.005,0,0,20.4,40.8012037436,0,0,0,0,0,0,0,0,0,0
10.44,0.516700364681,0.483299635319,1,1,0.390984617842,0.372591237814,0.125715746839,0.110708397505,0.763575855656,0.236424144344,-3.20960581032,3.18502738315,20.4459688891,0,0,0.005,0,0,20.4,40.8012037436,0,0,0,0,0,0,0,0,0,0
10.445,0.51657811649,0.483421883511,1,1,0.389267823504,0.371075155347,0.127310292986,0.112346728164,0.760342978851,0.23965702115,-3.1841654944,3.17776859481,20.2371231379,0,0,0.005,0,0,20.4,40.8012037436,0,0,0,0,0,0,0,0,0,0
10.45,0.516443538461,0.48355646154,1,1,0.387551974312,0.369568812785,0.128891564149,0.113987648755,0.757120787097,0.242879212904,-3.15864688925,3.17048949834,20.02905383,0,0,0.005,0,0,20.4,40.8012037436,0,0,0,0,0,0,0,0,0,0
10.455,0.516296582956,0.483703417045,1,1,0.385832132994,0.368068324382,0.130464449963,0.115635092663,0.753900457376,0.246099542625,-3.13305063651,3.16319029889,19.821779158,0,0,0.005,0,0,20.4,40.8012037436,0,0,0,0,0,0,0,0,0,0
10.46,0.516137191513,0.483862808488,1,1,0.384103615143,0.36657007558,0.13203357637,0.117292732908,0.750673690723,0.249326309278,-3.10737737977,3.15587120233,19.615317226,0,0,0.005,0,0,20.4,40.8012037436,0,0,0,0,0,0,0,0,0,0
10.465,0.51596529932,0.484034700681,1,1,0.382362093246,0.36507079392,0.133603206074,0.11896390676,0.747432887167,0.252567112834,-3.08162776453,3.14853241518,19.4096860486,0,0,0.005,0,0,20.4,40.8012037436,0,0,0,0,0,0,0,0,0,0
10.47,0.515780840276,0.484219159724,1,1,0.38060368835,0.363567608766,0.135177151927,0.120651550959,0.744171297116,0.255828702885,-3.05580243824,3.14117414467,19.2049035487,0,0,0.005,0,0,20.4,40.8012037436,0,0,0,0,0,0,0,0,0,0
10.475,0.5155837525,0.484416247501,1,1,0.378825047733,0.362058098827,0.136758704767,0.122358148674,0.74088314656,0.259116853441,-3.02990205023,3.13379659867,19.0009875558,0,0,0.005,0,0,20.4,40.8012037436,0,0,0,0,0,0,0,0,0,0
10.48,0.51537398418,0.484626015821,1,1,0.377023407388,0.360540326818,0.138350576792,0.124085689003,0.737563734206,0.262436265795,-3.00392725172,3.12639998577,18.7979558047,0,0,0.005,0,0,20.4,40.8012037436,0,0,0,0,0,0,0,0,0,0
10.485,0.515151499646,0.484848500355,1,1,0.375196638547,0.359012860887,0.139954861099,0.125835639468,0.734209499434,0.265790500567,-2.9778786958,3.1189845152,18.595825933,0,0,0.005,0,0,20.4,40.8012037436,0,0,0,0,0,0,0,0,0,0
10.49,0.514916285521,0.48508371448,1,1,0.373343277934,0.35747478284,0.141573007587,0.12760893164,0.730818060774,0.269181939227,-2.95175703742,3.11155039687,18.3946154802,0,0,0.005,0,0,20.4,40.8012037436,0,0,0,0,0,0,0,0,0,0
10.495,0.514668356839,0.485331643161,1,1,0.371462541849,0.355925683454,0.143205814991,0.129405959707,0.727388225303,0.272611774698,-2.92556293334,3.10409784134,18.1943418856,0,0,0.005,0,0,20.4,40.8012037436,0,0,0,0,0,0,0,0,0,0
10.5,0.514407763009,0.485592236992,1,1,0.369554324602,0.354365645539,0.144853438408,0.131226591452,0.723919970141,0.27608002986,-2.89929704218,3.09662705987,17.9950224867,0,0,0.005,0,0,20.4,40.8012037436,0,0,0,0,0,0,0,0,0,0
10.505,0.514134593486,0.485865406515,1,1,0.36761918217,0.352795215645,0.146515411316,0.133070190871,0.720414397815,0.279585602186,-2.87296002433,3.08913826433,17.7966745175,0,0,0.005,0,0,20.4,40.8012037436,0,0,0,0,0,0,0,0,0,0
10.51,0.513848983057,0.486151016944,1,1,0.365658302285,0.351215365602,0.148190680772,0.134935651342,0.716873667887,0.283126332114,-2.84655254197,3.08163166728,17.599315107,0,0,0.005,0,0,20.4,40.8012037436,0,0,0,0,0,0,0,0,0,0
10.515,0.513551116632,0.486448883369,1,1,0.363673462431,0.349627445275,0.149877654201,0.136821438094,0.713300907706,0.286699092295,-2.82007525907,3.07410748193,17.4029612773,0,0,0.005,0,0,20.4,40.8012037436,0,0,0,0,0,0,0,0,0,0
10.52,0.513241233428,0.486758766573,1,1,0.361666977434,0.348033128093,0.151574255994,0.138725638479,0.709700105527,0.290299894474,-2.79352884132,3.06656592214,17.2076299421,0,0,0.005,0,0,20.4,40.8012037436,0,0,0,0,0,0,0,0,0,0
10.525,0.512919630486,0.487080369515,1,1,0.359641638509,0.34643435105,0.153277991976,0.140646018465,0.70607598956,0.293924010441,-2.76691395618,3.05900720241,17.0133379053,0,0,0.005,0,0,20.4,40.8012037436,0,0,0,0,0,0,0,0,0,0
10.53,0.512586665427,0.487413334574,1,1,0.357600645692,0.34483325095,0.154986019736,0.142580083624,0.702433896642,0.297566103359,-2.74023127281,3.05143153789,16.8201018589,0,0,0.005,0,0,20.4,40.8012037436,0,0,0,0,0,0,0,0,0,0
10.535,0.512242758405,0.487757241596,1,1,0.355547535629,0.343232098709,0.156695222776,0.144525142887,0.698779634337,0.301220365664,-2.71348146207,3.04383914438,16.6279383818,0,0,0.005,0,0,20.4,40.8012037436,0,0,0,0,0,0,0,0,0,0
10.54,0.511888393191,0.488111606809,1,1,0.353486106695,0.341633233509,0.158402286496,0.146478373301,0.695119340204,0.304880659797,-2.68666519652,3.03623023831,16.4368639382,0,0,0.005,0,0,20.4,40.8012037436,0,0,0,0,0,0,0,0,0,0
10.545,0.511524117378,0.488475882622,1,1,0.351420343295,0.340038998547,0.160103774083,0.148436884076,0.691459341842,0.308540658159,-2.65978315038,3.02860503677,16.2468948758,0,0,0.005,0,0,20.4,40.8012037436,0,0,0,0,0,0,0,0,0,0
10.55,0.511150541668,0.488849458333,1,1,0.349354341105,0.33845168001,0.161796200563,0.150397778323,0.687806021116,0.312193978885,-2.63283599952,3.02096375745,16.0580474242,0,0,0.005,0,0,20.4,40.8012037436,0,0,0,0,0,0,0,0,0,0
10.555,0.510768338251,0.48923166175,1,1,0.347292234848,0.336873450783,0.163476103403,0.152358210967,0.684165685632,0.315834314369,-2.60582442147,3.01330661871,15.8703376938,0,0,0.005,0,0,20.4,40.8012037436,0,0,0,0,0,0,0,0,0,0
10.56,0.510378238286,0.489621761715,1,1,0.345238129992,0.335306320189,0.165140108294,0.154315441526,0.680544450181,0.31945554982,-2.57874909534,3.00563383951,15.6837816739,0,0,0.005,0,0,20.4,40.8012037436,0,0,0,0,0,0,0,0,0,0
10.565,0.509981028495,0.490018971506,1,1,0.343196039546,0.333752090892,0.166784988949,0.156266880613,0.676948130438,0.323051869563,-2.55161070187,2.99794563947,15.4983952311,0,0,0.005,0,0,20.4,40.8012037436,0,0,0,0,0,0,0,0,0,0
10.57,0.509577546926,0.490422453075,1,1,0.341169826915,0.33221232383,0.168407720011,0.158210129245,0.673382150745,0.326617849256,-2.52440992338,2.99024223881,15.314194108,0,0,0.005,0,0,20.4,40.8012037436,0,0,0,0,0,0,0,0,0,0
10.575,0.509168677914,0.490831322087,1,1,0.339163155512,0.330688311801,0.170005522402,0.160143010285,0.669851467313,0.330148532688,-2.49714744375,2.9825238584,15.1311939218,0,0,0.005,0,0,20.4,40.8012037436,0,0,0,0,0,0,0,0,0,0
10.58,0.508755346315,0.491244653686,1,1,0.337179445622,0.329181062091,0.171575900693,0.162063591594,0.666360507714,0.333639492287,-2.46982394844,2.97479071971,14.9494101624,0,0,0.005,0,0,20.4,40.8012037436,0,0,0,0,0,0,0,0,0,0
10.585,0.508338511075,0.491661488926,1,1,0.335221838789,0.327691288218,0.173116672286,0.163970200708,0.662913127007,0.337086872994,-2.44244012441,2.96704304485,14.7688581913,0,0,0.005,0,0,20.4,40.8012037436,0,0,0,0,0,0,0,0,0,0
10.59,0.507919158214,0.492080841786,1,1,0.333293169776,0.326219410655,0.174625988439,0.165861431132,0.65951258043,0.34048741957,-2.41499666016,2.95928105653,14.5895532401,0,0,0.005,0,0,20.4,40.8012037436,0,0,0,0,0,0,0,0,0,0
10.595,0.507498293314,0.492501706687,1,1,0.331395946007,0.324765566113,0.176102347307,0.167736140573,0.65616151212,0.343838487881,-2.38749424568,2.95150497811,14.4115104089,0,0,0.005,0,0,20.4,40.8012037436,0,0,0,0,0,0,0,0,0,0
10.6,0.507076933596,0.492923066405,1,1,0.329532334213,0.323329624735,0.177544599383,0.16959344167,0.652861958948,0.347138041052,-2.35993357245,2.94371503353,14.234744665,0,0,0.005,0,0,20.4,40.8012037436,0,0,0,0,0,0,0,0,0,0
10.605,0.506656099691,0.49334390031,1,1,0.327704153908,0.321911214334,0.178951945783,0.171432685975,0.649615368243,0.350384631758,-2.33231533342,2.93591144737,14.0592708413,0,0,0.005,0,0,20.4,40.8012037436,0,0,0,0,0,0,0,0,0,0
10.61,0.506236807203,0.493763192798,1,1,0.32591287722,0.320509750641,0.180323929984,0.173253442156,0.646422627861,0.35357737214,-2.30464022298,2.92809444481,13.8851036351,0,0,0.005,0,0,20.4,40.8012037436,0,0,0,0,0,0,0,0,0,0
10.615,0.505820058158,0.494179941842,1,1,0.324159634529,0.319124472352,0.18166042363,0.17505546949,0.643284106881,0.35671589312,-2.27690893697,2.92026425167,13.7122576068,0,0,0.005,0,0,20.4,40.8012037436,0,0,0,0,0,0,0,0,0,0
10.62,0.505406832455,0.494593167546,1,1,0.322445225364,0.317754479661,0.18296160709,0.176838687885,0.640199705025,0.359800294976,-2.24912217263,2.91242109433,13.5407471781,0,0,0.005,0,0,20.4,40.8012037436,0,0,0,0,0,0,0,0,0,0
10.625,0.504998079404,0.495001920597,1,1,0.320770133947,0.316398774891,0.184227945457,0.178603145707,0.637168908838,0.362831091163,-2.22128062861,2.90456519983,13.3705866311,0,0,0.005,0,0,20.4,40.8012037436,0,0,0,0,0,0,0,0,0,0
10.63,0.50459470947,0.495405290531,1,1,0.319134548825,0.315056303794,0.185460160644,0.180348986737,0.634190852619,0.365809147382,-2.19338500492,2.89669679578,13.2017901065,0,0,0.005,0,0,20.4,40.8012037436,0,0,0,0,0,0,0,0,0,0
10.635,0.504197586296,0.495802413705,1,1,0.317538386037,0.313725996109,0.186659200259,0.182076417596,0.631264382146,0.368735617855,-2.16543600295,2.88881611043,13.0343716028,0,0,0.005,0,0,20.4,40.8012037436,0,0,0,0,0,0,0,0,0,0
10.64,0.503807519117,0.496192480884,1,1,0.315981315286,0.312406804012,0.187826203831,0.183785676872,0.628388119299,0.371611880702,-2.13743432544,2.88092337262,12.8683449745,0,0,0.005,0,0,20.4,40.8012037436,0,0,0,0,0,0,0,0,0,0
10.645,0.503425255632,0.496574744369,1,1,0.314462788647,0.311097737194,0.188962466984,0.185477007175,0.625560525842,0.374439474159,-2.10938067645,2.87301881178,12.703723931,0,0,0.005,0,0,20.4,40.8012037436,0,0,0,0,0,0,0,0,0,0
10.65,0.503051475425,0.496948524576,1,1,0.312982071349,0.309797893434,0.190069404076,0.187150631141,0.622779964783,0.377220035217,-2.08127576133,2.86510265796,12.5405220354,0,0,0.005,0,0,20.4,40.8012037436,0,0,0,0,0,0,0,0,0,0
10.655,0.502686784006,0.497313215995,1,1,0.311538274223,0.308506483701,0.191148509782,0.188806732294,0.620044757925,0.379955242076,-2.05312028676,2.85717514182,12.3787527029,0,0,0.005,0,0,20.4,40.8012037436,0,0,0,0,0,0,0,0,0,0
10.66,0.502331707518,0.497668292483,1,1,0.310130387419,0.307222851029,0.192201320098,0.190445441454,0.617353238449,0.382646761552,-2.02491496066,2.84923649459,12.2184292,0,0,0.005,0,0,20.4,40.8012037436,0,0,0,0,0,0,0,0,0,0
10.665,0.501986688193,0.498013311808,1,1,0.308757315005,0.305946482621,0.193229373188,0.192066829187,0.614703797626,0.385296202375,-1.99666049221,2.84128694813,12.0595646428,0,0,0.005,0,0,20.4,40.8012037436,0,0,0,0,0,0,0,0,0,0
10.67,0.501652080573,0.498347919428,1,1,0.307417910048,0.3046770149,0.194234170524,0.193670904528,0.612094924948,0.387905075053,-1.96835759184,2.83332673488,11.9021719959,0,0,0.005,0,0,20.4,40.8012037436,0,0,0,0,0,0,0,0,0,0
10.675,0.501328148553,0.498671851448,1,1,0.306111009787,0.303414231472,0.195217138766,0.195257619976,0.609525241259,0.390474758742,-1.94000697118,2.82535608788,11.7462640715,0,0,0.005,0,0,20.4,40.8012037436,0,0,0,0,0,0,0,0,0,0
10.68,0.501015063256,0.498984936745,1,1,0.304835470417,0.302158054235,0.196179592839,0.19682688251,0.606993524652,0.393006475348,-1.91160934307,2.81737524075,11.5918535277,0,0,0.005,0,0,20.4,40.8012037436,0,0,0,0,0,0,0,0,0,0
10.685,0.500712901772,0.499287098229,1,1,0.303590201036,0.300908528115,0.197122700736,0.198378570114,0.604498729151,0.39550127085,-1.88316542152,2.80938442773,11.4389528675,0,0,0.005,0,0,20.4,40.8012037436,0,0,0,0,0,0,0,0,0,0
10.69,0.500421646751,0.49957835325,1,1,0.302374196168,0.299665800174,0.198047450582,0.199912553076,0.602039996342,0.397960003659,-1.8546759217,2.80138388362,11.2875744379,0,0,0.005,0,0,20.4,40.8012037436,0,0,0,0,0,0,0,0,0,0
10.695,0.500141186859,0.499858813142,1,1,0.301186566299,0.298430094042,0.19895462056,0.2014287191,0.599616660341,0.40038333966,-1.82614155993,2.79337384382,11.1377304283,0,0,0.005,0,0,20.4,40.8012037436,0,0,0,0,0,0,0,0,0,0
10.7,0.499871318083,0.500128681918,1,1,0.300026565734,0.297201680842,0.199844752349,0.202927001076,0.597228246576,0.402771753425,-1.79756305363,2.78535454433,10.9894328694,0,0,0.005,0,0,20.4,40.8012037436,0,0,0,0,0,0,0,0,0,0
10.705,0.499611745859,0.500388254142,1,1,0.298893617085,0.295980847921,0.200718128774,0.204407406221,0.594874465006,0.405125534995,-1.76894112135,2.77732622171,10.8426936326,0,0,0.005,0,0,20.4,40.8012037436,0,0,0,0,0,0,0,0,0,0
10.71,0.499362087994,0.500637912007,1,1,0.297787331636,0.294767866843,0.201574756358,0.205870045165,0.592555198478,0.407444801522,-1.74027648269,2.76928911312,10.6975244282,0,0,0.005,0,0,20.4,40.8012037436,0,0,0,0,0,0,0,0,0,0
10.715,0.499121878356,0.500878121645,1,1,0.296707524816,0.293562962149,0.202414353539,0.207315159496,0.590270486966,0.409729513035,-1.71156985832,2.76124345627,10.5539368047,0,0,0.005,0,0,20.4,40.8012037436,0,0,0,0,0,0,0,0,0,0
10.72,0.498890571271,0.50110942873,1,1,0.295654226023,0.292366282453,0.203236345248,0.208743146277,0.588020508476,0.411979491525,-1.68282196996,2.75318948947,10.4119421475,0,0,0.005,0,0,20.4,40.8012037436,0,0,0,0,0,0,0,0,0,0
10.725,0.498667546592,0.501332453409,1,1,0.294627682058,0.291177875359,0.204039864534,0.210154578051,0.585805557416,0.414194442585,-1.65403354035,2.74512745161,10.2715516782,0,0,0.005,0,0,20.4,40.8012037436,0,0,0,0,0,0,0,0,0,0
10.73,0.498452115364,0.501547884636,1,1,0.293628353519,0.289997667662,0.204823761845,0.211550216974,0.583626021182,0.416373978819,-1.62520529321,2.73705758212,10.1327764529,0,0,0.005,0,0,20.4,40.8012037436,0,0,0,0,0,0,0,0,0,0
10.735,0.498243526053,0.501756473948,1,1,0.292656903593,0.288825452108,0.20558662246,0.21293102184,0.581482355701,0.4185176443,-1.59633795325,2.72898012102,9.99562736193,0,0,0.005,0,0,20.4,40.8012037436,0,0,0,0,0,0,0,0,0,0
10.74,0.498040971235,0.501959028766,1,1,0.291714178802,0.28766088182,0.206326792433,0.214298146946,0.579375060622,0.420624939379,-1.56743224614,2.72089530889,9.86011512819,0,0,0.005,0,0,20.4,40.8012037436,0,0,0,0,0,0,0,0,0,0
10.745,0.497843594713,0.502156405288,1,1,0.290801181488,0.286503473273,0.207042413225,0.215652932016,0.57730465476,0.422695345241,-1.5384888985,2.71280338685,9.72625030653,0,0,0.005,0,0,20.4,40.8012037436,0,0,0,0,0,0,0,0,0,0
10.75,0.497650498959,0.502349501042,1,1,0.28991903396,0.285352618389,0.207731464999,0.216996882653,0.575271652349,0.424728347652,-1.50950863783,2.70470459661,9.59404328261,0,0,0.005,0,0,20.4,40.8012037436,0,0,0,0,0,0,0,0,0,0
10.755,0.497460752833,0.502539247168,1,1,0.289068934525,0.284207606044,0.208391818308,0.218331641123,0.573276540569,0.426723459431,-1.48049219255,2.6965991804,9.46350427195,0,0,0.005,0,0,20.4,40.8012037436,0,0,0,0,0,0,0,0,0,0
10.76,0.49727339948,0.502726600521,1,1,0.28825210584,0.283067652912,0.20902129364,0.219658947609,0.571319758752,0.428680241249,-1.45144029196,2.68848738102,9.33464331902,0,0,0.005,0,0,20.4,40.8012037436,0,0,0,0,0,0,0,0,0,0
10.765,0.497087464346,0.502912535655,1,1,0.287469736324,0.281931943228,0.209617728022,0.220980592427,0.569401679552,0.430598320449,-1.42235366619,2.6803694418,9.20747029625,0,0,0.005,0,0,20.4,40.8012037436,0,0,0,0,0,0,0,0,0,0
10.77,0.496901963237,0.503098036764,1,1,0.286722915649,0.280799676696,0.210179047588,0.222298360068,0.567522592345,0.432477407656,-1.39323304622,2.67224560661,9.08199490315,0,0,0.005,0,0,20.4,40.8012037436,0,0,0,0,0,0,0,0,0,0
10.775,0.496715910337,0.503284089664,1,1,0.286012565592,0.279670123405,0.210703344746,0.223613966259,0.565682688997,0.434317311004,-1.36407916382,2.66411611988,8.9582266654,0,0,0.005,0,0,20.4,40.8012037436,0,0,0,0,0,0,0,0,0,0
10.78,0.496528326125,0.503471673876,1,1,0.285339367824,0.278542684269,0.2111889583,0.224928989607,0.563882052094,0.436117947907,-1.33489275157,2.65598122655,8.83617493398,0,0,0.005,0,0,20.4,40.8012037436,0,0,0,0,0,0,0,0,0,0
10.785,0.49633824511,0.503661754891,1,1,0.284703690437,0.277416955236,0.211634554673,0.226244799656,0.562120645672,0.437879354329,-1.3056745428,2.64784117208,8.71584888428,0,0,0.005,0,0,20.4,40.8012037436,0,0,0,0,0,0,0,0,0,0
10.79,0.496144723335,0.503855276666,1,1,0.284105515206,0.276292793197,0.212039208129,0.227562483469,0.560398308403,0.439601691598,-1.2764252716,2.63969620246,8.59725751527,0,0,0.005,0,0,20.4,40.8012037436,0,0,0,0,0,0,0,0,0,0
10.795,0.495946845566,0.504053154435,1,1,0.283544367787,0.275170381371,0.212402477779,0.228882773064,0.558714749158,0.441285250843,-1.24714567275,2.63154656422,8.48040964872,0,0,0.005,0,0,20.4,40.8012037436,0,0,0,0,0,0,0,0,0,0
10.8,0.495743732127,0.504256267874,1,1,0.283019253089,0.27405029173,0.212724479038,0.230205976144,0.557069544819,0.442930455182,-1.21783648178,2.62339250436,8.36531392829,0,0,0.005,0,0,20.4,40.8012037436,0,0,0,0,0,0,0,0,0,0
10.805,0.495534545316,0.504465454685,1,1,0.282528598169,0.272933541996,0.213005947147,0.231531912689,0.555462140165,0.444537859836,-1.18849843487,2.61523427042,8.25197881886,0,0,0.005,0,0,20.4,40.8012037436,0,0,0,0,0,0,0,0,0,0
10.81,0.495318495355,0.504681504646,1,1,0.282070204905,0.271821644716,0.21324829045,0.23285985993,0.553891849621,0.44610815038,-1.15913226886,2.60707211043,8.14041260566,0,0,0.005,0,0,20.4,40.8012037436,0,0,0,0,0,0,0,0,0,0
10.815,0.495094845837,0.504905154164,1,1,0.281641214651,0.270716645985,0.213453631186,0.234188508179,0.552357860636,0.447642139365,-1.12973872123,2.59890627291,8.0306233936,0,0,0.005,0,0,20.4,40.8012037436,0,0,0,0,0,0,0,0,0,0
10.82,0.494862918627,0.505137081373,1,1,0.281238086854,0.269621151568,0.213624831773,0.235515929806,0.550859238422,0.449140761579,-1.10031853009,2.59073700688,7.92261910647,0,0,0.005,0,0,20.4,40.8012037436,0,0,0,0,0,0,0,0,0,0
10.825,0.494622098187,0.505377901814,1,1,0.280856593376,0.268538338384,0.213765504811,0.23683956343,0.54939493176,0.450605068241,-1.07087243412,2.58256456185,7.81640748628,0,0,0.005,0,0,20.4,40.8012037436,0,0,0,0,0,0,0,0,0,0
10.83,0.494371835294,0.505628164707,1,1,0.280491829931,0.267471949639,0.213880005363,0.238156215068,0.54796377957,0.452036220431,-1.04140117259,2.5743891878,7.71199609255,0,0,0.005,0,0,20.4,40.8012037436,0,0,0,0,0,0,0,0,0,0
10.835,0.494111650148,0.505888349853,1,1,0.280138245654,0.266426272272,0.213973404493,0.239462077581,0.546564517927,0.453435482074,-1.01190548532,2.56621113519,7.60939230163,0,0,0.005,0,0,20.4,40.8012037436,0,0,0,0,0,0,0,0,0,0
10.84,0.493841134833,0.506158865168,1,1,0.279789691345,0.265406095839,0.214051443489,0.240752769328,0.545195787184,0.454804212817,-0.982386112664,2.55803065496,7.50860330605,0,0,0.005,0,0,20.4,40.8012037436,0,0,0,0,0,0,0,0,0,0
10.845,0.49355995515,0.506440044851,1,1,0.279439486458,0.26441665243,0.214120468692,0.242023392421,0.543856138888,0.456143861113,-0.952843795471,2.54984799848,7.4096361139,0,0,0.005,0,0,20.4,40.8012037436,0,0,0,0,0,0,0,0,0,0
10.85,0.493267851795,0.506732148206,1,1,0.279080504369,0.263463537781,0.214187347426,0.243268610425,0.54254404215,0.457455957851,-0.923279275091,2.5416634176,7.3124975482,0,0,0.005,0,0,20.4,40.8012037436,0,0,0,0,0,0,0,0,0,0
10.855,0.492964640909,0.507035359092,1,1,0.278705274869,0.262552614289,0.21425936604,0.244482744803,0.541257889158,0.458742110843,-0.89369329334,2.53347716464,7.21719424632,0,0,0.005,0,0,20.4,40.8012037436,0,0,0,0,0,0,0,0,0,0
10.86,0.492650213999,0.507349786002,1,1,0.278306102346,0.261689897196,0.214344111653,0.245659888806,0.539995999541,0.460004000459,-0.86408659248,2.52528949233,7.12373265937,0,0,0.005,0,0,20.4,40.8012037436,0,0,0,0,0,0,0,0,0,0
10.865,0.492324537254,0.507675462747,1,1,0.277875197517,0.260881425801,0.214449339737,0.246794036947,0.538756623317,0.461243376684,-0.8344599152,2.51710065385,7.03211905171,0,0,0.005,0,0,20.4,40.8012037436,0,0,0,0,0,0,0,0,0,0
10.87,0.491987650266,0.508012349735,1,1,0.277404820121,0.260133122065,0.214582830145,0.24787922767,0.537537942186,0.462462057815,-0.804814004595,2.50891090283,6.94235950034,0,0,0.005,0,0,20.4,40.8012037436,0,0,0,0,0,0,0,0,0,0
10.875,0.491639664203,0.508360335798,1,1,0.276887429509,0.259450639484,0.214752234694,0.248909696314,0.536338068992,0.463661931009,-0.775149604146,2.50072049331,6.85445989446,0,0,0.005,0,0,20.4,40.8012037436,0,0,0,0,0,0,0,0,0,0
10.88,0.491280759445,0.508719240556,1,1,0.276315839689,0.258839205533,0.214964919757,0.249880035023,0.535155045221,0.464844954779,-0.745467457699,2.49252967975,6.76842593492,0,0,0.005,0,0,20.4,40.8012037436,0,0,0,0,0,0,0,0,0,0
10.885,0.490911182738,0.509088817263,1,1,0.275683375105,0.258303461349,0.215227807634,0.250785355913,0.533986836454,0.466013163547,-0.715768309445,2.48433871703,6.68426313376,0,0,0.005,0,0,20.4,40.8012037436,0,0,0,0,0,0,0,0,0,0
10.89,0.490531243892,0.509468756109,1,1,0.274984023189,0.257847302594,0.215547220703,0.251621453516,0.532831325783,0.467168674218,-0.686052903902,2.47614786045,6.60197681375,0,0,0.005,0,0,20.4,40.8012037436,0,0,0,0,0,0,0,0,0,0
10.895,0.490141312077,0.509858687924,1,1,0.274212579661,0.257473725597,0.215928732416,0.252384962327,0.531686305258,0.468313694743,-0.656321985891,2.46795736568,6.52157210798,0,0,0.005,0,0,20.4,40.8012037436,0,0,0,0,0,0,0,0,0,0
10.9,0.489741811767,0.510258188234,1,1,0.273364782535,0.257184682979,0.216377029231,0.253073505255,0.530549465514,0.469450534487,-0.626576300523,2.45976748882,6.44305395943,0,0,0.005,0,0,20.4,40.8012037436,0,0,0,0,0,0,0,0,0,0
10.905,0.489333218363,0.510666781638,1,1,0.272437430934,0.256980952861,0.216895787429,0.253685828777,0.529418383795,0.470581616206,-0.596816593172,2.45157848633,6.36642712054,0,0,0.005,0,0,20.4,40.8012037436,0,0,0,0,0,0,0,0,0,0
10.91,0.488916053576,0.511083946425,1,1,0.271428485048,0.256862025644,0.217487568528,0.254221920781,0.528290510692,0.471709489309,-0.56704360946,2.44339061508,6.29169615289,0,0,0.005,0,0,20.4,40.8012037436,0,0,0,0,0,0,0,0,0,0
10.915,0.488490880603,0.511509119398,1,1,0.270337143932,0.256826012025,0.218153736671,0.254683107373,0.527163155957,0.472836844044,-0.537258095239,2.43520413229,6.2188654268,0,0,0.005,0,0,20.4,40.8012037436,0,0,0,0,0,0,0,0,0,0
10.92,0.488058299154,0.511941700846,1,1,0.269163898281,0.25686957556,0.218894400873,0.255072125287,0.526033473841,0.47396652616,-0.507460796568,2.42701929555,6.14793912103,0,0,0.005,0,0,20.4,40.8012037436,0,0,0,0,0,0,0,0,0,0
10.925,0.487618940399,0.512381059602,1,1,0.267910555896,0.256987892548,0.219708384503,0.255393167054,0.524898448444,0.475101551557,-0.477652459697,2.41883636283,6.07892122243,0,0,0.005,0,0,20.4,40.8012037436,0,0,0,0,0,0,0,0,0,0
10.93,0.48717346187,0.512826538131,1,1,0.266580238164,0.257174641453,0.220593223706,0.255651896678,0.523754879617,0.476245120384,-0.447833831048,2.41065559245,6.01181552564,0,0,0.005,0,0,20.4,40.8012037436,0,0,0,0,0,0,0,0,0,0
10.935,0.486722542395,0.513277457605,1,1,0.265177346596,0.257422023385,0.221545195799,0.255855434221,0.522599369981,0.47740063002,-0.418005657195,2.40247724306,5.94662563285,0,0,0.005,0,0,20.4,40.8012037436,0,0,0,0,0,0,0,0,0,0
10.94,0.486266877104,0.513733122897,1,1,0.26370749918,0.257720814449,0.222559377924,0.256012308448,0.521428313629,0.478571686372,-0.388168684848,2.39430157366,5.8833549535,0,0,0.005,0,0,20.4,40.8012037436,0,0,0,0,0,0,0,0,0,0
10.945,0.485807172557,0.514192827443,1,1,0.262177437104,0.258060449968,0.223629735454,0.256132377476,0.520237887071,0.479762112929,-0.358323660831,2.38612884358,5.82200670408,0,0,0.005,0,0,20.4,40.8012037436,0,0,0,0,0,0,0,0,0,0
10.95,0.485344142065,0.514655857936,1,1,0.260594903161,0.258429139804,0.224749238904,0.256226718132,0.519024042965,0.480975957036,-0.328471332069,2.37795931249,5.76258390785,0,0,0.005,0,0,20.4,40.8012037436,0,0,0,0,0,0,0,0,0,0
10.955,0.484878501221,0.51512149878,1,1,0.258968493901,0.25881401319,0.22591000732,0.25630748559,0.517782507091,0.48221749291,-0.298612445566,2.36979324036,5.70508939471,0,0,0.005,0,0,20.4,40.8012037436,0,0,0,0,0,0,0,0,0,0
10.96,0.484410963715,0.515589036286,1,1,0.257307488308,0.259201290694,0.227103475408,0.256387745591,0.516508779002,0.483491220999,-0.268747748388,2.36163088748,5.64952580096,0,0,0.005,0,0,20.4,40.8012037436,0,0,0,0,0,0,0,0,0,0
10.965,0.483942237457,0.516057762544,1,1,0.255621656443,0.259576480203,0.228320581014,0.25648128234,0.515198136646,0.484801863355,-0.238877987647,2.35347251443,5.59589556917,0,0,0.005,0,0,20.4,40.8012037436,0,0,0,0,0,0,0,0,0,0
10.97,0.483473021043,0.516526978958,1,1,0.253921052061,0.259924593133,0.229551968982,0.256602385825,0.513845645194,0.486154354807,-0.20900391048,2.34531838211,5.54420094804,0,0,0.005,0,0,20.4,40.8012037436,0,0,0,0,0,0,0,0,0,0
10.975,0.483004000606,0.516995999395,1,1,0.252215793672,0.260230376477,0.230788206934,0.256765622918,0.512446170149,0.487553829852,-0.179126264037,2.33716875167,5.49444399224,0,0,0.005,0,0,20.4,40.8012037436,0,0,0,0,0,0,0,0,0,0
10.98,0.482535847078,0.517464152923,1,1,0.250515838914,0.260478555807,0.232020008164,0.256985597116,0.510994394721,0.48900560528,-0.149245795456,2.32902388457,5.44662656234,0,0,0.005,0,0,20.4,40.8012037436,0,0,0,0,0,0,0,0,0,0
10.985,0.482069213875,0.517930786126,1,1,0.248830757307,0.26065408398,0.233238456568,0.257276702145,0.509484841288,0.490515158713,-0.119363251854,2.32088404252,5.40075032472,0,0,0.005,0,0,20.4,40.8012037436,0,0,0,0,0,0,0,0,0,0
10.99,0.481604735032,0.518395264969,1,1,0.247169506613,0.260742390041,0.234435228419,0.257652874928,0.507911896654,0.492088103347,-0.0894793803043,2.31274948751,5.35681675147,0,0,0.005,0,0,20.4,40.8012037436,0,0,0,0,0,0,0,0,0,0
10.995,0.481143023789,0.518856976212,1,1,0.245540217953,0.260729622713,0.235602805836,0.258127353499,0.506269840666,0.493730159335,-0.0595949278205,2.30462048176,5.31482712039,0,0,0.005,0,0,20.4,40.8012037436,0,0,0,0,0,0,0,0,0,0
11,0.48068467165,0.519315328351,1,1,0.243949994742,0.260602882914,0.236734676908,0.258712445436,0.504552877657,0.495447122344,-0.0297106413408,2.29649728776,5.27478251491,0,0,0.005,0,0,20.4,40.8012037436,0,0,0,0,0,0,0,0,0,0
11.005,0.480230247889,0.519769752111,1,1,0.242404730147,0.260350439906,0.237825517742,0.259419312205,0.502755170053,0.497244829947,0.000172732290099,2.28838016822,5.23668382414,0,0,0.005,0,0,20.4,40.8012037436,0,0,0,0,0,0,0,0,0,0
11.01,0.479780299517,0.520219700484,1,1,0.240908947425,0.259961926005,0.238871352092,0.260257774479,0.50087087343,0.499129126571,0.0300544463374,2.28026938607,5.2005317428,0,0,0.005,0,0,20.4,40.8012037436,0,0,0,0,0,0,0,0,0,0
11.015,0.479335351684,0.520664648317,1,1,0.239465666935,0.259428505268,0.239869684749,0.261236143049,0.498894172203,0.501105827798,0.059933754193,2.27216520448,5.16632677134,0,0,0.005,0,0,20.4,40.8012037436,0,0,0,0,0,0,0,0,0,0
11.02,0.478895908505,0.521104091496,1,1,0.23807630304,0.258743012118,0.240819605465,0.262361079377,0.496819315159,0.503180684842,0.0898099093926,2.26406788681,5.13406921589,0,0,0.005,0,0,20.4,40.8012037436,0,0,0,0,0,0,0,0,0,0
11.025,0.478462454279,0.521537545722,1,1,0.236740593384,0.257900056594,0.241721860895,0.263637489129,0.494640649978,0.505359350023,0.119682165632,2.25597769662,5.1037591884,0,0,0.005,0,0,20.4,40.8012037436,0,0,0,0,0,0,0,0,0,0
11.03,0.478035455069,0.521964544931,1,1,0.235456562295,0.256896093673,0.242578892775,0.265068451259,0.492352655968,0.507647344033,0.149549776785,2.24789489767,5.07539660669,0,0,0.005,0,0,20.4,40.8012037436,0,0,0,0,0,0,0,0,0,0
11.035,0.477615360622,0.522384639379,1,1,0.23422051927,0.255729454999,0.243394841352,0.26665518438,0.48994997427,0.510050025731,0.179411996917,2.23981975389,5.04898119455,0,0,0.005,0,0,20.4,40.8012037436,0,0,0,0,0,0,0,0,0,0
11.04,0.477202606559,0.522797393442,1,1,0.233027092667,0.254400342228,0.244175513892,0.268397051214,0.487427434895,0.512572565106,0.209268080306,2.23175252939,5.02451248188,0,0,0.005,0,0,20.4,40.8012037436,0,0,0,0,0,0,0,0,0,0
11.045,0.476797616827,0.523202383173,1,1,0.231869297928,0.252910782142,0.244928318899,0.270291601032,0.48478008007,0.515219919931,0.239117281456,2.22369348844,5.00198980481,0,0,0.005,0,0,20.4,40.8012037436,0,0,0,0,0,0,0,0,0,0
11.05,0.476400806333,0.523599193668,1,1,0.230738638871,0.251264544639,0.245662167462,0.272334649029,0.48200318351,0.517996816491,0.268958855115,2.21564289545,4.98141230589,0,0,0.005,0,0,20.4,40.8012037436,0,0,0,0,0,0,0,0,0,0
11.055,0.476012583721,0.52398741628,1,1,0.229625239843,0.24946702557,0.246387343878,0.27452039071,0.479092265414,0.520907734587,0.298792056293,2.20760101498,4.96277893423,0,0,0.005,0,0,20.4,40.8012037436,0,0,0,0,0,0,0,0,0,0
11.06,0.475633354242,0.524366645758,1,1,0.228518005851,0.247525097286,0.247115348392,0.276841548472,0.476043103137,0.523956896864,0.328616140274,2.19956811171,4.94608844571,0,0,0.005,0,0,20.4,40.8012037436,0,0,0,0,0,0,0,0,0,0
11.065,0.475263522649,0.524736477352,1,1,0.227404807173,0.245446930529,0.247858715477,0.279289546823,0.472851737702,0.527148262299,0.358430362639,2.19154445046,4.93133940322,0,0,0.005,0,0,20.4,40.8012037436,0,0,0,0,0,0,0,0,0,0
11.07,0.474903496063,0.525096503938,1,1,0.226272684483,0.243241791995,0.24863081158,0.281854711943,0.469514476477,0.530485523523,0.388233979279,2.18353029615,4.91853017688,0,0,0.005,0,0,20.4,40.8012037436,0,0,0,0,0,0,0,0,0,0
11.075,0.474553686753,0.525446313247,1,1,0.225108070082,0.240919822476,0.249445616672,0.284526490772,0.466027892558,0.533972107443,0.418026246411,2.17552591379,4.90765894427,0,0,0.005,0,0,20.4,40.8012037436,0,0,0,0,0,0,0,0,0,0
11.08,0.474214514777,0.525785485224,1,1,0.223897020575,0.238491800937,0.250317494202,0.287293684287,0.462388821512,0.537611178489,0.447806420599,2.16753156849,4.89872369074,0,0,0.005,0,0,20.4,40.8012037436,0,0,0,0,0,0,0,0,0,0
11.085,0.473886410406,0.526113589595,1,1,0.222625456142,0.235968900207,0.251260954263,0.290144689388,0.458594356349,0.541405643652,0.477573758768,2.15954752544,4.89172220969,0,0,0.005,0,0,20.4,40.8012037436,0,0,0,0,0,0,0,0,0,0
11.09,0.4735698163,0.526430183701,1,1,0.221279401522,0.233362440111,0.252290414778,0.29306774359,0.454641841633,0.545358158368,0.50732751822,2.15157404988,4.88665210288,0,0,0.005,0,0,20.4,40.8012037436,0,0,0,0,0,0,0,0,0,0
11.095,0.473265189372,0.526734810629,1,1,0.219845223876,0.230683643908,0.253419965495,0.296051166721,0.450528867784,0.549471132217,0.537066956654,2.14361140714,4.88351078074,0,0,0.005,0,0,20.4,40.8012037436,0,0,0,0,0,0,0,0,0,0
11.1,0.472973002283,0.527026997718,1,1,0.218309862891,0.227943403738,0.254663139392,0.29908359398,0.446253266629,0.553746733372,0.566791332181,2.13565986255,4.88229546276,0,0,0.005,0,0,20.4,40.8012037436,0,0,0,0,0,0,0,0,0,0
11.105,0.472693744539,0.527306255462,1,1,0.216661048756,0.22515206052,0.256032695783,0.302154194943,0.441813109275,0.558186890726,0.596499903343,2.12771968152,4.88300317783,0,0,0.005,0,0,20.4,40.8012037436,0,0,0,0,0,0,0,0,0,0
11.11,0.472427923134,0.527572076867,1,1,0.214887504023,0.222319203311,0.257540419111,0.305252873555,0.437206707335,0.562793292666,0.626191929126,2.11979112946,4.88563076464,0,0,0.005,0,0,20.4,40.8012037436,0,0,0,0,0,0,0,0,0,0
11.115,0.472176062719,0.527823937281,1,1,0.212979125823,0.219453492602,0.259196936896,0.30837044468,0.432432618425,0.567567381576,0.655866668985,2.11187447179,4.89017487208,0,0,0.005,0,0,20.4,40.8012037436,0,0,0,0,0,0,0,0,0,0
11.12,0.471938705253,0.528061294748,1,1,0.210927145406,0.216562511349,0.261011559847,0.311498783399,0.427489656755,0.572510343246,0.685523382853,2.10396997393,4.89663195966,0,0,0.005,0,0,20.4,40.8012037436,0,0,0,0,0,0,0,0,0,0
11.125,0.471716409126,0.528283590874,1,1,0.208724262578,0.213652646834,0.262992146548,0.31463094404,0.422376909413,0.577623090588,0.715161331165,2.09607790131,4.90499829796,0,0,0.005,0,0,20.4,40.8012037436,0,0,0,0,0,0,0,0,0,0
11.13,0.471509747742,0.528490252259,1,1,0.206364753187,0.210729005592,0.265144994555,0.317761246667,0.417093758779,0.582906241222,0.74477977487,2.08819851931,4.91526996912,0,0,0.005,0,0,20.4,40.8012037436,0,0,0,0,0,0,0,0,0,0
11.135,0.47131930754,0.528680692461,1,1,0.203844548424,0.207795362804,0.267474759116,0.320885329657,0.411639911228,0.588360088773,0.774377975455,2.0803320933,4.92744286726,0,0,0.005,0,0,20.4,40.8012037436,0,0,0,0,0,0,0,0,0,0
11.14,0.471145685474,0.528854314527,1,1,0.201161285358,0.204854146673,0.269984400115,0.324000167854,0.406015432031,0.59398456797,0.803955194956,2.07247888857,4.94151269905,0,0,0.005,0,0,20.4,40.8012037436,0,0,0,0,0,0,0,0,0,0
11.145,0.470989485945,0.529010514056,1,1,0.1983143287,0.201906457395,0.272675157245,0.327104056661,0.400220786095,0.599779213905,0.833510695979,2.06463917038,4.95747498417,0,0,0.005,0,0,20.4,40.8012037436,0,0,0,0,0,0,0,0,0,0
11.15,0.470851317225,0.529148682776,1,1,0.195304764389,0.198952119498,0.275546552836,0.330196563278,0.394256883887,0.605743116114,0.86304374172,2.05681320391,4.97532505589,0,0,0.005,0,0,20.4,40.8012037436,0,0,0,0,0,0,0,0,0,0
11.155,0.470731787368,0.529268212633,1,1,0.192135366116,0.195989765507,0.278596421252,0.333278447126,0.388125131623,0.611874868378,0.892553595978,2.04900125425,4.99505806161,0,0,0.005,0,0,20.4,40.8012037436,0,0,0,0,0,0,0,0,0,0
11.16,0.47063149968,0.529368500321,1,1,0.188810536413,0.193016948127,0.281820963267,0.336351552193,0.381827484541,0.61817251546,0.922039523176,2.0412035864,5.01666896344,0,0,0.005,0,0,20.4,40.8012037436,0,0,0,0,0,0,0,0,0,0
11.165,0.470551047762,0.529448952239,1,1,0.185336224333,0.19003027752,0.285214823429,0.339418674719,0.375366501853,0.624633498148,0.951500788378,2.03342046525,5.04015253879,0,0,0.005,0,0,20.4,40.8012037436,0,0,0,0,0,0,0,0,0,0
11.17,0.470491010189,0.529508989811,1,1,0.181719822119,0.187025579648,0.288771188071,0.342483410164,0.368745401767,0.631254598234,0.980936657306,2.02565215556,5.06550338097,0,0,0.005,0,0,20.4,40.8012037436,0,0,0,0,0,0,0,0,0,0
11.175,0.470451944893,0.529548055108,1,1,0.177970043556,0.183998071263,0.292481901337,0.345549983844,0.36196811482,0.638031885181,1.01034639636,2.01789892195,5.09271589984,0,0,0.005,0,0,20.4,40.8012037436,0,0,0,0,0,0,0,0,0,0
11.18,0.470434383288,0.529565616713,1,1,0.174096786902,0.180942546782,0.296337596386,0.348623069931,0.355039333683,0.644960666317,1.03972927263,2.0101610289,5.12178432246,0,0,0.005,0,0,20.4,40.8012037436,0,0,0,0,0,0,0,0,0,0
11.185,0.470438824237,0.529561175764,1,1,0.170110985426,0.177853572106,0.300327838811,0.351707603658,0.347964557531,0.65203544247,1.06908455394,2.0024387407,5.15270269374,0,0,0.005,0,0,20.4,40.8012037436,0,0,0,0,0,0,0,0,0,0
11.19,0.470465727918,0.529534272083,1,1,0.16602444868,0.174725680422,0.304441279238,0.354808591662,0.340750129102,0.659249870899,1.0984115088,1.9947323215,5.18546487711,0,0,0.005,0,0,20.4,40.8012037436,0,0,0,0,0,0,0,0,0,0
11.195,0.470515509676,0.529484490324,1,1,0.161849697599,0.171553565065,0.308665812077,0.357930925259,0.333403262664,0.666596737337,1.12770940652,1.98704203522,5.22006455527,0,0,0.005,0,0,20.4,40.8012037436,0,0,0,0,0,0,0,0,0,0
11.2,0.470588533949,0.529411466052,1,1,0.157599796469,0.168332264764,0.312988737479,0.361079201288,0.325932061234,0.674067938767,1.15697751714,1.97936814557,5.25649523085,0,0,0.005,0,0,20.4,40.8012037436,0,0,0,0,0,0,0,0,0,0
11.205,0.470685108335,0.529314891666,1,1,0.153288184691,0.165057336901,0.317396923644,0.364257554765,0.318345521592,0.681654478409,1.1862151115,1.97171091605,5.29475022721,0,0,0.005,0,0,20.4,40.8012037436,0,0,0,0,0,0,0,0,0,0
11.21,0.470805477919,0.529194522082,1,1,0.148928511083,0.161725014845,0.321876966836,0.367469507237,0.310653525928,0.689346474073,1.21542146124,1.96407060991,5.33482268914,0,0,0.005,0,0,20.4,40.8012037436,0,0,0,0,0,0,0,0,0,0
11.215,0.470949819913,0.529050180088,1,1,0.144534473254,0.158332345957,0.326415346658,0.370717834132,0.302866819211,0.69713318079,1.24459583881,1.95644749013,5.37670558363,0,0,0.005,0,0,20.4,40.8012037436,0,0,0,0,0,0,0,0,0,0
11.22,0.47111823872,0.528881761281,1,1,0.140119664339,0.154877307425,0.330998574382,0.374004453856,0.294996971764,0.705003028237,1.27373751752,1.94884181943,5.4203917007,0,0,0.005,0,0,20.4,40.8012037436,0,0,0,0,0,0,0,0,0,0
11.225,0.471310761496,0.528689238505,1,1,0.135697429086,0.15135889778,0.33561333241,0.377330340725,0.287056326866,0.712943673135,1.30284577152,1.94125386022,5.46587365418,0,0,0.005,0,0,20.4,40.8012037436,0,0,0,0,0,0,0,0,0,0
11.23,0.471527334287,0.528472665714,1,1,0.131280731041,0.147777202579,0.340246603245,0.380695463135,0.27905793362,0.720942066381,1.33191987582,1.93368387461,5.51314388253,0,0,0.005,0,0,20.4,40.8012037436,0,0,0,0,0,0,0,0,0,0
11.235,0.471767818824,0.528232181177,1,1,0.126882032217,0.144133433492,0.344885786607,0.384098747684,0.27101546571,0.728984534291,1.36095910635,1.92613212437,5.56219464966,0,0,0.005,0,0,20.4,40.8012037436,0,0,0,0,0,0,0,0,0,0
11.24,0.472031990052,0.527968009949,1,1,0.122513186368,0.140429940682,0.349518803684,0.387538069267,0.26294312705,0.737056872951,1.38996273992,1.91859887091,5.61301804583,0,0,0.005,0,0,20.4,40.8012037436,0,0,0,0,0,0,0,0,0,0
11.245,0.472319534438,0.527680465563,1,1,0.118185346676,0.136670199065,0.354134187762,0.391010266498,0.254855545741,0.74514445426,1.41893005429,1.9110843753,5.66560598847,0,0,0.005,0,0,20.4,40.8012037436,0,0,0,0,0,0,0,0,0,0
11.25,0.472630049135,0.527369950866,1,1,0.113908888359,0.132858769678,0.358721160775,0.394511181188,0.246767658037,0.753232341964,1.44786032815,1.90358889818,5.7199502231,0,0,0.005,0,0,20.4,40.8012037436,0,0,0,0,0,0,0,0,0,0
11.255,0.472963042044,0.527036957956,1,1,0.109693346444,0.129001237919,0.3632696956,0.398035720037,0.238694584364,0.761305415637,1.47675284114,1.89611269982,5.77604232422,0,0,0.005,0,0,20.4,40.8012037436,0,0,0,0,0,0,0,0,0,0
11.26,0.47331793281,0.526682067191,1,1,0.105547368668,0.125104130989,0.367770564142,0.401577936202,0.230651499657,0.769348500344,1.50560687389,1.88865604002,5.83387369623,0,0,0.005,0,0,20.4,40.8012037436,0,0,0,0,0,0,0,0,0,0
11.265,0.473694054785,0.526305945216,1,1,0.101478683258,0.121174817225,0.372215371527,0.405131127991,0.222653500483,0.777346499518,1.53442170804,1.88121917816,5.89343557436,0,0,0.005,0,0,20.4,40.8012037436,0,0,0,0,0,0,0,0,0,0
11.27,0.474090657983,0.525909342018,1,1,0.0974940811034,0.117221390413,0.37659657688,0.408687951605,0.214715471516,0.785284528485,1.5631966262,1.87380237311,5.95471902562,0,0,0.005,0,0,20.4,40.8012037436,0,0,0,0,0,0,0,0,0,0
11.275,0.474506913034,0.525493086967,1,1,0.0935994116459,0.113252542351,0.380907501388,0.412240544616,0.206851953997,0.793148046004,1.59193091203,1.86640588327,6.0177149498,0,0,0.005,0,0,20.4,40.8012037436,0,0,0,0,0,0,0,0,0,0
11.28,0.474941916131,0.52505808387,1,1,0.0897995916604,0.109277427117,0.385142324471,0.415780656753,0.199077018777,0.800922981224,1.62062385026,1.8590299665,6.08241408037,0,0,0.005,0,0,20.4,40.8012037436,0,0,0,0,0,0,0,0,0,0
11.285,0.475394694974,0.524605305027,1,1,0.086098625939,0.105305520508,0.389296069035,0.419299784519,0.191404146447,0.808595853554,1.64927472664,1.85167488012,6.14880698558,0,0,0.005,0,0,20.4,40.8012037436,0,0,0,0,0,0,0,0,0,0
11.29,0.475864215674,0.524135784327,1,1,0.0824996387901,0.101346478092,0.393364576884,0.422789306235,0.183846116882,0.816153883119,1.67788282801,1.84434088087,6.21688406939,0,0,0.005,0,0,20.4,40.8012037436,0,0,0,0,0,0,0,0,0,0
11.295,0.476349390594,0.523650609407,1,1,0.0790049151645,0.0974099951498,0.39734447543,0.426240614257,0.176414910314,0.823585089687,1.70644744233,1.83702822491,6.28663557254,0,0,0.005,0,0,20.4,40.8012037436,0,0,0,0,0,0,0,0,0,0
11.3,0.47684908709,0.523150912911,1,1,0.0756159501557,0.0935056715767,0.401233136934,0.429645241334,0.169121621732,0.830878378269,1.73496785863,1.82973716777,6.35805157359,0,0,0.005,0,0,20.4,40.8012037436,0,0,0,0,0,0,0,0,0,0
11.305,0.477362137087,0.522637862914,1,1,0.0723335055719,0.0896428845163,0.405028631515,0.432994978398,0.161976390088,0.838023609913,1.76344336711,1.82246796432,6.43112198995,0,0,0.005,0,0,20.4,40.8012037436,0,0,0,0,0,0,0,0,0,0
11.31,0.477887347452,0.522112652549,1,1,0.0691576722551,0.0858306711515,0.408729675197,0.436281981398,0.154988343407,0.845011656594,1.79187325908,1.81522086877,6.50583657901,0,0,0.005,0,0,20.4,40.8012037436,0,0,0,0,0,0,0,0,0,0
11.315,0.478423511072,0.521576488929,1,1,0.066087936812,0.0820776236744,0.41233557426,0.439498865255,0.148165560486,0.851834439515,1.82025682703,1.80799613463,6.58218493918,0,0,0.005,0,0,20.4,40.8012037436,0,0,0,0,0,0,0,0,0,0
11.32,0.478969418586,0.521030581415,1,1,0.063123251437,0.0783917980328,0.415846167149,0.442638783382,0.14151504947,0.858484950531,1.84859336463,1.80079401467,6.66015651101,0,0,0.005,0,0,20.4,40.8012037436,0,0,0,0,0,0,0,0,0,0
11.325,0.479523870672,0.520476129329,1,1,0.0602621055325,0.0747806376011,0.41926176514,0.445695491728,0.135042743134,0.864957256867,1.87688216672,1.79361476092,6.73974057833,0,0,0.005,0,0,20.4,40.8012037436,0,0,0,0,0,0,0,0,0,0
11.33,0.480085690814,0.519914309187,1,1,0.057502597879,0.0712509124714,0.422583092935,0.448663396716,0.12875351035,0.871246489651,1.90512252939,1.78645862459,6.82092626936,0,0,0.005,0,0,20.4,40.8012037436,0,0,0,0,0,0,0,0,0,0
11.335,0.480653738446,0.519346261555,1,1,0.0548425081641,0.067808674617,0.425811230282,0.451537586938,0.122651182781,0.87734881722,1.93331374991,1.77932585613,6.90370255787,0,0,0.005,0,0,20.4,40.8012037436,0,0,0,0,0,0,0,0,0,0
11.34,0.481226922391,0.518773077609,1,1,0.0522793667531,0.0644592287607,0.428947555638,0.454313848849,0.116738595514,0.883261404487,1.96145512683,1.77221670509,6.98805826437,0,0,0.005,0,0,20.4,40.8012037436,0,0,0,0,0,0,0,0,0,0
11.345,0.481804214488,0.518195785513,1,1,0.049810521668,0.0612071183875,0.43199369282,0.456988667125,0.111017640056,0.888982359945,1.98954595994,1.76513142019,7.07398205726,0,0,0.005,0,0,20.4,40.8012037436,0,0,0,0,0,0,0,0,0,0
11.35,0.482384663301,0.5176153367,1,1,0.0474332018383,0.0580561259958,0.434951461463,0.459559210704,0.105489327834,0.894510672167,2.01758555032,1.75807024922,7.16146245405,0,0,0.005,0,0,20.4,40.8012037436,0,0,0,0,0,0,0,0,0,0
11.355,0.482967407822,0.517032592179,1,1,0.0451445757939,0.0550092863806,0.437822832029,0.462023305798,0.100153862174,0.899846137827,2.04557320033,1.75103343905,7.25048782255,0,0,0.005,0,0,20.4,40.8012037436,0,0,0,0,0,0,0,0,0,0
11.36,0.483551691055,0.516448308946,1,1,0.0429418050835,0.0520689115007,0.440609885972,0.464379397445,0.0950107165842,0.904989283417,2.07350821363,1.74402123558,7.34104638215,0,0,0.005,0,0,20.4,40.8012037436,0,0,0,0,0,0,0,0,0,0
11.365,0.484136873372,0.515863126629,1,1,0.0408220918285,0.0492366252965,0.443314781543,0.466626501332,0.090058717125,0.909941282876,2.10138989524,1.73703388372,7.433126205,0,0,0.005,0,0,20.4,40.8012037436,0,0,0,0,0,0,0,0,0,0
11.37,0.484722445551,0.51527755445,1,1,0.0387827199473,0.0465134066989,0.445939725604,0.468764147751,0.0852961266463,0.914703873355,2.12921755148,1.73007162736,7.52671521733,0,0,0.005,0,0,20.4,40.8012037436,0,0,0,0,0,0,0,0,0,0
11.375,0.485308041382,0.514691958618,1,1,0.0368210897209,0.0438996390094,0.448486951662,0.470792319609,0.0807207287303,0.919279271271,2.15699049007,1.72313470931,7.62180120068,0,0,0.005,0,0,20.4,40.8012037436,0,0,0,0,0,0,0,0,0,0
11.38,0.485893449737,0.514106550264,1,1,0.0349347455039,0.0413951638227,0.450958704233,0.472711386441,0.0763299093265,0.923670090674,2.18470802007,1.71622337132,7.71837179323,0,0,0.005,0,0,20.4,40.8012037436,0,0,0,0,0,0,0,0,0,0
11.385,0.486478626004,0.513521373997,1,1,0.0331213965235,0.0389993377123,0.45335722948,0.474522036285,0.0721207342358,0.927879265765,2.21236945196,1.709337854,7.81641449108,0,0,0.005,0,0,20.4,40.8012037436,0,0,0,0,0,0,0,0,0,0
11.39,0.487063702782,0.512936297219,1,1,0.0313789308383,0.0367110899975,0.455684771943,0.476225207222,0.0680900208358,0.931909979165,2.23997409761,1.70247839681,7.91591664958,0,0,0.005,0,0,20.4,40.8012037436,0,0,0,0,0,0,0,0,0,0
11.395,0.487648999728,0.512351000273,1,1,0.0297054226626,0.0345289800465,0.457943577065,0.477822020227,0.0642344027091,0.935765597292,2.26752127033,1.69564523804,8.01686548468,0,0,0.005,0,0,20.4,40.8012037436,0,0,0,0,0,0,0,0,0,0
11.4,0.488235032452,0.511764967549,1,1,0.0280991333813,0.0324512527488,0.460135899071,0.4793137148,0.06055038613,0.939449613871,2.29501028488,1.68883861473,8.11924807429,0,0,0.005,0,0,20.4,40.8012037436,0,0,0,0,0,0,0,0,0,0
11.405,0.488822520358,0.511177479643,1,1,0.0265585066947,0.0304758909868,0.462264013663,0.480701588656,0.0570343976815,0.942965602319,2.32244045745,1.68205876271,8.22305135962,0,0,0.005,0,0,20.4,40.8012037436,0,0,0,0,0,0,0,0,0,0
11.41,0.48941239331,0.510587606691,1,1,0.0250821584364,0.0286006641581,0.464330234873,0.481986942533,0.0536828225944,0.946317177407,2.34981110576,1.67530591649,8.32826214659,0,0,0.005,0,0,20.4,40.8012037436,0,0,0,0,0,0,0,0,0,0
11.415,0.490005797023,0.509994202978,1,1,0.0236688616929,0.0268231720272,0.46633693533,0.483171030951,0.05049203372,0.949507966281,2.37712154898,1.66858030931,8.43486710722,0,0,0.005,0,0,20.4,40.8012037436,0,0,0,0,0,0,0,0,0,0
11.42,0.490604097054,0.509395902947,1,1,0.0223175279298,0.0251408834174,0.468286569124,0.484255019529,0.0474584113472,0.952541588654,2.40437110782,1.66188217301,8.54285278107,0,0,0.005,0,0,20.4,40.8012037436,0,0,0,0,0,0,0,0,0,0
11.425,0.491208881271,0.50879111873,1,1,0.0210271848845,0.0235511694771,0.470181696386,0.485239949253,0.0445783543616,0.955421645639,2.43155910451,1.65521173808,8.65220557663,0,0,0.005,0,0,20.4,40.8012037436,0,0,0,0,0,0,0,0,0,0
11.43,0.491821960676,0.508178039325,1,1,0.0197969520241,0.022051331465,0.472025008652,0.48612670786,0.0418482834892,0.958151716512,2.45868486285,1.6485692336,8.7629117728,0,0,0.005,0,0,20.4,40.8012037436,0,0,0,0,0,0,0,0,0,0
11.435,0.492445368446,0.507554631555,1,1,0.0186260143855,0.0206386231951,0.473819354061,0.486916008359,0.0392646375806,0.96073536242,2.48574770819,1.64195488719,8.87495752034,0,0,0.005,0,0,20.4,40.8012037436,0,0,0,0,0,0,0,0,0,0
11.44,0.493081357052,0.506918642949,1,1,0.0175135956169,0.0193102684455,0.475567761435,0.487608374504,0.0368238640624,0.963176135939,2.51274696747,1.63536892499,8.98832884336,0,0,0.005,0,0,20.4,40.8012037436,0,0,0,0,0,0,0,0,0,0
11.445,0.493732393299,0.506267606702,1,1,0.016458931019,0.0180634737815,0.47727346228,0.488204132921,0.0345224048004,0.965477595201,2.53968196923,1.62881157164,9.10301164078,0,0,0.005,0,0,20.4,40.8012037436,0,0,0,0,0,0,0,0,0,0
11.45,0.494401151151,0.50559884885,1,1,0.0154612413476,0.0168954373489,0.478939909803,0.488703411501,0.0323566786965,0.967643321304,2.56655204365,1.62228305024,9.21899168786,0,0,0.005,0,0,20.4,40.8012037436,0,0,0,0,0,0,0,0,0,0
11.455,0.495090502155,0.504909497846,1,1,0.0145197080854,0.0158033542782,0.48057079407,0.489106143567,0.0303230623636,0.969676937637,2.59335652254,1.61578358228,9.33625463774,0,0,0.005,0,0,20.4,40.8012037436,0,0,0,0,0,0,0,0,0,0
11.46,0.495803503313,0.504196496688,1,1,0.0136334508198,0.0147844193824,0.482170052493,0.489412077306,0.0284178702023,0.971582129799,2.62009473935,1.60931338767,9.4547860229,0,0,0.005,0,0,20.4,40.8012037436,0,0,0,0,0,0,0,0,0,0
11.465,0.49654338221,0.503456617791,1,1,0.0128015072795,0.0138358278545,0.483741874931,0.489620789936,0.026637335134,0.973362664867,2.64676602924,1.60287268466,9.57457125681,0,0,0.005,0,0,20.4,40.8012037436,0,0,0,0,0,0,0,0,0,0
11.47,0.497313519244,0.502686480757,1,1,0.0120228164903,0.012954774653,0.485290702754,0.489731706104,0.0249775911433,0.975022408858,2.67336972905,1.59646168986,9.69559563539,0,0,0.005,0,0,20.4,40.8012037436,0,0,0,0,0,0,0,0,0,0
11.475,0.498117426748,0.501882573253,1,1,0.011296205405,0.012138453233,0.486821221343,0.48974412002,0.0234346586379,0.976565341363,2.69990517733,1.59008061811,9.81784433866,0,0,0.005,0,0,20.4,40.8012037436,0,0,0,0,0,0,0,0,0,0
11.48,0.498958724852,0.501041275149,1,1,0.0106203792545,0.0113840542168,0.488338345598,0.489657220932,0.0220044334713,0.97799556653,2.72637171435,1.58372968258,9.94130243228,0,0,0.005,0,0,20.4,40.8012037436,0,0,0,0,0,0,0,0,0,0
11.485,0.499841113894,0.500158886107,1,1,0.00999391575883,0.0106887645245,0.489847198135,0.489470121583,0.0206826802833,0.979317319718,2.75276868215,1.57740909461,10.0659548692,0,0,0.005,0,0,20.4,40.8012037436,0,0,0,0,0,0,0,0,0,0
11.49,0.500768343214,0.499231656787,1,1,0.00941526322233,0.0100497673913,0.491353079991,0.489181889396,0.0194650306136,0.980534969387,2.77909542453,1.57111906377,10.1917864911,0,0,0.005,0,0,20.4,40.8012037436,0,0,0,0,0,0,0,0,0,0
11.495,0.501744176189,0.498255823812,1,1,0.00888274243658,0.00946424360294,0.492861433753,0.488791580209,0.0183469860395,0.981653013961,2.80535128705,1.56485979778,10.3187820305,0,0,0.005,0,0,20.4,40.8012037436,0,0,0,0,0,0,0,0,0,0
11.5,0.502772351362,0.497227648639,1,1,0.0083945522103,0.0089293741735,0.494377799151,0.488298274466,0.0173239263838,0.982676073617,2.83153561709,1.55863150251,10.4469261115,0,0,0.005,0,0,20.4,40.8012037436,0,0,0,0,0,0,0,0,0,0
11.505,0.503856539549,0.496143460452,1,1,0.00794877825806,0.00844234458843,0.495907761291,0.487701115864,0.0163911228465,0.983608877154,2.85764776385,1.55243438191,10.5762032524,0,0,0.005,0,0,20.4,40.8012037436,0,0,0,0,0,0,0,0,0,0
11.51,0.50500029686,0.494999703141,1,1,0.00754340509947,0.00800035063489,0.497456891761,0.486999352506,0.0155437557344,0.984456244267,2.88368707835,1.54626863802,10.7065978668,0,0,0.005,0,0,20.4,40.8012037436,0,0,0,0,0,0,0,0,0,0
11.515,0.50620701357,0.493792986431,1,1,0.00717633055477,0.00760060575002,0.499030683015,0.486192380681,0.0147769363048,0.985223063696,2.90965291344,1.54013447091,10.8380942652,0,0,0.005,0,0,20.4,40.8012037436,0,0,0,0,0,0,0,0,0,0
11.52,0.507479858845,0.492520141156,1,1,0.00684538237206,0.00724034973601,0.500634476473,0.48527979142,0.0140857321081,0.985914267893,2.93554462387,1.53403207865,10.9706766571,0,0,0.005,0,0,20.4,40.8012037436,0,0,0,0,0,0,0,0,0,0
11.525,0.508821721375,0.491178278626,1,1,0.006548336485,0.00691685862222,0.50227338489,0.484261420004,0.0134651951072,0.986534804894,2.96136156623,1.52796165731,11.1043291521,0,0,0.005,0,0,20.4,40.8012037436,0,0,0,0,0,0,0,0,0,0
11.53,0.51023514603,0.489764853971,1,1,0.00628293638059,0.00662745540064,0.503952209649,0.48313739857,0.0129103917812,0.98708960822,2.98710309902,1.52192340089,11.2390357624,0,0,0.005,0,0,20.4,40.8012037436,0,0,0,0,0,0,0,0,0,0
11.535,0.511722266697,0.488277733304,1,1,0.00604691305194,0.00636952132242,0.505675353645,0.481908211981,0.0124164343744,0.987583565627,3.01276858264,1.51591750131,11.3747804033,0,0,0.005,0,0,20.4,40.8012037436,0,0,0,0,0,0,0,0,0,0
11.54,0.51328473558,0.486715264421,1,1,0.0058380050221,0.00614050742042,0.507446730558,0.480574757,0.0119785124425,0.988021487558,3.0383573794,1.50994414837,11.5115468962,0,0,0.005,0,0,20.4,40.8012037436,0,0,0,0,0,0,0,0,0,0
11.545,0.514923649275,0.485076350726,1,1,0.00565397795,0.00593794591592,0.509269671325,0.47913840481,0.0115919238659,0.988408076135,3.06386885354,1.50400352975,11.6493189692,0,0,0.005,0,0,20.4,40.8012037436,0,0,0,0,0,0,0,0,0,0
11.55,0.516639472062,0.483360527939,1,1,0.00549264336679,0.0057594611746,0.511146828695,0.477601066765,0.0112521045414,0.98874789546,3.08930237123,1.49809583091,11.7880802595,0,0,0.005,0,0,20.4,40.8012037436,0,0,0,0,0,0,0,0,0,0
11.555,0.518431956944,0.481568043057,1,1,0.00535187613952,0.0056027798981,0.513080080804,0.475965263159,0.0109546560376,0.989045343963,3.11465730061,1.49222123515,11.9278143149,0,0,0.005,0,0,20.4,40.8012037436,0,0,0,0,0,0,0,0,0,0
11.56,0.520300065049,0.479699934952,1,1,0.00522963031577,0.005465740269,0.515070434734,0.474234194683,0.0106953705848,0.989304629416,3.13993301175,1.4863799235,12.0685045953,0,0,0.005,0,0,20.4,40.8012037436,0,0,0,0,0,0,0,0,0,0
11.565,0.522241884151,0.47775811585,1,1,0.00512395306665,0.00534629980895,0.517117931084,0.472411816041,0.0104702528756,0.989529747125,3.16512887669,1.48057207472,12.2101344745,0,0,0.005,0,0,20.4,40.8012037436,0,0,0,0,0,0,0,0,0,0
11.57,0.524254547147,0.475745452854,1,1,0.00503299651317,0.00524254175749,0.519221550634,0.470502911097,0.0102755382707,0.98972446173,3.19024426946,1.47479786529,12.3526872423,0,0,0.005,0,0,20.4,40.8012037436,0,0,0,0,0,0,0,0,0,0
11.575,0.526334151476,0.473665848525,1,1,0.0049550272907,0.00515267983253,0.521379124185,0.468513168692,0.0101077071232,0.989892292878,3.21527856604,1.46905746932,12.4961461054,0,0,0.005,0,0,20.4,40.8012037436,0,0,0,0,0,0,0,0,0,0
11.58,0.528475680551,0.47152431945,1,1,0.00488843377526,0.00507506128804,0.523587246775,0.466449258162,0.0099634950633,0.990036504938,3.24023114441,1.46335105858,12.6404941898,0,0,0.005,0,0,20.4,40.8012037436,0,0,0,0,0,0,0,0,0,0
11.585,0.530672928405,0.469327071596,1,1,0.00483173096235,0.00500816824001,0.525841197443,0.464318903356,0.00983989920236,0.990160100799,3.26510138452,1.45767880241,12.7857145422,0,0,0.005,0,0,20.4,40.8012037436,0,0,0,0,0,0,0,0,0,0
11.59,0.532918428877,0.467081571124,1,1,0.00478356305098,0.00495061728414,0.528134865826,0.46213095384,0.00973418033513,0.990265819666,3.28988866832,1.45204086773,12.9317901315,0,0,0.005,0,0,20.4,40.8012037436,0,0,0,0,0,0,0,0,0,0
11.595,0.535203390728,0.464796609273,1,1,0.00474270384208,0.00490115747784,0.530460686886,0.459895451795,0.00964386131992,0.990356138681,3.31459237974,1.44643741898,13.0787038509,0,0,0.005,0,0,20.4,40.8012037436,0,0,0,0,0,0,0,0,0,0
11.6,0.537517640233,0.462482359768,1,1,0.00470805510901,0.00485866680196,0.532809585124,0.457623692966,0.00956672191097,0.99043327809,3.33921190471,1.44086861806,13.2264385191,0,0,0.005,0,0,20.4,40.8012037436,0,0,0,0,0,0,0,0,0,0
11.605,0.539849572829,0.460150427172,1,1,0.0046786431386,0.00482214725444,0.535170929691,0.455328279917,0.00950079039304,0.990499209608,3.36374663112,1.43533462435,13.3749768822,0,0,0.005,0,0,20.4,40.8012037436,0,0,0,0,0,0,0,0,0,0
11.61,0.542186115503,0.457813884498,1,1,0.00465361367217,0.00479071875663,0.537532501831,0.453023165741,0.00944433242881,0.990555667572,3.38819594888,1.4298355946,13.5243016156,0,0,0.005,0,0,20.4,40.8012037436,0,0,0,0,0,0,0,0,0,0
11.615,0.544512701649,0.455487298352,1,1,0.00463222549831,0.0047636120737,0.539880476151,0.450723686278,0.00939583757201,0.990604162429,3.41255924985,1.42437168294,13.6743953249,0,0,0.005,0,0,20.4,40.8012037436,0,0,0,0,0,0,0,0,0,0
11.62,0.546813260164,0.453186739836,1,1,0.00461384296167,0.00474016096333,0.542199417203,0.448446578873,0.00935400392499,0.990645996076,3.43683592788,1.4189430408,13.8252405482,0,0,0.005,0,0,20.4,40.8012037436,0,0,0,0,0,0,0,0,0,0
11.625,0.549070220564,0.450929779437,1,1,0.00459792765591,0.00471979377123,0.544472292908,0.446209985666,0.00931772142714,0.990682278574,3.4610253788,1.41354981688,13.9768197575,0,0,0.005,0,0,20.4,40.8012037436,0,0,0,0,0,0,0,0,0,0
11.63,0.551264535884,0.448735464117,1,1,0.00458402956441,0.00470202468903,0.546680506319,0.444033439428,0.00928605425344,0.990713945748,3.48512700038,1.4081921571,14.1291153601,0,0,0.005,0,0,20.4,40.8012037436,0,0,0,0,0,0,0,0,0,0
11.635,0.553375725105,0.446624274896,1,1,0.00457177790008,0.00468644488068,0.548803947205,0.441937830016,0.00925822278076,0.99074177722,3.50914019236,1.40287020454,14.2821097004,0,0,0.005,0,0,20.4,40.8012037436,0,0,0,0,0,0,0,0,0,0
11.64,0.555381936749,0.444618063252,1,1,0.00456087187759,0.00467271366783,0.550821064871,0.439945349584,0.00923358554542,0.990766414456,3.53306435645,1.39758409937,14.4357850616,0,0,0.005,0,0,20.4,40.8012037436,0,0,0,0,0,0,0,0,0,0
11.645,0.557260035209,0.442739964792,1,1,0.00455107162758,0.00466054994483,0.552708963581,0.438079414848,0.00921162157241,0.990788378429,3.55689889627,1.39233397885,14.5901236669,0,0,0.005,0,0,20.4,40.8012037436,0,0,0,0,0,0,0,0,0,0
11.65,0.55898571121,0.441014288791,1,1,0.00454218943479,0.00464972397008,0.554443521775,0.436364564821,0.00919191340488,0.990808086596,3.58064321738,1.38711997717,14.7451076813,0,0,0.005,0,0,20.4,40.8012037436,0,0,0,0,0,0,0,0,0,0
11.655,0.560533617651,0.43946638235,1,1,0.00453408145236,0.00464004965499,0.555999536199,0.434826332695,0.00917413110736,0.990825868894,3.60429672729,1.3819422255,14.900719213,0,0,0.005,0,0,20.4,40.8012037436,0,0,0,0,0,0,0,0,0,0
11.66,0.561877531824,0.438122468177,1,1,0.00452664001271,0.00463137744426,0.557350891811,0.433491090733,0.00915801745696,0.990841982544,3.62785883539,1.37680085182,15.0569403151,0,0,0.005,0,0,20.4,40.8012037436,0,0,0,0,0,0,0,0,0,0
11.665,0.562990544772,0.437009455229,1,1,0.00451978662416,0.00462358785459,0.558470758148,0.432385867375,0.00914337447876,0.990856625522,3.651328953,1.37169598092,15.2137529871,0,0,0.005,0,0,20.4,40.8012037436,0,0,0,0,0,0,0,0,0,0
11.67,0.563845278251,0.43615472175,1,1,0.00451346571192,0.00461658571258,0.559331812539,0.431538136038,0.0091300514245,0.990869948576,3.67470649334,1.36662773429,15.3711391763,0,0,0.005,0,0,20.4,40.8012037436,0,0,0,0,0,0,0,0,0,0
11.675,0.5644141294,0.435585870601,1,1,0.00450763913309,0.00461029510811,0.559906490267,0.430975575492,0.0091179342412,0.99088206576,3.69799087151,1.36159623006,15.5290807795,0,0,0.005,0,0,20.4,40.8012037436,0,0,0,0,0,0,0,0,0,0
11.68,0.564669542878,0.435330457123,1,1,0.00450228146981,0.00460465505811,0.560167261408,0.430725802065,0.00910693652792,0.990893063473,3.72118150451,1.3566015829,15.6875596443,0,0,0.005,0,0,20.4,40.8012037436,0,0,0,0,0,0,0,0,0,0
11.685,0.564584309776,0.435415690225,1,1,0.00449737608181,0.00459961585628,0.560086933694,0.430816074369,0.00909699193809,0.990903008063,3.74427781122,1.35164390397,15.8465575707,0,0,0.005,0,0,20.4,40.8012037436,0,0,0,0,0,0,0,0,0,0
11.69,0.564131892207,0.435868107794,1,1,0.00449291188061,0.00459513606911,0.559638980326,0.431272971725,0.00908804794972,0.990911952051,3.7672792124,1.34672330078,16.0060563131,0,0,0.005,0,0,20.4,40.8012037436,0,0,0,0,0,0,0,0,0,0
11.695,0.563286771963,0.436713228038,1,1,0.00448888077272,0.00459118012655,0.55879789119,0.432122047912,0.00908006089927,0.990919939102,3.79018513069,1.34183987717,16.1660375809,0,0,0.005,0,0,20.4,40.8012037436,0,0,0,0,0,0,0,0,0,0
11.7,0.562024821139,0.437975178862,1,1,0.0044852757081,0.00458771644692,0.557539545431,0.433387462415,0.00907299215502,0.990927007846,3.8129949906,1.33699373316,16.3264830409,0,0,0.005,0,0,20.4,40.8012037436,0,0,0,0,0,0,0,0,0,0
11.705,0.560323692097,0.439676307904,1,1,0.00448208926278,0.00458471603066,0.555841602834,0.435091591873,0.00906680529344,0.990933194708,3.83570821856,1.33218496489,16.4873743186,0,0,0.005,0,0,20.4,40.8012037436,0,0,0,0,0,0,0,0,0,0
11.71,0.558163223606,0.441836776395,1,1,0.00447931268101,0.00458215145529,0.553683910925,0.43725462494,0.0090614641363,0.990938535865,3.85832424286,1.32741366449,16.6486929997,0,0,0.005,0,0,20.4,40.8012037436,0,0,0,0,0,0,0,0,0,0
11.715,0.555525859439,0.444474140562,1,1,0.00447693530181,0.00457999620448,0.551048924137,0.439894144358,0.00905693150629,0.990943068495,3.88084249371,1.32267992002,16.8104206319,0,0,0.005,0,0,20.4,40.8012037436,0,0,0,0,0,0,0,0,0,0
11.72,0.552397075167,0.447602924834,1,1,0.00447494429692,0.00457822426714,0.54792213087,0.443024700567,0.00905316856406,0.990946831437,3.90326240325,1.31798381537,16.9725387262,0,0,0.005,0,0,20.4,40.8012037436,0,0,0,0,0,0,0,0,0,0
11.725,0.548765808354,0.451234191647,1,1,0.00447332465202,0.00457680994688,0.544292483702,0.4466573817,0.00905013459889,0.990949865402,3.92558340552,1.31332543012,17.1350287591,0,0,0.005,0,0,20.4,40.8012037436,0,0,0,0,0,0,0,0,0,0
11.73,0.544624886828,0.455375113173,1,1,0.00447205932887,0.00457572782823,0.540152827499,0.450799385345,0.0090477871571,0.990952212844,3.94780493657,1.30870483948,17.2978721741,0,0,0.005,0,0,20.4,40.8012037436,0,0,0,0,0,0,0,0,0,0
11.735,0.53997144923,0.460028550771,1,1,0.00447112955376,0.00457495285291,0.535500319676,0.455453597918,0.00904608240667,0.990953917594,3.96992643441,1.30412211417,17.4610503833,0,0,0.005,0,0,20.4,40.8012037436,0,0,0,0,0,0,0,0,0,0
11.74,0.534807351575,0.465192648426,1,1,0.00447051518538,0.00457446046647,0.530336836389,0.46061818796,0.00904497565185,0.990955024349,3.99194733908,1.29957732034,17.6245447695,0,0,0.005,0,0,20.4,40.8012037436,0,0,0,0,0,0,0,0,0,0
11.745,0.529139553175,0.470860446826,1,1,0.00447019512364,0.00457422680307,0.524669358051,0.466286220023,0.00904442192671,0.990955578074,4.01386709268,1.29507051946,17.7883366881,0,0,0.005,0,0,20.4,40.8012037436,0,0,0,0,0,0,0,0,0,0
11.75,0.522980474928,0.477019525073,1,1,0.00447014772881,0.00457422888286,0.518510327199,0.47244529619,0.00904437661168,0.990955623389,4.03568513941,1.29060176822,17.9524074686,0,0,0.005,0,0,20.4,40.8012037436,0,0,0,0,0,0,0,0,0,0
11.755,0.516348322707,0.483651677294,1,1,0.00447035122788,0.00457444480299,0.511877971479,0.479077232491,0.00904479603087,0.99095520397,4.05740092562,1.28617111847,18.1167384172,0,0,0.005,0,0,20.4,40.8012037436,0,0,0,0,0,0,0,0,0,0
11.76,0.509267368428,0.490732631573,1,1,0.00447078409153,0.0045748539087,0.504796584336,0.486157777664,0.00904563800023,0.990954362001,4.07901389987,1.28177861709,18.2813108185,0,0,0.005,0,0,20.4,40.8012037436,0,0,0,0,0,0,0,0,0,0
11.765,0.501768181259,0.498231818742,1,1,0.00447142537101,0.00457543693595,0.497296755888,0.493656381806,0.00904686230696,0.990953137694,4.10052351297,1.27742430593,18.4461059378,0,0,0.005,0,0,20.4,40.8012037436,0,0,0,0,0,0,0,0,0,0
11.77,0.493887801482,0.506112198519,1,1,0.00447225498877,0.00457617612051,0.489415546494,0.501536022398,0.00904843110927,0.990951568892,4.12192921808,1.27310822175,18.6111050232,0,0,0.005,0,0,20.4,40.8012037436,0,0,0,0,0,0,0,0,0,0
11.775,0.485669849639,0.514330150362,1,1,0.00447325398016,0.00457705527183,0.481196595659,0.50975309509,0.00905030925198,0.990949690749,4.14323047074,1.26883039611,18.7762893078,0,0,0.005,0,0,20.4,40.8012037436,0,0,0,0,0,0,0,0,0,0
11.78,0.477164563863,0.522835436137,1,1,0.00447440468654,0.00457805981189,0.472690159177,0.518257376326,0.00905246449842,0.990947535503,4.16442672899,1.26459085533,18.9416400125,0,0,0.005,0,0,20.4,40.8012037436,0,0,0,0,0,0,0,0,0,0
11.785,0.468428758695,0.531571241306,1,1,0.0044756909014,0.00457917678069,0.463953067793,0.526992064526,0.0090548676821,0.990945132319,4.18551745339,1.26038962043,19.1071383479,0,0,0.005,0,0,20.4,40.8012037436,0,0,0,0,0,0,0,0,0,0
11.79,0.459525699183,0.540474300818,1,1,0.00447709797253,0.00458039481107,0.45504860121,0.535893906007,0.0090574927836,0.990942507217,4.20650210717,1.25622670709,19.2727655172,0,0,0.005,0,0,20.4,40.8012037436,0,0,0,0,0,0,0,0,0,0
11.795,0.450524884789,0.549475115212,1,1,0.00447861286326,0.00458170407572,0.446046271926,0.544893411136,0.00906031693899,0.990939683062,4.22738015628,1.25210212559,19.4385027186,0,0,0.005,0,0,20.4,40.8012037436,0,0,0,0,0,0,0,0,0,0
11.8,0.441501738375,0.558498261626,1,1,0.00448022417636,0.00458309620967,0.437021514199,0.553915165416,0.00906332038603,0.990936679615,4.2481510695,1.24801588079,19.604331148,0,0,0.005,0,0,20.4,40.8012037436,0,0,0,0,0,0,0,0,0,0
11.805,0.432537196546,0.567462803455,1,1,0.00448192214329,0.00458456421112,0.428055274402,0.562878239244,0.00906648635441,0.990933513647,4.26881431853,1.2439679721,19.7702320017,0,0,0.005,0,0,20.4,40.8012037436,0,0,0,0,0,0,0,0,0,0
11.81,0.423717198698,0.576282801303,1,1,0.00448369858175,0.00458610232379,0.419233500116,0.571696698979,0.00906980090554,0.990930199095,4.2893693781,1.23995839349,19.9361864794,0,0,0.005,0,0,20.4,40.8012037436,0,0,0,0,0,0,0,0,0,0
11.815,0.415132073359,0.584867926642,1,1,0.00448554682394,0.00458770590347,0.410646526535,0.580280220739,0.00907325272741,0.990926747274,4.30981572606,1.23598713349,20.1021757868,0,0,0.005,0,0,20.4,40.8012037436,0,0,0,0,0,0,0,0,0,0
11.82,0.406875821755,0.593124178246,1,1,0.00448746161768,0.00458937127185,0.402388360137,0.588534806974,0.00907683288953,0.990923167111,4.3301528435,1.23205417517,20.2681811386,0,0,0.005,0,0,20.4,40.8012037436,0,0,0,0,0,0,0,0,0,0
11.825,0.399045300022,0.600954699979,1,1,0.00448943900289,0.00459109556046,0.394555861019,0.596363604418,0.00908053456335,0.990919465438,4.35038021481,1.2281594962,20.4341837615,0,0,0.005,0,0,20.4,40.8012037436,0,0,0,0,0,0,0,0,0,0
11.83,0.391739303048,0.608260696953,1,1,0.00449147616589,0.00459287654826,0.387247826883,0.603667820404,0.00908435271415,0.990915647287,4.37049732787,1.22430306886,20.6001648973,0,0,0.005,0,0,20.4,40.8012037436,0,0,0,0,0,0,0,0,0,0
11.835,0.385057554591,0.61494244541,1,1,0.00449357127463,0.00459471249617,0.380563983316,0.610347732914,0.0090882837708,0.99091171623,4.39050367406,1.22048486012,20.7661058057,0,0,0.005,0,0,20.4,40.8012037436,0,0,0,0,0,0,0,0,0,0
11.84,0.379099610044,0.620900389957,1,1,0.00449572329855,0.00459660198289,0.374603886745,0.616303787974,0.00909232528145,0.99090767472,4.41039874841,1.21670483164,20.9319877673,0,0,0.005,0,0,20.4,40.8012037436,0,0,0,0,0,0,0,0,0,0
11.845,0.373963680001,0.62603632,1,1,0.00449793181741,0.00459854374613,0.369465748184,0.621437776254,0.00909647556354,0.990903524437,4.43018204969,1.21296293991,21.097792087,0,0,0.005,0,0,20.4,40.8012037436,0,0,0,0,0,0,0,0,0,0
11.85,0.369745384544,0.630254615457,1,1,0.00450019682436,0.00460053653407,0.36524518772,0.625654078923,0.00910073335843,0.990899266643,4.44985308051,1.20925913626,21.2635000968,0,0,0.005,0,0,20.4,40.8012037436,0,0,0,0,0,0,0,0,0,0
11.855,0.366536449971,0.63346355003,1,1,0.00450251852907,0.00460257897194,0.362033931442,0.628860971058,0.00910509750101,0.9908949025,4.46941134737,1.20559336701,21.4290931586,0,0,0.005,0,0,20.4,40.8012037436,0,0,0,0,0,0,0,0,0,0
11.86,0.364423361428,0.635576638573,1,1,0.00450489716729,0.0046046694484,0.35991846426,0.630971969125,0.00910956661569,0.990890433385,4.48885636078,1.20196557353,21.5945526676,0,0,0.005,0,0,20.4,40.8012037436,0,0,0,0,0,0,0,0,0,0
11.865,0.36348598657,0.636514013431,1,1,0.00450733282358,0.00460680602637,0.358978653747,0.631907207404,0.00911413884995,0.990885861151,4.5081876353,1.19837569236,21.7598600551,0,0,0.005,0,0,20.4,40.8012037436,0,0,0,0,0,0,0,0,0,0
11.87,0.363796186975,0.636203813026,1,1,0.00450982527387,0.00460898638223,0.359286361701,0.631594826644,0.0091188116561,0.990881188345,4.52740468964,1.19482365534,21.9249967911,0,0,0.005,0,0,20.4,40.8012037436,0,0,0,0,0,0,0,0,0,0
11.875,0.365416435441,0.63458356456,1,1,0.00451237385416,0.00461120777637,0.360904061587,0.629972356783,0.00912358163053,0.99087641837,4.54650704666,1.1913093897,22.0899443873,0,0,0.005,0,0,20.4,40.8012037436,0,0,0,0,0,0,0,0,0,0
11.88,0.368398458612,0.631601541389,1,1,0.00451497736089,0.0046134670573,0.363883481251,0.626988074331,0.0091284444182,0.990871555583,4.56549423346,1.18783281823,22.2546843998,0,0,0.005,0,0,20.4,40.8012037436,0,0,0,0,0,0,0,0,0,0
11.885,0.372781925408,0.627218074593,1,1,0.00451763398763,0.00461576069968,0.36826429142,0.622602313894,0.00913339468731,0.990866605314,4.58436578138,1.18439385936,22.4191984316,0,0,0.005,0,0,20.4,40.8012037436,0,0,0,0,0,0,0,0,0,0
11.89,0.378593202599,0.621406797402,1,1,0.00452034130084,0.00461808487548,0.374072861298,0.616788712527,0.00913842617631,0.990861573825,4.60312122601,1.18099242737,22.5834681348,0,0,0.005,0,0,20.4,40.8012037436,0,0,0,0,0,0,0,0,0,0
11.895,0.385844199425,0.614155800576,1,1,0.00452309625633,0.00462043555575,0.381321103169,0.60953536502,0.00914353181208,0.990856468189,4.62176010721,1.17762843246,22.7474752135,0,0,0.005,0,0,20.4,40.8012037436,0,0,0,0,0,0,0,0,0,0
11.9,0.394531323429,0.605468676572,1,1,0.0045258952557,0.00462280863866,0.390005428173,0.600845867933,0.00914870389437,0.990851296107,4.64028196908,1.17430178091,22.9112014252,0,0,0.005,0,0,20.4,40.8012037436,0,0,0,0,0,0,0,0,0,0
11.905,0.404634569632,0.595365430369,1,1,0.00452873424025,0.00462520009822,0.400105835392,0.59074023027,0.00915393433848,0.990846065662,4.65868635996,1.17101237523,23.0746285834,0,0,0.005,0,0,20.4,40.8012037436,0,0,0,0,0,0,0,0,0,0
11.91,0.416116764791,0.58388323521,1,1,0.00453160881784,0.00462760614642,0.411585155973,0.579255629064,0.00915921496427,0.990840785037,4.67697283232,1.16776011431,23.2377385588,0,0,0.005,0,0,20.4,40.8012037436,0,0,0,0,0,0,0,0,0,0
11.915,0.428922987699,0.571077012302,1,1,0.00453451441644,0.00463002340074,0.424388473282,0.566446988901,0.00916453781718,0.990835462184,4.69514094279,1.16454489348,23.4005132816,0,0,0.005,0,0,20.4,40.8012037436,0,0,0,0,0,0,0,0,0,0
11.92,0.442980185383,0.557019814618,1,1,0.00453744645638,0.00463244904795,0.438442738927,0.55238736557,0.00916989550433,0.990830104497,4.71319025198,1.16136660474,23.562934742,0,0,0.005,0,0,20.4,40.8012037436,0,0,0,0,0,0,0,0,0,0
11.925,0.458197003494,0.541802996507,1,1,0.00454040053227,0.00463488099515,0.453656602962,0.537168115512,0.00917528152741,0.990824718474,4.7311203245,1.15822513678,23.7249849924,0,0,0.005,0,0,20.4,40.8012037436,0,0,0,0,0,0,0,0,0,0
11.93,0.474463847284,0.525536152717,1,1,0.00454337259456,0.00463731799878,0.46992047469,0.520898834718,0.00918069059334,0.990819309408,4.74893072876,1.15512037514,23.8866461476,0,0,0.005,0,0,20.4,40.8012037436,0,0,0,0,0,0,0,0,0,0
11.935,0.491653187273,0.508346812728,1,1,0.00454635912071,0.00463975976343,0.487106828152,0.503707052965,0.00918611888414,0.990813881117,4.76662103687,1.15205220231,24.047900386,0,0,0.005,0,0,20.4,40.8012037436,0,0,0,0,0,0,0,0,0,0
11.94,0.509620120982,0.490379879019,1,1,0.00454935726584,0.0046422070029,0.505070763717,0.485737672016,0.00919156426874,0.990808435732,4.78419082454,1.14902049781,24.20872995,0,0,0.005,0,0,20.4,40.8012037436,0,0,0,0,0,0,0,0,0,0
11.945,0.52820319912,0.471796800881,1,1,0.00455236498381,0.00464466145809,0.523650834136,0.467152139423,0.0091970264419,0.990802973559,4.80163967089,1.14602513827,24.3691171466,0,0,0.005,0,0,20.4,40.8012037436,0,0,0,0,0,0,0,0,0,0
11.95,0.547225521174,0.452774478827,1,1,0.00455538111092,0.00464712586753,0.542670140063,0.448127352959,0.00920250697845,0.990797493023,4.81896715829,1.14306599747,24.5290443473,0,0,0.005,0,0,20.4,40.8012037436,0,0,0,0,0,0,0,0,0,0
11.955,0.566496101721,0.43350389828,1,1,0.00455840540587,0.00464960388933,0.561937696316,0.42885429439,0.0092080092952,0.990791990706,4.83617287223,1.14014294645,24.6884939885,0,0,0.005,0,0,20.4,40.8012037436,0,0,0,0,0,0,0,0,0,0
11.96,0.585811504792,0.414188495209,1,1,0.00456143854231,0.00465209997505,0.581250066249,0.409536395234,0.00921353851736,0.990786461484,4.85325640108,1.13725585347,24.8474485708,0,0,0.005,0,0,20.4,40.8012037436,0,0,0,0,0,0,0,0,0,0
11.965,0.604957739464,0.395042260537,1,1,0.00456448205215,0.00465461919875,0.600393257411,0.390387641339,0.0092191012509,0.99078089875,4.87021733592,1.13440458408,25.0058906594,0,0,0.005,0,0,20.4,40.8012037436,0,0,0,0,0,0,0,0,0,0
11.97,0.623712405547,0.376287594454,1,1,0.00456753822059,0.0046571670469,0.619144867327,0.371630427407,0.00922470526749,0.990775294733,4.88705527037,1.13158900113,25.1638028831,0,0,0.005,0,0,20.4,40.8012037436,0,0,0,0,0,0,0,0,0,0
11.975,0.641847073766,0.358152926235,1,1,0.00457060993651,0.00465974917668,0.637276463829,0.353493177059,0.00923035911319,0.990769640888,4.90376980037,1.12880896471,25.3211679339,0,0,0.005,0,0,20.4,40.8012037436,0,0,0,0,0,0,0,0,0,0
11.98,0.659129880381,0.34087011962,1,1,0.00457370050388,0.00466237115235,0.654556179877,0.336207748468,0.00923607165624,0.990763928345,4.920360524,1.12606433219,25.4779685664,0,0,0.005,0,0,20.4,40.8012037436,0,0,0,0,0,0,0,0,0,0
11.985,0.675328311776,0.324671688225,1,1,0.00457681342238,0.0046650381706,0.670751498353,0.320006650055,0.00924185159298,0.990758148408,4.93682704126,1.12335495815,25.6341875973,0,0,0.005,0,0,20.4,40.8012037436,0,0,0,0,0,0,0,0,0,0
11.99,0.690212150169,0.309787849832,1,1,0.00457995214694,0.00466775478671,0.685632198022,0.305120095045,0.00924770693364,0.990752293067,4.95316895389,1.1206806943,25.7898079044,0,0,0.005,0,0,20.4,40.8012037436,0,0,0,0,0,0,0,0,0,0
11.995,0.703556547504,0.296443452497,1,1,0.00458311983741,0.00467052465372,0.698973427667,0.291772927843,0.00925364449113,0.99074635551,4.96938586521,1.11804138948,25.9448124259,0,0,0.005,0,0,20.4,40.8012037436,0,0,0,0,0,0,0,0,0,0
12,0.715145190677,0.284854809324,1,1,0.00458631911004,0.0046733502866,0.710558871567,0.280181459037,0.00925966939664,0.990740330604,4.98547737989,1.11543688953,26.0991841599,0,0,0.005,0,0,20.4,40.8012037436,0,0,0,0,0,0,0,0,0,0
12.005,0.724773517739,0.275226482262,1,1,0.00458955180273,0.00467623286225,0.720183965936,0.2705502494,0.00926578466498,0.990734215336,5.00144310385,1.11286703722,26.2529061636,0,0,0.005,0,0,20.4,40.8012037436,0,0,0,0,0,0,0,0,0,0
12.01,0.732251941607,0.267748058394,1,1,0.00459281876556,0.00467917206514,0.727659122841,0.263068886329,0.0092719908307,0.99072800917,5.01728264409,1.11033167218,26.4059615529,0,0,0.005,0,0,20.4,40.8012037436,0,0,0,0,0,0,0,0,0,0
12.015,0.73740903523,0.262590964771,1,1,0.00459611968685,0.00468216598612,0.732812915543,0.257908798785,0.00927828567297,0.990721714328,5.03299560855,1.10783063075,26.5583335021,0,0,0.005,0,0,20.4,40.8012037436,0,0,0,0,0,0,0,0,0,0
12.02,0.740094630128,0.259905369873,1,1,0.00459945296343,0.00468521107967,0.735495177164,0.255220158794,0.0092846640431,0.990715335958,5.048581606,1.10536374592,26.7100052432,0,0,0.005,0,0,20.4,40.8012037436,0,0,0,0,0,0,0,0,0,0
12.025,0.740182778845,0.259817221156,1,1,0.00460281562175,0.00468830218229,0.735579963223,0.255128918974,0.00929111780404,0.990708882197,5.06404024598,1.1029308472,26.8609600666,0,0,0.005,0,0,20.4,40.8012037436,0,0,0,0,0,0,0,0,0,0
12.03,0.73757453121,0.262425468791,1,1,0.00460620329378,0.00469143259181,0.732968327916,0.2577340362,0.00929763588558,0.990702364115,5.07937113872,1.1005317605,27.0111813207,0,0,0.005,0,0,20.4,40.8012037436,0,0,0,0,0,0,0,0,0,0
12.035,0.732200474363,0.267799525638,1,1,0.00460961024927,0.0046945942045,0.727590864113,0.263104931434,0.00930420445378,0.990695795547,5.09457389511,1.09816630806,27.1606524129,0,0,0.005,0,0,20.4,40.8012037436,0,0,0,0,0,0,0,0,0,0
12.04,0.724022987416,0.275977012585,1,1,0.00461302948286,0.00469777770439,0.719409957933,0.27127923488,0.00931080718725,0.990689192814,5.1096481267,1.0958343083,27.30935681,0,0,0.005,0,0,20.4,40.8012037436,0,0,0,0,0,0,0,0,0,0
12.045,0.71303816334,0.286961836661,1,1,0.00461645285189,0.00470097279637,0.708421710488,0.282260863865,0.00931742564825,0.990682574353,5.12459344571,1.09353557577,27.4572780393,0,0,0.005,0,0,20.4,40.8012037436,0,0,0,0,0,0,0,0,0,0
12.05,0.699277353223,0.300722646778,1,1,0.0046198712584,0.00470416847295,0.694657481964,0.296018478305,0.00932403973135,0.99067596027,5.1394094651,1.09126992103,27.6043996905,0,0,0.005,0,0,20.4,40.8012037436,0,0,0,0,0,0,0,0,0,0
12.055,0.682808291512,0.317191708489,1,1,0.00462327486652,0.00470735330276,0.678185016646,0.312484355186,0.00933062816928,0.990669371832,5.15409579863,1.08903715059,27.7507054168,0,0,0.005,0,0,20.4,40.8012037436,0,0,0,0,0,0,0,0,0,0
12.06,0.663735765087,0.336264234914,1,1,0.00462665334462,0.00471051572798,0.659109111743,0.331553719186,0.00933716907261,0.990662830928,5.16865206102,1.08683706684,27.8961789378,0,0,0.005,0,0,20.4,40.8012037436,0,0,0,0,0,0,0,0,0,0
12.065,0.642201794135,0.357798205866,1,1,0.00462999612081,0.00471364435758,0.637571798014,0.353084561509,0.00934364047839,0.990656359523,5.18307786808,1.08466946802,28.0408040415,0,0,0.005,0,0,20.4,40.8012037436,0,0,0,0,0,0,0,0,0,0
12.07,0.618385298658,0.381614701343,1,1,0.00463329263948,0.00471672824352,0.613752006019,0.376897973099,0.00935002088299,0.990649979118,5.19737283687,1.08253414817,28.1845645874,0,0,0.005,0,0,20.4,40.8012037436,0,0,0,0,0,0,0,0,0,0
12.075,0.59250123106,0.407498768941,1,1,0.00463653260696,0.00471975712826,0.587864698453,0.402779011813,0.00935628973523,0.990643710266,5.21153658593,1.08043089714,28.32744451,0,0,0.005,0,0,20.4,40.8012037436,0,0,0,0,0,0,0,0,0,0
12.08,0.564799162487,0.435200837514,1,1,0.00463970621512,0.00472272165324,0.560159456272,0.430478115861,0.00936242786836,0.990637572133,5.22556873554,1.07835950059,28.4694278223,0,0,0.005,0,0,20.4,40.8012037436,0,0,0,0,0,0,0,0,0,0
12.085,0.535561318438,0.464438681563,1,1,0.00464280433289,0.00472561352032,0.530918514105,0.459713068043,0.00936841785321,0.990631582148,5.23946890793,1.07631974003,28.6104986199,0,0,0.005,0,0,20.4,40.8012037436,0,0,0,0,0,0,0,0,0,0
12.09,0.505100067426,0.494899932575,1,1,0.00464581865809,0.00472842560077,0.500454248768,0.490171506974,0.00937424425886,0.990625755742,5.25323672763,1.07431139289,28.7506410854,0,0,0.005,0,0,20.4,40.8012037436,0,0,0,0,0,0,0,0,0,0
12.095,0.473754875108,0.526245124893,1,1,0.00464874182382,0.00473115198906,0.469106133284,0.521513972904,0.00937989381288,0.990620106188,5.26687182176,1.07233423257,28.8898394932,0,0,0.005,0,0,20.4,40.8012037436,0,0,0,0,0,0,0,0,0,0
12.1,0.441888745142,0.558111254859,1,1,0.00465156745654,0.00473378800181,0.437237177686,0.553377466857,0.00938535545835,0.990614644543,5.28037382034,1.0703880286,29.0280782143,0,0,0.005,0,0,20.4,40.8012037436,0,0,0,0,0,0,0,0,0,0
12.105,0.409884176994,0.590115823007,1,1,0.00465429018596,0.00473633012523,0.405229886808,0.585379492882,0.00939062031119,0.99060937969,5.29374235666,1.06847254672,29.1653417218,0,0,0.005,0,0,20.4,40.8012037436,0,0,0,0,0,0,0,0,0,0
12.11,0.378138679741,0.62186132026,1,1,0.00465690560927,0.00473877591708,0.373481774132,0.617122544343,0.00939568152635,0.990604318475,5.30697706765,1.06658754908,29.3016145964,0,0,0.005,0,0,20.4,40.8012037436,0,0,0,0,0,0,0,0,0,0
12.115,0.347059889648,0.652940110353,1,1,0.00465941021531,0.00474112387171,0.342400479432,0.648198986482,0.00940053408702,0.990599465914,5.32007759421,1.06473279439,29.4368815319,0,0,0.005,0,0,20.4,40.8012037436,0,0,0,0,0,0,0,0,0,0
12.12,0.317060347522,0.682939652479,1,1,0.00466180127639,0.00474337325869,0.312398546245,0.678196279221,0.00940517453508,0.990594825466,5.33304358159,1.06290803814,29.5711273407,0,0,0.005,0,0,20.4,40.8012037436,0,0,0,0,0,0,0,0,0,0
12.125,0.288551999668,0.711448000333,1,1,0.00466407671749,0.00474552394709,0.283887922951,0.706702476386,0.00940960066458,0.990590399336,5.34587467978,1.06111303284,29.7043369603,0,0,0.005,0,0,20.4,40.8012037436,0,0,0,0,0,0,0,0,0,0
12.13,0.261940493332,0.738059506669,1,1,0.00466623497383,0.00474757622792,0.257274258359,0.733311930441,0.00941381120175,0.990586188799,5.35857054381,1.05934752825,29.8364954586,0,0,0.005,0,0,20.4,40.8012037436,0,0,0,0,0,0,0,0,0,0
12.135,0.237619343775,0.762380656226,1,1,0.00466827484862,0.00474953064777,0.232951068926,0.757631125578,0.00941780549639,0.990582194505,5.37113083417,1.05761127163,29.9675880396,0,0,0.005,0,0,20.4,40.8012037436,0,0,0,0,0,0,0,0,0,0
12.14,0.215964055414,0.784035944587,1,1,0.00467019538283,0.00475138786543,0.211293860031,0.779284556722,0.00942158324827,0.990578416753,5.38355521708,1.05590400807,30.0976000496,0,0,0.005,0,0,20.4,40.8012037436,0,0,0,0,0,0,0,0,0,0
12.145,0.197326283638,0.802673716363,1,1,0.00467199574796,0.0047531485425,0.19265428789,0.797920567821,0.00942514429046,0.990574855711,5.39584336484,1.05422548075,30.2265169822,0,0,0.005,0,0,20.4,40.8012037436,0,0,0,0,0,0,0,0,0,0
12.15,0.182028126837,0.817971873164,1,1,0.00467367517161,0.00475481327644,0.177354451665,0.813217059888,0.00942848844804,0.990571511553,5.40799495608,1.05257543127,30.3543244835,0,0,0.005,0,0,20.4,40.8012037436,0,0,0,0,0,0,0,0,0,0
12.155,0.170356639814,0.829643360187,1,1,0.00467523290363,0.00475638258242,0.16568140691,0.824886977605,0.00943161548605,0.990568384515,5.42000967602,1.05095359993,30.4810083574,0,0,0.005,0,0,20.4,40.8012037436,0,0,0,0,0,0,0,0,0,0
12.16,0.162558659936,0.837441340065,1,1,0.00467666822806,0.00475785692699,0.157881991708,0.832683483138,0.00943452515505,0.990565474846,5.43188721673,1.04935972612,30.60655457,0,0,0.005,0,0,20.4,40.8012037436,0,0,0,0,0,0,0,0,0,0
12.165,0.158836036101,0.8411639639,1,1,0.00467798052319,0.00475923681357,0.154158055578,0.836404727087,0.00943721733675,0.990562782664,5.44362727722,1.04779354857,30.7309492537,0,0,0.005,0,0,20.4,40.8012037436,0,0,0,0,0,0,0,0,0,0
12.17,0.159341347782,0.840658652219,1,1,0.00467916936894,0.00476052291641,0.154662178413,0.835898129303,0.00943969228535,0.990560307716,5.45522956369,1.04625480573,30.854178711,0,0,0.005,0,0,20.4,40.8012037436,0,0,0,0,0,0,0,0,0,0
12.175,0.164174197072,0.835825802929,1,1,0.00468023469765,0.00476171625631,0.159493962375,0.831064086672,0.00944195095395,0.990558049047,5.46669378951,1.04474323607,30.9762294175,0,0,0.005,0,0,20.4,40.8012037436,0,0,0,0,0,0,0,0,0,0
12.18,0.17337815078,0.826621849221,1,1,0.00468117698094,0.00476281840851,0.168696973799,0.821859030812,0.00944399538945,0.990556004612,5.47801967535,1.04325857839,31.0970880249,0,0,0.005,0,0,20.4,40.8012037436,0,0,0,0,0,0,0,0,0,0
12.185,0.186938402243,0.813061597758,1,1,0.00468199744295,0.00476383173051,0.1822564048,0.808297766028,0.00944582917346,0.990554170828,5.48920694913,1.04180057216,31.2167413625,0,0,0.005,0,0,20.4,40.8012037436,0,0,0,0,0,0,0,0,0,0
12.19,0.204780213765,0.795219786236,1,1,0.00468269828728,0.00476475959567,0.200097515477,0.790455026641,0.00944745788296,0.990552542118,5.50025534598,1.04036895775,31.3351764392,0,0,0.005,0,0,20.4,40.8012037436,0,0,0,0,0,0,0,0,0,0
12.195,0.22676819043,0.773231809571,1,1,0.00468328292379,0.00476560661692,0.222084907506,0.768466202954,0.00944888954071,0.99055111046,5.51116460814,1.03896347677,31.4523804441,0,0,0.005,0,0,20.4,40.8012037436,0,0,0,0,0,0,0,0,0,0
12.2,0.252706424725,0.747293575276,1,1,0.00468375617964,0.0047663788447,0.248022668546,0.742527196431,0.00945013502435,0.990549864977,5.52193448478,1.03758387229,31.5683407463,0,0,0.005,0,0,20.4,40.8012037436,0,0,0,0,0,0,0,0,0,0
12.205,0.282339538986,0.717660461015,1,1,0.00468412447924,0.00476708392331,0.277655414507,0.712893377092,0.00945120840255,0.990548791598,5.53256473183,1.03622988909,31.683044895,0,0,0.005,0,0,20.4,40.8012037436,0,0,0,0,0,0,0,0,0,0
12.21,0.315354639391,0.68464536061,1,1,0.00468439597782,0.00476773119107,0.310670243413,0.679877629419,0.0094521271689,0.990547872832,5.54305511168,1.0349012739,31.7964806179,0,0,0.005,0,0,20.4,40.8012037436,0,0,0,0,0,0,0,0,0,0
12.215,0.351384181208,0.648615818793,1,1,0.00468458063506,0.00476833171177,0.346699600573,0.643847487081,0.00945291234683,0.990547087654,5.55340539292,1.03359777555,31.9086358197,0,0,0.005,0,0,20.4,40.8012037436,0,0,0,0,0,0,0,0,0,0
12.22,0.390009730515,0.609990269486,1,1,0.00468469021703,0.00476889822747,0.385325040298,0.605221371258,0.0094535884445,0.990546411556,5.56361534997,1.03231914518,32.0194985799,0,0,0.005,0,0,20.4,40.8012037436,0,0,0,0,0,0,0,0,0,0
12.225,0.430766592826,0.569233407175,1,1,0.00468473821788,0.0047694450263,0.426081854608,0.564463962149,0.00945418324418,0.990545816757,5.5736847627,1.03106513636,32.1290571493,0,0,0.005,0,0,20.4,40.8012037436,0,0,0,0,0,0,0,0,0,0
12.23,0.473149264314,0.526850735687,1,1,0.00468473969596,0.00476998772247,0.468464524618,0.522080747964,0.00945472741843,0.990545272583,5.58361341603,1.0298355052,32.2372999474,0,0,0.005,0,0,20.4,40.8012037436,0,0,0,0,0,0,0,0,0,0
12.235,0.516617646732,0.483382353269,1,1,0.00468471102314,0.00477054295014,0.511932935709,0.478611810319,0.00945525397328,0.990544746028,5.59340109947,1.02863001048,32.344215558,0,0,0.005,0,0,20.4,40.8012037436,0,0,0,0,0,0,0,0,0,0
12.24,0.56060395308,0.439396046921,1,1,0.00468466955018,0.00477112797709,0.55591928353,0.434624918944,0.00945579752727,0.990544202474,5.60304760664,1.02744841366,32.449792725,0,0,0.005,0,0,20.4,40.8012037436,0,0,0,0,0,0,0,0,0,0
12.245,0.604520217764,0.395479782237,1,1,0.00468463319534,0.00477176024812,0.599835584568,0.390708021989,0.00945639344346,0.990543606558,5.61255273479,1.02629047898,32.5540203481,0,0,0.005,0,0,20.4,40.8012037436,0,0,0,0,0,0,0,0,0,0
12.25,0.647766312635,0.352233687366,1,1,0.00468461996748,0.00477245687245,0.643081692667,0.347461230494,0.00945707683994,0.990542923161,5.62191628432,1.0251559734,32.6568874777,0,0,0.005,0,0,20.4,40.8012037436,0,0,0,0,0,0,0,0,0,0
12.255,0.689738359237,0.310261640764,1,1,0.00468464743884,0.00477323407245,0.685053711798,0.305488406692,0.00945788151129,0.99054211849,5.63113805823,1.02404466667,32.7583833102,0,0,0.005,0,0,20.4,40.8012037436,0,0,0,0,0,0,0,0,0,0
12.26,0.729837417961,0.27016258204,1,1,0.00468473218569,0.00477410661419,0.725152685775,0.265388475426,0.00945883879988,0.990541161201,5.64021786165,1.02295633125,32.8584971826,0,0,0.005,0,0,20.4,40.8012037436,0,0,0,0,0,0,0,0,0,0
12.265,0.767478326876,0.232521673125,1,1,0.00468488921796,0.00477508724209,0.762793437658,0.227746585883,0.00945997646006,0.990540023541,5.64915550136,1.02189074227,32.9572185677,0,0,0.005,0,0,20.4,40.8012037436,0,0,0,0,0,0,0,0,0,0
12.27,0.802098556927,0.197901443074,1,1,0.00468513142022,0.00477618614109,0.797413425507,0.193125256933,0.00946131756131,0.99053868244,5.65795078526,1.02084767749,33.054537069,0,0,0.005,0,0,20.4,40.8012037436,0,0,0,0,0,0,0,0,0,0
12.275,0.833166946183,0.166833053818,1,1,0.00468546902748,0.00477741044978,0.828481477155,0.162055643368,0.00946287947726,0.990537120524,5.66660352197,1.01982691718,33.1504424163,0,0,0.005,0,0,20.4,40.8012037436,0,0,0,0,0,0,0,0,0,0
12.28,0.860192173901,0.1398078261,1,1,0.00468590915892,0.00477876384704,0.855506264743,0.135029062253,0.00946467300596,0.990535326995,5.67511352041,1.01882824409,33.2449244605,0,0,0.005,0,0,20.4,40.8012037436,0,0,0,0,0,0,0,0,0,0
12.285,0.882730835612,0.117269164389,1,1,0.00468645543106,0.00478024623265,0.878044380181,0.112488918157,0.00946670166372,0.990533298337,5.68348058938,1.01785144329,33.3379731705,0,0,0.005,0,0,20.4,40.8012037436,0,0,0,0,0,0,0,0,0,0
12.29,0.900394983073,0.0996050169276,1,1,0.00468710767006,0.00478185351929,0.895707875403,0.0948231634083,0.00946896118934,0.990531038812,5.69170453724,1.0168963021,33.4295786285,0,0,0.005,0,0,20.4,40.8012037436,0,0,0,0,0,0,0,0,0,0
12.295,0.912858998048,0.087141001953,1,1,0.00468786173892,0.00478357754971,0.908171136309,0.0823574244033,0.00947143928863,0.990528560712,5.69978517164,1.01596261,33.5197310278,0,0,0.005,0,0,20.4,40.8012037436,0,0,0,0,0,0,0,0,0,0
12.3,0.919865676154,0.0801343238469,1,1,0.00468870949201,0.00478540614818,0.915176966662,0.0753489176987,0.00947411564019,0.990525884361,5.70772229927,1.0150501585,33.6084206699,0,0,0.005,0,0,20.4,40.8012037436,0,0,0,0,0,0,0,0,0,0
12.305,0.92123140671,0.078768593291,1,1,0.00468963886388,0.00478732331009,0.916541767846,0.0739812699809,0.00947696217397,0.990523037827,5.71551572567,1.01415874107,33.6956379625,0,0,0.005,0,0,20.4,40.8012037436,0,0,0,0,0,0,0,0,0,0
12.31,0.916850346226,0.0831496537746,1,1,0.00469063409472,0.00478930952869,0.912159712132,0.0783603442459,0.00947994362341,0.990520056378,5.72316525515,1.01328815302,33.7813734188,0,0,0.005,0,0,20.4,40.8012037436,0,0,0,0,0,0,0,0,0,0
12.315,0.906697496993,0.0933025030079,1,1,0.00469167608907,0.00479134225175,0.902005820904,0.0885111607561,0.00948301834082,0.99051698166,5.73067069074,1.01243819144,33.8656176572,0,0,0.005,0,0,20.4,40.8012037436,0,0,0,0,0,0,0,0,0,0
12.32,0.890830617803,0.109169382198,1,1,0.00469274289909,0.00479339645628,0.886137874904,0.104375985742,0.00948613935537,0.990513860646,5.73803183418,1.01160865515,33.9483614012,0,0,0.005,0,0,20.4,40.8012037436,0,0,0,0,0,0,0,0,0,0
12.325,0.869390911055,0.130609088946,1,1,0.0046938103185,0.00479544532403,0.864697100737,0.125813643622,0.00948925564253,0.990510744358,5.74524848606,1.0107993446,34.0295954816,0,0,0.005,0,0,20.4,40.8012037436,0,0,0,0,0,0,0,0,0,0
12.33,0.842602449038,0.157397550963,1,1,0.00469485256861,0.00479746099635,0.837907596469,0.152600089967,0.00949231356496,0.990507686436,5.75232044594,1.01001006188,34.1093108378,0,0,0.005,0,0,20.4,40.8012037436,0,0,0,0,0,0,0,0,0,0
12.335,0.810770321785,0.189229678216,1,1,0.00469584305371,0.00479941538331,0.806074478732,0.184430262832,0.00949525843702,0.990504741564,5.7592475126,1.0092406107,34.1874985217,0,0,0.005,0,0,20.4,40.8012037436,0,0,0,0,0,0,0,0,0,0
12.34,0.774277509274,0.225722490727,1,1,0.00469675516012,0.00480128099949,0.769580754114,0.220921209727,0.00949803615961,0.990501963841,5.76602948433,1.00849079639,34.2641497006,0,0,0.005,0,0,20.4,40.8012037436,0,0,0,0,0,0,0,0,0,0
12.345,0.733580501498,0.266419498503,1,1,0.0046975630709,0.0048030317972,0.728882938427,0.261616466706,0.0095005948681,0.990499405133,5.77266615928,1.00776042591,34.3392556625,0,0,0.005,0,0,20.4,40.8012037436,0,0,0,0,0,0,0,0,0,0
12.35,0.68920371078,0.310796289221,1,1,0.00469824256708,0.00480464396769,0.684505468213,0.305991645254,0.00950288653477,0.990497113466,5.77915733586,1.00704930792,34.4128078212,0,0,0.005,0,0,20.4,40.8012037436,0,0,0,0,0,0,0,0,0,0
12.355,0.641732741262,0.358267258739,1,1,0.00469877178676,0.0048060966815,0.637033969475,0.353461162057,0.00950486846825,0.990495131533,5.78550281324,1.00635725284,34.4847977224,0,0,0.005,0,0,20.4,40.8012037436,0,0,0,0,0,0,0,0,0,0
12.36,0.591806600385,0.408193399616,1,1,0.00469913191429,0.00480737274141,0.587107468471,0.403386026875,0.0095065046557,0.990493495345,5.79170239183,1.00568407297,34.5552170502,0,0,0.005,0,0,20.4,40.8012037436,0,0,0,0,0,0,0,0,0,0
12.365,0.540108956064,0.459891043937,1,1,0.00469930777463,0.00480845912425,0.53540964829,0.455082584813,0.00950776689888,0.990492233102,5.79775587385,1.00502958255,34.6240576346,0,0,0.005,0,0,20.4,40.8012037436,0,0,0,0,0,0,0,0,0,0
12.37,0.487358560816,0.512641439185,1,1,0.00469928831111,0.00480934739199,0.482659272505,0.507832091793,0.0095086357031,0.990491364298,5.80366306392,1.00439359795,34.6913114591,0,0,0.005,0,0,20.4,40.8012037436,0,0,0,0,0,0,0,0,0,0
12.375,0.43429897991,0.565701020091,1,1,0.0046990669294,0.00481003395755,0.429599912981,0.560890986133,0.00950910088695,0.990490899114,5.80942376963,1.00377593778,34.7569706685,0,0,0.005,0,0,20.4,40.8012037436,0,0,0,0,0,0,0,0,0,0
12.38,0.381687774498,0.618312225503,1,1,0.00469864169559,0.00481052019587,0.376989132803,0.613501705307,0.00950916189146,0.99049083811,5.81503780225,1.0031764231,34.8210275775,0,0,0.005,0,0,20.4,40.8012037436,0,0,0,0,0,0,0,0,0,0
12.385,0.330285302222,0.669714697779,1,1,0.00469801538176,0.00481081239704,0.325587286841,0.664903885382,0.0095088277788,0.990491172222,5.82050497727,1.00259487756,34.883474679,0,0,0.005,0,0,20.4,40.8012037436,0,0,0,0,0,0,0,0,0,0
12.39,0.280843306897,0.719156693104,1,1,0.00469719535833,0.00481092156397,0.276146111539,0.71434577154,0.0095081169223,0.990491883079,5.8258251151,1.00203112762,34.9443046525,0,0,0.005,0,0,20.4,40.8012037436,0,0,0,0,0,0,0,0,0,0
12.395,0.234093475165,0.765906524836,1,1,0.00469619333838,0.00481086306304,0.229397281827,0.761095661773,0.00950705640142,0.9904929436,5.83099804166,1.00148500276,35.0035103726,0,0,0.005,0,0,20.4,40.8012037436,0,0,0,0,0,0,0,0,0,0
12.4,0.190736141519,0.809263858482,1,1,0.00469502498464,0.00481065614169,0.186041116534,0.80445320234,0.00950568112633,0.990494318875,5.83602358899,1.0009563357,35.0610849172,0,0,0.005,0,0,20.4,40.8012037436,0,0,0,0,0,0,0,0,0,0
12.405,0.151429323528,0.848570676473,1,1,0.00469370939511,0.00481032333178,0.146735614133,0.843760353141,0.00950403272689,0.990495967274,5.84090159581,1.00044496258,35.1170215751,0,0,0.005,0,0,20.4,40.8012037436,0,0,0,0,0,0,0,0,0,0
12.41,0.116778266541,0.88322173346,1,1,0.00469226848763,0.00480988976165,0.112085998053,0.878411843698,0.00950215824927,0.990497841752,5.84563190808,0.999950723234,35.1713138536,0,0,0.005,0,0,20.4,40.8012037436,0,0,0,0,0,0,0,0,0,0
12.415,0.0873256714932,0.912674328508,1,1,0.0046907263073,0.00480938240294,0.0826349451859,0.907864946105,0.00950010871025,0.990499891291,5.85021437944,0.999473461359,35.2239554854,0,0,0.005,0,0,20.4,40.8012037436,0,0,0,0,0,0,0,0,0,0
12.42,0.0635427708065,0.936457229194,1,1,0.00468910828332,0.00480882928037,0.0588536625232,0.931648399914,0.00949793756369,0.990502062437,5.85464887172,0.999013024763,35.2749404348,0,0,0.005,0,0,20.4,40.8012037436,0,0,0,0,0,0,0,0,0,0
12.425,0.0458214058106,0.95417859419,1,1,0.0046874404629,0.00480825867334,0.0411339653477,0.949370335517,0.00949569913624,0.990504300865,5.85893525522,0.998569265555,35.324262903,0,0,0.005,0,0,20.4,40.8012037436,0,0,0,0,0,0,0,0,0,0
12.43,0.0344672448131,0.965532755188,1,1,0.00468574875066,0.00480769833819,0.0297814960624,0.96072505685,0.00949344708886,0.990506552912,5.86307340908,0.998142040345,35.371917333,0,0,0.005,0,0,20.4,40.8012037436,0,0,0,0,0,0,0,0,0,0
12.435,0.0296942641021,0.970305735899,1,1,0.00468405818043,0.00480717477816,0.0250102059216,0.965498561121,0.00949123295859,0.990508767042,5.8670632215,0.997731210432,35.4178984133,0,0,0.005,0,0,20.4,40.8012037436,0,0,0,0,0,0,0,0,0,0
12.44,0.0316205950213,0.96837940498,1,1,0.00468239224472,0.00480671258562,0.0269382027765,0.963572692394,0.00948910483034,0.990510895171,5.87090458987,0.99733664197,35.4622010808,0,0,0.005,0,0,20.4,40.8012037436,0,0,0,0,0,0,0,0,0,0
12.445,0.040265819136,0.959734180865,1,1,0.00468077230384,0.00480633387777,0.0355850468321,0.954927846987,0.00948710618161,0.990512893819,5.87459742089,0.996958206121,35.5048205223,0,0,0.005,0,0,20.4,40.8012037436,0,0,0,0,0,0,0,0,0,0
12.45,0.0555497707302,0.944450229271,1,1,0.00467921709291,0.00480605784205,0.0508705536373,0.939644171429,0.00948527493496,0.990514725066,5.87814163054,0.996595779193,35.5457521758,0,0,0.005,0,0,20.4,40.8012037436,0,0,0,0,0,0,0,0,0,0
12.455,0.0772928818228,0.922707118178,1,1,0.00467774234007,0.00480590040336,0.0726151394827,0.917901217775,0.00948364274343,0.990516357258,5.881537144,0.996249242751,35.5849917299,0,0,0.005,0,0,20.4,40.8012037436,0,0,0,0,0,0,0,0,0,0
12.46,0.105218079963,0.894781920038,1,1,0.00467636050443,0.00480587401891,0.100541719459,0.889976046019,0.00948223452335,0.990517765478,5.88478389548,0.995918483716,35.6225351227,0,0,0.005,0,0,20.4,40.8012037436,0,0,0,0,0,0,0,0,0,0
12.465,0.138954223681,0.86104577632,1,1,0.00467508063691,0.0048059876018,0.134279143044,0.856239788718,0.00948106823871,0.990518931762,5.88788182799,0.995603394433,35.6583785394,0,0,0.005,0,0,20.4,40.8012037436,0,0,0,0,0,0,0,0,0,0
12.47,0.178041035068,0.821958964933,1,1,0.00467390836154,0.00480624656841,0.173367126706,0.817152718365,0.00948015492995,0.990519845071,5.89083089302,0.995303872727,35.6925184092,0,0,0.005,0,0,20.4,40.8012037436,0,0,0,0,0,0,0,0,0,0
12.475,0.221935463979,0.778064536022,1,1,0.00467284597025,0.00480665300006,0.217262618009,0.773257883021,0.00947949897031,0.990520501031,5.89363105013,0.995019821933,35.7249514011,0,0,0.005,0,0,20.4,40.8012037436,0,0,0,0,0,0,0,0,0,0
12.48,0.270019394232,0.729980605769,1,1,0.004671892619,0.00480720590466,0.265347501613,0.725173399865,0.00947909852365,0.990520901477,5.89628226652,0.9947511509,35.7556744187,0,0,0.005,0,0,20.4,40.8012037436,0,0,0,0,0,0,0,0,0,0
12.485,0.321608579313,0.678391420688,1,1,0.00467104460972,0.00480790156023,0.316937534704,0.673583519127,0.00947894616996,0.990521053831,5.89878451648,0.994497773988,35.7846845943,0,0,0.005,0,0,20.4,40.8012037436,0,0,0,0,0,0,0,0,0,0
12.49,0.375962674002,0.624037325999,1,1,0.00467029573914,0.00480873391979,0.371292378263,0.619228592079,0.00947902965893,0.990520970342,5.90113778085,0.994259611034,35.8119792827,0,0,0.005,0,0,20.4,40.8012037436,0,0,0,0,0,0,0,0,0,0
12.495,0.432296209194,0.567703790807,1,1,0.00466963769346,0.00480969505465,0.427626571501,0.562894095752,0.00947933274812,0.990520667253,5.90334204639,0.994036587305,35.8375560536,0,0,0.005,0,0,20.4,40.8012037436,0,0,0,0,0,0,0,0,0,0
12.5,0.489790340599,0.510209659402,1,1,0.00466906046719,0.00481077561303,0.485121280132,0.505398883789,0.00947983608023,0.990520163921,5.90539730514,0.993828633441,35.8614126842,0,0,0.005,0,0,20.4,40.8012037436,0,0,0,0,0,0,0,0,0,0
12.505,0.547605188054,0.452394811947,1,1,0.00466855278385,0.00481196527098,0.54293663527,0.447582846676,0.00948051805483,0.990519481946,5.90730355373,0.993635685373,35.8835471511,0,0,0.005,0,0,20.4,40.8012037436,0,0,0,0,0,0,0,0,0,0
12.51,0.604892571265,0.395107428736,1,1,0.00466810249798,0.00481325315414,0.600224468767,0.390294175582,0.00948135565212,0.990518644349,5.90906079271,0.993457684243,35.9039576224,0,0,0.005,0,0,20.4,40.8012037436,0,0,0,0,0,0,0,0,0,0
12.515,0.660808940073,0.339191059928,1,1,0.00466769695957,0.00481462821138,0.656141243114,0.334376431716,0.00948232517095,0.99051767483,5.91066902586,0.993294576308,35.9226424485,0,0,0.005,0,0,20.4,40.8012037436,0,0,0,0,0,0,0,0,0,0
12.52,0.714528292988,0.285471707013,1,1,0.00466732332518,0.0048160795247,0.709860969662,0.280655627489,0.00948340284988,0.990516597151,5.91212825945,0.993146312839,35.9396001549,0,0,0.005,0,0,20.4,40.8012037436,0,0,0,0,0,0,0,0,0,0
12.525,0.765254876808,0.234745123193,1,1,0.00466696880364,0.00481759654377,0.760587908004,0.229927526649,0.00948456534741,0.990515434654,5.91343850164,0.993012850018,35.954829433,0,0,0.005,0,0,20.4,40.8012037436,0,0,0,0,0,0,0,0,0,0
12.53,0.812235462765,0.187764537236,1,1,0.00466662082856,0.004819169238,0.807568841936,0.182945367998,0.00948579006657,0.990514209934,5.91459976178,0.992894148833,35.9683291328,0,0,0.005,0,0,20.4,40.8012037436,0,0,0,0,0,0,0,0,0,0
12.535,0.854771000638,0.145228999363,1,1,0.00466626715434,0.00482078816396,0.850104733484,0.140408211199,0.00948705531829,0.990512944683,5.91561204979,0.992790174981,35.9800982551,0,0,0.005,0,0,20.4,40.8012037436,0,0,0,0,0,0,0,0,0,0
12.54,0.892227461767,0.107772538234,1,1,0.00466589587702,0.00482244445064,0.88756156589,0.102950093783,0.00948834032766,0.990511659673,5.91647537563,0.992700898764,35.9901359449,0,0,0.005,0,0,20.4,40.8012037436,0,0,0,0,0,0,0,0,0,0
12.545,0.924045694506,0.075954305495,1,1,0.00466549538607,0.00482412971,0.91938019912,0.071130175785,0.00948962509607,0.990510374905,5.91718974877,0.992626295005,35.9984414845,0,0,0.005,0,0,20.4,40.8012037436,0,0,0,0,0,0,0,0,0,0
12.55,0.949750131364,0.0502498686372,1,1,0.00466505425697,0.00482583588411,0.945085077107,0.045424032753,0.00949089014108,0.99050910986,5.91775517772,0.992566342962,36.0050142886,0,0,0.005,0,0,20.4,40.8012037436,0,0,0,0,0,0,0,0,0,0
12.555,0.968956205525,0.0310437944764,1,1,0.00466456109858,0.00482755504429,0.964291644426,0.0262162394321,0.00949211614286,0.990507883858,5.91817166964,0.992521026264,36.0098538989,0,0,0.005,0,0,20.4,40.8012037436,0,0,0,0,0,0,0,0,0,0
12.56,0.981376355309,0.0186236446919,1,1,0.00466400437168,0.00482927916009,0.976712350937,0.0137943655319,0.00949328353177,0.990506716469,5.91843923007,0.992490332847,36.0129599808,0,0,0.005,0,0,20.4,40.8012037436,0,0,0,0,0,0,0,0,0,0
12.565,0.986824518147,0.0131754818539,1,1,0.00466337219751,0.00483099985825,0.98216114595,0.00834448199566,0.00949437205576,0.990505627945,5.91855786265,0.992474254916,36.0143323202,0,0,0.005,0,0,20.4,40.8012037436,0,0,0,0,0,0,0,0,0,0
12.57,0.985219040302,0.0147809596989,1,1,0.0046626521758,0.00483270819234,0.980556388126,0.00994825150655,0.00949536036814,0.990504639633,5.91852756899,0.992472788916,36.0139708217,0,0,0.005,0,0,20.4,40.8012037436,0,0,0,0,0,0,0,0,0,0
12.575,0.976583954555,0.0234160454464,1,1,0.00466183123199,0.00483439444387,0.971922123323,0.0185816510025,0.00949622567586,0.990503774325,5.91834834862,0.992485935517,36.0118755078,0,0,0.005,0,0,20.4,40.8012037436,0,0,0,0,0,0,0,0,0,0
12.58,0.961048604838,0.0389513951629,1,1,0.0046608955123,0.00483604797429,0.956387709326,0.0341153471886,0.0094969434866,0.990503056514,5.91802019896,0.992513699625,36.0080465193,0,0,0.005,0,0,20.4,40.8012037436,0,0,0,0,0,0,0,0,0,0
12.585,0.938845623973,0.0611543760281,1,1,0.00465983034307,0.00483765714503,0.93418579363,0.056316718883,0.0094974874881,0.990502512513,5.91754311549,0.992556090392,36.0024841162,0,0,0.005,0,0,20.4,40.8012037436,0,0,0,0,0,0,0,0,0,0
12.59,0.91030729769,0.0896927023109,1,1,0.00465862026793,0.00483920931966,0.905648677422,0.0848534929913,0.00949782958759,0.990502170413,5.91691709187,0.992613121261,35.9951886805,0,0,0.005,0,0,20.4,40.8012037436,0,0,0,0,0,0,0,0,0,0
12.595,0.87586037461,0.124139625391,1,1,0.0046572491727,0.00484069095818,0.871203125438,0.119298934432,0.00949794013088,0.99050205987,5.91614212027,0.99268481001,35.9861607192,0,0,0.005,0,0,20.4,40.8012037436,0,0,0,0,0,0,0,0,0,0
12.6,0.836019407286,0.163980592715,1,1,0.00465570050343,0.00484208780885,0.831363706783,0.159138504906,0.00949778831227,0.990502211689,5.91521819168,0.992771178819,35.9754008686,0,0,0.005,0,0,20.4,40.8012037436,0,0,0,0,0,0,0,0,0,0
12.605,0.791378733387,0.208621266614,1,1,0.00465395757813,0.00484338519823,0.786724775809,0.203777881416,0.00949734277636,0.990502657225,5.91414529634,0.992872254346,35.9629098997,0,0,0.005,0,0,20.4,40.8012037436,0,0,0,0,0,0,0,0,0,0
12.61,0.742603228198,0.257396771803,1,1,0.0046520039881,0.0048445684147,0.73795122421,0.252552203388,0.0094965724028,0.990503427598,5.91292342423,0.992988067809,35.9486887236,0,0,0.005,0,0,20.4,40.8012037436,0,0,0,0,0,0,0,0,0,0
12.615,0.690417979439,0.309582020562,1,1,0.00464982407936,0.00484562317586,0.68576815536,0.304736397386,0.00949544725522,0.990504552746,5.91155256559,0.993118655085,35.9327383988,0,0,0.005,0,0,20.4,40.8012037436,0,0,0,0,0,0,0,0,0,0
12.62,0.63559705264,0.364402947361,1,1,0.0046474035005,0.0048465361653,0.63094964914,0.359556411195,0.0094939396658,0.990506060335,5.91003271152,0.99326405681,35.9150601378,0,0,0.005,0,0,20.4,40.8012037436,0,0,0,0,0,0,0,0,0,0
12.625,0.578951529669,0.421048470332,1,1,0.00464472979856,0.00484729562019,0.57430679987,0.416201174712,0.00949202541875,0.990507974582,5.90836385464,0.993424318477,35.8956553154,0,0,0.005,0,0,20.4,40.8012037436,0,0,0,0,0,0,0,0,0,0
12.63,0.521317014221,0.478682985781,1,1,0.00464179304156,0.00484789194727,0.516675221179,0.473835093833,0.00948968498883,0.990510315012,5.9065459897,0.993599490549,35.8745254761,0,0,0.005,0,0,20.4,40.8012037436,0,0,0,0,0,0,0,0,0,0
12.635,0.463540806023,0.536459193978,1,1,0.00463858644312,0.00484831834262,0.45890221958,0.531610875636,0.00948690478574,0.990513095215,5.90457911429,0.993789628557,35.8516723428,0,0,0.005,0,0,20.4,40.8012037436,0,0,0,0,0,0,0,0,0,0
12.64,0.406468949982,0.593531050019,1,1,0.00463510696335,0.00484857138846,0.401833843019,0.588682478631,0.00948367835182,0.990516321649,5.90246322955,0.993994793197,35.8270978251,0,0,0.005,0,0,20.4,40.8012037436,0,0,0,0,0,0,0,0,0,0
12.645,0.350933367527,0.649066632474,1,1,0.00463135585936,0.00484865160024,0.346302011668,0.644217980873,0.00948000745959,0.990519992541,5.90019834083,0.994215050427,35.8008040276,0,0,0.005,0,0,20.4,40.8012037436,0,0,0,0,0,0,0,0,0,0
12.65,0.297739274919,0.702260725082,1,1,0.00462733915915,0.00484856389744,0.29311193576,0.697412161184,0.00947590305659,0.990524096944,5.89778445839,0.994450471543,35.772793258,0,0,0.005,0,0,20.4,40.8012037436,0,0,0,0,0,0,0,0,0,0
12.655,0.247653087401,0.7523469126,1,1,0.00462306803477,0.00484831797367,0.243030019367,0.747498594626,0.00947138600844,0.990528613993,5.89522159807,0.994701133255,35.7430680349,0,0,0.005,0,0,20.4,40.8012037436,0,0,0,0,0,0,0,0,0,0
12.66,0.201390998868,0.798609001133,1,1,0.00461855905258,0.00484792854416,0.196772439815,0.793761072589,0.00946648759674,0.990533512404,5.89250978193,0.994967117738,35.7116310956,0,0,0.005,0,0,20.4,40.8012037436,0,0,0,0,0,0,0,0,0,0
12.665,0.159608414414,0.840391585587,1,1,0.00461383428293,0.00484741545287,0.154994580131,0.835544170135,0.0094612497358,0.990538750265,5.88964903882,0.995248512673,35.6784854024,0,0,0.005,0,0,20.4,40.8012037436,0,0,0,0,0,0,0,0,0,0
12.67,0.122890397926,0.877109602076,1,1,0.00460892125539,0.00484680362589,0.11828147667,0.87226279845,0.00945572488128,0.99054427512,5.88663940493,0.995545411268,35.6436341495,0,0,0.005,0,0,20.4,40.8012037436,0,0,0,0,0,0,0,0,0,0
12.675,0.0917432790844,0.908256720917,1,1,0.00460385275138,0.00484612286326,0.0871394263331,0.903410598053,0.00944997561465,0.990550024386,5.8834809243,0.995857912265,35.607080768,0,0,0.005,0,0,20.4,40.8012037436,0,0,0,0,0,0,0,0,0,0
12.68,0.0665875440697,0.933412455931,1,1,0.00459866643125,0.00484540746698,0.0619888776385,0.928567048464,0.00944407389823,0.990555926103,5.88017364925,0.996186119914,35.5688289309,0,0,0.005,0,0,20.4,40.8012037436,0,0,0,0,0,0,0,0,0,0
12.685,0.0477521122857,0.952247887715,1,1,0.00459340429903,0.00484469570892,0.0431587079867,0.947403192006,0.00943810000795,0.990561899993,5.87671764072,0.99653014394,35.5288825565,0,0,0.005,0,0,20.4,40.8012037436,0,0,0,0,0,0,0,0,0,0
12.69,0.0354700779367,0.964529922064,1,1,0.00458811201373,0.00484402914847,0.030881965923,0.959685892916,0.00943214116221,0.990567858839,5.87311296856,0.996890099478,35.4872458118,0,0,0.005,0,0,20.4,40.8012037436,0,0,0,0,0,0,0,0,0,0
12.695,0.0298759706948,0.970124029306,1,1,0.00458283806187,0.00484345181518,0.0252931326329,0.965280577491,0.00942628987705,0.990573710124,5.86935971173,0.997266106995,35.4439231138,0,0,0.005,0,0,20.4,40.8012037436,0,0,0,0,0,0,0,0,0,0
12.7,0.0310045644585,0.968995435543,1,1,0.00457763281088,0.00484300927685,0.0264269316476,0.964152426266,0.00942064208773,0.990579357913,5.86545795847,0.997658292181,35.3989191305,0,0,0.005,0,0,20.4,40.8012037436,0,0,0,0,0,0,0,0,0,0
12.705,0.0387912377356,0.961208762265,1,1,0.00457254746782,0.00484274761826,0.0342186902678,0.956366014647,0.00941529508608,0.990584704915,5.86140780629,0.998066785831,35.3522387807,0,0,0.005,0,0,20.4,40.8012037436,0,0,0,0,0,0,0,0,0,0
12.71,0.0530738639348,0.946926136066,1,1,0.00456763297135,0.0048427123589,0.0485062309635,0.942083423707,0.00941034533025,0.990589654671,5.85720936199,0.998491723698,35.3038872325,0,0,0.005,0,0,20.4,40.8012037436,0,0,0,0,0,0,0,0,0,0
12.715,0.073596185252,0.926403814749,1,1,0.00456293884771,0.00484294734108,0.0690332464043,0.921560867408,0.00940588618879,0.990594113812,5.8528627415,0.998933246332,35.2538699014,0,0,0.005,0,0,20.4,40.8012037436,0,0,0,0,0,0,0,0,0,0
12.72,0.1000126003,0.899987399701,1,1,0.00455851206307,0.00484349362092,0.0954540882369,0.89514390608,0.00940200568399,0.990597994317,5.8483680697,0.999391498909,35.2021924468,0,0,0.005,0,0,20.4,40.8012037436,0,0,0,0,0,0,0,0,0,0
12.725,0.131894273546,0.868105726455,1,1,0.00455439590519,0.00484438839532,0.127339877641,0.86326133806,0.00939878430052,0.990601215701,5.84372548018,0.999866631035,35.1488607676,0,0,0.005,0,0,20.4,40.8012037436,0,0,0,0,0,0,0,0,0,0
12.73,0.168736454347,0.831263545654,1,1,0.0045506289268,0.0048456639969,0.16418582542,0.826417881657,0.0093962929237,0.990603707077,5.83893511488,1.00035879655,35.0938809976,0,0,0.005,0,0,20.4,40.8012037436,0,0,0,0,0,0,0,0,0,0
12.735,0.209966875234,0.790033124767,1,1,0.00454724398106,0.00484734698711,0.205419631253,0.78518577778,0.00939459096817,0.990605409033,5.83399712369,1.00086815331,35.0372594995,0,0,0.005,0,0,20.4,40.8012037436,0,0,0,0,0,0,0,0,0,0
12.74,0.254955083365,0.745044916636,1,1,0.00454426737715,0.00484945737469,0.250410815988,0.740195459261,0.00939372475184,0.990606275249,5.82891166398,1.00139486298,34.9790028581,0,0,0.005,0,0,20.4,40.8012037436,0,0,0,0,0,0,0,0,0,0
12.745,0.303022546009,0.696977453992,1,1,0.00454171818003,0.00485200798248,0.298480827829,0.69212544601,0.00939372616251,0.990606273839,5.82367890013,1.00193909081,34.9191178735,0,0,0.005,0,0,20.4,40.8012037436,0,0,0,0,0,0,0,0,0,0
12.75,0.353453360637,0.646546639364,1,1,0.00453960767408,0.00485500398121,0.348913752963,0.641691635382,0.00939461165529,0.990605388346,5.81829900294,1.00250100542,34.8576115535,0,0,0.005,0,0,20.4,40.8012037436,0,0,0,0,0,0,0,0,0,0
12.755,0.405505392977,0.594494607024,1,1,0.00453793900535,0.00485844260339,0.400967453972,0.58963616442,0.00939638160875,0.990603618392,5.81277214906,1.00308077859,34.7944911052,0,0,0.005,0,0,20.4,40.8012037436,0,0,0,0,0,0,0,0,0,0
12.76,0.45842166208,0.541578337921,1,1,0.0045367070116,0.00486231304497,0.453884955068,0.536716024876,0.00939902005657,0.990600979944,5.80709852037,1.00367858502,34.7297639274,0,0,0.005,0,0,20.4,40.8012037436,0,0,0,0,0,0,0,0,0,0
12.765,0.51144179033,0.488558209671,1,1,0.00453589824373,0.00486659655641,0.506905892086,0.483691613115,0.00940249480014,0.990597505201,5.80127830338,1.00429460218,34.6634376013,0,0,0.005,0,0,20.4,40.8012037436,0,0,0,0,0,0,0,0,0,0
12.77,0.563813338158,0.436186661843,1,1,0.00453549117666,0.00487126671948,0.559277846981,0.431315395123,0.00940675789614,0.990593242105,5.79531168856,1.00492901005,34.5955198828,0,0,0.005,0,0,20.4,40.8012037436,0,0,0,0,0,0,0,0,0,0
12.775,0.614802848025,0.385197151976,1,1,0.00453545660216,0.00487628990018,0.610267391423,0.380320862076,0.00941174650234,0.990588253499,5.78919886971,1.00558199102,34.5260186937,0,0,0.005,0,0,20.4,40.8012037436,0,0,0,0,0,0,0,0,0,0
12.78,0.663706429884,0.336293570117,1,1,0.00453575819122,0.00488162586362,0.659170671693,0.331411944253,0.00941738405484,0.990582615946,5.78294004338,1.00625372966,34.4549421138,0,0,0.005,0,0,20.4,40.8012037436,0,0,0,0,0,0,0,0,0,0
12.785,0.709859730573,0.290140269428,1,1,0.00453635320912,0.00488722853202,0.705323377364,0.285253040896,0.00942358174114,0.99057641826,5.77653540822,1.00694441264,34.3822983726,0,0,0.005,0,0,20.4,40.8012037436,0,0,0,0,0,0,0,0,0,0
12.79,0.752647142271,0.24735285773,1,1,0.00453719336248,0.00489304686368,0.748109948908,0.242459810867,0.00943024022616,0.990569759775,5.76998516445,1.00765422856,34.3080958423,0,0,0.005,0,0,20.4,40.8012037436,0,0,0,0,0,0,0,0,0,0
12.795,0.791510119964,0.208489880037,1,1,0.0045382257548,0.00489902582774,0.78697189421,0.203590854209,0.00943725158255,0.990562748419,5.76328951329,1.00838336784,34.2323430305,0,0,0.005,0,0,20.4,40.8012037436,0,0,0,0,0,0,0,0,0,0
12.8,0.825954494565,0.174045505436,1,1,0.0045393939247,0.00490510744794,0.82141510064,0.169140397989,0.00944450137264,0.990555498628,5.75644865647,1.0091320227,34.1550485739,0,0,0.005,0,0,20.4,40.8012037436,0,0,0,0,0,0,0,0,0,0
12.805,0.855556686517,0.144443313484,1,1,0.00454063894,0.00491123188767,0.851016047577,0.139532081597,0.00945187082768,0.990548129173,5.74946279584,1.00990038703,34.0762212324,0,0,0.005,0,0,20.4,40.8012037436,0,0,0,0,0,0,0,0,0,0
12.81,0.879968744177,0.120031255824,1,1,0.00454190052048,0.00491733854868,0.875426843657,0.115113917275,0.00945923906916,0.990540760932,5.74233213289,1.01068865639,33.9958698846,0,0,0.005,0,0,20.4,40.8012037436,0,0,0,0,0,0,0,0,0,0
12.815,0.898922151485,0.101077848517,1,1,0.00454311816253,0.00492336715665,0.894379033322,0.0961544813599,0.00946648531918,0.990533514682,5.73505686852,1.011497028,33.9140035228,0,0,0.005,0,0,20.4,40.8012037436,0,0,0,0,0,0,0,0,0,0
12.82,0.912230370196,0.0877696298047,1,1,0.00454423224038,0.00492925880873,0.907686137956,0.0828403709959,0.00947349104912,0.990526508952,5.7276372027,1.0123257007,33.83063125,0,0,0.005,0,0,20.4,40.8012037436,0,0,0,0,0,0,0,0,0,0
12.825,0.919790102839,0.0802098971622,1,1,0.00454518506057,0.00493495696048,0.915244917778,0.0752749402017,0.00948014202104,0.99051985798,5.72007333432,1.01317487504,33.7457622774,0,0,0.005,0,0,20.4,40.8012037436,0,0,0,0,0,0,0,0,0,0
12.83,0.921581283144,0.0784187168567,1,1,0.0045459218486,0.00494040833246,0.917035361296,0.0734783085242,0.00948633018106,0.99051366982,5.71236546104,1.01404475328,33.6594059222,0,0,0.005,0,0,20.4,40.8012037436,0,0,0,0,0,0,0,0,0,0
12.835,0.917665820821,0.0823341791805,1,1,0.00454639165017,0.00494556372048,0.91311942917,0.07738861546,0.00949195537065,0.99050804463,5.70451377924,1.01493553944,33.5715716068,0,0,0.005,0,0,20.4,40.8012037436,0,0,0,0,0,0,0,0,0,0
12.84,0.908185146654,0.0918148533471,1,1,0.00454654813209,0.00495037869662,0.903638598522,0.0868644746505,0.00949692682872,0.990503073172,5.69651848402,1.01584743941,33.4822688589,0,0,0.005,0,0,20.4,40.8012037436,0,0,0,0,0,0,0,0,0,0
12.845,0.893356621918,0.106643378084,1,1,0.00454635027179,0.00495481419224,0.888810271646,0.101688563891,0.00950116446402,0.990498835537,5.68837976926,1.01678066101,33.391507312,0,0,0.005,0,0,20.4,40.8012037436,0,0,0,0,0,0,0,0,0,0
12.85,0.87346889254,0.126531107461,1,1,0.0045457629275,0.00495883695761,0.868923129612,0.121572270504,0.00950459988511,0.990495400116,5.68009782781,1.0177354141,33.2992967066,0,0,0.005,0,0,20.4,40.8012037436,0,0,0,0,0,0,0,0,0,0
12.855,0.848876283273,0.151123716728,1,1,0.00454475728472,0.0049624198964,0.844331525989,0.146161296831,0.00950717718112,0.99049282282,5.67167285162,1.01871191067,33.2056468927,0,0,0.005,0,0,20.4,40.8012037436,0,0,0,0,0,0,0,0,0,0
12.86,0.819992339959,0.180007660042,1,1,0.00454331117725,0.00496554227628,0.815449028782,0.175042117765,0.00950885345353,0.990491146548,5.66310503206,1.01971036494,33.1105678326,0,0,0.005,0,0,20.4,40.8012037436,0,0,0,0,0,0,0,0,0,0
12.865,0.787282638764,0.212717361237,1,1,0.00454140928435,0.00496818981969,0.782741229479,0.207749171418,0.00950959910404,0.990490400897,5.65439456022,1.02073099347,33.0140696036,0,0,0.005,0,0,20.4,40.8012037436,0,0,0,0,0,0,0,0,0,0
12.87,0.751256989823,0.248743010178,1,1,0.00453904320762,0.00497035468135,0.746717946616,0.243772655496,0.00950939788896,0.990490602112,5.64554162721,1.02177401526,32.9161624028,0,0,0.005,0,0,20.4,40.8012037436,0,0,0,0,0,0,0,0,0,0
12.875,0.712461169023,0.287538830978,1,1,0.00453621143318,0.00497203532049,0.707924957589,0.282566795658,0.00950824675367,0.990491753247,5.63654642465,1.02283965184,32.8168565506,0,0,0.005,0,0,20.4,40.8012037436,0,0,0,0,0,0,0,0,0,0
12.88,0.67146831555,0.328531684451,1,1,0.00453291918665,0.00497323627758,0.666935396364,0.323558448173,0.00950615546422,0.990493844537,5.62740914503,1.02392812737,32.7161624956,0,0,0.005,0,0,20.4,40.8012037436,0,0,0,0,0,0,0,0,0,0
12.885,0.628870134498,0.371129865503,1,1,0.00452917818908,0.00497396786564,0.624340956309,0.366155897638,0.00950314605472,0.990496853946,5.61812998223,1.02503966868,32.6140908196,0,0,0.005,0,0,20.4,40.8012037436,0,0,0,0,0,0,0,0,0,0
12.89,0.58526804306,0.414731956941,1,1,0.00452500632314,0.0049742457872,0.580743036737,0.409757711154,0.00949925211034,0.990500747891,5.60870913194,1.02617450536,32.5106522422,0,0,0.005,0,0,20.4,40.8012037436,0,0,0,0,0,0,0,0,0,0
12.895,0.541264395988,0.458735604013,1,1,0.00452042721904,0.00497409068737,0.536743968769,0.453761513326,0.00949451790642,0.990505482095,5.59914679223,1.02733286977,32.4058576262,0,0,0.005,0,0,20.4,40.8012037436,0,0,0,0,0,0,0,0,0,0
12.9,0.497453920924,0.502546079077,1,1,0.00451546977002,0.00497352765362,0.492938451154,0.497572551423,0.00948899742364,0.990511002577,5.58944316399,1.02851499708,32.2997179827,0,0,0.005,0,0,20.4,40.8012037436,0,0,0,0,0,0,0,0,0,0
12.905,0.454415487275,0.545584512726,1,1,0.00451016758685,0.00497258567209,0.449905319688,0.540611927054,0.00948275325894,0.990517246742,5.57959845148,1.02972112527,32.1922444756,0,0,0.005,0,0,20.4,40.8012037436,0,0,0,0,0,0,0,0,0,0
12.91,0.41270432351,0.587295676491,1,1,0.00450455840093,0.00497129704968,0.408199765109,0.582324379442,0.00947585545061,0.99052414455,5.56961286278,1.03095149506,32.0834484264,0,0,0.005,0,0,20.4,40.8012037436,0,0,0,0,0,0,0,0,0,0
12.915,0.372844787437,0.627155212564,1,1,0.00449868342504,0.00496969681033,0.368346104012,0.622185515754,0.00946838023537,0.990531619766,5.55948661033,1.03220634992,31.9733413193,0,0,0.005,0,0,20.4,40.8012037436,0,0,0,0,0,0,0,0,0,0
12.92,0.335323782293,0.664676217708,1,1,0.00449258668054,0.00496782207329,0.330831195612,0.659708395635,0.00946040875383,0.990539591247,5.54921991133,1.03348593596,31.8619348041,0,0,0.005,0,0,20.4,40.8012037436,0,0,0,0,0,0,0,0,0,0
12.925,0.300584898656,0.699415101346,1,1,0.00448631429957,0.00496571142053,0.296098584356,0.694449389925,0.0094520257201,0.990547974281,5.53881298821,1.03479050179,31.7492407009,0,0,0.005,0,0,20.4,40.8012037436,0,0,0,0,0,0,0,0,0,0
12.93,0.269023348488,0.730976651514,1,1,0.00447991381083,0.00496340425985,0.264543434677,0.726013247254,0.00944331807068,0.99055668193,5.52826606903,1.03612029847,31.6352710028,0,0,0.005,0,0,20.4,40.8012037436,0,0,0,0,0,0,0,0,0,0
12.935,0.240981743277,0.759018256724,1,1,0.00447343341701,0.00496094019019,0.23650830986,0.754057316534,0.0094343736072,0.990565626394,5.51757938783,1.03747557928,31.5200378786,0,0,0.005,0,0,20.4,40.8012037436,0,0,0,0,0,0,0,0,0,0
12.94,0.216746753564,0.783253246437,1,1,0.00446692127256,0.00495835837525,0.212279832292,0.778294888062,0.00942527964781,0.990574720353,5.50675318497,1.03885659956,31.4035536746,0,0,0.005,0,0,20.4,40.8012037436,0,0,0,0,0,0,0,0,0,0
12.945,0.196546672342,0.803453327659,1,1,0.00446042477024,0.00495569693189,0.192086247572,0.798497630727,0.00941612170214,0.990583878299,5.49578770741,1.04026361653,31.2858309168,0,0,0.005,0,0,20.4,40.8012037436,0,0,0,0,0,0,0,0,0,0
12.95,0.180549890147,0.819450109854,1,1,0.00445398984541,0.00495299233973,0.176095900301,0.814497117514,0.00940698218514,0.990593017816,5.48468320893,1.04169688901,31.1668823109,0,0,0.005,0,0,20.4,40.8012037436,0,0,0,0,0,0,0,0,0,0
12.955,0.168864275385,0.831135724616,1,1,0.0044476603071,0.004950278879,0.164416615078,0.826185445737,0.00939793918611,0.990602060815,5.47343995033,1.0431566772,31.046720743,0,0,0.005,0,0,20.4,40.8012037436,0,0,0,0,0,0,0,0,0,0
12.96,0.161537439752,0.838462560249,1,1,0.00444147720553,0.00494758810395,0.157095962547,0.833514972145,0.00938906530948,0.990610934692,5.46205819954,1.04464324241,30.9253592791,0,0,0.005,0,0,20.4,40.8012037436,0,0,0,0,0,0,0,0,0,0
12.965,0.158557855708,0.841442144293,1,1,0.00443547824551,0.00494494835945,0.154122377462,0.836497195934,0.00938042660496,0.990619573396,5.45053823174,1.04615684677,30.8028111637,0,0,0.005,0,0,20.4,40.8012037436,0,0,0,0,0,0,0,0,0,0
12.97,0.159856781065,0.840143218936,1,1,0.00442969725577,0.00494238434903,0.155427083809,0.835200834587,0.0093720816048,0.990627918396,5.43888032937,1.0476977529,30.6790898187,0,0,0.005,0,0,20.4,40.8012037436,0,0,0,0,0,0,0,0,0,0
12.975,0.165310935007,0.834689064994,1,1,0.00442416372372,0.00493991676238,0.160886771283,0.829749148232,0.0093640804861,0.990635919515,5.42708478212,1.04926622362,30.5542088403,0,0,0.005,0,0,20.4,40.8012037436,0,0,0,0,0,0,0,0,0,0
12.98,0.174745860333,0.825254139668,1,1,0.00441890240498,0.00493756197059,0.170326957928,0.820316577697,0.00935646437557,0.990643535626,5.41515188684,1.05086252166,30.428181997,0,0,0.005,0,0,20.4,40.8012037436,0,0,0,0,0,0,0,0,0,0
12.985,0.187939898655,0.812060101346,1,1,0.00441393301645,0.00493533179674,0.183525965638,0.80712476955,0.00934926481319,0.990650735188,5.40308194747,1.05248690927,30.3010232253,0,0,0.005,0,0,20.4,40.8012037436,0,0,0,0,0,0,0,0,0,0
12.99,0.20462869859,0.795371301411,1,1,0.00440927002047,0.00493323336914,0.200219428569,0.790438068042,0.00934250338961,0.990657496611,5.39087527486,1.05413964793,30.1727466265,0,0,0.005,0,0,20.4,40.8012037436,0,0,0,0,0,0,0,0,0,0
12.995,0.224510171905,0.775489828096,1,1,0.00440492250642,0.00493126906284,0.220105249398,0.770558559033,0.00933619156926,0.990663808432,5.37853218658,1.05582099802,30.043366462,0,0,0.005,0,0,20.4,40.8012037436,0,0,0,0,0,0,0,0,0,0
13,0.247249808926,0.752750191075,1,1,0.00440089417429,0.00492943653433,0.242848914752,0.747820754541,0.00933033070862,0.990669669292,5.36605300668,1.05753121849,29.9128971486,0,0,0.005,0,0,20.4,40.8012037436,0,0,0,0,0,0,0,0,0,0
13.005,0.272486262498,0.727513737503,1,1,0.004397183423,0.00492772885171,0.268089079075,0.722586008652,0.00932491227471,0.990675087726,5.35343806544,1.05927056655,29.7813532537,0,0,0.005,0,0,20.4,40.8012037436,0,0,0,0,0,0,0,0,0,0
13.01,0.299837109201,0.7001628908,1,1,0.0043937835433,0.00492613472119,0.295443325658,0.695236756079,0.00931991826449,0.990680081737,5.34068769906,1.06103929735,29.6487494894,0,0,0.005,0,0,20.4,40.8012037436,0,0,0,0,0,0,0,0,0,0
13.015,0.328904697437,0.671095302564,1,1,0.00439068301339,0.00492463880781,0.324514014423,0.666170663757,0.0093153218212,0.99068467818,5.32780224935,1.06283766372,29.5151007076,0,0,0.005,0,0,20.4,40.8012037436,0,0,0,0,0,0,0,0,0,0
13.02,0.35928199425,0.640718005751,1,1,0.00438786589184,0.00492322214595,0.354894128359,0.635794783605,0.00931108803779,0.990688911963,5.31478206341,1.06466591586,29.3804218939,0,0,0.005,0,0,20.4,40.8012037436,0,0,0,0,0,0,0,0,0,0
13.025,0.390558346327,0.609441653674,1,1,0.00438531230035,0.00492186263235,0.386173034027,0.604519791041,0.0093071749327,0.990692825068,5.30162749325,1.06652430107,29.244728162,0,0,0.005,0,0,20.4,40.8012037436,0,0,0,0,0,0,0,0,0,0
13.03,0.422325075306,0.577674924695,1,1,0.00438299898569,0.00492053559179,0.41794207632,0.572754389103,0.00930353457748,0.990696465424,5.28833889545,1.06841306358,29.1080347476,0,0,0.005,0,0,20.4,40.8012037436,0,0,0,0,0,0,0,0,0,0
13.035,0.454180833328,0.545819166673,1,1,0.00438089994798,0.00491921440286,0.44979993338,0.54089995227,0.00930011435084,0.99069988565,5.27491663079,1.07033244425,28.970357003,0,0,0.005,0,0,20.4,40.8012037436,0,0,0,0,0,0,0,0,0,0
13.04,0.485736651407,0.514263348594,1,1,0.00437898712008,0.00491787116906,0.481357664287,0.509345477425,0.00929685828914,0.990703141712,5.26136106389,1.07228268041,28.8317103914,0,0,0.005,0,0,20.4,40.8012037436,0,0,0,0,0,0,0,0,0,0
13.045,0.516620620634,0.483379379367,1,1,0.004377231081,0.00491647741851,0.512243389553,0.478462901948,0.00929370849952,0.990706291502,5.24767256285,1.07426400573,28.6921104809,0,0,0.005,0,0,20.4,40.8012037436,0,0,0,0,0,0,0,0,0,0
13.05,0.546482154262,0.453517845739,1,1,0.00437560178497,0.0049150048141,0.542106552477,0.448602840925,0.00929060659908,0.990709393402,5.23385149888,1.07627664998,28.5515729396,0,0,0.005,0,0,20.4,40.8012037436,0,0,0,0,0,0,0,0,0,0
13.055,0.574995787189,0.425004212812,1,1,0.00437406928691,0.0049134258549,0.570621717902,0.420090786957,0.00928749514182,0.990712504859,5.21989824598,1.078320839,28.4101135303,0,0,0.005,0,0,20.4,40.8012037436,0,0,0,0,0,0,0,0,0,0
13.06,0.601864478151,0.39813552185,1,1,0.00437260444492,0.00491171454959,0.597491873706,0.3932238073,0.00928431899451,0.990715681007,5.20581318064,1.08039679456,28.2677481055,0,0,0.005,0,0,20.4,40.8012037436,0,0,0,0,0,0,0,0,0,0
13.065,0.626822388808,0.373177611193,1,1,0.00437117958082,0.0049098470429,0.622451209227,0.36826776415,0.00928102662372,0.990718973377,5.19159668149,1.08250473429,28.124492603,0,0,0.005,0,0,20.4,40.8012037436,0,0,0,0,0,0,0,0,0,0
13.07,0.649637122839,0.350362877162,1,1,0.00436976908099,0.0049078021773,0.645267353758,0.345455074985,0.00927757125829,0.990722428743,5.17724912905,1.08464487165,27.9803630419,0,0,0.005,0,0,20.4,40.8012037436,0,0,0,0,0,0,0,0,0,0
13.075,0.670111416882,0.329888583119,1,1,0.00436834992141,0.00490556197376,0.665743066961,0.324983021145,0.00927391189516,0.990726088106,5.16277090548,1.08681741588,27.835375518,0,0,0.005,0,0,20.4,40.8012037436,0,0,0,0,0,0,0,0,0,0
13.08,0.688084283627,0.311915716374,1,1,0.00436690210318,0.00490311201811,0.683717381524,0.307012604356,0.00927001412129,0.99072998588,5.14816239434,1.08902257204,27.6895462009,0,0,0.005,0,0,20.4,40.8012037436,0,0,0,0,0,0,0,0,0,0
13.085,0.703431615406,0.296568384595,1,1,0.00436540898793,0.00490044174217,0.699066206418,0.291667942853,0.0092658507301,0.990734149271,5.13342398041,1.091260541,27.5428913309,0,0,0.005,0,0,20.4,40.8012037436,0,0,0,0,0,0,0,0,0,0
13.09,0.71606626419,0.283933735811,1,1,0.00436385752526,0.00489754459248,0.711702406665,0.279036191218,0.00926140211774,0.990738597883,5.11855604949,1.09353151948,27.3954272158,0,0,0.005,0,0,20.4,40.8012037436,0,0,0,0,0,0,0,0,0,0
13.095,0.725937620802,0.274062379199,1,1,0.00436223836861,0.00489441808294,0.721575382433,0.269167961116,0.00925665645154,0.99074334355,5.10355898831,1.09583570011,27.2471702288,0,0,0.005,0,0,20.4,40.8012037436,0,0,0,0,0,0,0,0,0,0
13.1,0.733030722409,0.266969277592,1,1,0.00436054587901,0.00489106373194,0.72867017653,0.262078213861,0.00925160961095,0.99074839039,5.0884331844,1.09817327153,27.0981368064,0,0,0.005,0,0,20.4,40.8012037436,0,0,0,0,0,0,0,0,0,0
13.105,0.737364922863,0.262635077138,1,1,0.00435877802059,0.00488748688806,0.733006144842,0.25774759025,0.00924626490866,0.990753735092,5.07317902602,1.10054441841,26.9483434469,0,0,0.005,0,0,20.4,40.8012037436,0,0,0,0,0,0,0,0,0,0
13.11,0.738992165123,0.261007834878,1,1,0.00435693615463,0.00488369645252,0.734635228968,0.256124138426,0.00924063260715,0.990759367394,5.05779690211,1.1029493216,26.7978067091,0,0,0.005,0,0,20.4,40.8012037436,0,0,0,0,0,0,0,0,0,0
13.115,0.73799489886,0.262005101141,1,1,0.00435502474282,0.00487970450996,0.733639874117,0.257125396631,0.00923472925277,0.990765270748,5.04228720232,1.10538815823,26.646543211,0,0,0.005,0,0,20.4,40.8012037436,0,0,0,0,0,0,0,0,0,0
13.12,0.734483689362,0.265516310639,1,1,0.00435305097299,0.00487552588213,0.730130638389,0.260640784757,0.00922857685512,0.990771423146,5.02665031695,1.10786110178,26.4945696297,0,0,0.005,0,0,20.4,40.8012037436,0,0,0,0,0,0,0,0,0,0
13.125,0.728594565991,0.27140543401,1,1,0.00435102432305,0.00487117762172,0.724243541668,0.266534256389,0.00922220194478,0.990777798056,5.01088663707,1.11036832222,26.3419027006,0,0,0.005,0,0,20.4,40.8012037436,0,0,0,0,0,0,0,0,0,0
13.13,0.720486159775,0.279513840226,1,1,0.00434895608051,0.00486667846508,0.716137203694,0.274647161761,0.00921563454559,0.990784365455,4.99499655457,1.11290998612,26.1885592174,0,0,0.005,0,0,20.4,40.8012037436,0,0,0,0,0,0,0,0,0,0
13.135,0.710336680206,0.289663319795,1,1,0.00434685883613,0.00486204826399,0.70598982137,0.284801271531,0.00920890710012,0.990791092901,4.97898046221,1.11548625676,26.0345560321,0,0,0.005,0,0,20.4,40.8012037436,0,0,0,0,0,0,0,0,0,0
13.14,0.69834078103,0.301659218971,1,1,0.00434474597047,0.00485730741667,0.69399603506,0.296801911554,0.00920205338714,0.990797946614,4.9628387538,1.11809729424,25.8799100556,0,0,0.005,0,0,20.4,40.8012037436,0,0,0,0,0,0,0,0,0,0
13.145,0.684706363802,0.315293636199,1,1,0.00434263115164,0.00485247631768,0.680363732651,0.310441159881,0.00919510746932,0.990804892532,4.94657182429,1.12074325556,25.7246382578,0,0,0.005,0,0,20.4,40.8012037436,0,0,0,0,0,0,0,0,0,0
13.15,0.669651366291,0.33034863371,1,1,0.00434052786156,0.00484757484517,0.66531083843,0.325501058865,0.00918810270672,0.990811897294,4.93018006994,1.12342429475,25.5687576681,0,0,0.005,0,0,20.4,40.8012037436,0,0,0,0,0,0,0,0,0,0
13.155,0.653400580507,0.346599419494,1,1,0.00433844896595,0.00484262190178,0.649062131541,0.341756797592,0.00918107086773,0.990818929133,4.91366388846,1.12614056292,25.4122853762,0,0,0.005,0,0,20.4,40.8012037436,0,0,0,0,0,0,0,0,0,0
13.16,0.636182542286,0.363817457715,1,1,0.00433640634131,0.00483763502297,0.631846135945,0.358979822692,0.00917404136427,0.990825958637,4.89702367923,1.12889220837,25.2552385331,0,0,0.005,0,0,20.4,40.8012037436,0,0,0,0,0,0,0,0,0,0
13.165,0.618226531054,0.381773468947,1,1,0.00433441056886,0.0048326300631,0.613892120485,0.376940838884,0.00916704063197,0.990832959369,4.88025984343,1.13167937662,25.0976343509,0,0,0.005,0,0,20.4,40.8012037436,0,0,0,0,0,0,0,0,0,0
13.17,0.599759714686,0.400240285315,1,1,0.00433247070281,0.00482762096663,0.595427243983,0.395412664349,0.00916009166944,0.990839908332,4.86337278427,1.13450221047,24.9394901043,0,0,0.005,0,0,20.4,40.8012037436,0,0,0,0,0,0,0,0,0,0
13.175,0.581004470379,0.418995529623,1,1,0.0043305941164,0.00482261962731,0.576673876262,0.414172909995,0.00915321374371,0.990846786257,4.84636290716,1.13736085004,24.7808231311,0,0,0.005,0,0,20.4,40.8012037436,0,0,0,0,0,0,0,0,0,0
13.18,0.562175908218,0.437824091783,1,1,0.00432878642641,0.00481763583544,0.557847121792,0.433006455948,0.00914642226185,0.990853577739,4.82923061991,1.14025543279,24.6216508323,0,0,0.005,0,0,20.4,40.8012037436,0,0,0,0,0,0,0,0,0,0
13.185,0.54347961973,0.456520380271,1,1,0.00432705149318,0.00481267730875,0.539152568237,0.451707702963,0.00913972880194,0.990860271199,4.81197633293,1.1431860935,24.4619906731,0,0,0.005,0,0,20.4,40.8012037436,0,0,0,0,0,0,0,0,0,0
13.19,0.525109669254,0.474890330747,1,1,0.00432539149049,0.00480774979986,0.520784277763,0.470082580947,0.00913314129035,0.990866858711,4.7946004594,1.14615296431,24.3018601829,0,0,0.005,0,0,20.4,40.8012037436,0,0,0,0,0,0,0,0,0,0
13.195,0.507246841526,0.492753158475,1,1,0.00432380703678,0.00480285727011,0.502923034489,0.487950301205,0.00912666430689,0.990873335694,4.77710341546,1.14915617463,24.1412769557,0,0,0.005,0,0,20.4,40.8012037436,0,0,0,0,0,0,0,0,0,0
13.2,0.490057154457,0.509942845544,1,1,0.00432229737761,0.00479800211726,0.485734857079,0.505144843427,0.00912029949487,0.990879700506,4.75948562038,1.15219585117,23.98025865,0,0,0.005,0,0,20.4,40.8012037436,0,0,0,0,0,0,0,0,0,0
13.205,0.473690641855,0.526309358146,1,1,0.00432086060717,0.00479318544303,0.469369781248,0.521516172703,0.0091140460502,0.990885953951,4.74174749673,1.15527211781,23.818822989,0,0,0.005,0,0,20.4,40.8012037436,0,0,0,0,0,0,0,0,0,0
13.21,0.458280406758,0.541719593243,1,1,0.00431949391614,0.00478840734538,0.453960912842,0.536931185898,0.00910790126151,0.99089209874,4.72388947054,1.15838509559,23.6569877596,0,0,0.005,0,0,20.4,40.8012037436,0,0,0,0,0,0,0,0,0,0
13.215,0.443941942226,0.556058057776,1,1,0.00431819385283,0.00478366722043,0.439623748373,0.551274390555,0.00910186107326,0.990898138928,4.70591197141,1.16153490259,23.4947708126,0,0,0.005,0,0,20.4,40.8012037436,0,0,0,0,0,0,0,0,0,0
13.22,0.430772712903,0.569227287098,1,1,0.0043169565849,0.00477896405914,0.426455756318,0.564448323039,0.00909592064404,0.990904079357,4.68781543268,1.16472165385,23.3321900618,0,0,0.005,0,0,20.4,40.8012037436,0,0,0,0,0,0,0,0,0,0
13.225,0.418851987423,0.581148012578,1,1,0.00431577814974,0.00477429672531,0.414536209273,0.576373715853,0.00909007487505,0.990909925126,4.66960029148,1.16794546129,23.1692634827,0,0,0.005,0,0,20.4,40.8012037436,0,0,0,0,0,0,0,0,0,0
13.23,0.408240908858,0.591759091143,1,1,0.00431465468332,0.00476966420308,0.403926254175,0.58698942694,0.00908431888639,0.990915681115,4.6512669889,1.17120643354,23.006009112,0,0,0.005,0,0,20.4,40.8012037436,0,0,0,0,0,0,0,0,0,0
13.235,0.398982787922,0.601017212079,1,1,0.00431358261872,0.00476506580429,0.394669205303,0.596252146275,0.00907864842301,0.990921351578,4.63281597002,1.17450467585,22.8424450457,0,0,0.005,0,0,20.4,40.8012037436,0,0,0,0,0,0,0,0,0,0
13.24,0.391103601477,0.608896398525,1,1,0.00431255884813,0.00476050132878,0.386791042628,0.604135897196,0.00907306017691,0.990926939824,4.61424768401,1.17784028997,22.678589438,0,0,0.005,0,0,20.4,40.8012037436,0,0,0,0,0,0,0,0,0,0
13.245,0.384612677196,0.615387322805,1,1,0.00431158084388,0.00475597117325,0.380301096352,0.610631351632,0.00906755201714,0.990932447984,4.59556258413,1.18121337398,22.5144604996,0,0,0.005,0,0,20.4,40.8012037436,0,0,0,0,0,0,0,0,0,0
13.25,0.379503543868,0.620496456133,1,1,0.00431064673675,0.00475147638724,0.375192897131,0.615744979746,0.009062123124,0.990937876877,4.57676112784,1.18462402218,22.3500764952,0,0,0.005,0,0,20.4,40.8012037436,0,0,0,0,0,0,0,0,0,0
13.255,0.375754925864,0.624245074137,1,1,0.00430975535176,0.00474701867737,0.371445170512,0.61949805546,0.00905677402913,0.990943225972,4.55784377675,1.18807232495,22.1854557425,0,0,0.005,0,0,20.4,40.8012037436,0,0,0,0,0,0,0,0,0,0
13.26,0.373331859722,0.626668140279,1,1,0.00430890620378,0.00474260036346,0.369022953518,0.621925539916,0.00905150656724,0.990948493434,4.53881099665,1.19155836857,22.020616609,0,0,0.005,0,0,20.4,40.8012037436,0,0,0,0,0,0,0,0,0,0
13.265,0.372186910553,0.627813089448,1,1,0.00430809945689,0.00473822429221,0.367878811096,0.623074865156,0.00904632374909,0.990953676252,4.51966325753,1.19508223512,21.8555775102,0,0,0.005,0,0,20.4,40.8012037436,0,0,0,0,0,0,0,0,0,0
13.27,0.372261466084,0.627738533917,1,1,0.00430733585279,0.00473389371548,0.367954130232,0.623004640201,0.00904122956827,0.990958770433,4.50040103352,1.19864400231,21.6903569068,0,0,0.005,0,0,20.4,40.8012037436,0,0,0,0,0,0,0,0,0,0
13.275,0.373487086569,0.626512913432,1,1,0.00430661661449,0.00472961214178,0.369180469955,0.62178330129,0.00903622875627,0.990963771245,4.48102480285,1.20224374338,21.5249733022,0,0,0.005,0,0,20.4,40.8012037436,0,0,0,0,0,0,0,0,0,0
13.28,0.375786889498,0.624213110503,1,1,0.00430594333193,0.00472538316944,0.371480946166,0.619487727333,0.00903132650137,0.9909686735,4.46153504784,1.20588152692,21.3594452401,0,0,0.005,0,0,20.4,40.8012037436,0,0,0,0,0,0,0,0,0,0
13.285,0.379076948983,0.620923051018,1,1,0.00430531783632,0.00472121031042,0.374771631147,0.616201840708,0.00902652814674,0.990973471854,4.44193225483,1.20955741677,21.193791301,0,0,0.005,0,0,20.4,40.8012037436,0,0,0,0,0,0,0,0,0,0
13.29,0.383267690866,0.616732309135,1,1,0.00430474206958,0.00471709681304,0.378962948797,0.612015212322,0.00902183888262,0.990978161118,4.4222169141,1.21327147191,21.0280300999,0,0,0.005,0,0,20.4,40.8012037436,0,0,0,0,0,0,0,0,0,0
13.295,0.388265265968,0.611734734033,1,1,0.00430421795486,0.00471304549076,0.383961048013,0.607021688542,0.00901726344562,0.990982736555,4.40238951981,1.21702374632,20.8621802832,0,0,0.005,0,0,20.4,40.8012037436,0,0,0,0,0,0,0,0,0,0
13.3,0.393972885384,0.606027114617,1,1,0.00430374727315,0.00470905856326,0.389669138111,0.601318056054,0.00901280583641,0.990987194165,4.3824505699,1.22081428892,20.6962605256,0,0,0.005,0,0,20.4,40.8012037436,0,0,0,0,0,0,0,0,0,0
13.305,0.400292103395,0.599707896606,1,1,0.00430333155027,0.00470513751441,0.395988771845,0.595002759092,0.00900846906468,0.990991530936,4.36240056603,1.22464314343,20.5302895272,0,0,0.005,0,0,20.4,40.8012037436,0,0,0,0,0,0,0,0,0,0
13.31,0.407124035256,0.592875964745,1,1,0.0043029719576,0.00470128297035,0.402821063298,0.588174681775,0.00900425492795,0.990995745073,4.34224001348,1.22851034832,20.3642860106,0,0,0.005,0,0,20.4,40.8012037436,0,0,0,0,0,0,0,0,0,0
13.315,0.41437049891,0.585629501091,1,1,0.00430266922926,0.00469749459965,0.410067829681,0.580932006491,0.00900016382892,0.990999836172,4.32196942104,1.23241593671,20.1982687174,0,0,0.005,0,0,20.4,40.8012037436,0,0,0,0,0,0,0,0,0,0
13.32,0.42193507148,0.578064928521,1,1,0.00430242359815,0.0046937710364,0.417632647882,0.573371157484,0.00899619463455,0.991003805367,4.30158930093,1.23635993634,20.032256406,0,0,0.005,0,0,20.4,40.8012037436,0,0,0,0,0,0,0,0,0,0
13.325,0.429724053172,0.570275946829,1,1,0.00430223475281,0.00469010982642,0.425421818419,0.565585837003,0.00899234457922,0.991007655422,4.28110016868,1.24034236953,19.8662678479,0,0,0.005,0,0,20.4,40.8012037436,0,0,0,0,0,0,0,0,0,0
13.33,0.437647333006,0.562352666995,1,1,0.00430210181794,0.0046865073968,0.433345231188,0.557666159599,0.00898860921474,0.991011390786,4.26050254305,1.24436325306,19.7003218249,0,0,0.005,0,0,20.4,40.8012037436,0,0,0,0,0,0,0,0,0,0
13.335,0.445619152494,0.554380847508,1,1,0.00430202336159,0.0046829590492,0.441317129132,0.549697888458,0.00898498241079,0.99101501759,4.23979694594,1.24842259827,19.5344371267,0,0,0.005,0,0,20.4,40.8012037436,0,0,0,0,0,0,0,0,0,0
13.34,0.453558765024,0.546441234977,1,1,0.00430199743355,0.00467945897843,0.449256767591,0.541761775998,0.00898145641198,0.991018543589,4.21898390226,1.25252041092,19.3686325473,0,0,0.005,0,0,20.4,40.8012037436,0,0,0,0,0,0,0,0,0,0
13.345,0.461390990262,0.538609009739,1,1,0.00430202164101,0.00467600031952,0.457088968621,0.533933009419,0.00897802196053,0.991021978041,4.19806393983,1.25665669127,19.2029268826,0,0,0.005,0,0,20.4,40.8012037436,0,0,0,0,0,0,0,0,0,0
13.35,0.469046664301,0.5309533357,1,1,0.00430209326917,0.0046725752284,0.464744571032,0.526280760472,0.00897466849756,0.991025331504,4.17703758935,1.26083143407,19.0373389279,0,0,0.005,0,0,20.4,40.8012037436,0,0,0,0,0,0,0,0,0,0
13.355,0.476462987639,0.523537012362,1,1,0.00430220945668,0.00466917500389,0.472160778182,0.518867837358,0.00897138446057,0.991028615541,4.15590538423,1.26504462854,18.8718874748,0,0,0.005,0,0,20.4,40.8012037436,0,0,0,0,0,0,0,0,0,0
13.36,0.483583774217,0.516416225784,1,1,0.00430236743768,0.00466579026148,0.479281406779,0.511750435523,0.00896815769916,0.991031842302,4.13466786056,1.26929625843,18.7065913088,0,0,0.005,0,0,20.4,40.8012037436,0,0,0,0,0,0,0,0,0,0
13.365,0.490359605814,0.509640394188,1,1,0.00430256486398,0.00466241117173,0.48605704095,0.504977983016,0.00896497603571,0.991035023965,4.11332555701,1.27358630206,18.5414692067,0,0,0.005,0,0,20.4,40.8012037436,0,0,0,0,0,0,0,0,0,0
13.37,0.496747897007,0.503252102994,1,1,0.00430280022237,0.00465902777909,0.492445096784,0.498593075215,0.00896182800146,0.991038172,4.09187901475,1.27791473235,18.3765399345,0,0,0.005,0,0,20.4,40.8012037436,0,0,0,0,0,0,0,0,0,0
13.375,0.502712876659,0.497287123342,1,1,0.00430307336278,0.00465563041855,0.498409803296,0.492631492924,0.00895870378133,0.99104129622,4.07032877739,1.28228151687,18.2118222446,0,0,0.005,0,0,20.4,40.8012037436,0,0,0,0,0,0,0,0,0,0
13.38,0.50822549252,0.491774507482,1,1,0.00430338615318,0.00465221024901,0.503922106366,0.487122297233,0.0089555964022,0.991044403599,4.0486753909,1.28668661792,18.0473348737,0,0,0.005,0,0,20.4,40.8012037436,0,0,0,0,0,0,0,0,0,0
13.385,0.513263246003,0.486736753998,1,1,0.00430374327595,0.00464875992253,0.508959502727,0.482087994076,0.00895250319848,0.991047496803,4.02691940357,1.29112999259,17.8830965406,0,0,0.005,0,0,20.4,40.8012037436,0,0,0,0,0,0,0,0,0,0
13.39,0.517809964559,0.482190035443,1,1,0.00430415317858,0.00464527440778,0.51350581138,0.477544761035,0.00894942758636,0.991050572415,4.00506136594,1.29561159281,17.7191259444,0,0,0.005,0,0,20.4,40.8012037436,0,0,0,0,0,0,0,0,0,0
13.395,0.521855519256,0.478144480745,1,1,0.00430462918842,0.0046417519838,0.517550890068,0.473502728761,0.00894638117222,0.991053618829,3.98310183076,1.30013136547,17.5554417617,0,0,0.005,0,0,20.4,40.8012037436,0,0,0,0,0,0,0,0,0,0
13.4,0.5253954953,0.474604504701,1,1,0.00430519079666,0.00463819541646,0.521090304503,0.469966309285,0.00894338621312,0.991056613788,3.96104135293,1.30468925248,17.3920626452,0,0,0.005,0,0,20.4,40.8012037436,0,0,0,0,0,0,0,0,0,0
13.405,0.528430823172,0.47156917683,1,1,0.00430586511138,0.00463461332501,0.52412495806,0.466934563505,0.00894047843638,0.991059521565,3.9388804895,1.30928519084,17.2290072215,0,0,0.005,0,0,20.4,40.8012037436,0,0,0,0,0,0,0,0,0,0
13.41,0.530967377978,0.469032622024,1,1,0.004306688473,0.00463102173918,0.526660689505,0.464401600284,0.00893771021217,0.991062289789,3.91661979961,1.31391911278,17.0662940897,0,0,0.005,0,0,20.4,40.8012037436,0,0,0,0,0,0,0,0,0,0
13.415,0.533015554354,0.466984445647,1,1,0.00430770821826,0.00462744583989,0.528707846135,0.462356999808,0.00893515405814,0.991064845943,3.89425984447,1.31859094581,16.9039418186,0,0,0.005,0,0,20.4,40.8012037436,0,0,0,0,0,0,0,0,0,0
13.42,0.534589823988,0.465410176013,1,1,0.00430898457106,0.00462392186701,0.530280839417,0.460786254146,0.00893290643807,0.991067093563,3.87180118732,1.32330061282,16.741968946,0,0,0.005,0,0,20.4,40.8012037436,0,0,0,0,0,0,0,0,0,0
13.425,0.535708282456,0.464291717545,1,1,0.0043105926308,0.0046204991684,0.531397689825,0.459671218377,0.00893109179921,0.991068908202,3.84924439347,1.32804803221,16.5803939765,0,0,0.005,0,0,20.4,40.8012037436,0,0,0,0,0,0,0,0,0,0
13.43,0.536392191623,0.463607808378,1,1,0.00431262442118,0.00461724235409,0.532079567202,0.458990566024,0.00892986677527,0.991070133226,3.82659003021,1.33283311794,16.4192353796,0,0,0.005,0,0,20.4,40.8012037436,0,0,0,0,0,0,0,0,0,0
13.435,0.536665523421,0.46333447658,1,1,0.00431519095595,0.00461423350942,0.532350332465,0.458720243071,0.00892942446537,0.991070575536,3.80383866688,1.33765577966,16.2585115885,0,0,0.005,0,0,20.4,40.8012037436,0,0,0,0,0,0,0,0,0,0
13.44,0.536554510252,0.463445489749,1,1,0.00431842427232,0.00461157441211,0.532236085979,0.458833915337,0.00892999868443,0.991070001317,3.78099087479,1.34251592279,16.0982409982,0,0,0.005,0,0,20.4,40.8012037436,0,0,0,0,0,0,0,0,0,0
13.445,0.536087206783,0.463912793219,1,1,0.00432247937939,0.00460938868953,0.531764727403,0.459303404529,0.00893186806892,0.991068131932,3.75804722729,1.34741344862,15.9384419641,0,0,0.005,0,0,20.4,40.8012037436,0,0,0,0,0,0,0,0,0,0
13.45,0.535293067298,0.464706932703,1,1,0.00432753606714,0.004607823847,0.530965531231,0.460099108856,0.00893535991415,0.991064640087,3.73500829973,1.35234825442,15.7791328002,0,0,0.005,0,0,20.4,40.8012037436,0,0,0,0,0,0,0,0,0,0
13.455,0.534202542248,0.465797457753,1,1,0.00433380052296,0.00460705309356,0.529868741725,0.461190404659,0.00894085361652,0.991059146385,3.71187466945,1.35732023349,15.6203317779,0,0,0.005,0,0,20.4,40.8012037436,0,0,0,0,0,0,0,0,0,0
13.46,0.532846697047,0.467153302954,1,1,0.00434150670663,0.00460727689117,0.52850519034,0.462546026063,0.0089487835978,0.991051216403,3.68864691584,1.3623292753,15.4620571241,0,0,0.005,0,0,20.4,40.8012037436,0,0,0,0,0,0,0,0,0,0
13.465,0.531256855643,0.468743144359,1,1,0.00435091744211,0.00460872415586,0.526905938201,0.464134420203,0.00895964159798,0.991040358403,3.6653256203,1.36737526555,15.3043270197,0,0,0.005,0,0,20.4,40.8012037436,0,0,0,0,0,0,0,0,0,0
13.47,0.529464270845,0.470535729156,1,1,0.00436232519489,0.00461165304539,0.52510194565,0.465924076111,0.00897397824028,0.991026021761,3.64191136629,1.37245808625,15.1471595984,0,0,0.005,0,0,20.4,40.8012037436,0,0,0,0,0,0,0,0,0,0
13.475,0.527499822868,0.472500177134,1,1,0.00437605251742,0.00461635127857,0.52312377035,0.467883825855,0.008992403796,0.991007596205,3.6184047393,1.37757761582,14.990572945,0,0,0.005,0,0,20.4,40.8012037436,0,0,0,0,0,0,0,0,0,0
13.48,0.525393747088,0.474606252913,1,1,0.00439245216208,0.00462313594546,0.521001294926,0.469983116968,0.00901558810754,0.990984411894,3.59480632689,1.38273372918,14.8345850937,0,0,0.005,0,0,20.4,40.8012037436,0,0,0,0,0,0,0,0,0,0
13.485,0.523175391551,0.47682460845,1,1,0.00441190687998,0.00463235278579,0.518763484671,0.472192255665,0.00904425966577,0.990955740335,3.5711167187,1.38792629779,14.6792140267,0,0,0.005,0,0,20.4,40.8012037436,0,0,0,0,0,0,0,0,0,0
13.49,0.520873004338,0.479126995663,1,1,0.00443482894553,0.00464437493488,0.516438175392,0.474482620728,0.00907920388041,0.990920796121,3.54733650645,1.39315518975,14.5244776728,0,0,0.005,0,0,20.4,40.8012037436,0,0,0,0,0,0,0,0,0,0
13.495,0.518513550547,0.481486449455,1,1,0.00446165946882,0.0046596011609,0.514051891078,0.476826848294,0.00912126062972,0.990878739371,3.52346628398,1.39842026988,14.3703939056,0,0,0.005,0,0,20.4,40.8012037436,0,0,0,0,0,0,0,0,0,0
13.5,0.516122558272,0.483877441729,1,1,0.00449286758073,0.00467845364482,0.511629690692,0.479198988084,0.00917132122555,0.990828678776,3.49950664722,1.40372139976,14.2169805421,0,0,0.005,0,0,20.4,40.8012037436,0,0,0,0,0,0,0,0,0,0
13.505,0.513723992705,0.486276007296,1,1,0.00452894959762,0.00470137538291,0.509195043107,0.481574631913,0.00923032498054,0.990769675021,3.47545819426,1.40905843782,14.0642553412,0,0,0.005,0,0,20.4,40.8012037436,0,0,0,0,0,0,0,0,0,0
13.51,0.511340157178,0.488659842823,1,1,0.00457042829261,0.0047288273212,0.506769728885,0.483931015502,0.00929925561381,0.990700744387,3.45132152529,1.4144312394,13.9122360019,0,0,0.005,0,0,20.4,40.8012037436,0,0,0,0,0,0,0,0,0,0
13.515,0.508991619795,0.491008380206,1,1,0.00461785241747,0.00476128535963,0.504373767378,0.486247094846,0.0093791377771,0.990620862224,3.42709724269,1.41983965678,13.7609401618,0,0,0.005,0,0,20.4,40.8012037436,0,0,0,0,0,0,0,0,0,0
13.52,0.506697164091,0.493302835911,1,1,0.0046717966321,0.00479923739084,0.502025367458,0.48850359852,0.00947103402295,0.990528965978,3.40278595097,1.42528353929,13.6103853955,0,0,0.005,0,0,20.4,40.8012037436,0,0,0,0,0,0,0,0,0,0
13.525,0.504473762016,0.495526237986,1,1,0.00473286200607,0.00484318056158,0.499740900009,0.490683057424,0.00957604256766,0.990423957433,3.37838825683,1.43076273332,13.460589213,0,0,0.005,0,0,20.4,40.8012037436,0,0,0,0,0,0,0,0,0,0
13.53,0.502336567466,0.497663432535,1,1,0.00480167725764,0.0048936189643,0.497534890209,0.49276981357,0.00969529622194,0.990304703779,3.35390476914,1.43627708239,13.3115690579,0,0,0.005,0,0,20.4,40.8012037436,0,0,0,0,0,0,0,0,0,0
13.535,0.500298928478,0.499701071524,1,1,0.0048789008899,0.00495106197958,0.495420027588,0.494750009544,0.00982996286948,0.990170037132,3.32933609894,1.44182642722,13.1633423059,0,0,0.005,0,0,20.4,40.8012037436,0,0,0,0,0,0,0,0,0,0
13.54,0.498372416175,0.501627583826,1,1,0.00496522436933,0.00501602349654,0.493407191806,0.496611560329,0.00998124786587,0.990018752135,3.30468285948,1.44741060573,13.0159262633,0,0,0.005,0,0,20.4,40.8012037436,0,0,0,0,0,0,0,0,0,0
13.545,0.496566868574,0.503433131427,1,1,0.00506137646989,0.00508902223704,0.491505492104,0.49834410919,0.0101503987069,0.989849601294,3.27994566617,1.45302945313,12.8693381647,0,0,0.005,0,0,20.4,40.8012037436,0,0,0,0,0,0,0,0,0,0
13.55,0.494890447309,0.505109552693,1,1,0.00516812887503,0.00517058339932,0.489722318434,0.499938969293,0.0103387122743,0.989661287727,3.25512513664,1.45868280195,12.7235951719,0,0,0.005,0,0,20.4,40.8012037436,0,0,0,0,0,0,0,0,0,0
13.555,0.493349705449,0.506650294552,1,1,0.00528630309126,0.00526124181743,0.488063402357,0.501389052735,0.0105475449087,0.989452455092,3.2302218907,1.46437048208,12.578714372,0,0,0.005,0,0,20.4,40.8012037436,0,0,0,0,0,0,0,0,0,0
13.56,0.491949664577,0.508050335424,1,1,0.00541677868043,0.0053615468041,0.486532885897,0.50268878862,0.0107783254845,0.989221674517,3.20523655035,1.47009232083,12.4347127755,0,0,0.005,0,0,20.4,40.8012037436,0,0,0,0,0,0,0,0,0,0
13.565,0.490693899415,0.509306100586,1,1,0.00556050276536,0.00547206880651,0.48513339665,0.503834031779,0.0110325715719,0.988967428429,3.18016973977,1.47584814293,12.2916073147,0,0,0.005,0,0,20.4,40.8012037436,0,0,0,0,0,0,0,0,0,0
13.57,0.489584628345,0.510415371656,1,1,0.00571850070521,0.00559340795744,0.48386612764,0.504821963699,0.0113119086627,0.988688091338,3.15502208532,1.48163777062,12.1494148422,0,0,0.005,0,0,20.4,40.8012037436,0,0,0,0,0,0,0,0,0,0
13.575,0.488622808301,0.5113771917,1,1,0.00589188777611,0.00572620454916,0.482730920525,0.505650987151,0.0116180923253,0.988381907676,3.12979421556,1.48746102365,12.0081521286,0,0,0.005,0,0,20.4,40.8012037436,0,0,0,0,0,0,0,0,0,0
13.58,0.487808232595,0.512191767406,1,1,0.0060818816293,0.00587115139489,0.481726350966,0.506320616011,0.0119530330242,0.988046966977,3.10448676118,1.49331771935,11.8678358613,0,0,0.005,0,0,20.4,40.8012037436,0,0,0,0,0,0,0,0,0,0
13.585,0.487139630368,0.512860369633,1,1,0.00628981523788,0.00602900797538,0.48084981513,0.506831361658,0.0123188232133,0.987681176788,3.07910035505,1.49920767264,11.7284826422,0,0,0.005,0,0,20.4,40.8012037436,0,0,0,0,0,0,0,0,0,0
13.59,0.486614766475,0.513385233526,1,1,0.00651714998428,0.0062006161962,0.480097616491,0.50718461733,0.0127177661805,0.987282233821,3.0536356322,1.50513069608,11.5901089865,0,0,0.005,0,0,20.4,40.8012037436,0,0,0,0,0,0,0,0,0,0
13.595,0.48623054074,0.513769459261,1,1,0.00676548848848,0.00638691750829,0.479465052252,0.507382541753,0.0131524059968,0.986847594004,3.02809322975,1.51108659991,11.4527313205,0,0,0.005,0,0,20.4,40.8012037436,0,0,0,0,0,0,0,0,0,0
13.6,0.485983085626,0.514016914375,1,1,0.0070365867328,0.00658897107132,0.478946498893,0.507427943304,0.0136255578041,0.986374442197,3.00247378699,1.51707519208,11.31636598,0,0,0.005,0,0,20.4,40.8012037436,0,0,0,0,0,0,0,0,0,0
13.605,0.4858678615,0.514132138501,1,1,0.00733236500634,0.00680797256959,0.478535496494,0.507324165931,0.0141403375759,0.985859662425,2.97677794529,1.52309627828,11.1810292085,0,0,0.005,0,0,20.4,40.8012037436,0,0,0,0,0,0,0,0,0,0
13.61,0.485879748786,0.514120251215,1,1,0.00765491717232,0.00704527322541,0.478224831614,0.507074977989,0.0147001903977,0.985299809603,2.95100634812,1.529149662,11.0467371554,0,0,0.005,0,0,20.4,40.8012037436,0,0,0,0,0,0,0,0,0,0
13.615,0.486013136402,0.513986863599,1,1,0.00800651775749,0.00730239849779,0.478006618644,0.506684465102,0.0153089162553,0.984691083746,2.92515964101,1.53523514453,10.9135058744,0,0,0.005,0,0,20.4,40.8012037436,0,0,0,0,0,0,0,0,0,0
13.62,0.486262005996,0.513737994005,1,1,0.00838962637516,0.0075810659075,0.477872379621,0.506156928098,0.0159706922827,0.984029307718,2.89923847159,1.54135252503,10.7813513215,0,0,0.005,0,0,20.4,40.8012037436,0,0,0,0,0,0,0,0,0,0
13.625,0.486620011599,0.513379988402,1,1,0.00880688902434,0.0078832013944,0.477813122575,0.505496787007,0.0166900904187,0.983309909582,2.87324348947,1.54750160056,10.6502893535,0,0,0.005,0,0,20.4,40.8012037436,0,0,0,0,0,0,0,0,0,0
13.63,0.487080554386,0.512919445616,1,1,0.00926113585632,0.00821095359239,0.477819418529,0.504708492023,0.0174720894487,0.982527910552,2.84717534633,1.55368216608,10.5203357259,0,0,0.005,0,0,20.4,40.8012037436,0,0,0,0,0,0,0,0,0,0
13.635,0.487636852345,0.512363147656,1,1,0.00975537506768,0.00856670540182,0.477881477277,0.503796442255,0.0183220804695,0.981677919532,2.82103469582,1.55989401454,10.3915060916,0,0,0.005,0,0,20.4,40.8012037436,0,0,0,0,0,0,0,0,0,0
13.64,0.488282004729,0.511717995272,1,1,0.0102927826642,0.00895308225091,0.477989222065,0.502764913021,0.0192458649151,0.980754135086,2.79482219358,1.56613693689,10.2638159988,0,0,0.005,0,0,20.4,40.8012037436,0,0,0,0,0,0,0,0,0,0
13.645,0.489009051218,0.510990948783,1,1,0.0108766879407,0.00937295646647,0.478132363278,0.501617992316,0.0202496444072,0.979750355594,2.76853849722,1.57241072209,10.1372808895,0,0,0.005,0,0,20.4,40.8012037436,0,0,0,0,0,0,0,0,0,0
13.65,0.489811025804,0.510188974197,1,1,0.0115105546373,0.00982944722088,0.478300471167,0.500359526976,0.0213400018582,0.978659998143,2.74218426626,1.5787151572,10.0119160977,0,0,0.005,0,0,20.4,40.8012037436,0,0,0,0,0,0,0,0,0,0
13.655,0.490681005454,0.509318994547,1,1,0.0121979578587,0.0103259155862,0.478483047595,0.498993078961,0.0225238734448,0.977476126556,2.71576016217,1.58505002739,9.88773684774,0,0,0.005,0,0,20.4,40.8012037436,0,0,0,0,0,0,0,0,0,0
13.66,0.491612153654,0.508387846347,1,1,0.0129425569748,0.0108659543065,0.47866959668,0.49752189204,0.0238085112813,0.97619148872,2.68926684827,1.59141511596,9.76475825253,0,0,0.005,0,0,20.4,40.8012037436,0,0,0,0,0,0,0,0,0,0
13.665,0.492597758989,0.507402241012,1,1,0.0137480648598,0.0114533719962,0.478849694129,0.495948869016,0.025201436856,0.974798563145,2.66270498979,1.59781020442,9.642995312,0,0,0.005,0,0,20.4,40.8012037436,0,0,0,0,0,0,0,0,0,0
13.67,0.493631268922,0.506368731079,1,1,0.0146182139592,0.0120921715789,0.479013054963,0.4942765595,0.0267103855382,0.973289614463,2.63607525379,1.60423507246,9.52246291137,0,0,0.005,0,0,20.4,40.8012037436,0,0,0,0,0,0,0,0,0,0
13.675,0.494706318993,0.505293681008,1,1,0.0155567198054,0.0127865229047,0.479149599188,0.492507158103,0.0283432427101,0.971656757291,2.60937830916,1.61068949807,9.40317581949,0,0,0.005,0,0,20.4,40.8012037436,0,0,0,0,0,0,0,0,0,0
13.68,0.495816757662,0.504183242339,1,1,0.0165672427182,0.013540729609,0.479249514944,0.49064251273,0.0301079723272,0.969892027674,2.58261482657,1.61717325752,9.28514868725,0,0,0.005,0,0,20.4,40.8012037436,0,0,0,0,0,0,0,0,0,0
13.685,0.496956667028,0.503043332973,1,1,0.0176533485306,0.0143591904141,0.479303318498,0.488684142559,0.0320125389447,0.967987461056,2.5557854785,1.6236861254,9.16839604593,0,0,0.005,0,0,20.4,40.8012037436,0,0,0,0,0,0,0,0,0,0
13.69,0.498120379698,0.501879620303,1,1,0.0188184692601,0.0152463552064,0.479301910438,0.486633265096,0.0340648244664,0.965935175535,2.52889093917,1.63022787469,9.05293230562,0,0,0.005,0,0,20.4,40.8012037436,0,0,0,0,0,0,0,0,0,0
13.695,0.499302492048,0.500697507953,1,1,0.0200658647013,0.0162066763625,0.479236627346,0.484490831591,0.0362725410638,0.963727458937,2.50193188452,1.63679827677,8.93877175363,0,0,0.005,0,0,20.4,40.8012037436,0,0,0,0,0,0,0,0,0,0
13.7,0.500497874148,0.499502125853,1,1,0.0213985859451,0.0172445559257,0.479099288203,0.482257569927,0.0386431418708,0.96135685813,2.47490899222,1.64339710147,8.82592855289,0,0,0.005,0,0,20.4,40.8012037436,0,0,0,0,0,0,0,0,0,0
13.705,0.501701676622,0.498298323379,1,1,0.022819441823,0.0183642893582,0.478882234799,0.479934034021,0.0411837311812,0.95881626882,2.44782294162,1.65002411708,8.71441674046,0,0,0.005,0,0,20.4,40.8012037436,0,0,0,0,0,0,0,0,0,0
13.71,0.502909334685,0.497090665316,1,1,0.0243309692399,0.0195700067077,0.478578365445,0.477520658609,0.0439009759476,0.956099024054,2.42067441371,1.65667909044,8.6042502259,0,0,0.005,0,0,20.4,40.8012037436,0,0,0,0,0,0,0,0,0,0
13.715,0.504116569626,0.495883430375,1,1,0.0259354082847,0.0208656121254,0.478181161341,0.47501781825,0.0468010204101,0.953198979591,2.39346409116,1.66336178692,8.49544278984,0,0,0.005,0,0,20.4,40.8012037436,0,0,0,0,0,0,0,0,0,0
13.72,0.505319387986,0.494680612015,1,1,0.0276346829005,0.0222547227543,0.477684705085,0.472425889261,0.0498894056548,0.950110594346,2.36619265822,1.67007197049,8.38800808243,0,0,0.005,0,0,20.4,40.8012037436,0,0,0,0,0,0,0,0,0,0
13.725,0.506514078653,0.493485921348,1,1,0.0294303877577,0.0237406080708,0.477083690896,0.469745313277,0.0531709958285,0.946829004173,2.33886080075,1.67680940376,8.28195962183,0,0,0.005,0,0,20.4,40.8012037436,0,0,0,0,0,0,0,0,0,0
13.73,0.507697208126,0.492302791875,1,1,0.0313237818019,0.0253261308046,0.476373426324,0.46697666107,0.0566499126065,0.943350087395,2.31146920618,1.683573848,8.1773107928,0,0,0.005,0,0,20.4,40.8012037436,0,0,0,0,0,0,0,0,0,0
13.735,0.508865614143,0.491134385858,1,1,0.0333157887512,0.0270136905833,0.475549825392,0.464120695275,0.0603294793345,0.939670520667,2.2840185635,1.69036506317,8.07407484518,0,0,0.005,0,0,20.4,40.8012037436,0,0,0,0,0,0,0,0,0,0
13.74,0.510016397898,0.489983602103,1,1,0.0354070045983,0.0288051714466,0.4746093933,0.461178430656,0.0642121760449,0.935787823956,2.2565095632,1.69718280798,7.97226489251,0,0,0.005,0,0,20.4,40.8012037436,0,0,0,0,0,0,0,0,0,0
13.745,0.511146915034,0.488853084967,1,1,0.0375977119388,0.0307018943485,0.473549203095,0.458151190619,0.0682996062873,0.931700393714,2.22894289731,1.7040268399,7.87189391056,0,0,0.005,0,0,20.4,40.8012037436,0,0,0,0,0,0,0,0,0,0
13.75,0.512254765591,0.487745234411,1,1,0.0398879007055,0.0327045757192,0.472366864885,0.455040658691,0.0725924764247,0.927407523576,2.20131925932,1.71089691523,7.77297473597,0,0,0.005,0,0,20.4,40.8012037436,0,0,0,0,0,0,0,0,0,0
13.755,0.513337783093,0.486662216908,1,1,0.0422772946413,0.0348132930876,0.471060488452,0.451848923821,0.0770905877288,0.922909412272,2.17363934419,1.71779278908,7.67552006482,0,0,0.005,0,0,20.4,40.8012037436,0,0,0,0,0,0,0,0,0,0
13.76,0.514394022926,0.485605977075,1,1,0.0447653826107,0.0370274586727,0.469628640316,0.448578518402,0.0817928412834,0.918207158718,2.14590384833,1.72471421547,7.57954245129,0,0,0.005,0,0,20.4,40.8012037436,0,0,0,0,0,0,0,0,0,0
13.765,0.515421750158,0.484578249843,1,1,0.0473514536283,0.0393458017435,0.468070296529,0.4452324481,0.0866972553718,0.913302744629,2.11811346956,1.7316609473,7.48505430633,0,0,0.005,0,0,20.4,40.8012037436,0,0,0,0,0,0,0,0,0,0
13.77,0.516419426939,0.483580573063,1,1,0.050034634286,0.0417663604146,0.466384792653,0.441814212648,0.0918009947006,0.908199005301,2.0902689071,1.73863273644,7.39206789624,0,0,0.005,0,0,20.4,40.8012037436,0,0,0,0,0,0,0,0,0,0
13.775,0.517385699618,0.482614300383,1,1,0.0528139270984,0.0442864834035,0.46457177252,0.438327816979,0.0971004105019,0.902899589499,2.06237086157,1.74562933373,7.30059534145,0,0,0.005,0,0,20.4,40.8012037436,0,0,0,0,0,0,0,0,0,0
13.78,0.518319385691,0.48168061431,1,1,0.0556882481642,0.0469028421143,0.462631137527,0.434777772196,0.102591090279,0.897408909723,2.03442003493,1.75265048901,7.21064861516,0,0,0.005,0,0,20.4,40.8012037436,0,0,0,0,0,0,0,0,0,0
13.785,0.519219460679,0.480780539322,1,1,0.0586564624615,0.0496114532496,0.460562998218,0.431169086072,0.108267915711,0.89173208429,2.00641713048,1.75969595117,7.12223954207,0,0,0.005,0,0,20.4,40.8012037436,0,0,0,0,0,0,0,0,0,0
13.79,0.520085045067,0.479914954934,1,1,0.0617174150756,0.052407711969,0.458367629991,0.427507242966,0.114125127045,0.885874872957,1.97836285285,1.76676546818,7.03537979711,0,0,0.005,0,0,20.4,40.8012037436,0,0,0,0,0,0,0,0,0,0
13.795,0.520915391361,0.47908460864,1,1,0.0648699566868,0.0552864354394,0.456045434675,0.423798173201,0.120156392126,0.879843607875,1.95025790797,1.77385878711,6.95008090418,0,0,0.005,0,0,20.4,40.8012037436,0,0,0,0,0,0,0,0,0,0
13.8,0.521709871386,0.478290128615,1,1,0.0681129617385,0.0582419164338,0.453596909648,0.420048212181,0.126354878172,0.873645121829,1.92210300303,1.78097565415,6.86635423495,0,0,0.005,0,0,20.4,40.8012037436,0,0,0,0,0,0,0,0,0,0
13.805,0.522467963868,0.477532036133,1,1,0.0714453378562,0.0612679864552,0.451022626012,0.416264049678,0.132713324311,0.86728667569,1.89389884652,1.78811581469,6.78421100759,0,0,0.005,0,0,20.4,40.8012037436,0,0,0,0,0,0,0,0,0,0
13.81,0.523189242401,0.4768107576,1,1,0.0748660252961,0.064358087682,0.448323217105,0.412452669918,0.139224112978,0.860775887023,1.86564614815,1.79527901328,6.70366228562,0,0,0.005,0,0,20.4,40.8012037436,0,0,0,0,0,0,0,0,0,0
13.815,0.523873363847,0.476126636154,1,1,0.078373985465,0.0675053528605,0.445499378382,0.408621283293,0.145879338326,0.854120661676,1.83734561884,1.80246499373,6.62471897668,0,0,0.005,0,0,20.4,40.8012037436,0,0,0,0,0,0,0,0,0,0
13.82,0.524520057231,0.47547994277,1,1,0.0819681778677,0.0707026921031,0.442551879364,0.404777250667,0.152670869971,0.84732913003,1.80899797074,1.80967349908,6.54739183139,0,0,0.005,0,0,20.4,40.8012037436,0,0,0,0,0,0,0,0,0,0
13.825,0.525129113189,0.474870886812,1,1,0.0856475251877,0.0739428853986,0.439481588002,0.400928001413,0.159590410586,0.840409589415,1.78060391717,1.81690427165,6.47169144219,0,0,0.005,0,0,20.4,40.8012037436,0,0,0,0,0,0,0,0,0,0
13.83,0.525700374009,0.474299625992,1,1,0.0894108666024,0.0772186795041,0.436289507407,0.397080946488,0.166629546107,0.833370453895,1.75216417263,1.8241570531,6.39762824221,0,0,0.005,0,0,20.4,40.8012037436,0,0,0,0,0,0,0,0,0,0
13.835,0.526233724307,0.473766275694,1,1,0.0932568998379,0.0805228877594,0.432976824469,0.393243387935,0.173779787597,0.826220212404,1.72367945275,1.83143158439,6.32521250415,0,0,0.005,0,0,20.4,40.8012037436,0,0,0,0,0,0,0,0,0,0
13.84,0.52672908238,0.473270917621,1,1,0.0971841128939,0.0838484912641,0.429544969486,0.389422426357,0.181032604158,0.818967395843,1.69515047432,1.83872760586,6.25445433915,0,0,0.005,0,0,20.4,40.8012037436,0,0,0,0,0,0,0,0,0,0
13.845,0.527186392256,0.472813607745,1,1,0.101190706788,0.0871887397696,0.425995685467,0.385624867976,0.188379446558,0.811620553443,1.66657795521,1.84604485725,6.18536369576,0,0,0.005,0,0,20.4,40.8012037436,0,0,0,0,0,0,0,0,0,0
13.85,0.52760561647,0.472394383531,1,1,0.105274511078,0.0905372505765,0.422331105392,0.381857132955,0.195811761655,0.804188238347,1.6379626144,1.85338307768,6.11795035882,0,0,0.005,0,0,20.4,40.8012037436,0,0,0,0,0,0,0,0,0,0
13.855,0.527986729589,0.472013270412,1,1,0.109432894281,0.0938881036893,0.418553835308,0.378125166722,0.203320997971,0.79667900203,1.60930517194,1.86074200576,6.05222394842,0,0,0.005,0,0,20.4,40.8012037436,0,0,0,0,0,0,0,0,0,0
13.86,0.528329712494,0.471670287507,1,1,0.113662671676,0.0972359314674,0.414667040819,0.374434356039,0.210898603143,0.789101396858,1.58060634893,1.86812137952,5.98819391891,0,0,0.005,0,0,20.4,40.8012037436,0,0,0,0,0,0,0,0,0,0
13.865,0.528634547425,0.471365452576,1,1,0.117960013207,0.100576001028,0.410674534219,0.370789451548,0.218536014235,0.781463985766,1.55186686753,1.8755209365,5.92586955779,0,0,0.005,0,0,20.4,40.8012037436,0,0,0,0,0,0,0,0,0,0
13.87,0.528901213806,0.471098786195,1,1,0.122320354475,0.103904287701,0.406580859331,0.367194498494,0.226224642176,0.773775357825,1.5230874509,1.88294041375,5.8652599848,0,0,0.005,0,0,20.4,40.8012037436,0,0,0,0,0,0,0,0,0,0
13.875,0.529129684831,0.47087031517,1,1,0.126738313891,0.107217537907,0.402391370941,0.363652777263,0.233955851798,0.766044148203,1.49426882319,1.89037954784,5.80637415087,0,0,0.005,0,0,20.4,40.8012037436,0,0,0,0,0,0,0,0,0,0
13.88,0.529319924821,0.47068007518,1,1,0.131207619148,0.110513319952,0.398112305673,0.360166755228,0.2417209391,0.758279060902,1.46541170958,1.89783807492,5.74922083717,0,0,0.005,0,0,20.4,40.8012037436,0,0,0,0,0,0,0,0,0,0
13.885,0.529471887326,0.470528112675,1,1,0.135721046129,0.113790061343,0.393750841197,0.356738051332,0.249511107472,0.75048889253,1.43651683615,1.9053157307,5.69380865419,0,0,0.005,0,0,20.4,40.8012037436,0,0,0,0,0,0,0,0,0,0
13.89,0.52958551397,0.470414486032,1,1,0.140270373221,0.117047071434,0.389315140749,0.353367414597,0.257317444655,0.742682555346,1.40758492998,1.91281225049,5.64014604073,0,0,0.005,0,0,20.4,40.8012037436,0,0,0,0,0,0,0,0,0,0
13.895,0.529660734005,0.470339265996,1,1,0.144846353794,0.120284548391,0.384814380211,0.350054717606,0.265130902185,0.734869097816,1.37861671905,1.92032736923,5.58824126307,0,0,0.005,0,0,20.4,40.8012037436,0,0,0,0,0,0,0,0,0,0
13.9,0.529697464566,0.470302535435,1,1,0.149438709281,0.123503569696,0.380258755285,0.34679896574,0.272942278977,0.727057721025,1.34961293226,1.9278608215,5.53810241399,0,0,0.005,0,0,20.4,40.8012037436,0,0,0,0,0,0,0,0,0,0
13.905,0.529695611579,0.470304388422,1,1,0.154036144884,0.126706065704,0.375659466694,0.343598322718,0.280742210588,0.719257789413,1.32057429938,1.93541234154,5.48973741195,0,0,0.005,0,0,20.4,40.8012037436,0,0,0,0,0,0,0,0,0,0
13.91,0.529655071307,0.470344928694,1,1,0.158626389461,0.129894776008,0.371028681846,0.340450152686,0.288521165469,0.711478834532,1.29150155107,1.94298166326,5.44315400018,0,0,0.005,0,0,20.4,40.8012037436,0,0,0,0,0,0,0,0,0,0
13.915,0.529575732486,0.470424267516,1,1,0.163196260559,0.133073188721,0.366379471927,0.337351078795,0.29626944928,0.703730550722,1.26239541885,1.95056852028,5.39835974585,0,0,0.005,0,0,20.4,40.8012037436,0,0,0,0,0,0,0,0,0,0
13.92,0.529457479018,0.470542520983,1,1,0.167731755001,0.136245463076,0.361725724017,0.334297057907,0.303977218077,0.696022781924,1.23325663505,1.95817264594,5.35536203921,0,0,0.005,0,0,20.4,40.8012037436,0,0,0,0,0,0,0,0,0,0
13.925,0.52930019318,0.470699806822,1,1,0.172218164724,0.139416336128,0.357082028456,0.331283470693,0.311634500852,0.688365499149,1.20408593282,1.96579377332,5.31416809283,0,0,0.005,0,0,20.4,40.8012037436,0,0,0,0,0,0,0,0,0,0
13.93,0.529103759292,0.470896240709,1,1,0.176640216924,0.142591014643,0.352463542368,0.328305226066,0.319231231567,0.680768768434,1.17488404611,1.97343163523,5.27478494076,0,0,0.005,0,0,20.4,40.8012037436,0,0,0,0,0,0,0,0,0,0
13.935,0.528868067819,0.471131932182,1,1,0.180982236884,0.145775053646,0.347885830936,0.325356878536,0.32675729053,0.673242709471,1.14565170966,1.98108596429,5.23721943774,0,0,0.005,0,0,20.4,40.8012037436,0,0,0,0,0,0,0,0,0,0
13.94,0.528593019833,0.471406980169,1,1,0.185228331155,0.14897422342,0.343364688678,0.322432756749,0.334202554575,0.665797445426,1.11638965893,1.98875649287,5.20147825851,0,0,0.005,0,0,20.4,40.8012037436,0,0,0,0,0,0,0,0,0,0
13.945,0.528278531799,0.471721468202,1,1,0.189362588171,0.152194367081,0.338915943628,0.319527101121,0.341556955252,0.658443044749,1.08709863014,1.99644295318,5.16756789697,0,0,0.005,0,0,20.4,40.8012037436,0,0,0,0,0,0,0,0,0,0
13.95,0.527924540641,0.47207545936,1,1,0.193369292755,0.155441251147,0.334555247886,0.316634208213,0.348810543902,0.651189456099,1.05777936023,2.00414507724,5.13549466553,0,0,0.005,0,0,20.4,40.8012037436,0,0,0,0,0,0,0,0,0,0
13.955,0.527531009005,0.472468990996,1,1,0.197233150475,0.15872041179,0.330297858529,0.313748579206,0.355953562266,0.644046437735,1.02843258682,2.01186259689,5.10526469438,0,0,0.005,0,0,20.4,40.8012037436,0,0,0,0,0,0,0,0,0,0
13.96,0.527097930702,0.472902069299,1,1,0.200939517386,0.162036999688,0.326158413316,0.310865069611,0.362976517074,0.637023482927,0.999059048227,2.01959524385,5.07688393081,0,0,0.005,0,0,20.4,40.8012037436,0,0,0,0,0,0,0,0,0,0
13.965,0.526625336256,0.473374663745,1,1,0.20447463034,0.165395626557,0.322150705916,0.307979037188,0.369870256896,0.630129743105,0.969659483406,2.0273427497,5.05035813852,0,0,0.005,0,0,20.4,40.8012037436,0,0,0,0,0,0,0,0,0,0
13.97,0.526113298505,0.473886701496,1,1,0.207825832871,0.168800216575,0.318287465634,0.305086484921,0.376626049446,0.623373950555,0.940234631958,2.03510484591,5.02569289699,0,0,0.005,0,0,20.4,40.8012037436,0,0,0,0,0,0,0,0,0,0
13.975,0.525561938214,0.474438061788,1,1,0.210981791542,0.172253865949,0.314580146671,0.302184195838,0.383235657492,0.61676434251,0.910785234099,2.04288126385,5.00289360085,0,0,0.005,0,0,20.4,40.8012037436,0,0,0,0,0,0,0,0,0,0
13.98,0.524971429633,0.475028570368,1,1,0.213932697683,0.175758713865,0.311038731951,0.299269856503,0.389691411547,0.610308588454,0.881312030638,2.0506717348,4.98196545927,0,0,0.005,0,0,20.4,40.8012037436,0,0,0,0,0,0,0,0,0,0
13.985,0.524342005972,0.475657994029,1,1,0.216670449643,0.179315827955,0.307671556329,0.296342166074,0.395986277598,0.604013722403,0.85181576296,2.05847598998,4.96291349536,0,0,0.005,0,0,20.4,40.8012037436,0,0,0,0,0,0,0,0,0,0
13.99,0.523673964713,0.476326035288,1,1,0.219188810963,0.182925107277,0.304485153749,0.293400928011,0.402113918241,0.59788608176,0.822297173004,2.06629376055,4.9457425456,0,0,0.005,0,0,20.4,40.8012037436,0,0,0,0,0,0,0,0,0,0
13.995,0.522967672744,0.477032327258,1,1,0.2214835403,0.186585205507,0.301484132443,0.29044712175,0.408068745808,0.591931254193,0.792757003243,2.07412477761,4.93045725929,0,0,0.005,0,0,20.4,40.8012037436,0,0,0,0,0,0,0,0,0,0
14,0.52222357125,0.477776428751,1,1,0.223552489507,0.190293476764,0.298671081743,0.287482951987,0.413845966271,0.58615403373,0.76319599666,2.08196877227,4.91706209802,0,0,0.005,0,0,20.4,40.8012037436,0,0,0,0,0,0,0,0,0,0
14.005,0.521442180327,0.478557819674,1,1,0.225395666902,0.19404594606,0.296046513426,0.284511873613,0.419441612962,0.580558387039,0.73361489673,2.0898254756,4.90556133516,0,0,0.005,0,0,20.4,40.8012037436,0,0,0,0,0,0,0,0,0,0
14.01,0.520624103272,0.479375896729,1,1,0.227015263519,0.197837305933,0.293608839754,0.281538590796,0.424852569452,0.575147430549,0.704014447396,2.09769461868,4.89595905536,0,0,0.005,0,0,20.4,40.8012037436,0,0,0,0,0,0,0,0,0,0
14.015,0.51977003052,0.480229969482,1,1,0.228415640943,0.201660940257,0.291354389576,0.278569029225,0.4300765812,0.569923418801,0.67439539305,2.10557593259,4.88825915409,0,0,0.005,0,0,20.4,40.8012037436,0,0,0,0,0,0,0,0,0,0
14.02,0.518880743184,0.481119256817,1,1,0.229603280215,0.205508975708,0.289277462969,0.275610281109,0.435112255923,0.564887744078,0.64475847851,2.11346914847,4.88246533716,0,0,0.005,0,0,20.4,40.8012037436,0,0,0,0,0,0,0,0,0,0
14.025,0.51795711618,0.482042883821,1,1,0.230586692169,0.209372360707,0.287370424011,0.272670523114,0.439959052876,0.560040947125,0.615104448996,2.12137399747,4.87858112032,0,0,0.005,0,0,20.4,40.8012037436,0,0,0,0,0,0,0,0,0,0
14.03,0.517000120883,0.482999879119,1,1,0.231376290508,0.213240971072,0.285623830375,0.269758908046,0.44461726158,0.555382738421,0.585434050115,2.1292902108,4.87660982884,0,0,0.005,0,0,20.4,40.8012037436,0,0,0,0,0,0,0,0,0,0
14.035,0.516010827316,0.483989172685,1,1,0.231984229782,0.217103740944,0.284026597534,0.266885431741,0.449087970726,0.550912029275,0.555748027829,2.13721751974,4.87655459713,0,0,0.005,0,0,20.4,40.8012037436,0,0,0,0,0,0,0,0,0,0
14.04,0.514990405831,0.48500959417,1,1,0.232424211301,0.220948816958,0.28256619453,0.264060777212,0.453373028259,0.546626971742,0.526047128444,2.14515565565,4.87841836833,0,0,0.005,0,0,20.4,40.8012037436,0,0,0,0,0,0,0,0,0,0
14.045,0.513940128262,0.486059871739,1,1,0.232711260788,0.224763733007,0.281228867474,0.261296138732,0.457474993795,0.542525006206,0.496332098577,2.15310434999,4.88220389401,0,0,0.005,0,0,20.4,40.8012037436,0,0,0,0,0,0,0,0,0,0
14.05,0.512861368542,0.487138631459,1,1,0.232861482301,0.228535602391,0.279999886241,0.258603029068,0.461397084692,0.53860291531,0.466603685141,2.16106333429,4.88791373381,0,0,0.005,0,0,20.4,40.8012037436,0,0,0,0,0,0,0,0,0,0
14.055,0.51175560276,0.488244397242,1,1,0.232891793505,0.232251323669,0.278863809254,0.255993073573,0.465143117175,0.534856882827,0.436862635321,2.16903234025,4.89555025517,0,0,0.005,0,0,20.4,40.8012037436,0,0,0,0,0,0,0,0,0,0
14.06,0.510624408652,0.489375591349,1,1,0.232819647902,0.235897796077,0.27780476075,0.253477795272,0.468717443979,0.531282556022,0.407109696548,2.17701109964,4.90511563299,0,0,0.005,0,0,20.4,40.8012037436,0,0,0,0,0,0,0,0,0,0
14.065,0.509469464518,0.490530535483,1,1,0.232662749897,0.239462140064,0.276806714621,0.251068395419,0.472124889962,0.52787511004,0.377345616481,2.18499934442,4.91661184941,0,0,0.005,0,0,20.4,40.8012037436,0,0,0,0,0,0,0,0,0,0
14.07,0.508292547551,0.49170745245,1,1,0.232438768836,0.242931918266,0.275853778715,0.248775534184,0.475370687102,0.524629312899,0.347571142981,2.19299680668,4.93004069355,0,0,0.005,0,0,20.4,40.8012037436,0,0,0,0,0,0,0,0,0,0
14.075,0.507095531582,0.492904468419,1,1,0.232165058133,0.246295352089,0.274930473449,0.24660911633,0.478460410222,0.521539589779,0.31778702409,2.20100321867,4.94540376128,0,0,0.005,0,0,20.4,40.8012037436,0,0,0,0,0,0,0,0,0,0
14.08,0.505880384248,0.494119615754,1,1,0.231858385526,0.249541529104,0.274021998722,0.244578086649,0.48139991463,0.518600085371,0.287994008006,2.20901831283,4.96270245506,0,0,0.005,0,0,20.4,40.8012037436,0,0,0,0,0,0,0,0,0,0
14.085,0.504649163561,0.49535083644,1,1,0.2315346802,0.252660596553,0.273114483361,0.242690239887,0.484195276753,0.515804723248,0.258192843063,2.21704182177,4.98193798368,0,0,0.005,0,0,20.4,40.8012037436,0,0,0,0,0,0,0,0,0,0
14.09,0.503404013915,0.496595986086,1,1,0.231208802148,0.255643936486,0.272195211767,0.2409520496,0.486852738634,0.513147261368,0.228384277705,2.22507347831,5.00311136219,0,0,0.005,0,0,20.4,40.8012037436,0,0,0,0,0,0,0,0,0,0
14.095,0.502147161513,0.497852838488,1,1,0.230894338535,0.258484318444,0.271252822978,0.239368520044,0.489378656978,0.510621343023,0.198569060463,2.23311301549,5.02622341171,0,0,0.005,0,0,20.4,40.8012037436,0,0,0,0,0,0,0,0,0,0
14.1,0.500880909233,0.499119090768,1,1,0.230603431219,0.261176026039,0.270277478014,0.237943064728,0.491779457258,0.508220542743,0.168747939934,2.24116016654,5.0512747593,0,0,0.005,0,0,20.4,40.8012037436,0,0,0,0,0,0,0,0,0,0
14.105,0.499607630955,0.500392369046,1,1,0.230346638781,0.263714954356,0.269260992174,0.23667741469,0.494061593137,0.505938406864,0.138921664757,2.24921466494,5.07826583792,0,0,0.005,0,0,20.4,40.8012037436,0,0,0,0,0,0,0,0,0,0
14.11,0.498329765345,0.501670234656,1,1,0.230132835568,0.26609867576,0.268196929778,0.235571558896,0.496231511327,0.503768488674,0.109090983589,2.25727624442,5.10719688632,0,0,0.005,0,0,20.4,40.8012037436,0,0,0,0,0,0,0,0,0,0
14.115,0.497049809135,0.502950190866,1,1,0.229969149354,0.268326472433,0.267080659782,0.234623718433,0.498295621787,0.501704378215,0.0792566450807,2.26534463894,5.13806794897,0,0,0.005,0,0,20.4,40.8012037436,0,0,0,0,0,0,0,0,0,0
14.12,0.495770309901,0.5042296901,1,1,0.229860938276,0.270399334729,0.265909371625,0.233830355371,0.500260273005,0.499739726996,0.0494193978558,2.27341958274,5.17087887608,0,0,0.005,0,0,20.4,40.8012037436,0,0,0,0,0,0,0,0,0,0
14.125,0.494493858371,0.505506141631,1,1,0.229811806734,0.272319925258,0.264682051637,0.233186216373,0.502131731992,0.49786826801,0.0195799904862,2.28150081032,5.20562932353,0,0,0.005,0,0,20.4,40.8012037436,0,0,0,0,0,0,0,0,0,0
14.13,0.49322308029,0.506776919711,1,1,0.229823659028,0.274092509438,0.263399421262,0.232684410273,0.503916168466,0.496083831536,-0.0102608285315,2.28958805647,5.24231875291,0,0,0.005,0,0,20.4,40.8012037436,0,0,0,0,0,0,0,0,0,0
14.135,0.491960627865,0.508039372136,1,1,0.229896788591,0.275722854082,0.262063839274,0.232316518055,0.505619642672,0.494380357329,-0.0401023107983,2.29768105625,5.28094643156,0,0,0.005,0,0,20.4,40.8012037436,0,0,0,0,0,0,0,0,0,0
14.14,0.490709170812,0.509290829189,1,1,0.230029999851,0.277218096343,0.260679170962,0.232072732846,0.507248096193,0.492751903808,-0.0699437080367,2.30577954504,5.3215114326,0,0,0.005,0,0,20.4,40.8012037436,0,0,0,0,0,0,0,0,0,0
14.145,0.489471387061,0.51052861294,1,1,0.230220759012,0.27858658609,0.25925062805,0.23194202685,0.508807345102,0.4911926549,-0.0997842721137,2.31388325852,5.364012635,0,0,0.005,0,0,20.4,40.8012037436,0,0,0,0,0,0,0,0,0,0
14.15,0.488249953124,0.511750046877,1,1,0.230465369399,0.279837705431,0.257784583725,0.231912341446,0.51030307483,0.489696925171,-0.129623255064,2.32199193268,5.40844872369,0,0,0.005,0,0,20.4,40.8012037436,0,0,0,0,0,0,0,0,0,0
14.155,0.487047534185,0.512952465817,1,1,0.230759166494,0.280981669649,0.256288367691,0.231970796168,0.511740836143,0.488259163859,-0.159459909111,2.33010530385,5.45481818965,0,0,0.005,0,0,20.4,40.8012037436,0,0,0,0,0,0,0,0,0,0
14.16,0.48586677394,0.514133226062,1,1,0.231096727402,0.282029314272,0.254770046538,0.23210391179,0.513126041674,0.486873958328,-0.189293486695,2.33822310868,5.50311933007,0,0,0.005,0,0,20.4,40.8012037436,0,0,0,0,0,0,0,0,0,0
14.165,0.484710284233,0.515289715768,1,1,0.231472089263,0.28299187331,0.253238194971,0.232297842458,0.514463962572,0.485536037429,-0.219123240488,2.34634508415,5.55335024846,0,0,0.005,0,0,20.4,40.8012037436,0,0,0,0,0,0,0,0,0,0
14.17,0.483580634531,0.516419365471,1,1,0.231878970993,0.283880753889,0.251701663538,0.232538611581,0.515759724882,0.484240275119,-0.248948423425,2.35447096761,5.60550885486,0,0,0.005,0,0,20.4,40.8012037436,0,0,0,0,0,0,0,0,0,0
14.175,0.482480341272,0.517519658729,1,1,0.232310992834,0.284707312553,0.250169348438,0.232812346176,0.517018305387,0.482981694614,-0.27876828872,2.36260049675,5.65959286602,0,0,0.005,0,0,20.4,40.8012037436,0,0,0,0,0,0,0,0,0,0
14.18,0.481411857162,0.518588142839,1,1,0.232761888352,0.285482638415,0.24864996881,0.233105504424,0.518244526767,0.481755473234,-0.308582089889,2.3707334096,5.71559980561,0,0,0.005,0,0,20.4,40.8012037436,0,0,0,0,0,0,0,0,0,0
14.185,0.480377560432,0.519622439569,1,1,0.233225703876,0.286217348131,0.247151856556,0.233405091438,0.519443052007,0.480556947994,-0.338389080777,2.3788694446,5.77352700445,0,0,0.005,0,0,20.4,40.8012037436,0,0,0,0,0,0,0,0,0,0
14.19,0.479379744142,0.52062025586,1,1,0.233696980817,0.28692139728,0.245682763325,0.23369885858,0.520618378097,0.479381621904,-0.368188515574,2.38700834053,5.83337160074,0,0,0.005,0,0,20.4,40.8012037436,0,0,0,0,0,0,0,0,0,0
14.195,0.478420605556,0.521579394446,1,1,0.234170916876,0.287603912292,0.24424968868,0.233975482154,0.521774829168,0.478225170833,-0.397979648842,2.39514983654,5.89513054038,0,0,0.005,0,0,20.4,40.8012037436,0,0,0,0,0,0,0,0,0,0
14.2,0.477502235664,0.522497764337,1,1,0.234643502802,0.288273046461,0.242858732862,0.234224717877,0.522916549262,0.477083450739,-0.42776173553,2.4032936722,5.9588005772,0,0,0.005,0,0,20.4,40.8012037436,0,0,0,0,0,0,0,0,0,0
14.205,0.47662660889,0.523373391111,1,1,0.23511163209,0.288935862923,0.241514976801,0.234437528188,0.524047495013,0.475952504988,-0.457534031002,2.41143958742,6.0243782733,0,0,0.005,0,0,20.4,40.8012037436,0,0,0,0,0,0,0,0,0,0
14.21,0.475795573053,0.524204426948,1,1,0.235573181795,0.289598246748,0.240222391259,0.2346061802,0.525171428543,0.474828571458,-0.487295791055,2.41958732254,6.09185999937,0,0,0.005,0,0,20.4,40.8012037436,0,0,0,0,0,0,0,0,0,0
14.215,0.475010839628,0.524989160373,1,1,0.236027063427,0.290264847495,0.238983776201,0.234724312879,0.526291910922,0.47370808908,-0.51704627194,2.42773661827,6.16124193503,0,0,0.005,0,0,20.4,40.8012037436,0,0,0,0,0,0,0,0,0,0
14.22,0.474273974373,0.525726025629,1,1,0.236473243721,0.290939052797,0.237800730652,0.234786972832,0.527412296518,0.472587703484,-0.546784730379,2.43588721574,6.2325200692,0,0,0.005,0,0,20.4,40.8012037436,0,0,0,0,0,0,0,0,0,0
14.225,0.473586388376,0.526413611625,1,1,0.236912735847,0.29162299273,0.236673652529,0.234790618895,0.528535728577,0.471464271424,-0.576510423594,2.44403885647,6.30569020045,0,0,0.005,0,0,20.4,40.8012037436,0,0,0,0,0,0,0,0,0,0
14.23,0.472949329577,0.527050670424,1,1,0.237347562395,0.292317573935,0.235601767183,0.234733096489,0.529665136329,0.470334863672,-0.606222609317,2.45219128238,6.38074793744,0,0,0.005,0,0,20.4,40.8012037436,0,0,0,0,0,0,0,0,0,0
14.235,0.472363874824,0.527636125177,1,1,0.23778069214,0.293022541727,0.234583182684,0.23461358345,0.530803233867,0.469196766134,-0.635920545815,2.46034423581,6.4576886993,0,0,0.005,0,0,20.4,40.8012037436,0,0,0,0,0,0,0,0,0,0
14.24,0.471830922514,0.528169077487,1,1,0.238215953235,0.293736567787,0.23361496928,0.2344325097,0.531952521022,0.468047478979,-0.665603491909,2.46849745951,6.53650771607,0,0,0.005,0,0,20.4,40.8012037436,0,0,0,0,0,0,0,0,0,0
14.245,0.471351185883,0.528648814118,1,1,0.23865792596,0.29445736039,0.232693259923,0.234191453728,0.53311528635,0.466884713651,-0.695270706991,2.47665069664,6.61720002917,0,0,0.005,0,0,20.4,40.8012037436,0,0,0,0,0,0,0,0,0,0
14.25,0.470925186988,0.529074813013,1,1,0.239111818622,0.295181793702,0.231813368366,0.233893019311,0.534293612323,0.465706387678,-0.724921451044,2.48480369077,6.69976049185,0,0,0.005,0,0,20.4,40.8012037436,0,0,0,0,0,0,0,0,0,0
14.255,0.470553251434,0.529446748567,1,1,0.239583330452,0.295906052254,0.230969920982,0.233540696313,0.535489382706,0.464510617295,-0.754554984659,2.49295618589,6.78418376966,0,0,0.005,0,0,20.4,40.8012037436,0,0,0,0,0,0,0,0,0,0
14.26,0.470235503899,0.529764496102,1,1,0.240078505585,0.296625786479,0.230156998315,0.233138709624,0.536704292063,0.463295707938,-0.784170569054,2.50110792642,6.87046434098,0,0,0.005,0,0,20.4,40.8012037436,0,0,0,0,0,0,0,0,0,0
14.265,0.469971864499,0.530028135502,1,1,0.24060358223,0.297336275034,0.22936828227,0.232691860468,0.537939857264,0.462060142737,-0.813767466089,2.50925865718,6.9585964975,0,0,0.005,0,0,20.4,40.8012037436,0,0,0,0,0,0,0,0,0,0
14.27,0.469762046031,0.53023795397,1,1,0.24116484112,0.29803258966,0.228597204911,0.23220536431,0.53919743078,0.460802569221,-0.843344938288,2.51740812342,7.04857434479,0,0,0.005,0,0,20.4,40.8012037436,0,0,0,0,0,0,0,0,0,0
14.275,0.469605552143,0.530394447858,1,1,0.241768457162,0.298709758384,0.22783709498,0.231684689475,0.540478215546,0.459521784455,-0.87290224885,2.5255560708,7.14039180282,0,0,0.005,0,0,20.4,40.8012037436,0,0,0,0,0,0,0,0,0,0
14.28,0.469501676455,0.530498323546,1,1,0.242420357937,0.29936292315,0.227081318518,0.231135400396,0.541783281087,0.458216718914,-0.902438661668,2.53370224543,7.23404260656,0,0,0.005,0,0,20.4,40.8012037436,0,0,0,0,0,0,0,0,0,0
14.285,0.469449502674,0.530550497327,1,1,0.243126092364,0.299987488239,0.22632341031,0.230563009088,0.543113580604,0.456886419397,-0.931953441346,2.5418463938,7.32952030651,0,0,0.005,0,0,20.4,40.8012037436,0,0,0,0,0,0,0,0,0,0
14.29,0.469447905715,0.530552094286,1,1,0.243890712408,0.300579256263,0.225557193307,0.229972838023,0.544469968671,0.45553003133,-0.961445853211,2.54998826285,7.42681826933,0,0,0.005,0,0,20.4,40.8012037436,0,0,0,0,0,0,0,0,0,0
14.295,0.469495553862,0.53050444614,1,1,0.244718670201,0.301134549009,0.22477688366,0.22936989713,0.545853219211,0.454146780791,-0.990915163333,2.55812759993,7.52592967847,0,0,0.005,0,0,20.4,40.8012037436,0,0,0,0,0,0,0,0,0,0
14.3,0.469590911974,0.530409088027,1,1,0.245613732455,0.301650310924,0.223977179519,0.228758777104,0.547264043379,0.452735956623,-1.02036063854,2.56626415282,7.62684753475,0,0,0.005,0,0,20.4,40.8012037436,0,0,0,0,0,0,0,0,0,0
14.305,0.469732245764,0.530267754238,1,1,0.246578913434,0.302124193604,0.22315333233,0.228143560633,0.548703107038,0.451296892963,-1.04978154641,2.57439766972,7.72956465703,0,0,0.005,0,0,20.4,40.8012037436,0,0,0,0,0,0,0,0,0,0
14.31,0.469917627132,0.53008237287,1,1,0.247616427224,0.30255462026,0.222301199907,0.22752775261,0.550171047484,0.449828952517,-1.07917715534,2.58252789922,7.83407368288,0,0,0.005,0,0,20.4,40.8012037436,0,0,0,0,0,0,0,0,0,0
14.315,0.470144940574,0.529855059427,1,1,0.24872765946,0.302940829662,0.221417281115,0.226914229765,0.551668489122,0.448331510879,-1.1085467345,2.59065459038,7.94036706924,0,0,0.005,0,0,20.4,40.8012037436,0,0,0,0,0,0,0,0,0,0
14.32,0.470411890651,0.52958810935,1,1,0.249913158122,0.303282899694,0.220498732529,0.226305209656,0.553196057817,0.446803942185,-1.13788955387,2.59877749265,8.0484370931,0,0,0.005,0,0,20.4,40.8012037436,0,0,0,0,0,0,0,0,0,0
14.325,0.470716010499,0.529283989502,1,1,0.251172642556,0.303581751111,0.219543367943,0.225702238391,0.554754393667,0.445245606334,-1.16720488427,2.60689635589,8.15827585223,0,0,0.005,0,0,20.4,40.8012037436,0,0,0,0,0,0,0,0,0,0
14.33,0.47105467138,0.528945328621,1,1,0.252505029375,0.303839132606,0.218549642005,0.225106196015,0.556344161981,0.44365583802,-1.19649199733,2.61501093042,8.26987526588,0,0,0.005,0,0,20.4,40.8012037436,0,0,0,0,0,0,0,0,0,0
14.335,0.471425093231,0.52857490677,1,1,0.25390847357,0.304057588692,0.217516619662,0.224517318078,0.557966062262,0.442033937739,-1.22575016557,2.62312096692,8.38322707551,0,0,0.005,0,0,20.4,40.8012037436,0,0,0,0,0,0,0,0,0,0
14.34,0.471824356189,0.528175643812,1,1,0.255380422813,0.304240412233,0.216443933376,0.22393523158,0.559620835046,0.440379164955,-1.25497866233,2.63122621655,8.49832284557,0,0,0.005,0,0,20.4,40.8012037436,0,0,0,0,0,0,0,0,0,0
14.345,0.472249413056,0.527750586945,1,1,0.25691768274,0.304391583721,0.215331730316,0.223359003224,0.561309266461,0.43869073354,-1.28417676186,2.63932643084,8.61515396423,0,0,0.005,0,0,20.4,40.8012037436,0,0,0,0,0,0,0,0,0,0
14.35,0.47269710266,0.527302897341,1,1,0.258516490801,0.304515699595,0.214180611859,0.222787197746,0.563032190396,0.436967809605,-1.31334373927,2.64742136176,8.73371164418,0,0,0.005,0,0,20.4,40.8012037436,0,0,0,0,0,0,0,0,0,0
14.355,0.473164164059,0.526835835942,1,1,0.260172596257,0.304617891954,0.212991567802,0.222217943989,0.564790488211,0.435209511791,-1.34247887058,2.6555107617,8.85398692344,0,0,0.005,0,0,20.4,40.8012037436,0,0,0,0,0,0,0,0,0,0
14.36,0.473647251541,0.52635274846,1,1,0.26188134387,0.304703742067,0.211765907671,0.221649006393,0.566585085938,0.433414914064,-1.37158143271,2.66359438346,8.97597066613,0,0,0.005,0,0,20.4,40.8012037436,0,0,0,0,0,0,0,0,0,0
14.365,0.474142950352,0.525857049649,1,1,0.263637758924,0.304779190024,0.210505191428,0.221077859626,0.568416948948,0.431583051054,-1.40065070352,2.67167198025,9.09965356333,0,0,0.005,0,0,20.4,40.8012037436,0,0,0,0,0,0,0,0,0,0
14.37,0.474647793094,0.525352206907,1,1,0.265436631382,0.304850442717,0.209211161713,0.22050176419,0.570287074099,0.429712925902,-1.42968596177,2.67974330573,9.22502613391,0,0,0.005,0,0,20.4,40.8012037436,0,0,0,0,0,0,0,0,0,0
14.375,0.475158276717,0.524841723284,1,1,0.26727259717,0.304923882234,0.207885679547,0.219917841051,0.572196479404,0.427803520597,-1.4586864872,2.68780811396,9.35207872538,0,0,0.005,0,0,20.4,40.8012037436,0,0,0,0,0,0,0,0,0,0
14.38,0.475670880024,0.524329119977,1,1,0.269140214862,0.305005976442,0.206530665162,0.219323143535,0.574146191304,0.425853808698,-1.48765156047,2.6958661594,9.48080151478,0,0,0.005,0,0,20.4,40.8012037436,0,0,0,0,0,0,0,0,0,0
14.385,0.476182081625,0.523817918376,1,1,0.271034036297,0.305103193364,0.205148045328,0.218714725012,0.576137229661,0.42386277034,-1.51658046323,2.70391719698,9.61118450955,0,0,0.005,0,0,20.4,40.8012037436,0,0,0,0,0,0,0,0,0,0
14.39,0.476688378231,0.52331162177,1,1,0.272948670029,0.305221920629,0.203739708203,0.218089701141,0.578170590658,0.421829409344,-1.54547247808,2.71196098201,9.74321754845,0,0,0.005,0,0,20.4,40.8012037436,0,0,0,0,0,0,0,0,0,0
14.395,0.477186303223,0.522813696778,1,1,0.274878836786,0.305368391019,0.202307466436,0.217445305759,0.580247227805,0.419752772196,-1.57432688865,2.71999727024,9.87689030245,0,0,0.005,0,0,20.4,40.8012037436,0,0,0,0,0,0,0,0,0,0
14.4,0.477672445376,0.522327554625,1,1,0.276819416505,0.30554861486,0.200853028872,0.216778939765,0.582368031364,0.417631968637,-1.60314297951,2.72802581787,10.0121922757,0,0,0.005,0,0,20.4,40.8012037436,0,0,0,0,0,0,0,0,0,0
14.405,0.478143467671,0.521856532331,1,1,0.278765486774,0.305768319736,0.199377980897,0.216088212594,0.58453380651,0.415466193491,-1.63192003629,2.73604638149,10.1491128065,0,0,0.005,0,0,20.4,40.8012037436,0,0,0,0,0,0,0,0,0,0
14.41,0.478596126059,0.521403873942,1,1,0.280712352883,0.30603289778,0.197883773177,0.215370976162,0.586745250663,0.413254749338,-1.66065734562,2.74405871814,10.2876410682,0,0,0.005,0,0,20.4,40.8012037436,0,0,0,0,0,0,0,0,0,0
14.415,0.479027288113,0.520972711888,1,1,0.282655569896,0.306347360567,0.196371718217,0.214625351322,0.589002930463,0.410997069538,-1.68935419514,2.75206258531,10.4277660701,0,0,0.005,0,0,20.4,40.8012037436,0,0,0,0,0,0,0,0,0,0
14.42,0.479433951419,0.520566048582,1,1,0.28459095744,0.306716301494,0.194842993979,0.213849747088,0.591307258934,0.408692741067,-1.71800987357,2.7600577409,10.5694766588,0,0,0.005,0,0,20.4,40.8012037436,0,0,0,0,0,0,0,0,0,0
14.425,0.47981326164,0.520186738362,1,1,0.286514608082,0.307143865368,0.193298653558,0.213042872993,0.59365847345,0.406341526551,-1.74662367067,2.76804394328,10.7127615189,0,0,0.005,0,0,20.4,40.8012037436,0,0,0,0,0,0,0,0,0,0
14.43,0.480162530106,0.519837469895,1,1,0.28842289032,0.307633724843,0.191739639786,0.212203745052,0.596056615163,0.403943384838,-1.77519487724,2.77602095124,10.8576091739,0,0,0.005,0,0,20.4,40.8012037436,0,0,0,0,0,0,0,0,0,0
14.435,0.480479250848,0.519520749153,1,1,0.29031244732,0.308189063288,0.190166803528,0.211331685865,0.598501510608,0.401498489393,-1.80372278521,2.78398852403,11.0040079878,0,0,0.005,0,0,20.4,40.8012037436,0,0,0,0,0,0,0,0,0,0
14.44,0.480761116939,0.519238883062,1,1,0.292180192561,0.308812563651,0.188580924378,0.210426319411,0.600992756212,0.399007243789,-1.83220668756,2.79194642135,11.1519461656,0,0,0.005,0,0,20.4,40.8012037436,0,0,0,0,0,0,0,0,0,0
14.445,0.48100603605,0.518993963951,1,1,0.294023303586,0.309506402869,0.186982732464,0.209487561082,0.603529706455,0.396470293546,-1.86064587838,2.79989440337,11.3014117548,0,0,0.005,0,0,20.4,40.8012037436,0,0,0,0,0,0,0,0,0,0
14.45,0.481212145091,0.518787854911,1,1,0.295839214989,0.310272251437,0.185372930102,0.208515603473,0.606111466426,0.393888533575,-1.88903965289,2.80783223071,11.452392646,0,0,0.005,0,0,20.4,40.8012037436,0,0,0,0,0,0,0,0,0,0
14.455,0.481377823838,0.518622176163,1,1,0.297625611682,0.31111127777,0.183752212156,0.207510898392,0.608736889453,0.391263110549,-1.91738730742,2.81575966447,11.6048765747,0,0,0.005,0,0,20.4,40.8012037436,0,0,0,0,0,0,0,0,0,0
14.46,0.481501707431,0.518498292571,1,1,0.299380423397,0.312024157058,0.182121284034,0.206474135512,0.611404580455,0.388595419546,-1.94568813946,2.82367646621,11.7588511219,0,0,0.005,0,0,20.4,40.8012037436,0,0,0,0,0,0,0,0,0,0
14.465,0.481582697622,0.51841730238,1,1,0.301101821177,0.313011084377,0.180480876445,0.205406218003,0.614112905554,0.385887094447,-1.97394144764,2.83158239799,11.9143037153,0,0,0.005,0,0,20.4,40.8012037436,0,0,0,0,0,0,0,0,0,0
14.47,0.481619972693,0.518380027308,1,1,0.302788216492,0.314071791864,0.178831756201,0.204308235445,0.616860008356,0.383139991645,-2.00214653177,2.83947722233,12.0712216308,0,0,0.005,0,0,20.4,40.8012037436,0,0,0,0,0,0,0,0,0,0
14.475,0.481612995914,0.518387004087,1,1,0.304438263377,0.315205569809,0.177174732538,0.203181434278,0.619643833186,0.380356166815,-2.03030269284,2.84736070227,12.2295919934,0,0,0.005,0,0,20.4,40.8012037436,0,0,0,0,0,0,0,0,0,0
14.48,0.481561522458,0.518438477543,1,1,0.306050863814,0.316411291545,0.175510658644,0.202027185998,0.622462155359,0.377537844642,-2.05840923305,2.85523260133,12.3894017784,0,0,0.005,0,0,20.4,40.8012037436,0,0,0,0,0,0,0,0,0,0
14.485,0.48146560467,0.518534395331,1,1,0.307625176391,0.317687442002,0.17384042828,0.200846953329,0.625312618393,0.374687381609,-2.08646545579,2.86309268355,12.5506378128,0,0,0.005,0,0,20.4,40.8012037436,0,0,0,0,0,0,0,0,0,0
14.49,0.481325595614,0.518674404387,1,1,0.309160628034,0.319032149801,0.17216496758,0.199642254586,0.628192777834,0.371807222167,-2.1144706657,2.87094071347,12.7132867764,0,0,0.005,0,0,20.4,40.8012037436,0,0,0,0,0,0,0,0,0,0
14.495,0.481142150797,0.518857849204,1,1,0.310656928465,0.320443222689,0.170485222333,0.198414626515,0.631100151153,0.368899848848,-2.14242416866,2.87877645617,12.8773352031,0,0,0.005,0,0,20.4,40.8012037436,0,0,0,0,0,0,0,0,0,0
14.5,0.480916228018,0.519083771983,1,1,0.31211408685,0.321918186059,0.168802141169,0.197165585924,0.634032272908,0.365967727093,-2.17032527182,2.88659967724,13.0427694821,0,0,0.005,0,0,20.4,40.8012037436,0,0,0,0,0,0,0,0,0,0
14.505,0.48064908526,0.519350914741,1,1,0.313532429952,0.323454324216,0.167116655308,0.195896590525,0.636986754168,0.363013245834,-2.19817328359,2.89441014282,13.2095758595,0,0,0.005,0,0,20.4,40.8012037436,0,0,0,0,0,0,0,0,0,0
14.51,0.480342276576,0.519657723425,1,1,0.314912620995,0.325048723932,0.165429655582,0.194608999493,0.639961344926,0.360038655075,-2.2259675137,2.90220761958,13.3777404392,0,0,0.005,0,0,20.4,40.8012037436,0,0,0,0,0,0,0,0,0,0
14.515,0.479997645928,0.520002354073,1,1,0.316255678336,0.326698319722,0.163741967592,0.193304034351,0.642953998058,0.357046001943,-2.25370727317,2.90999187476,13.5472491843,0,0,0.005,0,0,20.4,40.8012037436,0,0,0,0,0,0,0,0,0,0
14.52,0.479617318942,0.52038268106,1,1,0.317562993001,0.328399940155,0.162054325941,0.191982740905,0.645962933156,0.354037066846,-2.28139187436,2.91776267615,13.7180879188,0,0,0.005,0,0,20.4,40.8012037436,0,0,0,0,0,0,0,0,0,0
14.525,0.479203692557,0.520796307444,1,1,0.318836344073,0.330150354391,0.160367348484,0.190645953052,0.648986698465,0.351013301537,-2.309020631,2.92551979211,13.8902423284,0,0,0.005,0,0,20.4,40.8012037436,0,0,0,0,0,0,0,0,0,0
14.53,0.478759422579,0.521240577423,1,1,0.320077910971,0.331946318034,0.158681511607,0.189294259389,0.652024229005,0.347975770996,-2.33659285815,2.93326299158,14.0636979625,0,0,0.005,0,0,20.4,40.8012037436,0,0,0,0,0,0,0,0,0,0
14.535,0.478287409121,0.52171259088,1,1,0.321290281627,0.333784617293,0.156997127494,0.187927973587,0.655074898921,0.34492510108,-2.36410787229,2.94099204408,14.2384402352,0,0,0.005,0,0,20.4,40.8012037436,0,0,0,0,0,0,0,0,0,0
14.54,0.477790779996,0.522209220006,1,1,0.322476455686,0.335662110409,0.15531432431,0.186547109596,0.658138566095,0.341861433906,-2.39156499128,2.94870671974,14.4144544265,0,0,0.005,0,0,20.4,40.8012037436,0,0,0,0,0,0,0,0,0,0
14.545,0.477272872066,0.522727127935,1,1,0.323639841894,0.337575765234,0.153633030173,0.185151362701,0.661215607128,0.338784392873,-2.41896353441,2.95640678927,14.5917256845,0,0,0.005,0,0,20.4,40.8012037436,0,0,0,0,0,0,0,0,0,0
14.55,0.476737210649,0.523262789352,1,1,0.324784248982,0.339522691908,0.151952961667,0.183740097444,0.664306940889,0.335693059112,-2.44630282244,2.96409202401,14.7702390259,0,0,0.005,0,0,20.4,40.8012037436,0,0,0,0,0,0,0,0,0,0
14.555,0.476187487031,0.523812512971,1,1,0.325913869463,0.341500169591,0.150273617567,0.182312343379,0.667414039055,0.332585960947,-2.47358217757,2.97176219591,14.9499793382,0,0,0.005,0,0,20.4,40.8012037436,0,0,0,0,0,0,0,0,0,0
14.56,0.475627534214,0.524372465787,1,1,0.327033255928,0.343505666339,0.148594278286,0.180866799448,0.670538922268,0.329461077734,-2.50080092347,2.97941707755,15.1309313808,0,0,0.005,0,0,20.4,40.8012037436,0,0,0,0,0,0,0,0,0,0
14.565,0.475061301012,0.524938698989,1,1,0.328147289575,0.345536851315,0.146914011437,0.179401847675,0.67368414089,0.326315859111,-2.52795838535,2.98705644215,15.3130797867,0,0,0.005,0,0,20.4,40.8012037436,0,0,0,0,0,0,0,0,0,0
14.57,0.474492824629,0.525507175373,1,1,0.329261140902,0.347591598749,0.145231683727,0.177915576623,0.676852739651,0.32314726035,-2.55505388993,2.99468006357,15.4964090636,0,0,0.005,0,0,20.4,40.8012037436,0,0,0,0,0,0,0,0,0,0
14.575,0.473926201903,0.526073798098,1,1,0.330380222659,0.349667983265,0.143545979244,0.176405814833,0.680048205925,0.319951794077,-2.58208676547,3.00228771634,15.6809035961,0,0,0.005,0,0,20.4,40.8012037436,0,0,0,0,0,0,0,0,0,0
14.58,0.473365559393,0.526634440608,1,1,0.331510135367,0.35176426643,0.141855424026,0.174870174177,0.683274401797,0.316725598204,-2.60905634179,3.00987917561,15.8665476464,0,0,0.005,0,0,20.4,40.8012037436,0,0,0,0,0,0,0,0,0,0
14.585,0.472815022509,0.527184977492,1,1,0.332656605864,0.353878874704,0.140158416645,0.173306102788,0.686535480568,0.313464519433,-2.6359619503,3.01745421725,16.0533253566,0,0,0.005,0,0,20.4,40.8012037436,0,0,0,0,0,0,0,0,0,0
14.59,0.472278683925,0.527721316076,1,1,0.333825419571,0.35601036922,0.138453264355,0.171710946856,0.689835788791,0.310164211211,-2.66280292404,3.02501261776,16.2412207499,0,0,0.005,0,0,20.4,40.8012037436,0,0,0,0,0,0,0,0,0,0
14.595,0.47176057151,0.528239428491,1,1,0.335022347302,0.35815740816,0.136738224208,0.170082020331,0.693179755462,0.306820244539,-2.68957859764,3.03255415436,16.4302177321,0,0,0.005,0,0,20.4,40.8012037436,0,0,0,0,0,0,0,0,0,0
14.6,0.47126461605,0.528735383952,1,1,0.336253067651,0.360318702763,0.135011548398,0.168416681189,0.696571770414,0.303428229587,-2.7162883074,3.04007860494,16.6203000932,0,0,0.005,0,0,20.4,40.8012037436,0,0,0,0,0,0,0,0,0,0
14.605,0.470794619031,0.52920538097,1,1,0.337523086105,0.362492968303,0.133271532926,0.166712412667,0.700016054408,0.299983945593,-2.74293139128,3.0475857481,16.8114515093,0,0,0.005,0,0,20.4,40.8012037436,0,0,0,0,0,0,0,0,0,0
14.61,0.47035422079,0.529645779211,1,1,0.338837652197,0.364678871606,0.131516568593,0.164966907605,0.703516523803,0.296483476198,-2.76950718893,3.05507536312,17.0036555438,0,0,0.005,0,0,20.4,40.8012037436,0,0,0,0,0,0,0,0,0,0
14.615,0.469946869325,0.530053130676,1,1,0.340201676117,0.366874976899,0.129745193209,0.163178153777,0.707076653016,0.292923346985,-2.79601504169,3.06254723002,17.1968956495,0,0,0.005,0,0,20.4,40.8012037436,0,0,0,0,0,0,0,0,0,0
14.62,0.469575790096,0.530424209905,1,1,0.341619646286,0.369079691948,0.12795614381,0.161344517957,0.710699338234,0.289300661768,-2.82245429265,3.07000112953,17.3911551694,0,0,0.005,0,0,20.4,40.8012037436,0,0,0,0,0,0,0,0,0,0
14.625,0.469243957127,0.530756042874,1,1,0.343095549477,0.371291216528,0.12614840765,0.159464826346,0.714386766005,0.285613233996,-2.84882428664,3.07743684309,17.5864173393,0,0,0.005,0,0,20.4,40.8012037436,0,0,0,0,0,0,0,0,0,0
14.63,0.468954065747,0.531045934254,1,1,0.344632795089,0.373507495336,0.124321270658,0.157538438918,0.718140290425,0.281859709576,-2.87512437024,3.08485415289,17.7826652889,0,0,0.005,0,0,20.4,40.8012037436,0,0,0,0,0,0,0,0,0,0
14.635,0.468708507281,0.53129149272,1,1,0.346234145191,0.375726177401,0.12247436209,0.155565315319,0.721960322593,0.278039677409,-2.90135389183,3.09225284183,17.9798820434,0,0,0.005,0,0,20.4,40.8012037436,0,0,0,0,0,0,0,0,0,0
14.64,0.468509346029,0.531490653972,1,1,0.347901651942,0.37794458396,0.120607694088,0.153546070012,0.725846235901,0.2741537641,-2.92751220159,3.09963269356,18.1780505254,0,0,0.005,0,0,20.4,40.8012037436,0,0,0,0,0,0,0,0,0,0
14.645,0.468358298833,0.531641701168,1,1,0.349636603888,0.380159686593,0.118721694946,0.151482014575,0.729796290481,0.27020370952,-2.9535986515,3.1069934925,18.3771535566,0,0,0.005,0,0,20.4,40.8012037436,0,0,0,0,0,0,0,0,0,0
14.65,0.468256717539,0.531743282462,1,1,0.3514394826,0.382368097171,0.116817234939,0.149375185292,0.733807579771,0.266192420231,-2.97961259541,3.11433502376,18.577173859,0,0,0.005,0,0,20.4,40.8012037436,0,0,0,0,0,0,0,0,0,0
14.655,0.468205574635,0.531794425366,1,1,0.353309930927,0.384566070847,0.114895643709,0.147228354519,0.737876001773,0.262123998228,-3.005553389,3.12165707327,18.7780940572,0,0,0.005,0,0,20.4,40.8012037436,0,0,0,0,0,0,0,0,0,0
14.66,0.468205452337,0.531794547664,1,1,0.355246734008,0.386749522998,0.112958718329,0.145045024667,0.741996257005,0.258003742996,-3.03142038983,3.12895942767,18.9798966799,0,0,0.005,0,0,20.4,40.8012037436,0,0,0,0,0,0,0,0,0,0
14.665,0.468256535335,0.531743464666,1,1,0.357247813978,0.388914060576,0.111008721357,0.14282940409,0.746161874554,0.253838125447,-3.05721295735,3.13624187437,19.1825641611,0,0,0.005,0,0,20.4,40.8012037436,0,0,0,0,0,0,0,0,0,0
14.67,0.468358607439,0.531641392562,1,1,0.359310239065,0.391055027919,0.109048368374,0.140586364644,0.750365266984,0.249634733017,-3.0829304529,3.14350420156,19.3860788426,0,0,0.005,0,0,20.4,40.8012037436,0,0,0,0,0,0,0,0,0,0
14.675,0.468511052257,0.531488947744,1,1,0.361430247525,0.393167566584,0.107080804732,0.13832138116,0.754597814109,0.245402185892,-3.10857223976,3.15074619818,19.5904229752,0,0,0.005,0,0,20.4,40.8012037436,0,0,0,0,0,0,0,0,0,0
14.68,0.468712858069,0.531287141932,1,1,0.363603286576,0.395246688331,0.105109571494,0.136040453601,0.758849974907,0.241150025094,-3.13413768314,3.15796765395,19.7955787203,0,0,0.005,0,0,20.4,40.8012037436,0,0,0,0,0,0,0,0,0,0
14.685,0.468962626962,0.531037373039,1,1,0.3658240662,0.397287359876,0.103138560762,0.133750013163,0.763111426077,0.236888573925,-3.15962615019,3.16516835937,20.0015281521,0,0,0.005,0,0,20.4,40.8012037436,0,0,0,0,0,0,0,0,0,0
14.69,0.469258588274,0.530741411728,1,1,0.36808662736,0.399284597655,0.101171960913,0.131456814072,0.767371225016,0.232628774986,-3.18503701002,3.1723481057,20.2082532589,0,0,0.005,0,0,20.4,40.8012037436,0,0,0,0,0,0,0,0,0,0
14.695,0.469598616335,0.530401383666,1,1,0.370384423859,0.401233570391,0.0992141924761,0.129167813275,0.77161799425,0.228382005751,-3.21036963374,3.17950668498,20.4157359451,0,0,0.005,0,0,20.4,40.8012037436,0,0,0,0,0,0,0,0,0,0
14.7,0.46998025245,0.530019747551,1,1,0.372710416772,0.40312970694,0.0972698356777,0.126890040611,0.775840123713,0.224159876288,-3.23562339443,3.18664389004,20.6239580325,0,0,0.005,0,0,20.4,40.8012037436,0,0,0,0,0,0,0,0,0,0
14.705,0.470400730985,0.529599269016,1,1,0.37505718005,0.40496880661,0.0953435509349,0.124630462406,0.78002598666,0.219974013341,-3.26079766718,3.1937595145,20.8329012627,0,0,0.005,0,0,20.4,40.8012037436,0,0,0,0,0,0,0,0,0,0
14.71,0.470857009406,0.529142990596,1,1,0.377417015618,0.406747148914,0.0934399937879,0.122395841681,0.784164164532,0.215835835469,-3.2858918291,3.20085335274,21.0425472983,0,0,0.005,0,0,20.4,40.8012037436,0,0,0,0,0,0,0,0,0,0
14.715,0.471345802016,0.528654197985,1,1,0.379782076022,0.408461599647,0.0915637259939,0.120192598338,0.788243675669,0.211756324332,-3.31090525933,3.20792519995,21.2528777247,0,0,0.005,0,0,20.4,40.8012037436,0,0,0,0,0,0,0,0,0,0
14.72,0.471863617121,0.52813638288,1,1,0.382144492455,0.410109710079,0.0897191246658,0.118026672801,0.792254202534,0.207745797467,-3.33583733905,3.21497485209,21.4638740522,0,0,0.005,0,0,20.4,40.8012037436,0,0,0,0,0,0,0,0,0,0
14.725,0.47240679726,0.527593202742,1,1,0.384496505783,0.411689806178,0.0879102914767,0.115903396563,0.796186311961,0.20381368804,-3.36068745149,3.22200210594,21.6755177173,0,0,0.005,0,0,20.4,40.8012037436,0,0,0,0,0,0,0,0,0,0
14.73,0.472971562111,0.52702843789,1,1,0.386830598069,0.413201064892,0.0861409640423,0.113827372998,0.800031662961,0.199968337041,-3.38545498195,3.22900675905,21.8877900848,0,0,0.005,0,0,20.4,40.8012037436,0,0,0,0,0,0,0,0,0,0
14.735,0.47355405362,0.526445946381,1,1,0.389139621991,0.414643574775,0.0844144316295,0.111802371606,0.803783196765,0.196216803236,-3.41013931781,3.23598860977,22.1006724495,0,0,0.005,0,0,20.4,40.8012037436,0,0,0,0,0,0,0,0,0,0
14.74,0.474150382847,0.525849617154,1,1,0.391416925521,0.416018378578,0.0827334573257,0.109831238577,0.807435304099,0.192564695902,-3.43473984854,3.24294745725,22.3141460377,0,0,0.005,0,0,20.4,40.8012037436,0,0,0,0,0,0,0,0,0,0
14.745,0.47475667799,0.525243322012,1,1,0.393656469257,0.417327495824,0.0811002087328,0.107915826187,0.810983965081,0.18901603492,-3.45925596571,3.24988310144,22.5281920093,0,0,0.005,0,0,20.4,40.8012037436,0,0,0,0,0,0,0,0,0,0
14.75,0.475369133008,0.524630866993,1,1,0.395852933889,0.418573923872,0.0795161991193,0.106056943121,0.814426857761,0.18557314224,-3.48368706298,3.2567953431,22.7427914596,0,0,0.005,0,0,20.4,40.8012037436,0,0,0,0,0,0,0,0,0,0
14.755,0.475984056231,0.52401594377,1,1,0.398001815449,0.419761616486,0.0779822407826,0.104254327284,0.817763431934,0.182236568067,-3.50803253617,3.26368398378,22.9579254208,0,0,0.005,0,0,20.4,40.8012037436,0,0,0,0,0,0,0,0,0,0
14.76,0.476597918308,0.523402081693,1,1,0.400099506176,0.420895439527,0.0764984121326,0.102506642166,0.820994945703,0.179005054299,-3.53229178321,3.27054882585,23.173574864,0,0,0.005,0,0,20.4,40.8012037436,0,0,0,0,0,0,0,0,0,0
14.765,0.477207398864,0.522792601137,1,1,0.402143359141,0.421981103949,0.0750640397233,0.100811497188,0.82412446309,0.175875536911,-3.55646420419,3.27738967248,23.389720701,0,0,0.005,0,0,20.4,40.8012037436,0,0,0,0,0,0,0,0,0,0
14.77,0.477809431181,0.522190568821,1,1,0.404131735052,0.423025076901,0.0736776961286,0.0991654919194,0.827156811953,0.172843188048,-3.58054920135,3.28420632768,23.606343786,0,0,0.005,0,0,20.4,40.8012037436,0,0,0,0,0,0,0,0,0,0
14.775,0.478401244266,0.521598755735,1,1,0.406064030073,0.424034472325,0.0723372141938,0.0975642834098,0.830098502398,0.169901497604,-3.60454617909,3.29099859624,23.8234249176,0,0,0.005,0,0,20.4,40.8012037436,0,0,0,0,0,0,0,0,0,0
14.78,0.478980401651,0.521019598351,1,1,0.40794068385,0.425016923018,0.0710397178009,0.0960026753327,0.832957606868,0.167042393134,-3.62845454402,3.2977662838,24.0409448406,0,0,0.005,0,0,20.4,40.8012037436,0,0,0,0,0,0,0,0,0,0
14.785,0.479544836287,0.520455163714,1,1,0.409763167406,0.425980436645,0.0697816688811,0.0944747270695,0.835743604051,0.164256395951,-3.65227370491,3.30450919683,24.2588842475,0,0,0.005,0,0,20.4,40.8012037436,0,0,0,0,0,0,0,0,0,0
14.79,0.480092880974,0.519907119028,1,1,0.411533950981,0.426933238661,0.0685589299931,0.0929738803663,0.838467189642,0.161532810359,-3.67600307278,3.31122714259,24.4772237809,0,0,0.005,0,0,20.4,40.8012037436,0,0,0,0,0,0,0,0,0,0
14.795,0.480623293735,0.519376706266,1,1,0.413256452357,0.427883605515,0.0673668413775,0.0914931007511,0.841140057873,0.158859942129,-3.69964206082,3.31791992923,24.695944035,0,0,0.005,0,0,20.4,40.8012037436,0,0,0,0,0,0,0,0,0,0
14.8,0.481135277669,0.518864722332,1,1,0.414934966657,0.428839691805,0.0662003110126,0.090025030527,0.843774658462,0.15622534154,-3.7231900845,3.32458736569,24.9150255574,0,0,0.005,0,0,20.4,40.8012037436,0,0,0,0,0,0,0,0,0,0
14.805,0.481628494826,0.518371505175,1,1,0.416574578993,0.429809355311,0.0650539158337,0.088562149864,0.846383934304,0.153616065698,-3.74664656149,3.33122926178,25.1344488513,0,0,0.005,0,0,20.4,40.8012037436,0,0,0,0,0,0,0,0,0,0
14.81,0.482103073746,0.517896926255,1,1,0.418181061785,0.430799983941,0.063922011961,0.0870969423139,0.848981045726,0.151018954275,-3.77001091177,3.33784542815,25.3541943771,0,0,0.005,0,0,20.4,40.8012037436,0,0,0,0,0,0,0,0,0,0
14.815,0.482559610376,0.517440389625,1,1,0.419760758862,0.431818328666,0.0627988515135,0.0856220609591,0.851579087529,0.148420912473,-3.79328255755,3.34443567632,25.5742425544,0,0,0.005,0,0,20.4,40.8012037436,0,0,0,0,0,0,0,0,0,0
14.82,0.482999162165,0.517000837836,1,1,0.421320458789,0.43287034644,0.0616787033757,0.0841304913962,0.854190805229,0.145809194772,-3.81646092335,3.35099981865,25.794573764,0,0,0.005,0,0,20.4,40.8012037436,0,0,0,0,0,0,0,0,0,0
14.825,0.483423235231,0.51657676477,1,1,0.422867260089,0.433961056934,0.060555975142,0.0826157078358,0.856828317024,0.143171682978,-3.83954543599,3.35753766837,26.0151683496,0,0,0.005,0,0,20.4,40.8012037436,0,0,0,0,0,0,0,0,0,0
14.83,0.483833764597,0.516166235404,1,1,0.424408431204,0.435094416629,0.0594253333937,0.0810718187744,0.859502847833,0.140497152168,-3.86253552461,3.3640490396,26.2360066197,0,0,0.005,0,0,20.4,40.8012037436,0,0,0,0,0,0,0,0,0,0
14.835,0.484233087588,0.515766912413,1,1,0.42595126812,0.436273213455,0.0582818194682,0.0794936989579,0.862224481575,0.137775518426,-3.88543062068,3.37053374732,26.45706885,0,0,0.005,0,0,20.4,40.8012037436,0,0,0,0,0,0,0,0,0,0
14.84,0.484623910596,0.515376089405,1,1,0.427502952638,0.437498984712,0.057120957958,0.0778771046929,0.86500193735,0.134998062651,-3.90823015803,3.3769916074,26.6783352846,0,0,0.005,0,0,20.4,40.8012037436,0,0,0,0,0,0,0,0,0,0
14.845,0.485009269528,0.514990730474,1,1,0.429070414192,0.438771960495,0.0559388553356,0.076218769979,0.867842374687,0.132157625315,-3.93093357282,3.38342243661,26.8997861385,0,0,0.005,0,0,20.4,40.8012037436,0,0,0,0,0,0,0,0,0,0
14.85,0.485392484334,0.514607515667,1,1,0.430660198008,0.440091034267,0.054732286326,0.0745164813995,0.870751232276,0.129248767726,-3.95354030363,3.38982605261,27.1214015994,0,0,0.005,0,0,20.4,40.8012037436,0,0,0,0,0,0,0,0,0,0
14.855,0.485777108166,0.514222891836,1,1,0.432278342227,0.441453761609,0.0534987659388,0.0727691302263,0.873732103836,0.126267896165,-3.97604979143,3.39620227397,27.3431618296,0,0,0.005,0,0,20.4,40.8012037436,0,0,0,0,0,0,0,0,0,0
14.86,0.486166871744,0.513833128257,1,1,0.433930266318,0.442856387516,0.0522366054255,0.0709767407414,0.876786653834,0.123213346167,-3.99846147957,3.40255092017,27.565046968,0,0,0.005,0,0,20.4,40.8012037436,0,0,0,0,0,0,0,0,0,0
14.865,0.486565623688,0.513434376313,1,1,0.435620672866,0.44429390197,0.050944950822,0.0691404743432,0.879914574836,0.120085425165,-4.02077481387,3.40887181161,27.7870371319,0,0,0.005,0,0,20.4,40.8012037436,0,0,0,0,0,0,0,0,0,0
14.87,0.486977267571,0.51302273243,1,1,0.437353464398,0.445760122856,0.0496238031735,0.0672626095741,0.883113587254,0.116886412748,-4.04298924257,3.41516476962,28.0091124192,0,0,0.005,0,0,20.4,40.8012037436,0,0,0,0,0,0,0,0,0,0
14.875,0.487405696595,0.512594303406,1,1,0.439131676597,0.447247804642,0.0482740199981,0.0653464987637,0.886379481239,0.113620518762,-4.06510421638,3.42142961645,28.2312529104,0,0,0.005,0,0,20.4,40.8012037436,0,0,0,0,0,0,0,0,0,0
14.88,0.48785472681,0.512145273191,1,1,0.440957428793,0.448748770675,0.0468972980172,0.0633965025155,0.889706199469,0.110293800533,-4.08711918848,3.42766617531,28.4534386702,0,0,0.005,0,0,20.4,40.8012037436,0,0,0,0,0,0,0,0,0,0
14.885,0.488328029874,0.511671970128,1,1,0.442831892225,0.450254066369,0.0454961376488,0.0614179037584,0.893085958594,0.106914041407,-4.10903361454,3.43387427033,28.6756497499,0,0,0.005,0,0,20.4,40.8012037436,0,0,0,0,0,0,0,0,0,0
14.89,0.488829066376,0.511170933626,1,1,0.44475527616,0.451754130093,0.044073790216,0.0594168035325,0.896509406253,0.103490593748,-4.13084695276,3.44005372661,28.8978661891,0,0,0.005,0,0,20.4,40.8012037436,0,0,0,0,0,0,0,0,0,0
14.895,0.48936102078,0.510638979222,1,1,0.446726831532,0.45323897816,0.0426341892475,0.057400001062,0.899965809692,0.100034190309,-4.15255866384,3.44620437021,29.1200680179,0,0,0.005,0,0,20.4,40.8012037436,0,0,0,0,0,0,0,0,0,0
14.9,0.489926739032,0.510073260969,1,1,0.448744871398,0.454698399981,0.0411818676335,0.0553748609883,0.903443271379,0.0965567286218,-4.17416821103,3.45232602815,29.3422352586,0,0,0.005,0,0,20.4,40.8012037436,0,0,0,0,0,0,0,0,0,0
14.905,0.490528669891,0.50947133011,1,1,0.450806807156,0.456122159233,0.0397218627351,0.0533491708773,0.906928966389,0.0930710336125,-4.19567506012,3.4584185284,29.5643479277,0,0,0.005,0,0,20.4,40.8012037436,0,0,0,0,0,0,0,0,0,0
14.91,0.491168810992,0.50883118901,1,1,0.452909199171,0.457500196728,0.0382596118208,0.0513309922816,0.910409395899,0.0895906041024,-4.21707867948,3.46448169994,29.7863860382,0,0,0.005,0,0,20.4,40.8012037436,0,0,0,0,0,0,0,0,0,0
14.915,0.491848660619,0.508151339382,1,1,0.455047820209,0.458822830664,0.0368008404105,0.0493285087179,0.913870650873,0.0861293491284,-4.23837854007,3.47051537272,30.0083296012,0,0,0.005,0,0,20.4,40.8012037436,0,0,0,0,0,0,0,0,0,0
14.92,0.492569176104,0.507430823898,1,1,0.457217729858,0.460080949974,0.0353514462458,0.0473498739233,0.917298679832,0.082701320169,-4.25957411542,3.47651937765,30.2301586279,0,0,0.005,0,0,20.4,40.8012037436,0,0,0,0,0,0,0,0,0,0
14.925,0.493330739669,0.506669260332,1,1,0.459413358007,0.461266196661,0.0339173816615,0.0454030636714,0.920679554668,0.0793204453329,-4.28066488167,3.48249354667,30.4518531318,0,0,0.005,0,0,20.4,40.8012037436,0,0,0,0,0,0,0,0,0,0
14.93,0.49413313247,0.505866867531,1,1,0.461628595345,0.462371133255,0.0325045371245,0.043495734276,0.923999728601,0.0760002714005,-4.30165031761,3.48843771268,30.6733931303,0,0,0.005,0,0,20.4,40.8012037436,0,0,0,0,0,0,0,0,0,0
14.935,0.494975517451,0.50502448255,1,1,0.463856888839,0.463389391869,0.0311186286121,0.041635090681,0.927246280708,0.0727537192931,-4.32252990463,3.49435170962,30.8947586469,0,0,0.005,0,0,20.4,40.8012037436,0,0,0,0,0,0,0,0,0,0
14.94,0.495856431523,0.504143568478,1,1,0.466091340176,0.464315801731,0.029765091347,0.039827766747,0.930407141907,0.0695928580939,-4.34330312676,3.50023537239,31.1159297131,0,0,0.005,0,0,20.4,40.8012037436,0,0,0,0,0,0,0,0,0,0
14.945,0.496773787427,0.503226212574,1,1,0.468324805244,0.465146492577,0.0284489821833,0.0380797199972,0.933471297821,0.0665287021805,-4.36396947071,3.50608853693,31.3368863701,0,0,0.005,0,0,20.4,40.8012037436,0,0,0,0,0,0,0,0,0,0
14.95,0.497724885513,0.502275114489,1,1,0.470549992851,0.465878971791,0.0271748926612,0.0363961426978,0.936428964642,0.063571035359,-4.38452842582,3.51191104018,31.557608671,0,0,0.005,0,0,20.4,40.8012037436,0,0,0,0,0,0,0,0,0,0
14.955,0.498706435491,0.50129356451,1,1,0.47275956107,0.46651217379,0.025946874421,0.0347813907209,0.939271734859,0.0607282651419,-4.40497948414,3.51770272008,31.7780766825,0,0,0.005,0,0,20.4,40.8012037436,0,0,0,0,0,0,0,0,0,0
14.96,0.499714588071,0.50028541193,1,1,0.47494620976,0.467046480737,0.0247683783115,0.0332389311932,0.941992690497,0.0580073095047,-4.42532214035,3.52346341562,31.9982704871,0,0,0.005,0,0,20.4,40.8012037436,0,0,0,0,0,0,0,0,0,0
14.965,0.500744976232,0.499255023769,1,1,0.477102768094,0.467483714296,0.0236422081385,0.0317713094734,0.944586482389,0.0554135176118,-4.44555589188,3.52919296678,32.2181701846,0,0,0.005,0,0,20.4,40.8012037436,0,0,0,0,0,0,0,0,0,0
14.97,0.501792765703,0.498207234298,1,1,0.479222276097,0.467827098756,0.0225704896058,0.0303801355427,0.947049374853,0.0529506251485,-4.46568023881,3.53489121458,32.4377558942,0,0,0.005,0,0,20.4,40.8012037436,0,0,0,0,0,0,0,0,0,0
14.975,0.502852714077,0.497147285924,1,1,0.481298059478,0.468081196474,0.0215546545989,0.0290660894496,0.949379255953,0.0506207440485,-4.48569468393,3.54055800106,32.6570077563,0,0,0.005,0,0,20.4,40.8012037436,0,0,0,0,0,0,0,0,0,0
14.98,0.503919237831,0.496080762171,1,1,0.483323797255,0.46825181715,0.0205954405756,0.0278289450207,0.951575614405,0.0484243855963,-4.50559873278,3.54619316929,32.8759059347,0,0,0.005,0,0,20.4,40.8012037436,0,0,0,0,0,0,0,0,0,0
14.985,0.504986486354,0.495013513647,1,1,0.485293581893,0.468345902984,0.0196929044613,0.0266676106629,0.953639484877,0.0463605151242,-4.52539189357,3.55179656337,33.094430618,0,0,0.005,0,0,20.4,40.8012037436,0,0,0,0,0,0,0,0,0,0
14.99,0.506048421983,0.493951578018,1,1,0.487201971876,0.468371392289,0.0188464501071,0.0255801857291,0.955573364165,0.0444266358363,-4.54507367726,3.55736802845,33.3125620216,0,0,0.005,0,0,20.4,40.8012037436,0,0,0,0,0,0,0,0,0,0
14.995,0.507098904891,0.492901095111,1,1,0.489044036814,0.468337064494,0.0180548680765,0.0245640306169,0.957381101308,0.0426188986934,-4.56464359756,3.56290741069,33.5302803899,0,0,0.005,0,0,20.4,40.8012037436,0,0,0,0,0,0,0,0,0,0
15,0.508131781576,0.491868218426,1,1,0.490815395303,0.468252369902,0.0173163862721,0.0236158485242,0.959067765205,0.0409322347963,-4.58410117088,3.56841455731,33.7475659977,0,0,0.005,0,0,20.4,40.8012037436,0,0,0,0,0,0,0,0,0,0
15.005,0.509140975627,0.490859024375,1,1,0.492512245911,0.468127247778,0.0166287297158,0.0227317765968,0.960639493689,0.0393605063126,-4.60344591641,3.57388931656,33.9643991523,0,0,0.005,0,0,20.4,40.8012037436,0,0,0,0,0,0,0,0,0,0
15.01,0.510120579335,0.489879420666,1,1,0.494131391684,0.467971936592,0.0159891876512,0.0219074840745,0.962103328276,0.0378966717257,-4.62267735607,3.57933153774,34.1807601954,0,0,0.005,0,0,20.4,40.8012037436,0,0,0,0,0,0,0,0,0,0
15.015,0.511064944708,0.488935055294,1,1,0.49567025866,0.467796780312,0.0153946860475,0.0211382749817,0.963467038972,0.0365329610291,-4.64179501455,3.58474107119,34.3966295046,0,0,0.005,0,0,20.4,40.8012037436,0,0,0,0,0,0,0,0,0,0
15.02,0.511968772396,0.488031227605,1,1,0.497126908843,0.467612034701,0.0148418635532,0.0204191929041,0.964738943544,0.0352610564574,-4.6607984193,3.59011776832,34.6119874958,0,0,0.005,0,0,20.4,40.8012037436,0,0,0,0,0,0,0,0,0,0
15.025,0.512827197058,0.487172802943,1,1,0.498500048091,0.467427677488,0.0143271489674,0.0197451254554,0.965927725578,0.0340722744228,-4.67968710055,3.59546148157,34.8268146245,0,0,0.005,0,0,20.4,40.8012037436,0,0,0,0,0,0,0,0,0,0
15.03,0.51363586769,0.486364132311,1,1,0.49978902932,0.467253226163,0.0138468383702,0.0191109061483,0.967042255483,0.0329577445185,-4.69846059129,3.60077206445,35.041091388,0,0,0.005,0,0,20.4,40.8012037436,0,0,0,0,0,0,0,0,0,0
15.035,0.514391021533,0.485608978468,1,1,0.500993851361,0.467097566913,0.0133971701719,0.0185114115556,0.968091418274,0.0319085817275,-4.71711842733,3.60604937152,35.2547983274,0,0,0.005,0,0,20.4,40.8012037436,0,0,0,0,0,0,0,0,0,0
15.04,0.515089550204,0.484910449798,1,1,0.502115153707,0.466968797941,0.0129743964963,0.0179416518567,0.969083951648,0.030916048353,-4.73566014726,3.61129325843,35.4679160287,0,0,0.005,0,0,20.4,40.8012037436,0,0,0,0,0,0,0,0,0,0
15.045,0.515729056823,0.484270943178,1,1,0.503154207318,0.466874090065,0.0125748495057,0.0173968531132,0.970028297382,0.0299717026189,-4.75408529246,3.61650358186,35.6804251256,0,0,0.005,0,0,20.4,40.8012037436,0,0,0,0,0,0,0,0,0,0
15.05,0.516307903029,0.483692096972,1,1,0.504112901539,0.466819567073,0.01219500149,0.0168725298993,0.970932468612,0.0290675313893,-4.77239340715,3.62168019959,35.8923063007,0,0,0.005,0,0,20.4,40.8012037436,0,0,0,0,0,0,0,0,0,0
15.055,0.516825244895,0.483174755107,1,1,0.504993727119,0.466810207895,0.0118315177761,0.016364547212,0.971803935013,0.0281960649881,-4.79058403835,3.62682297046,36.1035402876,0,0,0.005,0,0,20.4,40.8012037436,0,0,0,0,0,0,0,0,0,0
15.06,0.51728105695,0.482718943051,1,1,0.505799755195,0.466849772152,0.0114813017551,0.0158691708988,0.972649527347,0.0273504726539,-4.80865673594,3.63193175441,36.3141078729,0,0,0.005,0,0,20.4,40.8012037436,0,0,0,0,0,0,0,0,0,0
15.065,0.517676143677,0.482323856324,1,1,0.506534612106,0.466940750164,0.0111415315712,0.0153831061604,0.97347536227,0.0265246377317,-4.82661105263,3.63700641245,36.5239898976,0,0,0.005,0,0,20.4,40.8012037436,0,0,0,0,0,0,0,0,0,0
15.07,0.518012138034,0.481987861967,1,1,0.507202449779,0.467084337973,0.0108096882554,0.014903523994,0.974286787752,0.0257132122494,-4.84444654399,3.64204680668,36.7331672596,0,0,0.005,0,0,20.4,40.8012037436,0,0,0,0,0,0,0,0,0,0
15.075,0.518291486791,0.481708513211,1,1,0.507807911477,0.467280437464,0.0104835753131,0.0144280757463,0.975088348942,0.0249116510594,-4.86216276845,3.64705280031,36.9416209151,0,0,0.005,0,0,20.4,40.8012037436,0,0,0,0,0,0,0,0,0,0
15.08,0.518517422648,0.481482577353,1,1,0.508356092661,0.467527681131,0.0101613299876,0.0139548962218,0.975883773792,0.0241162262093,-4.87975928734,3.65202425762,37.1493318807,0,0,0.005,0,0,20.4,40.8012037436,0,0,0,0,0,0,0,0,0,0
15.085,0.518693923348,0.481306076653,1,1,0.508852496742,0.467823480608,0.00984142660592,0.0134825960455,0.97667597735,0.0233240226514,-4.89723566488,3.65696104404,37.356281235,0,0,0.005,0,0,20.4,40.8012037436,0,0,0,0,0,0,0,0,0,0
15.09,0.518825658186,0.481174341815,1,1,0.509302985607,0.468164097616,0.00952267257922,0.013010244199,0.977467083223,0.0225329167782,-4.9145914682,3.66186302606,37.5624501209,0,0,0.005,0,0,20.4,40.8012037436,0,0,0,0,0,0,0,0,0,0
15.095,0.518917922573,0.481082077428,1,1,0.509713724814,0.468544735596,0.00920419775957,0.0125373418322,0.97825846041,0.0217415395918,-4.93182626733,3.66673007134,37.7678197472,0,0,0.005,0,0,20.4,40.8012037436,0,0,0,0,0,0,0,0,0,0
15.1,0.518976561477,0.481023438525,1,1,0.510091123515,0.468959649928,0.00888543796124,0.0120637885968,0.979050773443,0.020949226558,-4.94893963529,3.67156204862,37.9723713906,0,0,0.005,0,0,20.4,40.8012037436,0,0,0,0,0,0,0,0,0,0
15.105,0.519007882797,0.480992117205,1,1,0.510441769271,0.469402274354,0.00856611352569,0.0115898428511,0.979844043624,0.0201559563768,-4.965931148,3.67635882779,38.1760863973,0,0,0.005,0,0,20.4,40.8012037436,0,0,0,0,0,0,0,0,0,0
15.11,0.519018561898,0.480981438103,1,1,0.510772358045,0.469865360958,0.00824620385347,0.0111160771445,0.980637719003,0.019362280998,-4.98280038438,3.68112027986,38.3789461854,0,0,0.005,0,0,20.4,40.8012037436,0,0,0,0,0,0,0,0,0,0
15.115,0.519015538698,0.480984461304,1,1,0.511089619857,0.470341130893,0.00792591884028,0.0106433304101,0.981430750751,0.0185692492504,-4.99954692633,3.685846277,38.5809322462,0,0,0.005,0,0,20.4,40.8012037436,0,0,0,0,0,0,0,0,0,0
15.12,0.519005908843,0.480994091158,1,1,0.5114002407,0.470821432886,0.00760566814326,0.0101726582729,0.982221673585,0.0177783264162,-5.01617035875,3.69053669248,38.7820261465,0,0,0.005,0,0,20.4,40.8012037436,0,0,0,0,0,0,0,0,0,0
15.125,0.51899681066,0.481003189341,1,1,0.511710781492,0.471297906515,0.00728602916855,0.00970528282573,0.983008688007,0.0169913119943,-5.03267026954,3.69519140077,38.9822095303,0,0,0.005,0,0,20.4,40.8012037436,0,0,0,0,0,0,0,0,0,0
15.13,0.518995309625,0.481004690376,1,1,0.512027595009,0.471762147243,0.00696771461614,0.00924254313316,0.983789742252,0.0162102577493,-5.04904624967,3.69981027746,39.1814641205,0,0,0.005,0,0,20.4,40.8012037436,0,0,0,0,0,0,0,0,0,0
15.135,0.519008282192,0.480991717809,1,1,0.512356741845,0.472205870201,0.00665154034664,0.00878584760834,0.984562612046,0.015437387955,-5.06529789311,3.7043931993,39.379771721,0,0,0.005,0,0,20.4,40.8012037436,0,0,0,0,0,0,0,0,0,0
15.14,0.519042300858,0.480957699143,1,1,0.512703906607,0.472621069877,0.00633839425089,0.00833662926634,0.985324976484,0.0146750235172,-5.08142479693,3.70894004423,39.5771142185,0,0,0.005,0,0,20.4,40.8012037436,0,0,0,0,0,0,0,0,0,0
15.145,0.51910352234,0.480896477661,1,1,0.51307431563,0.473000172961,0.00602920670974,0.00789630470029,0.986074488591,0.01392551141,-5.09742656126,3.71345069133,39.7734735843,0,0,0.005,0,0,20.4,40.8012037436,0,0,0,0,0,0,0,0,0,0
15.15,0.519197580727,0.480802419274,1,1,0.513472657593,0.473336181817,0.00572492313379,0.0074662374576,0.98680883941,0.0131911605914,-5.11330278931,3.71792502085,39.9688318758,0,0,0.005,0,0,20.4,40.8012037436,0,0,0,0,0,0,0,0,0,0
15.155,0.519329487409,0.480670512592,1,1,0.513903008437,0.473622806273,0.00542647897228,0.0070477063187,0.98752581471,0.012474185291,-5.12905308744,3.72236291422,40.1631712389,0,0,0.005,0,0,20.4,40.8012037436,0,0,0,0,0,0,0,0,0,0
15.16,0.51950353951,0.480496460491,1,1,0.514368762029,0.473854581685,0.00513477748172,0.0066418788061,0.988223343713,0.0117766562878,-5.14467706507,3.72676425407,40.3564739093,0,0,0.005,0,0,20.4,40.8012037436,0,0,0,0,0,0,0,0,0,0
15.165,0.519723238422,0.480276761579,1,1,0.514872567973,0.474026971498,0.00485067044951,0.00624979008144,0.98889953947,0.0111004605309,-5.1601743348,3.73112892419,40.5487222144,0,0,0.005,0,0,20.4,40.8012037436,0,0,0,0,0,0,0,0,0,0
15.17,0.519991219905,0.480008780097,1,1,0.515416277926,0.474136452868,0.00457494197915,0.00587232722853,0.989552730794,0.0104472692077,-5.17554451234,3.73545680955,40.7398985752,0,0,0.005,0,0,20.4,40.8012037436,0,0,0,0,0,0,0,0,0,0
15.175,0.520309197049,0.479690802952,1,1,0.516000901687,0.474180584178,0.00430829536215,0.00551021877424,0.990181485865,0.00981851413639,-5.19078721658,3.73974779632,40.9299855079,0,0,0.005,0,0,20.4,40.8012037436,0,0,0,0,0,0,0,0,0,0
15.18,0.52067791719,0.479322082811,1,1,0.516626574201,0.474158053641,0.00405134298965,0.0051640291701,0.990784627842,0.00921537215975,-5.20590206956,3.74400177185,41.1189656254,0,0,0.005,0,0,20.4,40.8012037436,0,0,0,0,0,0,0,0,0,0
15.185,0.521097133667,0.478902866334,1,1,0.517292534473,0.474068708485,0.00380459919449,0.00483415784878,0.991361242958,0.00863875704327,-5.2208886965,3.74821862469,41.3068216397,0,0,0.005,0,0,20.4,40.8012037436,0,0,0,0,0,0,0,0,0,0
15.19,0.521565593066,0.478434406935,1,1,0.517997117204,0.473913564553,0.00356847586242,0.004520842382,0.991910681757,0.00808931824442,-5.2357467258,3.75239824458,41.4935363626,0,0,0.005,0,0,20.4,40.8012037436,0,0,0,0,0,0,0,0,0,0
15.195,0.52208103837,0.477918961631,1,1,0.518737757761,0.47369479643,0.00334328060913,0.00422416520155,0.992432554191,0.00756744581068,-5.25047578906,3.75654052245,41.6790927083,0,0,0.005,0,0,20.4,40.8012037436,0,0,0,0,0,0,0,0,0,0
15.2,0.522640228155,0.477359771847,1,1,0.519511010867,0.473415708544,0.00312921728798,0.00394406330252,0.992926719411,0.0070732805905,-5.26507552106,3.76064535044,41.8634736943,0,0,0.005,0,0,20.4,40.8012037436,0,0,0,0,0,0,0,0,0,0
15.205,0.523238971725,0.476761028276,1,1,0.520312583155,0.473080687948,0.00292638857045,0.00368034032776,0.993393271103,0.0066067288982,-5.27954555981,3.76471262188,42.0466624434,0,0,0.005,0,0,20.4,40.8012037436,0,0,0,0,0,0,0,0,0,0
15.21,0.523872179826,0.476127820175,1,1,0.521137379499,0.472695139743,0.00273480032748,0.00343268043191,0.993832519242,0.0061674807594,-5.2938855465,3.76874223128,42.2286421853,0,0,0.005,0,0,20.4,40.8012037436,0,0,0,0,0,0,0,0,0,0
15.215,0.524533930299,0.475466069702,1,1,0.521979562766,0.47226540636,0.00255436753319,0.00320066334267,0.994244969125,0.00575503087586,-5.30809512557,3.77273407437,42.409396258,0,0,0.005,0,0,20.4,40.8012037436,0,0,0,0,0,0,0,0,0,0
15.22,0.525217547802,0.474782452199,1,1,0.52283262639,0.471798672128,0.00238492141262,0.002983780071,0.994631298518,0.00536870148362,-5.32217394464,3.77668804809,42.5889081096,0,0,0.005,0,0,20.4,40.8012037436,0,0,0,0,0,0,0,0,0,0
15.225,0.525915696492,0.47408430351,1,1,0.52368947893,0.471302854739,0.00222621756116,0.00278144877084,0.994992333669,0.005007666332,-5.33612165458,3.78060405055,42.7671612995,0,0,0.005,0,0,20.4,40.8012037436,0,0,0,0,0,0,0,0,0,0
15.23,0.526620484316,0.473379515685,1,1,0.524542539543,0.470786485378,0.00207794477374,0.00259303030677,0.995329024921,0.00467097508051,-5.34993790946,3.78448198108,42.9441395002,0,0,0.005,0,0,20.4,40.8012037436,0,0,0,0,0,0,0,0,0,0
15.235,0.527323577399,0.472676422603,1,1,0.525383843063,0.470258579448,0.00193973433591,0.00241784315462,0.995642422511,0.00435757749054,-5.36362236661,3.7883217402,43.1198264989,0,0,0.005,0,0,20.4,40.8012037436,0,0,0,0,0,0,0,0,0,0
15.24,0.528016322784,0.471983677217,1,1,0.526205153237,0.469728499888,0.00181116954652,0.00225517732963,0.995933653125,0.00406634687615,-5.37717468656,3.79212322965,43.2942061986,0,0,0.005,0,0,20.4,40.8012037436,0,0,0,0,0,0,0,0,0,0
15.245,0.528689877698,0.471310122303,1,1,0.526998082437,0.469205815195,0.00169179526073,0.00210430710854,0.996203897632,0.00379610236927,-5.39059453308,3.79588635234,43.4672626199,0,0,0.005,0,0,20.4,40.8012037436,0,0,0,0,0,0,0,0,0,0
15.25,0.529335343325,0.470664656676,1,1,0.527754216062,0.468700154294,0.00158112726327,0.00196450238215,0.996454370356,0.00354562964542,-5.40388157316,3.79961101241,43.6389799024,0,0,0.005,0,0,20.4,40.8012037436,0,0,0,0,0,0,0,0,0,0
15.255,0.529943901037,0.470056098964,1,1,0.528465239734,0.468221060423,0.00147866130369,0.00183503854093,0.996686300157,0.00331369984462,-5.41703547705,3.80329711519,43.809342306,0,0,0.005,0,0,20.4,40.8012037436,0,0,0,0,0,0,0,0,0,0
15.26,0.530506948947,0.469493051054,1,1,0.529123067299,0.467777846197,0.00138388164793,0.00171520485739,0.996900913496,0.00309908650533,-5.4300559182,3.80694456722,43.9783342127,0,0,0.005,0,0,20.4,40.8012037436,0,0,0,0,0,0,0,0,0,0
15.265,0.531016236629,0.468983763373,1,1,0.529719967605,0.467379451991,0.00129626902353,0.00160431138195,0.997099419596,0.00290058040547,-5.44294257332,3.81055327622,44.1459401275,0,0,0.005,0,0,20.4,40.8012037436,0,0,0,0,0,0,0,0,0,0
15.27,0.531463995883,0.468536004118,1,1,0.530248688025,0.467034309704,0.00121530785831,0.00150169441406,0.997282997729,0.00271700227237,-5.45569512236,3.81412315115,44.3121446803,0,0,0.005,0,0,20.4,40.8012037436,0,0,0,0,0,0,0,0,0,0
15.275,0.531843065454,0.468156934548,1,1,0.530702572719,0.466750213901,0.00114049273516,0.00140672064669,0.997452786619,0.00254721338185,-5.4683132485,3.81765410214,44.4769326273,0,0,0.005,0,0,20.4,40.8012037436,0,0,0,0,0,0,0,0,0,0
15.28,0.532147007696,0.467852992305,1,1,0.531075673689,0.466534202197,0.00107133400736,0.00131879010832,0.997609875886,0.00239012411568,-5.48079663815,3.82114604055,44.6402888519,0,0,0.005,0,0,20.4,40.8012037436,0,0,0,0,0,0,0,0,0,0
15.285,0.532370215315,0.467629784687,1,1,0.531362852774,0.466392446642,0.00100736254029,0.00123733804492,0.997755299416,0.00224470058521,-5.49314498099,3.82459887893,44.8021983669,0,0,0.005,0,0,20.4,40.8012037436,0,0,0,0,0,0,0,0,0,0
15.29,0.532508006429,0.467491993572,1,1,0.531559872863,0.466330157679,0.000948133565868,0.00116183589305,0.997890030542,0.00210996945892,-5.50535796994,3.82801253104,44.962646315,0,0,0.005,0,0,20.4,40.8012037436,0,0,0,0,0,0,0,0,0,0
15.295,0.532556706415,0.467443293586,1,1,0.53166347676,0.466351502089,0.000893229655363,0.00109179149685,0.998014978849,0.00198502115221,-5.51743530119,3.83138691185,45.1216179711,0,0,0.005,0,0,20.4,40.8012037436,0,0,0,0,0,0,0,0,0,0
15.3,0.532513715154,0.467486284847,1,1,0.53167145232,0.46645953613,0.000842262834249,0.00102674871669,0.99813098845,0.00186901155094,-5.52937667416,3.83472193754,45.279098743,0,0,0.005,0,0,20.4,40.8012037436,0,0,0,0,0,0,0,0,0,0
15.305,0.532377558567,0.467622441434,1,1,0.531582682688,0.466656154867,0.000794875879427,0.000966286566589,0.998238837555,0.00176116244602,-5.54118179156,3.8380175255,45.4350741732,0,0,0.005,0,0,20.4,40.8012037436,0,0,0,0,0,0,0,0,0,0
15.31,0.532147923538,0.467852076463,1,1,0.531397180684,0.46694205846,0.000750742853789,0.00091001800316,0.998339239144,0.00166076085695,-5.55285035937,3.84127359434,45.5895299401,0,0,0.005,0,0,20.4,40.8012037436,0,0,0,0,0,0,0,0,0,0
15.315,0.531825675599,0.468174324402,1,1,0.531116106653,0.46731673593,0.000709568945986,0.000857588471747,0.998432842584,0.00156715741773,-5.56438208685,3.84449006387,45.7424518596,0,0,0.005,0,0,20.4,40.8012037436,0,0,0,0,0,0,0,0,0,0
15.32,0.531412859023,0.468587140979,1,1,0.530741769329,0.467778466682,0.000671089693801,0.00080867429675,0.998520236011,0.00147976399055,-5.57577668655,3.84766685512,45.8938258863,0,0,0.005,0,0,20.4,40.8012037436,0,0,0,0,0,0,0,0,0,0
15.325,0.530912679223,0.469087320778,1,1,0.530277609546,0.468324339793,0.000635069677786,0.000762980984579,0.998601949339,0.00139805066237,-5.58703387433,3.85080389033,46.0436381147,0,0,0.005,0,0,20.4,40.8012037436,0,0,0,0,0,0,0,0,0,0
15.33,0.530329467675,0.469670532326,1,1,0.529728166897,0.468950290837,0.000601300777488,0.000720241489758,0.998678457734,0.00132154226725,-5.59815336935,3.85390109298,46.1918747813,0,0,0.005,0,0,20.4,40.8012037436,0,0,0,0,0,0,0,0,0,0
15.335,0.529668629801,0.4703313702,1,1,0.529099029715,0.469651155722,0.000569600085639,0.000680214478605,0.998750185437,0.00124981456424,-5.60913489411,3.85695838774,46.3385222651,0,0,0.005,0,0,20.4,40.8012037436,0,0,0,0,0,0,0,0,0,0
15.34,0.528936576575,0.471063423427,1,1,0.528396768999,0.470420740815,0.000539807576139,0.000642682611099,0.998817509814,0.00118249018724,-5.61997817442,3.85997570053,46.4835670897,0,0,0.005,0,0,20.4,40.8012037436,0,0,0,0,0,0,0,0,0,0
15.345,0.528140640818,0.471859359183,1,1,0.527628857199,0.471251908333,0.000511783619411,0.000607450850581,0.998880765531,0.00111923446999,-5.63068293947,3.86295295847,46.6269959242,0,0,0.005,0,0,20.4,40.8012037436,0,0,0,0,0,0,0,0,0,0
15.35,0.527288979424,0.472711020577,1,1,0.52680357299,0.472136675775,0.000485406434076,0.000574344802892,0.998940248764,0.00105975123697,-5.64124892179,3.86589008992,46.7687955849,0,0,0.005,0,0,20.4,40.8012037436,0,0,0,0,0,0,0,0,0,0
15.355,0.52639046295,0.473609537051,1,1,0.525929893393,0.473066327969,0.000460569556921,0.000543209081498,0.998996221363,0.00100377863842,-5.6516758573,3.86878702445,46.9089530366,0,0,0.005,0,0,20.4,40.8012037436,0,0,0,0,0,0,0,0,0,0
15.36,0.525454554231,0.474545445771,1,1,0.525017374827,0.474031540078,0.000437179404172,0.000513905692916,0.999048914904,0.000951085097087,-5.66196348531,3.87164369288,47.0474553936,0,0,0.005,0,0,20.4,40.8012037436,0,0,0,0,0,0,0,0,0,0
15.365,0.524491177809,0.475508822193,1,1,0.524076024822,0.475022509756,0.000415152986509,0.000486312436918,0.999098534578,0.000901465423427,-5.67211154854,3.87446002722,47.1842899216,0,0,0.005,0,0,20.4,40.8012037436,0,0,0,0,0,0,0,0,0,0
15.37,0.523510582154,0.476489417847,1,1,0.523116166326,0.476029096529,0.000394415828408,0.000460321318205,0.999145262855,0.000854737146613,-5.68211979313,3.87723596074,47.3194440388,0,0,0.005,0,0,20.4,40.8012037436,0,0,0,0,0,0,0,0,0,0
15.375,0.522523196724,0.477476803278,1,1,0.522148296594,0.477040966308,0.000374900129767,0.000435836969831,0.999189262902,0.000810737099598,-5.69198796867,3.87997142793,47.4529053171,0,0,0.005,0,0,20.4,40.8012037436,0,0,0,0,0,0,0,0,0,0
15.38,0.521539486001,0.478460514,1,1,0.521182942806,0.478047738907,0.000356543194861,0.000412775093174,0.999230681713,0.000769318288035,-5.70171582819,3.88266636451,47.5846614835,0,0,0.005,0,0,20.4,40.8012037436,0,0,0,0,0,0,0,0,0,0
15.385,0.520569802707,0.479430197294,1,1,0.520230516566,0.47903913637,0.000339286140866,0.000391060924059,0.999269652936,0.000730347064925,-5.7113031282,3.88532070743,47.7147004218,0,0,0.005,0,0,20.4,40.8012037436,0,0,0,0,0,0,0,0,0,0
15.39,0.519624242366,0.480375757635,1,1,0.51930116948,0.480005129896,0.000323072886109,0.000370627739136,0.999306299376,0.000693700625244,-5.72074962871,3.88793439485,47.843010173,0,0,0.005,0,0,20.4,40.8012037436,0,0,0,0,0,0,0,0,0,0
15.395,0.518712501397,0.481287498604,1,1,0.51840465199,0.480936083183,0.000307849407071,0.000351415420471,0.999340735174,0.000659264827542,-5.7300550932,3.89050736618,47.9695789374,0,0,0.005,0,0,20.4,40.8012037436,0,0,0,0,0,0,0,0,0,0
15.4,0.517843740843,0.482156259158,1,1,0.517550177599,0.481822890059,0.000293563243598,0.000333369099002,0.999373067659,0.0006269323426,-5.7392192887,3.89303956207,48.0943950756,0,0,0.005,0,0,20.4,40.8012037436,0,0,0,0,0,0,0,0,0,0
15.405,0.517026457743,0.482973542258,1,1,0.51674629452,0.482657104359,0.000280163223811,0.000316437898823,0.999403398879,0.000596601122634,-5.74824198576,3.89553092436,48.2174471095,0,0,0.005,0,0,20.4,40.8012037436,0,0,0,0,0,0,0,0,0,0
15.41,0.516268366063,0.483731633939,1,1,0.516000766688,0.483431060135,0.000267599374319,0.000300573804091,0.999431826823,0.00056817317841,-5.75712295848,3.89798139615,48.3387237238,0,0,0.005,0,0,20.4,40.8012037436,0,0,0,0,0,0,0,0,0,0
15.415,0.515576288905,0.484423711096,1,1,0.515320465928,0.484137980428,0.000255822977443,0.000285730668536,0.999458446355,0.000541553645979,-5.7658619845,3.90039092175,48.4582137668,0,0,0.005,0,0,20.4,40.8012037436,0,0,0,0,0,0,0,0,0,0
15.42,0.514956063594,0.485043936408,1,1,0.514711276858,0.484772073023,0.000244786735418,0.000271863384346,0.999483349882,0.000516650119764,-5.77445884506,3.9027594467,48.575906252,0,0,0.005,0,0,20.4,40.8012037436,0,0,0,0,0,0,0,0,0,0
15.425,0.514412460983,0.485587539019,1,1,0.514178015981,0.485328611796,0.00023444500184,0.000258927222631,0.999506627777,0.000493372224471,-5.78291332495,3.90508691775,48.6917903591,0,0,0.005,0,0,20.4,40.8012037436,0,0,0,0,0,0,0,0,0,0
15.43,0.513949120156,0.486050879846,1,1,0.513724366113,0.485804002493,0.000224754042776,0.000246877352138,0.999528368606,0.000471631394913,-5.79122521259,3.9073732829,48.8058554348,0,0,0.005,0,0,20.4,40.8012037436,0,0,0,0,0,0,0,0,0,0
15.435,0.513568499427,0.486431500574,1,1,0.513352827133,0.486195832038,0.000215672293806,0.000235668536667,0.999548659171,0.000451340830473,-5.79939429996,3.90961849133,48.9180909942,0,0,0.005,0,0,20.4,40.8012037436,0,0,0,0,0,0,0,0,0,0
15.44,0.51327184432,0.486728155682,1,1,0.513064683735,0.486502900676,0.000207160584397,0.000225255005141,0.999567584412,0.000432415589538,-5.80742038268,3.91182249348,49.0284867217,0,0,0.005,0,0,20.4,40.8012037436,0,0,0,0,0,0,0,0,0,0
15.445,0.513059172937,0.486940827065,1,1,0.512859990629,0.486725236583,0.000199182307178,0.00021559048188,0.999585227212,0.000414772789059,-5.81530325998,3.91398524097,49.137032472,0,0,0.005,0,0,20.4,40.8012037436,0,0,0,0,0,0,0,0,0,0
15.45,0.512929278884,0.487070721118,1,1,0.512737575367,0.486864092759,0.000191703516421,0.000206628358736,0.999601668126,0.000398331875158,-5.8230427347,3.91610668665,49.2437182713,0,0,0.005,0,0,20.4,40.8012037436,0,0,0,0,0,0,0,0,0,0
15.455,0.512879751644,0.487120248358,1,1,0.512695058697,0.486921926372,0.00018469294699,0.000198321985702,0.999616985069,0.000383014932692,-5.83063861332,3.91818678457,49.3485343179,0,0,0.005,0,0,20.4,40.8012037436,0,0,0,0,0,0,0,0,0,0
15.46,0.512907014048,0.487092985953,1,1,0.512728892096,0.486902360901,0.000178121951798,0.000190625052666,0.999631252997,0.000368747004464,-5.83809070594,3.92022549001,49.4514709833,0,0,0.005,0,0,20.4,40.8012037436,0,0,0,0,0,0,0,0,0,0
15.465,0.51300637624,0.486993623762,1,1,0.512834411878,0.486810131729,0.000171964362071,0.000183492032438,0.999644543607,0.000355456394508,-5.8453988263,3.92222275944,49.5525188132,0,0,0.005,0,0,20.4,40.8012037436,0,0,0,0,0,0,0,0,0,0
15.47,0.513172105293,0.486827894708,1,1,0.513005909013,0.486651016054,0.000166196280103,0.000176878654077,0.999656925067,0.00034307493418,-5.85256279178,3.92417855052,49.6516685282,0,0,0.005,0,0,20.4,40.8012037436,0,0,0,0,0,0,0,0,0,0
15.475,0.513397509425,0.486602490576,1,1,0.513236713607,0.4864317482,0.000160795818562,0.000170742376024,0.999668461807,0.000331538194586,-5.85958242339,3.92609282215,49.7489110246,0,0,0.005,0,0,20.4,40.8012037436,0,0,0,0,0,0,0,0,0,0
15.48,0.51367503554,0.486324964461,1,1,0.513519292737,0.486159921631,0.000155742803442,0.000165042830452,0.999679214367,0.000320785633894,-5.86645754576,3.92796553439,49.8442373756,0,0,0.005,0,0,20.4,40.8012037436,0,0,0,0,0,0,0,0,0,0
15.485,0.513996378653,0.486003621349,1,1,0.513845360193,0.485843879135,0.000151018459534,0.00015974221356,0.999689239328,0.000310760673094,-5.87318798718,3.92979664853,49.9376388316,0,0,0.005,0,0,20.4,40.8012037436,0,0,0,0,0,0,0,0,0,0
15.49,0.514352601594,0.485647398408,1,1,0.514205996496,0.485492592807,0.000146605097635,0.000154805600959,0.999698589303,0.000301410698594,-5.87977357955,3.93158612703,50.0291068211,0,0,0.005,0,0,20.4,40.8012037436,0,0,0,0,0,0,0,0,0,0
15.495,0.514734263246,0.485265736756,1,1,0.514591777424,0.485115535583,0.000142485821816,0.000150201172585,0.999707313007,0.000292686994401,-5.88621415841,3.93333393356,50.1186329516,0,0,0.005,0,0,20.4,40.8012037436,0,0,0,0,0,0,0,0,0,0
15.5,0.515131553467,0.484868446534,1,1,0.514992909194,0.484722546197,0.000138644272988,0.000145900337469,0.999715455391,0.000284544610457,-5.89250956293,3.93504003298,50.2062090103,0,0,0.005,0,0,20.4,40.8012037436,0,0,0,0,0,0,0,0,0,0
15.505,0.515534432769,0.484465567232,1,1,0.515399368347,0.484323689478,0.000135064421964,0.000141877754743,0.999723057825,0.000276942176708,-5.89865963588,3.93670439132,50.2918269647,0,0,0.005,0,0,20.4,40.8012037436,0,0,0,0,0,0,0,0,0,0
15.51,0.51593277477,0.484067225231,1,1,0.515801044349,0.483929113978,0.000131730421448,0.00013811125328,0.999730158327,0.000269841674728,-5.90466422368,3.93832697583,50.375478963,0,0,0.005,0,0,20.4,40.8012037436,0,0,0,0,0,0,0,0,0,0
15.515,0.516316509418,0.483683490584,1,1,0.516187882895,0.483548908926,0.000128626522176,0.000134581657842,0.999736791821,0.000263208180019,-5.91052317635,3.93990775492,50.4571573354,0,0,0.005,0,0,20.4,40.8012037436,0,0,0,0,0,0,0,0,0,0
15.52,0.516675764981,0.483324235021,1,1,0.516550027926,0.483192962486,0.000125737054051,0.000131272534469,0.999742990413,0.00025700958852,-5.9162363475,3.94144669821,50.5368545943,0,0,0.005,0,0,20.4,40.8012037436,0,0,0,0,0,0,0,0,0,0
15.525,0.517001006851,0.48299899315,1,1,0.516877960383,0.482870823278,0.000123046468846,0.000128169871643,0.999748783661,0.000251216340489,-5.92180359439,3.94294377648,50.614563435,0,0,0.005,0,0,20.4,40.8012037436,0,0,0,0,0,0,0,0,0,0
15.53,0.517283171251,0.482716828751,1,1,0.517162631813,0.482591567034,0.000120539437193,0.000125261716485,0.999754198848,0.000245801153678,-5.92722477784,3.94439896171,50.6902767362,0,0,0.005,0,0,20.4,40.8012037436,0,0,0,0,0,0,0,0,0,0
15.535,0.517513792019,0.482486207982,1,1,0.51739559103,0.482363670195,0.000118200989271,0.000122537786713,0.999759261225,0.000240738775984,-5.9324997623,3.94581222705,50.7639875609,0,0,0.005,0,0,20.4,40.8012037436,0,0,0,0,0,0,0,0,0,0
15.54,0.517685118797,0.482314881205,1,1,0.517569102111,0.482194892125,0.000116016686164,0.000119989079256,0.999763994236,0.000236005765419,-5.9376284158,3.94718354686,50.8356891567,0,0,0.005,0,0,20.4,40.8012037436,0,0,0,0,0,0,0,0,0,0
15.545,0.517790225008,0.482209774993,1,1,0.517676252201,0.482092167497,0.000113972807276,0.000117607495434,0.999768419699,0.000231580302711,-5.94261060998,3.94851289664,50.9053749567,0,0,0.005,0,0,20.4,40.8012037436,0,0,0,0,0,0,0,0,0,0
15.55,0.51782310425,0.482176895752,1,1,0.517711047711,0.482061510251,0.00011205653863,0.000115385500475,0.999772557962,0.000227442039105,-5.94744622005,3.94980025309,50.9730385797,0,0,0.005,0,0,20.4,40.8012037436,0,0,0,0,0,0,0,0,0,0
15.555,0.517778753816,0.482221246186,1,1,0.517668497668,0.482107930354,0.000110256147258,0.000113315832062,0.999776428022,0.00022357197932,-5.95213512482,3.95104559411,51.0386738309,0,0,0.005,0,0,20.4,40.8012037436,0,0,0,0,0,0,0,0,0,0
15.56,0.517653244316,0.482346755685,1,1,0.517544683188,0.482235364416,0.000108561128271,0.000111391268903,0.999780047604,0.000219952397175,-5.9566772067,3.95224889876,51.1022747025,0,0,0.005,0,0,20.4,40.8012037436,0,0,0,0,0,0,0,0,0,0
15.565,0.517443774511,0.48255622549,1,1,0.517336812198,0.482446621024,0.000106962313291,0.000109604466057,0.999783433222,0.000216566779348,-5.96107235167,3.95341014727,51.1638353744,0,0,0.005,0,0,20.4,40.8012037436,0,0,0,0,0,0,0,0,0,0
15.57,0.517148710709,0.482851289293,1,1,0.517043258777,0.482743341433,0.000105451931771,0.000107947859396,0.99978660021,0.000213399791167,-5.96532044933,3.95452932107,51.2233502144,0,0,0.005,0,0,20.4,40.8012037436,0,0,0,0,0,0,0,0,0,0
15.575,0.51676761028,0.483232389721,1,1,0.51666358666,0.483125976084,0.000104023619981,0.000106413637296,0.999789562744,0.000210437257277,-5.96942139285,3.95560640276,51.280813779,0,0,0.005,0,0,20.4,40.8012037436,0,0,0,0,0,0,0,0,0,0
15.58,0.516301229059,0.483698770943,1,1,0.516198556683,0.483593777169,0.000102672375921,0.000104993773704,0.999792333852,0.000207666149625,-5.973375079,3.95664137612,51.3362208137,0,0,0.005,0,0,20.4,40.8012037436,0,0,0,0,0,0,0,0,0,0
15.585,0.515751512616,0.484248487385,1,1,0.515650118154,0.484144807272,0.000101394461969,0.000103680113362,0.999794925426,0.000205074575332,-5.97718140816,3.95763422612,51.3895662538,0,0,0.005,0,0,20.4,40.8012037436,0,0,0,0,0,0,0,0,0,0
15.59,0.515121571605,0.484878428396,1,1,0.515021384345,0.484775963899,0.000100187260391,0.000102464497364,0.999797348244,0.000202651757755,-5.9808402843,3.95858493889,51.4408452248,0,0,0.005,0,0,20.4,40.8012037436,0,0,0,0,0,0,0,0,0,0
15.595,0.514415641583,0.485584358418,1,1,0.514316592493,0.485483019503,9.90490897279e-05,0.00010133891546,0.999799611996,0.000200388005188,-5.98435161503,3.95949350176,51.4900530428,0,0,0.005,0,0,20.4,40.8012037436,0,0,0,0,0,0,0,0,0,0
15.6,0.513639027922,0.48636097208,1,1,0.513541048929,0.486260676409,9.7978992471e-05,0.000100295670751,0.999801725338,0.000198274663222,-5.98771531154,3.96035990322,51.5371852151,0,0,0.005,0,0,20.4,40.8012037436,0,0,0,0,0,0,0,0,0,0
15.605,0.512798036596,0.487201963405,1,1,0.51270106009,0.487102635862,9.69765060267e-05,9.93275425515e-05,0.999803695953,0.000196304048578,-5.99093128868,3.96118413295,51.5822374409,0,0,0.005,0,0,20.4,40.8012037436,0,0,0,0,0,0,0,0,0,0
15.61,0.511899891833,0.488100108168,1,1,0.511803850403,0.488001680234,9.60414298781e-05,9.84279342569e-05,0.999805530637,0.000194469364135,-5.99399946491,3.96196618182,51.6252056112,0,0,0.005,0,0,20.4,40.8012037436,0,0,0,0,0,0,0,0,0,0
15.615,0.510952641748,0.489047358254,1,1,0.510857468146,0.488949767259,9.51736018656e-05,9.75909949042e-05,0.999807235405,0.00019276459677,-5.99691976234,3.96270604185,51.66608581,0,0,0.005,0,0,20.4,40.8012037436,0,0,0,0,0,0,0,0,0,0
15.62,0.509965053256,0.490034946745,1,1,0.50987068056,0.48993813504,9.43726957603e-05,9.6811705584e-05,0.9998088156,0.000191184401344,-5.99969210672,3.96340370627,51.7048743144,0,0,0.005,0,0,20.4,40.8012037436,0,0,0,0,0,0,0,0,0,0
15.625,0.508946497675,0.491053502326,1,1,0.508852859625,0.490957416401,9.36380508157e-05,9.60859248232e-05,0.999810276026,0.000189723975639,-6.0023164275,3.96405916947,51.7415675948,0,0,0.005,0,0,20.4,40.8012037436,0,0,0,0,0,0,0,0,0,0
15.63,0.507906828524,0.492093171478,1,1,0.507813859982,0.491997761087,9.29685418654e-05,9.54103902379e-05,0.999811621069,0.000188378932103,-6.00479265775,3.96467242702,51.7761623161,0,0,0.005,0,0,20.4,40.8012037436,0,0,0,0,0,0,0,0,0,0
15.635,0.506856253139,0.493143746862,1,1,0.506763890643,0.493048964185,9.23624959454e-05,9.47826769913e-05,0.999812854828,0.000187145172937,-6.00712073426,3.96524347567,51.8086553374,0,0,0.005,0,0,20.4,40.8012037436,0,0,0,0,0,0,0,0,0,0
15.64,0.505805199786,0.494194800215,1,1,0.505713382128,0.494100599099,9.18176585167e-05,9.42011166403e-05,0.999813981226,0.000186018775157,-6.0093005975,3.96577231336,51.8390437126,0,0,0.005,0,0,20.4,40.8012037436,0,0,0,0,0,0,0,0,0,0
15.645,0.504764181979,0.495235818022,1,1,0.50467285077,0.495142153339,9.13312093414e-05,9.36646826453e-05,0.999815004109,0.000184995891987,-6.01133219165,3.9662589392,51.8673246911,0,0,0.005,0,0,20.4,40.8012037436,0,0,0,0,0,0,0,0,0,0
15.65,0.50374366177,0.496256338231,1,1,0.503652761945,0.49616316538,9.08998251026e-05,9.31728509781e-05,0.999815927325,0.000184072676081,-6.01321546459,3.96670335346,51.8934957179,0,0,0.005,0,0,20.4,40.8012037436,0,0,0,0,0,0,0,0,0,0
15.655,0.50275391375,0.497246086252,1,1,0.502663393967,0.497153360806,9.05197831432e-05,9.27254457742e-05,0.999816754772,0.000183245228917,-6.01495036795,3.9671055576,51.9175544341,0,0,0.005,0,0,20.4,40.8012037436,0,0,0,0,0,0,0,0,0,0
15.66,0.501804891505,0.498195108497,1,1,0.501714704406,0.498102786016,9.01870983819e-05,9.23224807622e-05,0.999817490422,0.000182509579144,-6.01653685709,3.96746555427,51.939498677,0,0,0.005,0,0,20.4,40.8012037436,0,0,0,0,0,0,0,0,0,0
15.665,0.500906098217,0.499093901784,1,1,0.500816200533,0.499001937777,8.98976836843e-05,9.19640072329e-05,0.99981813831,0.000181861690917,-6.0179748911,3.96778334728,51.9593264808,0,0,0.005,0,0,20.4,40.8012037436,0,0,0,0,0,0,0,0,0,0
15.67,0.500066463052,0.49993353695,1,1,0.499976815529,0.499841886971,8.96475228208e-05,9.16499786075e-05,0.9998187025,0.000181297501428,-6.01926443284,3.96805894161,51.9770360766,0,0,0.005,0,0,20.4,40.8012037436,0,0,0,0,0,0,0,0,0,0
15.675,0.499294224884,0.500705775118,1,1,0.499204792039,0.500614394977,8.94328446751e-05,9.13801402962e-05,0.999819187016,0.000180812984971,-6.02040544895,3.96829234342,51.9926258926,0,0,0.005,0,0,20.4,40.8012037436,0,0,0,0,0,0,0,0,0,0
15.68,0.498596824833,0.501403175169,1,1,0.498507574545,0.501312021217,8.92502876065e-05,9.11539516066e-05,0.999819595762,0.000180404239213,-6.02139790981,3.96848356006,52.0060945547,0,0,0.005,0,0,20.4,40.8012037436,0,0,0,0,0,0,0,0,0,0
15.685,0.497980808953,0.502019191048,1,1,0.497891711909,0.501928220504,8.90970437753e-05,9.09705441221e-05,0.999819932413,0.000180067587897,-6.02224178961,3.96863260003,52.0174408866,0,0,0.005,0,0,20.4,40.8012037436,0,0,0,0,0,0,0,0,0,0
15.69,0.497451742295,0.502548257707,1,1,0.49736277132,0.502457428988,8.89709747432e-05,9.08287183712e-05,0.999820200308,0.000179799693114,-6.02293706632,3.96873947302,52.0266639096,0,0,0.005,0,0,20.4,40.8012037436,0,0,0,0,0,0,0,0,0,0
15.695,0.497014135419,0.502985864582,1,1,0.496925264728,0.502895137604,8.88706916656e-05,9.07269779394e-05,0.999820402332,0.000179597669605,-6.0234837217,3.96880418988,52.0337628432,0,0,0.005,0,0,20.4,40.8012037436,0,0,0,0,0,0,0,0,0,0
15.7,0.49667138429,0.503328615712,1,1,0.496582588694,0.503237952114,8.87955957568e-05,9.06635976107e-05,0.999820540808,0.000179459193367,-6.02388174131,3.96882676264,52.0387371051,0,0,0.005,0,0,20.4,40.8012037436,0,0,0,0,0,0,0,0,0,0
15.705,0.496425724288,0.503574275713,1,1,0.496336978411,0.503483638993,8.87458772858e-05,9.06367198313e-05,0.999820617404,0.000179382597117,-6.02413111451,3.96880720449,52.0415863113,0,0,0.005,0,0,20.4,40.8012037436,0,0,0,0,0,0,0,0,0,0
15.71,0.496278198949,0.503721801052,1,1,0.496189476475,0.50363115658,8.87224739952e-05,9.06444719166e-05,0.999820633055,0.000179366945912,-6.02423183448,3.96874552981,52.042310276,0,0,0.005,0,0,20.4,40.8012037436,0,0,0,0,0,0,0,0,0,0
15.715,0.496228643803,0.503771356199,1,1,0.49613991681,0.503680671103,8.8726992352e-05,9.06850950843e-05,0.999820587914,0.000179412087436,-6.02418389818,3.96864175414,52.0409090118,0,0,0.005,0,0,20.4,40.8012037436,0,0,0,0,0,0,0,0,0,0
15.72,0.496275685551,0.503724314451,1,1,0.496186923953,0.503633557375,8.87615973072e-05,9.07570756819e-05,0.999820481328,0.000179518672989,-6.02398730638,3.9684958942,52.0373827297,0,0,0.005,0,0,20.4,40.8012037436,0,0,0,0,0,0,0,0,0,0
15.725,0.496416756593,0.503583243408,1,1,0.496327927715,0.503492384139,8.88288781083e-05,9.08592689161e-05,0.999820311854,0.000179688147024,-6.02364206368,3.96830796786,52.0317318391,0,0,0.005,0,0,20.4,40.8012037436,0,0,0,0,0,0,0,0,0,0
15.73,0.496648124753,0.503351875248,1,1,0.496559193054,0.503260884242,8.89316990836e-05,9.09910059946e-05,0.999820077296,0.000179922705078,-6.02314817845,3.96807799417,52.0239569474,0,0,0.005,0,0,20.4,40.8012037436,0,0,0,0,0,0,0,0,0,0
15.735,0.496964937842,0.503035062159,1,1,0.496875864797,0.502943909983,8.90730451172e-05,9.11521767946e-05,0.999819774779,0.000180225221912,-6.02250566288,3.96780599336,52.0140588604,0,0,0.005,0,0,20.4,40.8012037436,0,0,0,0,0,0,0,0,0,0
15.74,0.497361282539,0.502638717462,1,1,0.497272026667,0.50254737418,8.92558717245e-05,9.13432819178e-05,0.999819400848,0.000180599153642,-6.02171453295,3.96749198682,52.0020385818,0,0,0.005,0,0,20.4,40.8012037436,0,0,0,0,0,0,0,0,0,0
15.745,0.497830256871,0.502169743131,1,1,0.497740773902,0.50207817768,8.94829692144e-05,9.15654501335e-05,0.999818951582,0.000181048419348,-6.02077480841,3.96713599711,51.9878973132,0,0,0.005,0,0,20.4,40.8012037436,0,0,0,0,0,0,0,0,0,0
15.75,0.498364055407,0.501635944594,1,1,0.498274298558,0.501544124175,8.97568494286e-05,9.18204196361e-05,0.999818422732,0.000181577269065,-6.01968651283,3.96673804795,51.9716364538,0,0,0.005,0,0,20.4,40.8012037436,0,0,0,0,0,0,0,0,0,0
15.755,0.498954066138,0.501045933863,1,1,0.498863986476,0.500953823379,9.00796620423e-05,9.2110484069e-05,0.999817809855,0.000182190146111,-6.01844967351,3.96629816425,51.9532576003,0,0,0.005,0,0,20.4,40.8012037436,0,0,0,0,0,0,0,0,0,0
15.76,0.499590977839,0.500409022163,1,1,0.499500524693,0.500316583756,9.04531455028e-05,9.24384067418e-05,0.999817108449,0.000182891552245,-6.01706432155,3.96581637206,51.9327625466,0,0,0.005,0,0,20.4,40.8012037436,0,0,0,0,0,0,0,0,0,0
15.765,0.500264896588,0.499735103413,1,1,0.500174017973,0.499642296104,9.08786154849e-05,9.28073087288e-05,0.999816314077,0.000183685924214,-6.0155304918,3.96529269863,51.9101532836,0,0,0.005,0,0,20.4,40.8012037436,0,0,0,0,0,0,0,0,0,0
15.77,0.500965470014,0.499034529988,1,1,0.500874113022,0.498941309449,9.13569914076e-05,9.32205384332e-05,0.999815422471,0.000184577529841,-6.01384822285,3.96472717235,51.8854319986,0,0,0.005,0,0,20.4,40.8012037436,0,0,0,0,0,0,0,0,0,0
15.775,0.501682017689,0.498317982312,1,1,0.50159012883,0.49822430078,9.18888592108e-05,9.36815316138e-05,0.99981442961,0.000185570390825,-6.01201755704,3.96411982278,51.8586010755,0,0,0.005,0,0,20.4,40.8012037436,0,0,0,0,0,0,0,0,0,0
15.78,0.502403666069,0.497596333933,1,1,0.502311191502,0.497502140261,9.24745664014e-05,9.41936717054e-05,0.999813331763,0.000186668238107,-6.01003854043,3.96347068067,51.8296630939,0,0,0.005,0,0,20.4,40.8012037436,0,0,0,0,0,0,0,0,0,0
15.785,0.503119486241,0.49688051376,1,1,0.503026371898,0.4967857536,9.31143434555e-05,9.47601604608e-05,0.999812125497,0.000187874503916,-6.00791122279,3.96277977791,51.7986208292,0,0,0.005,0,0,20.4,40.8012037436,0,0,0,0,0,0,0,0,0,0
15.79,0.503818632766,0.496181367235,1,1,0.503724824322,0.496085983327,9.38084441391e-05,9.538390849e-05,0.999810807649,0.000189192352629,-6.00563565762,3.96204714756,51.7654772516,0,0,0.005,0,0,20.4,40.8012037436,0,0,0,0,0,0,0,0,0,0
15.795,0.50449048181,0.495509518191,1,1,0.504395924514,0.495413450737,9.45572962738e-05,9.60674541892e-05,0.999809375251,0.000190624750463,-6.0032119021,3.96127282386,51.7302355266,0,0,0.005,0,0,20.4,40.8012037436,0,0,0,0,0,0,0,0,0,0
15.8,0.505124766813,0.494875233188,1,1,0.505029405159,0.49477842027,9.53616539714e-05,9.68129179111e-05,0.999807825429,0.000192174571882,-6.0006400171,3.96045684219,51.6928990137,0,0,0.005,0,0,20.4,40.8012037436,0,0,0,0,0,0,0,0,0,0
15.805,0.505711709918,0.494288290083,1,1,0.505615487176,0.494190668087,9.62227424479e-05,9.76219961159e-05,0.999806155263,0.000193844738564,-5.99792006716,3.95959923911,51.6534712664,0,0,0.005,0,0,20.4,40.8012037436,0,0,0,0,0,0,0,0,0,0
15.81,0.506242147463,0.493757852538,1,1,0.506145005076,0.49365935654,9.71423871671e-05,9.8495997804e-05,0.999804361616,0.000195638384971,-5.99505212049,3.95870005234,51.6119560318,0,0,0.005,0,0,20.4,40.8012037436,0,0,0,0,0,0,0,0,0,0
15.815,0.506707647864,0.493292352137,1,1,0.506609524744,0.493192916215,9.81231202365e-05,9.94359229074e-05,0.999802440958,0.000197559043144,-5.99203624895,3.95775932075,51.5683572498,0,0,0.005,0,0,20.4,40.8012037436,0,0,0,0,0,0,0,0,0,0
15.82,0.507100620332,0.49289937967,1,1,0.507001452073,0.49279893709,9.91682586028e-05,0.000100442579677,0.999800389163,0.00019961083828,-5.98887252806,3.95677708438,51.5226790529,0,0,0.005,0,0,20.4,40.8012037436,0,0,0,0,0,0,0,0,0,0
15.825,0.507414412965,0.492585587037,1,1,0.507314131014,0.492484070301,0.000100281950569,0.00010151673562,0.999798201315,0.000201798686189,-5.98556103697,3.95575338442,51.4749257656,0,0,0.005,0,0,20.4,40.8012037436,0,0,0,0,0,0,0,0,0,0
15.83,0.507643398869,0.492356601132,1,1,0.50754192968,0.492253941838,0.000101469189361,0.000102659294356,0.999795871518,0.000204128483717,-5.98210185845,3.95468826322,51.4251019041,0,0,0.005,0,0,20.4,40.8012037436,0,0,0,0,0,0,0,0,0,0
15.835,0.50778304913,0.492216950871,1,1,0.507680313335,0.492113079382,0.000102735794789,0.000103871489062,0.999793392717,0.000206607283851,-5.9784950789,3.95358176429,51.3732121754,0,0,0.005,0,0,20.4,40.8012037436,0,0,0,0,0,0,0,0,0,0
15.84,0.507829991599,0.492170008402,1,1,0.507725903233,0.49206485332,0.000104088366289,0.000105155082017,0.999790756553,0.000209243448305,-5.97474078836,3.95243393228,51.3192614771,0,0,0.005,0,0,20.4,40.8012037436,0,0,0,0,0,0,0,0,0,0
15.845,0.507782054649,0.492217945352,1,1,0.507676520436,0.492111432793,0.000105534212731,0.000106512559283,0.999787953229,0.000212046772014,-5.97083908046,3.95124481299,51.2632548969,0,0,0.005,0,0,20.4,40.8012037436,0,0,0,0,0,0,0,0,0,0
15.85,0.507638295243,0.492361704759,1,1,0.507531213977,0.492253757449,0.000107081266154,0.000107947309786,0.999784971425,0.00021502857594,-5.96679005243,3.95001445339,51.2051977118,0,0,0.005,0,0,20.4,40.8012037436,0,0,0,0,0,0,0,0,0,0
15.855,0.507399010858,0.492600989143,1,1,0.50729027287,0.492491525364,0.000108737987919,0.000109463778982,0.999781798234,0.000218201766902,-5.96259380513,3.94874290158,51.1450953878,0,0,0.005,0,0,20.4,40.8012037436,0,0,0,0,0,0,0,0,0,0
15.86,0.507065735025,0.492934264976,1,1,0.506955221748,0.492823197387,0.000110513276656,0.000111067588913,0.999778419136,0.000221580865569,-5.95825044302,3.9474302068,51.0829535793,0,0,0.005,0,0,20.4,40.8012037436,0,0,0,0,0,0,0,0,0,0
15.865,0.506641216453,0.493358783548,1,1,0.506528800066,0.493246017929,0.000112416387673,0.000112765618611,0.999774817995,0.000225182006284,-5.95376007414,3.94607641946,51.0187781287,0,0,0.005,0,0,20.4,40.8012037436,0,0,0,0,0,0,0,0,0,0
15.87,0.506129381943,0.493870618058,1,1,0.50601492507,0.493756052016,0.000114456873229,0.00011456604151,0.999770977087,0.000229022914739,-5.94912281016,3.94468159109,50.9525750654,0,0,0.005,0,0,20.4,40.8012037436,0,0,0,0,0,0,0,0,0,0
15.875,0.5055352835,0.494464716501,1,1,0.505418638948,0.494348238182,0.000116644552249,0.000116478319449,0.99976687713,0.000233122871698,-5.94433876634,3.94324577435,50.8843506059,0,0,0.005,0,0,20.4,40.8012037436,0,0,0,0,0,0,0,0,0,0
15.88,0.50486503028,0.495134969722,1,1,0.504746040763,0.495016456566,0.000118989516729,0.000118513155991,0.999762497329,0.000237502672721,-5.93940806154,3.94176902306,50.8141111527,0,0,0.005,0,0,20.4,40.8012037436,0,0,0,0,0,0,0,0,0,0
15.885,0.504125706228,0.495874293774,1,1,0.504004204047,0.495753611359,0.00012150218035,0.000120682414855,0.999757815406,0.000242184595204,-5.93433081825,3.94025139217,50.7418632939,0,0,0.005,0,0,20.4,40.8012037436,0,0,0,0,0,0,0,0,0,0
15.89,0.503325274448,0.496674725554,1,1,0.503201081075,0.496551726542,0.000124193372715,0.000122999012071,0.999752807617,0.000247192384785,-5.92910716255,3.93869293774,50.6676138028,0,0,0.005,0,0,20.4,40.8012037436,0,0,0,0,0,0,0,0,0,0
15.895,0.502472469555,0.497527530447,1,1,0.502345395074,0.497402053654,0.000127074480427,0.000125476792947,0.999747448728,0.000252551273374,-5.92373722414,3.93709371701,50.5913696372,0,0,0.005,0,0,20.4,40.8012037436,0,0,0,0,0,0,0,0,0,0
15.9,0.501576679429,0.498423320572,1,1,0.501446521795,0.498295190166,0.000130157633887,0.000128130406748,0.999741711961,0.000258288040635,-5.91822113635,3.93545378829,50.5131379385,0,0,0.005,0,0,20.4,40.8012037436,0,0,0,0,0,0,0,0,0,0
15.905,0.500647817952,0.499352182049,1,1,0.500514362016,0.499221206856,0.000133455936526,0.000130975193194,0.999735568872,0.00026443112972,-5.91255903613,3.93377321106,50.4329260318,0,0,0.005,0,0,20.4,40.8012037436,0,0,0,0,0,0,0,0,0,0
15.91,0.499696190443,0.500303809559,1,1,0.499559206711,0.500169782464,0.000136983731253,0.000134027095227,0.999728989175,0.00027101082648,-5.90675106406,3.93205204591,50.3507414245,0,0,0.005,0,0,20.4,40.8012037436,0,0,0,0,0,0,0,0,0,0
15.915,0.498732353629,0.501267646373,1,1,0.498591596731,0.501130343761,0.000140756897287,0.000137302612067,0.999721940492,0.000278059509354,-5.90079736434,3.93029035455,50.2665918061,0,0,0.005,0,0,20.4,40.8012037436,0,0,0,0,0,0,0,0,0,0
15.92,0.497766972085,0.502233027917,1,1,0.497622178915,0.502092209112,0.00014479316948,0.00014081880524,0.999714388027,0.00028561197472,-5.89469808485,3.92848819982,50.1804850477,0,0,0.005,0,0,20.4,40.8012037436,0,0,0,0,0,0,0,0,0,0
15.925,0.496810673122,0.503189326879,1,1,0.496661560651,0.503044733511,0.000149112471654,0.000144593368211,0.999706294161,0.000293705839864,-5.88845337709,3.92664564568,50.092429201,0,0,0.005,0,0,20.4,40.8012037436,0,0,0,0,0,0,0,0,0,0
15.93,0.49587390217,0.504126097832,1,1,0.495720164914,0.503977453064,0.000153737255522,0.000148644767424,0.999697617978,0.000302382022946,-5.88206339623,3.9247627572,50.0024324976,0,0,0.005,0,0,20.4,40.8012037436,0,0,0,0,0,0,0,0,0,0
15.935,0.494966780669,0.505033219332,1,1,0.494808087832,0.504880226873,0.000158692837362,0.000152992459262,0.999688314705,0.000311685296623,-5.87552830108,3.92283960058,49.9105033487,0,0,0.005,0,0,20.4,40.8012037436,0,0,0,0,0,0,0,0,0,0
15.94,0.494098968521,0.505901031481,1,1,0.493934960795,0.505743374297,0.000164007725784,0.000157657183634,0.999678335092,0.000321664909417,-5.86884825414,3.92087624313,49.8166503441,0,0,0.005,0,0,20.4,40.8012037436,0,0,0,0,0,0,0,0,0,0
15.945,0.493279533028,0.506720466973,1,1,0.493109819093,0.506557805642,0.000169713935538,0.000162661331031,0.999667624735,0.000332375266569,-5.86202342157,3.91887275327,49.7208822513,0,0,0.005,0,0,20.4,40.8012037436,0,0,0,0,0,0,0,0,0,0
15.95,0.49251682624,0.507483173761,1,1,0.492340978956,0.507315144385,0.000175847284278,0.000168029375916,0.999656123341,0.000343876660193,-5.8550539732,3.91682920053,49.6232080152,0,0,0.005,0,0,20.4,40.8012037436,0,0,0,0,0,0,0,0,0,0
15.955,0.491818372457,0.508181627545,1,1,0.491635924785,0.508007839179,0.000182447671345,0.000173788365627,0.999643763964,0.000356236036972,-5.84794008255,3.91474565557,49.5236367568,0,0,0.005,0,0,20.4,40.8012037436,0,0,0,0,0,0,0,0,0,0
15.96,0.491190767549,0.508809232452,1,1,0.491001208209,0.508629264002,0.00018955933984,0.000179968450672,0.999630472211,0.000369527790512,-5.8406819268,3.91262219015,49.4221777729,0,0,0.005,0,0,20.4,40.8012037436,0,0,0,0,0,0,0,0,0,0
15.965,0.490639591568,0.509360408433,1,1,0.490442360443,0.509173804993,0.000197231125253,0.000186603439571,0.999616165437,0.000383834564824,-5.83327968685,3.91045887713,49.3188405347,0,0,0.005,0,0,20.4,40.8012037436,0,0,0,0,0,0,0,0,0,0
15.97,0.490169335936,0.509830664066,1,1,0.48996381924,0.509636932706,0.000205516695621,0.000193731359395,0.999600751946,0.000399248055016,-5.82573354725,3.9082557905,49.2136346875,0,0,0.005,0,0,20.4,40.8012037436,0,0,0,0,0,0,0,0,0,0
15.975,0.4897833463,0.510216653702,1,1,0.48956887151,0.5100152587,0.000214474789333,0.000201395001985,0.99958413021,0.000415869791318,-5.81804369626,3.90601300533,49.1065700494,0,0,0.005,0,0,20.4,40.8012037436,0,0,0,0,0,0,0,0,0,0
15.98,0.489483781929,0.510516218072,1,1,0.489259612472,0.510306575637,0.000224169457184,0.000209642435455,0.999566188109,0.000433811892638,-5.8102103258,3.90373059783,48.9976566104,0,0,0.005,0,0,20.4,40.8012037436,0,0,0,0,0,0,0,0,0,0
15.985,0.489271592253,0.510728407748,1,1,0.489036921939,0.510509880287,0.000234670314934,0.000218527461127,0.999546802225,0.000453197776061,-5.80223363148,3.90140864529,48.8869045318,0,0,0.005,0,0,20.4,40.8012037436,0,0,0,0,0,0,0,0,0,0
15.99,0.489146510931,0.510853489071,1,1,0.488900458119,0.510625379073,0.000246052811429,0.000228109997307,0.999525837193,0.000474162808736,-5.79411381261,3.8990472261,48.7743241449,0,0,0.005,0,0,20.4,40.8012037436,0,0,0,0,0,0,0,0,0,0
15.995,0.489107067547,0.510892932454,1,1,0.488848669032,0.510654476081,0.000258398515124,0.00023845637327,0.999503145113,0.000496854888394,-5.78585107215,3.89664641977,48.6599259498,0,0,0.005,0,0,20.4,40.8012037436,0,0,0,0,0,0,0,0,0,0
16,0.489150616802,0.5108493832,1,1,0.488878821383,0.51059974368,0.000271795418838,0.000249639519309,0.999478565063,0.000521434938147,-5.77744561673,3.8942063069,48.5437206149,0,0,0.005,0,0,20.4,40.8012037436,0,0,0,0,0,0,0,0,0,0
16.005,0.489273384763,0.510726615239,1,1,0.488987046504,0.510464876197,0.000286338258553,0.000261739041515,0.999451922701,0.000548077300069,-5.76889765665,3.89172696918,48.4257189756,0,0,0.005,0,0,20.4,40.8012037436,0,0,0,0,0,0,0,0,0,0
16.01,0.489470531518,0.510529468483,1,1,0.48916840268,0.510254627311,0.000302128837501,0.000274841172924,0.999423029991,0.000576970010425,-5.76020740588,3.88920848942,48.3059320329,0,0,0.005,0,0,20.4,40.8012037436,0,0,0,0,0,0,0,0,0,0
16.015,0.489736229307,0.510263770694,1,1,0.489416952966,0.509974732098,0.000319276341554,0.000289038595571,0.999391685064,0.000608314937125,-5.751375082,3.88665095149,48.1843709526,0,0,0.005,0,0,20.4,40.8012037436,0,0,0,0,0,0,0,0,0,0
16.02,0.490063754973,0.509936245028,1,1,0.489725857347,0.509631814897,0.000337897626502,0.00030443013068,0.999357672244,0.000642327757182,-5.74240090627,3.88405444039,48.0610470642,0,0,0.005,0,0,20.4,40.8012037436,0,0,0,0,0,0,0,0,0,0
16.025,0.490445595351,0.509554404651,1,1,0.490087477898,0.509233284354,0.000358117452334,0.000321120296467,0.999320762253,0.000679237748801,-5.73328510354,3.88141904219,47.9359718595,0,0,0.005,0,0,20.4,40.8012037436,0,0,0,0,0,0,0,0,0,0
16.03,0.490873564024,0.509126435978,1,1,0.490493495389,0.508787217243,0.000380068634495,0.000339218734841,0.999280712632,0.000719287369335,-5.7240279023,3.87874484403,47.8091569914,0,0,0.005,0,0,20.4,40.8012037436,0,0,0,0,0,0,0,0,0,0
16.035,0.49133892769,0.508661072312,1,1,0.490935035612,0.508302232802,0.000403892077593,0.000358839509448,0.999237268414,0.000762731587041,-5.71462953464,3.87603193417,47.680614273,0,0,0.005,0,0,20.4,40.8012037436,0,0,0,0,0,0,0,0,0,0
16.04,0.491832540223,0.508167459779,1,1,0.491402803569,0.5077873595,0.00042973665358,0.000380100278201,0.99919016307,0.000809836931781,-5.70509023624,3.87328040194,47.5503556757,0,0,0.005,0,0,20.4,40.8012037436,0,0,0,0,0,0,0,0,0,0
16.045,0.492344982418,0.507655017583,1,1,0.491887223534,0.50725189624,0.000457758884277,0.000403121343547,0.999139119774,0.000860880227824,-5.69541024637,3.87049033772,47.4183933288,0,0,0.005,0,0,20.4,40.8012037436,0,0,0,0,0,0,0,0,0,0
16.05,0.492866705293,0.507133294708,1,1,0.492378582906,0.506705270124,0.000488122387684,0.000428024583606,0.99908385303,0.000916146971289,-5.68558980784,3.867661833,47.2847395174,0,0,0.005,0,0,20.4,40.8012037436,0,0,0,0,0,0,0,0,0,0
16.055,0.493388174776,0.506611825225,1,1,0.492867177727,0.506156892958,0.000520997049034,0.000454932266981,0.999024070685,0.000975929316015,-5.67562916704,3.86479498033,47.1494066817,0,0,0.005,0,0,20.4,40.8012037436,0,0,0,0,0,0,0,0,0,0
16.06,0.493900015584,0.506099984418,1,1,0.493343457703,0.505616018664,0.000556557881297,0.000483965753908,0.998959476366,0.0010405236352,-5.6655285739,3.86188987332,47.0124074153,0,0,0.005,0,0,20.4,40.8012037436,0,0,0,0,0,0,0,0,0,0
16.065,0.494393152103,0.505606847898,1,1,0.493798168557,0.505091603811,0.000594983545924,0.000515244086678,0.998889772369,0.0011102276326,-5.65528828186,3.85894660665,46.8737544639,0,0,0.005,0,0,20.4,40.8012037436,0,0,0,0,0,0,0,0,0,0
16.07,0.494858944143,0.505141055858,1,1,0.49422248963,0.504592173385,0.000636454513279,0.000548882473346,0.998814663015,0.00118533698663,-5.64490854789,3.85596527607,46.7334607243,0,0,0.005,0,0,20.4,40.8012037436,0,0,0,0,0,0,0,0,0,0
16.075,0.495289315488,0.504710684513,1,1,0.494608164635,0.504125693842,0.000681150853283,0.00058499067085,0.998733858477,0.00126614152413,-5.63438963245,3.85294597836,46.5915392425,0,0,0.005,0,0,20.4,40.8012037436,0,0,0,0,0,0,0,0,0,0
16.08,0.495676873321,0.50432312668,1,1,0.494947623661,0.503699455403,0.000729249660384,0.000623671277225,0.998647079064,0.00135292093761,-5.6237317995,3.84988881138,46.4480032128,0,0,0.005,0,0,20.4,40.8012037436,0,0,0,0,0,0,0,0,0,0
16.085,0.4960150167,0.503984983301,1,1,0.495234094567,0.503319965354,0.000780922132781,0.000665017947723,0.998554059921,0.0014459400805,-5.61293531647,3.84679387402,46.3028659761,0,0,0.005,0,0,20.4,40.8012037436,0,0,0,0,0,0,0,0,0,0
16.09,0.496298032476,0.503701967526,1,1,0.495461702132,0.502992853969,0.000836330343633,0.000709113556573,0.998454556101,0.00154544390021,-5.60200045426,3.84366126623,46.156141019,0,0,0.005,0,0,20.4,40.8012037436,0,0,0,0,0,0,0,0,0,0
16.095,0.496521177208,0.503478822794,1,1,0.495625553446,0.502722794459,0.000895623761435,0.000756028334913,0.998348347905,0.00165165209635,-5.5909274872,3.84049108896,46.0078419715,0,0,0.005,0,0,20.4,40.8012037436,0,0,0,0,0,0,0,0,0,0
16.1,0.496680743882,0.503319256119,1,1,0.495721808285,0.502513438093,0.000958935597323,0.000805818025887,0.998235246378,0.00176475362321,-5.5797166931,3.83728344425,45.8579826067,0,0,0.005,0,0,20.4,40.8012037436,0,0,0,0,0,0,0,0,0,0
16.105,0.496774112459,0.503225887543,1,1,0.49574773338,0.502367365433,0.00102637907821,0.000858522110034,0.998115098813,0.00188490118824,-5.56836835317,3.83403843513,45.7065768386,0,0,0.005,0,0,20.4,40.8012037436,0,0,0,0,0,0,0,0,0,0
16.11,0.496799783546,0.503200216456,1,1,0.49570173978,0.502286054288,0.00109804376571,0.000914162167302,0.997987794068,0.00201220593301,-5.55688275207,3.83075616567,45.5536387211,0,0,0.005,0,0,20.4,40.8012037436,0,0,0,0,0,0,0,0,0,0
16.115,0.496757394756,0.503242605245,1,1,0.495583402695,0.502269864789,0.00117399206114,0.000972740455956,0.997853267484,0.0021467325171,-5.54526017787,3.82743674097,45.3991824464,0,0,0.005,0,0,20.4,40.8012037436,0,0,0,0,0,0,0,0,0,0
16.12,0.496647719584,0.503352280417,1,1,0.495393463529,0.502318041615,0.00125425605532,0.00103423880257,0.997711505143,0.00228849485789,-5.53350092204,3.82408026713,45.2432223436,0,0,0.005,0,0,20.4,40.8012037436,0,0,0,0,0,0,0,0,0,0
16.125,0.496472648908,0.503527351093,1,1,0.49513381401,0.502428733182,0.00133883489832,0.00109861791042,0.997562547193,0.00243745280874,-5.52160527946,3.82068685128,45.0857728777,0,0,0.005,0,0,20.4,40.8012037436,0,0,0,0,0,0,0,0,0,0
16.13,0.496235155514,0.503764844487,1,1,0.494807462637,0.502599027282,0.0014276928768,0.00116581720513,0.997406489919,0.00259351008193,-5.5095735484,3.81725660156,44.9268486474,0,0,0.005,0,0,20.4,40.8012037436,0,0,0,0,0,0,0,0,0,0
16.135,0.495939242281,0.50406075772,1,1,0.494418483886,0.502825002375,0.00152075839545,0.00123575534498,0.997243486261,0.00275651374043,-5.49740603055,3.8137896271,44.7664643845,0,0,0.005,0,0,20.4,40.8012037436,0,0,0,0,0,0,0,0,0,0
16.14,0.495589874952,0.504410125049,1,1,0.49397195089,0.50310179352,0.00161792406218,0.00130833152893,0.99707374441,0.00292625559111,-5.48510303095,3.81028603807,44.604634952,0,0,0.005,0,0,20.4,40.8012037436,0,0,0,0,0,0,0,0,0,0
16.145,0.495192900625,0.504807099376,1,1,0.493473852551,0.503423671641,0.00171904807452,0.00138342773523,0.996897524192,0.00310247580975,-5.47266485805,3.8067459456,44.4413753428,0,0,0.005,0,0,20.4,40.8012037436,0,0,0,0,0,0,0,0,0,0
16.15,0.494754953348,0.505245046654,1,1,0.492930996253,0.503784134634,0.00182395709524,0.00146091201925,0.996715130887,0.00328486911449,-5.46009182367,3.80316946184,44.2767006784,0,0,0.005,0,0,20.4,40.8012037436,0,0,0,0,0,0,0,0,0,0
16.155,0.494283348374,0.505716651628,1,1,0.492350897585,0.504176008641,0.00193245078898,0.00154064298695,0.996526906225,0.00347309377594,-5.44738424304,3.79955669994,44.1106262073,0,0,0.005,0,0,20.4,40.8012037436,0,0,0,0,0,0,0,0,0,0
16.16,0.493785966827,0.506214033175,1,1,0.49174165866,0.504591557632,0.00204430816705,0.00162247554277,0.996333216292,0.00366678370982,-5.43454243472,3.79590777404,43.9431673037,0,0,0.005,0,0,20.4,40.8012037436,0,0,0,0,0,0,0,0,0,0
16.165,0.493271132648,0.506728867354,1,1,0.491111836792,0.505022599369,0.00215929585532,0.00170626798423,0.996134436162,0.00386556383955,-5.42156672069,3.79222279925,43.774339466,0,0,0.005,0,0,20.4,40.8012037436,0,0,0,0,0,0,0,0,0,0
16.17,0.492747483817,0.507252516185,1,1,0.490470305457,0.505460625702,0.00227717835925,0.00179189048281,0.995930931159,0.00406906884206,-5.40845742628,3.7885018917,43.6041583153,0,0,0.005,0,0,20.4,40.8012037436,0,0,0,0,0,0,0,0,0,0
16.175,0.492223839918,0.507776160084,1,1,0.489826109567,0.505896925134,0.00239773035123,0.00187923494938,0.995723034701,0.00427696530061,-5.39521488022,3.78474516848,43.432639594,0,0,0.005,0,0,20.4,40.8012037436,0,0,0,0,0,0,0,0,0,0
16.18,0.491709068155,0.508290931846,1,1,0.489188317207,0.506322705611,0.00252075094886,0.00196822623533,0.995511022817,0.00448897718419,-5.38183941459,3.78095274768,43.2597991646,0,0,0.005,0,0,20.4,40.8012037436,0,0,0,0,0,0,0,0,0,0
16.185,0.491211949939,0.508788050063,1,1,0.48856587005,0.506729215496,0.00264607988898,0.00205883456667,0.995295085546,0.00470491445565,-5.36833136486,3.77712474838,43.0856530078,0,0,0.005,0,0,20.4,40.8012037436,0,0,0,0,0,0,0,0,0,0
16.19,0.490741050122,0.509258949879,1,1,0.48796743469,0.507107860829,0.00277361543294,0.00215108904991,0.995075295519,0.00492470448285,-5.35469106988,3.77326129062,42.9102172212,0,0,0.005,0,0,20.4,40.8012037436,0,0,0,0,0,0,0,0,0,0
16.195,0.490304590935,0.509695409066,1,1,0.487401257171,0.507450317039,0.00290333376397,0.00224509202717,0.99485157421,0.00514842579113,-5.34091887186,3.76936249543,42.7335080178,0,0,0.005,0,0,20.4,40.8012037436,0,0,0,0,0,0,0,0,0,0
16.2,0.489910332524,0.510089667478,1,1,0.486875022963,0.507748633483,0.00303530956049,0.00234103399445,0.994623656446,0.00537634355495,-5.32701511638,3.76542848484,42.5555417245,0,0,0.005,0,0,20.4,40.8012037436,0,0,0,0,0,0,0,0,0,0
16.205,0.489565461921,0.510434538081,1,1,0.48639572457,0.507995329345,0.00316973735096,0.0024392087353,0.994391053915,0.00560894608627,-5.31298015239,3.76145938181,42.3763347807,0,0,0.005,0,0,20.4,40.8012037436,0,0,0,0,0,0,0,0,0,0
16.21,0.489276492096,0.510723507905,1,1,0.485969538918,0.508183479643,0.00330695317878,0.00254002826253,0.99415301856,0.0058469814413,-5.29881433223,3.75745531033,42.1959037366,0,0,0.005,0,0,20.4,40.8012037436,0,0,0,0,0,0,0,0,0,0
16.215,0.489049172553,0.510950827448,1,1,0.48560171652,0.508306790341,0.00344745603304,0.00264403710764,0.993908506861,0.00609149314069,-5.28451801156,3.75341639534,42.0142652514,0,0,0.005,0,0,20.4,40.8012037436,0,0,0,0,0,0,0,0,0,0
16.22,0.488888412746,0.511111587256,1,1,0.485296484311,0.508359661803,0.00359192843439,0.00275192545249,0.993656146114,0.00634385388688,-5.27009154945,3.74934276275,41.8314360923,0,0,0.005,0,0,20.4,40.8012037436,0,0,0,0,0,0,0,0,0,0
16.225,0.488798219367,0.511201780635,1,1,0.485056963858,0.508337240071,0.00374125550818,0.00286454056335,0.99339420393,0.00660579607154,-5.2555353083,3.74523453946,41.6474331324,0,0,0.005,0,0,20.4,40.8012037436,0,0,0,0,0,0,0,0,0,0
16.23,0.488781648311,0.511218351691,1,1,0.484885106477,0.508235455724,0.00389654183327,0.00298289596712,0.993120562201,0.00687943780039,-5.24084965385,3.74109185333,41.4622733493,0,0,0.005,0,0,20.4,40.8012037436,0,0,0,0,0,0,0,0,0,0
16.235,0.488840771881,0.511159228121,1,1,0.484781646556,0.508051050317,0.00405912532503,0.00310817780396,0.992832696872,0.00716730312899,-5.22603495521,3.73691483319,41.2759738236,0,0,0.005,0,0,20.4,40.8012037436,0,0,0,0,0,0,0,0,0,0
16.24,0.488976661545,0.511023338457,1,1,0.484746074144,0.507781590654,0.00423058740098,0.00324174780314,0.992527664797,0.00747233520411,-5.21109158481,3.73270360885,41.0885517368,0,0,0.005,0,0,20.4,40.8012037436,0,0,0,0,0,0,0,0,0,0
16.245,0.489189386296,0.510810613705,1,1,0.484776627609,0.507425471345,0.0044127586866,0.00338514236019,0.992202098955,0.00779790104679,-5.19601991843,3.72845831109,40.9000243702,0,0,0.005,0,0,20.4,40.8012037436,0,0,0,0,0,0,0,0,0,0
16.25,0.489478026416,0.510521973585,1,1,0.484870306864,0.50698190634,0.00460771955192,0.00354006724491,0.991852213205,0.00814778679683,-5.18082033513,3.72417907164,40.7104091026,0,0,0.005,0,0,20.4,40.8012037436,0,0,0,0,0,0,0,0,0,0
16.255,0.489840702189,0.510159297812,1,1,0.485022907363,0.506450910271,0.00481779482601,0.00370838754158,0.991473817634,0.00852618236759,-5.16549321734,3.71986602322,40.5197234091,0,0,0.005,0,0,20.4,40.8012037436,0,0,0,0,0,0,0,0,0,0
16.26,0.490274616887,0.509725383114,1,1,0.485229074768,0.505833270599,0.0050455421194,0.00389211251457,0.991062345367,0.00893765463397,-5.15003895074,3.71551929949,40.327984859,0,0,0.005,0,0,20.4,40.8012037436,0,0,0,0,0,0,0,0,0,0
16.265,0.490776113115,0.509223886887,1,1,0.485482379822,0.505130511683,0.0052937332924,0.00409337520401,0.990612891505,0.00938710849642,-5.13445792433,3.71113903508,40.1352111144,0,0,0.005,0,0,20.4,40.8012037436,0,0,0,0,0,0,0,0,0,0
16.27,0.491340741403,0.508659258598,1,1,0.485775412662,0.504344851914,0.00556532874133,0.00431440668443,0.990120264576,0.00987973542575,-5.11875053037,3.70672536559,39.941419928,0,0,0.005,0,0,20.4,40.8012037436,0,0,0,0,0,0,0,0,0,0
16.275,0.491963339764,0.508036660237,1,1,0.486099895432,0.503479155174,0.00586344433211,0.00455750506326,0.989579050606,0.0104209493954,-5.10291716439,3.70227842756,39.7466291418,0,0,0.005,0,0,20.4,40.8012037436,0,0,0,0,0,0,0,0,0,0
16.28,0.492638122749,0.507361877253,1,1,0.486446811758,0.502536877801,0.00619131099084,0.00482499945191,0.988983689559,0.0110163104428,-5.08695822518,3.69779835849,39.5508566848,0,0,0.005,0,0,20.4,40.8012037436,0,0,0,0,0,0,0,0,0,0
16.285,0.49335877843,0.506641221572,1,1,0.486806551271,0.501522012266,0.00655222715868,0.00511920930581,0.988328563537,0.0116714364645,-5.07087411476,3.69328529683,39.3541205715,0,0,0.005,0,0,20.4,40.8012037436,0,0,0,0,0,0,0,0,0,0
16.29,0.494118571628,0.505881428373,1,1,0.487169067096,0.500439028676,0.00694950453215,0.00544239969765,0.987608095772,0.0123919042298,-5.05466523835,3.68873938199,39.1564389,0,0,0.005,0,0,20.4,40.8012037436,0,0,0,0,0,0,0,0,0,0
16.295,0.494910451618,0.505089548383,1,1,0.487524043886,0.499292815128,0.00738640773208,0.00579673325512,0.986816859014,0.0131831409872,-5.03833200441,3.68416075431,38.9578298503,0,0,0.005,0,0,20.4,40.8012037436,0,0,0,0,0,0,0,0,0,0
16.3,0.495727162521,0.50427283748,1,1,0.48786107375,0.498088617826,0.00786608877153,0.00618421965459,0.985949691575,0.0140503084261,-5.02187482458,3.67954955508,38.758311682,0,0,0.005,0,0,20.4,40.8012037436,0,0,0,0,0,0,0,0,0,0
16.305,0.496561354573,0.503438645428,1,1,0.488169837156,0.496831981717,0.00839151741707,0.00660666371183,0.985001818872,0.0149981811289,-5.00529411365,3.67490592651,38.5579027329,0,0,0.005,0,0,20.4,40.8012037436,0,0,0,0,0,0,0,0,0,0
16.31,0.497405694473,0.502594305528,1,1,0.48844028572,0.495528692286,0.00896540875292,0.00706561324248,0.983968978006,0.0160310219954,-4.9885902896,3.67023001179,38.3566214169,0,0,0.005,0,0,20.4,40.8012037436,0,0,0,0,0,0,0,0,0,0
16.315,0.49825297308,0.501747026921,1,1,0.488662823625,0.494184718946,0.00959014945552,0.00756230797498,0.982847542571,0.0171524574305,-4.97176377353,3.66552195499,38.1544862222,0,0,0.005,0,0,20.4,40.8012037436,0,0,0,0,0,0,0,0,0,0
16.32,0.499096208784,0.500903791217,1,1,0.488828484323,0.492806160336,0.0102677244605,0.00809763088109,0.98163464466,0.0183653553416,-4.95481498967,3.66078190113,37.9515157095,0,0,0.005,0,0,20.4,40.8012037436,0,0,0,0,0,0,0,0,0,0
16.325,0.499928744998,0.500071255003,1,1,0.488929099151,0.491399191664,0.0109996458467,0.00867206333939,0.980328290815,0.0196717091861,-4.93774436536,3.65600999617,37.7477285098,0,0,0.005,0,0,20.4,40.8012037436,0,0,0,0,0,0,0,0,0,0
16.33,0.500744340341,0.49925565966,1,1,0.488957454474,0.489970014098,0.0117868858671,0.00928564556209,0.978927468572,0.0210725314292,-4.92055233103,3.65120638697,37.5431433227,0,0,0.005,0,0,20.4,40.8012037436,0,0,0,0,0,0,0,0,0,0
16.335,0.501537250224,0.498462749778,1,1,0.488907434108,0.488524806087,0.0126298161154,0.00993794369109,0.977432240195,0.0225677598065,-4.90323932018,3.64637122132,37.3377789147,0,0,0.005,0,0,20.4,40.8012037436,0,0,0,0,0,0,0,0,0,0
16.34,0.502302298727,0.497697701274,1,1,0.4887741439,0.48706967637,0.0135281548275,0.0106280249043,0.97584382027,0.0241561797318,-4.88580576938,3.64150464791,37.1316541169,0,0,0.005,0,0,20.4,40.8012037436,0,0,0,0,0,0,0,0,0,0
16.345,0.50303493985,0.496965060151,1,1,0.488554015576,0.485610618386,0.0144809242737,0.0113544417656,0.974164633962,0.0258353660392,-4.86825211823,3.63660681635,36.9247878234,0,0,0.005,0,0,20.4,40.8012037436,0,0,0,0,0,0,0,0,0,0
16.35,0.50373130738,0.496268692621,1,1,0.488244887288,0.484153465717,0.0154864200917,0.0121152269042,0.972398353005,0.0276016469959,-4.85057880937,3.63167787716,36.7171989894,0,0,0.005,0,0,20.4,40.8012037436,0,0,0,0,0,0,0,0,0,0
16.355,0.504388252868,0.495611747134,1,1,0.487846058614,0.482703848215,0.0165421942541,0.0129078989186,0.970549906829,0.0294500931727,-4.83278628844,3.62671798176,36.508906629,0,0,0.005,0,0,20.4,40.8012037436,0,0,0,0,0,0,0,0,0,0
16.36,0.505003371374,0.494996628627,1,1,0.487358318235,0.481267148453,0.0176450531394,0.013729480174,0.968625466688,0.0313745333134,-4.81487500409,3.62172728248,36.2999298137,0,0,0.005,0,0,20.4,40.8012037436,0,0,0,0,0,0,0,0,0,0
16.365,0.505575014885,0.494424985116,1,1,0.486783942983,0.479848458211,0.0187910719021,0.0145765269048,0.966632401194,0.033367598807,-4.79684540796,3.61670593253,36.0902876702,0,0,0.005,0,0,20.4,40.8012037436,0,0,0,0,0,0,0,0,0,0
16.37,0.506102293476,0.493897706526,1,1,0.48612666747,0.478452534785,0.019975626006,0.0154451717408,0.964579202255,0.0354207977468,-4.77869795464,3.61165408603,35.8799993788,0,0,0.005,0,0,20.4,40.8012037436,0,0,0,0,0,0,0,0,0,0
16.375,0.506585064523,0.493414935478,1,1,0.485391624117,0.477083757007,0.0211934404063,0.0163311784712,0.962475381124,0.0375246188775,-4.76043310169,3.60657189799,35.669084171,0,0,0.005,0,0,20.4,40.8012037436,0,0,0,0,0,0,0,0,0,0
16.38,0.507023910451,0.492976089551,1,1,0.484585253997,0.475746081017,0.0224386564538,0.0172300085337,0.960331335014,0.0396686649875,-4.74205130963,3.60145952432,35.4575613284,0,0,0.005,0,0,20.4,40.8012037436,0,0,0,0,0,0,0,0,0,0
16.385,0.507420105657,0.492579894345,1,1,0.483715189516,0.474442995956,0.0237049161406,0.0181368983883,0.958158185472,0.0418418145289,-4.72355304189,3.5963171218,35.2454501801,0,0,0.005,0,0,20.4,40.8012037436,0,0,0,0,0,0,0,0,0,0
16.39,0.507775573448,0.492224426553,1,1,0.482790110601,0.473177479947,0.0249854628468,0.0190469466067,0.955967590548,0.0440324094535,-4.70493876484,3.59114484812,35.0327701011,0,0,0.005,0,0,20.4,40.8012037436,0,0,0,0,0,0,0,0,0,0
16.395,0.508092833952,0.491907166049,1,1,0.481819576685,0.471951956851,0.0262732572668,0.0199552091985,0.953771533536,0.0462284664653,-4.68620894776,3.58594286184,34.8195405105,0,0,0.005,0,0,20.4,40.8012037436,0,0,0,0,0,0,0,0,0,0
16.4,0.508374944081,0.491625055921,1,1,0.480813837351,0.470768254522,0.0275611067293,0.0208568013988,0.951582091873,0.0484179081281,-4.66736406283,3.58071132241,34.6057808695,0,0,0.005,0,0,20.4,40.8012037436,0,0,0,0,0,0,0,0,0,0
16.405,0.508625430749,0.491374569252,1,1,0.479783625076,0.469627565368,0.0288418056726,0.0217470038847,0.949411190444,0.0505888095574,-4.64840458512,3.57545039016,34.3915106795,0,0,0.005,0,0,20.4,40.8012037436,0,0,0,0,0,0,0,0,0,0
16.41,0.508848218607,0.491151781395,1,1,0.478739933987,0.468530410228,0.0301082846198,0.0226213711665,0.947270344215,0.0527296557863,-4.62933099259,3.57016022631,34.1767494805,0,0,0.005,0,0,20.4,40.8012037436,0,0,0,0,0,0,0,0,0,0
16.415,0.509047553614,0.490952446387,1,1,0.477693788986,0.467476606662,0.0313537646279,0.0234758397256,0.945170395648,0.0548296043535,-4.61014376605,3.56484099295,33.9615168487,0,0,0.005,0,0,20.4,40.8012037436,0,0,0,0,0,0,0,0,0,0
16.42,0.509227923813,0.490772076188,1,1,0.476656009939,0.46646524283,0.032571913874,0.0243068333578,0.94312125277,0.0568787472318,-4.59084338921,3.55949285307,33.7458323953,0,0,0.005,0,0,20.4,40.8012037436,0,0,0,0,0,0,0,0,0,0
16.425,0.509393978661,0.49060602134,1,1,0.475636975859,0.46549465822,0.0337570028022,0.0251113631202,0.941131634079,0.0588683659224,-4.57143034861,3.55411597051,33.529715764,0,0,0.005,0,0,20.4,40.8012037436,0,0,0,0,0,0,0,0,0,0
16.43,0.509550448265,0.490449551736,1,1,0.474646394169,0.464562432442,0.0349040540962,0.0258871192935,0.939208826612,0.0607911733897,-4.55190513363,3.54871051001,33.3131866294,0,0,0.005,0,0,20.4,40.8012037436,0,0,0,0,0,0,0,0,0,0
16.435,0.50970206384,0.490297936161,1,1,0.473693080161,0.463665383315,0.0360089836785,0.0266325528462,0.937358463477,0.0626415365247,-4.53226823652,3.5432766372,33.0962646954,0,0,0.005,0,0,20.4,40.8012037436,0,0,0,0,0,0,0,0,0,0
16.44,0.509853480622,0.490146519379,1,1,0.472784751657,0.462799575343,0.0370687289655,0.0273469440357,0.935584327,0.0644156730012,-4.51252015232,3.53781451855,32.8789696927,0,0,0.005,0,0,20.4,40.8012037436,0,0,0,0,0,0,0,0,0,0
16.445,0.510009204426,0.489990795575,1,1,0.471927843685,0.46196033958,0.0380813607413,0.0280304559947,0.933888183265,0.066111816736,-4.49266137891,3.53232432145,32.6613213775,0,0,0.005,0,0,20.4,40.8012037436,0,0,0,0,0,0,0,0,0,0
16.45,0.510173522903,0.489826477099,1,1,0.471127347656,0.46114230567,0.0390461752467,0.0286841714291,0.932269653326,0.0677303466757,-4.472692417,3.52680621415,32.4433395292,0,0,0.005,0,0,20.4,40.8012037436,0,0,0,0,0,0,0,0,0,0
16.455,0.510350442467,0.489649557535,1,1,0.470386679052,0.460339446641,0.0399637634147,0.029310110894,0.930726125693,0.0692738743087,-4.45261377005,3.52126036578,32.2250439488,0,0,0.005,0,0,20.4,40.8012037436,0,0,0,0,0,0,0,0,0,0
16.46,0.510543631735,0.489456368266,1,1,0.46970757712,0.459545136764,0.0408360546152,0.0299112315028,0.929252713883,0.0707472861181,-4.43242594436,3.51568694633,32.0064544568,0,0,0.005,0,0,20.4,40.8012037436,0,0,0,0,0,0,0,0,0,0
16.465,0.510756372165,0.489243627836,1,1,0.469090039377,0.458752222476,0.0416663327887,0.03049140536,0.927842261853,0.0721577381487,-4.41212944899,3.51008612669,31.7875908914,0,0,0.005,0,0,20.4,40.8012037436,0,0,0,0,0,0,0,0,0,0
16.47,0.510991516461,0.48900848354,1,1,0.468532293015,0.457953106064,0.0424592234463,0.0310553774763,0.926485399079,0.0735146009225,-4.39172479578,3.50445807862,31.5684731067,0,0,0.005,0,0,20.4,40.8012037436,0,0,0,0,0,0,0,0,0,0
16.475,0.511251455152,0.48874854485,1,1,0.468030804479,0.457139841436,0.0432206506727,0.0316087034136,0.925170645915,0.0748293540864,-4.37121249933,3.49880297476,31.3491209705,0,0,0.005,0,0,20.4,40.8012037436,0,0,0,0,0,0,0,0,0,0
16.48,0.511538091604,0.488461908397,1,1,0.467580327626,0.456304240988,0.0439577639777,0.032157667409,0.923884568615,0.0761154313867,-4.35059307699,3.4931209886,31.1295543625,0,0,0.005,0,0,20.4,40.8012037436,0,0,0,0,0,0,0,0,0,0
16.485,0.51185282558,0.488147174421,1,1,0.467173990002,0.455437992202,0.0446788355788,0.0327091822188,0.922611982204,0.0773880177976,-4.32986704885,3.48741229453,30.9097931728,0,0,0.005,0,0,20.4,40.8012037436,0,0,0,0,0,0,0,0,0,0
16.49,0.5121965453,0.487803454701,1,1,0.466803415848,0.454532782294,0.0453931294526,0.0332706724074,0.921336198141,0.0786638018601,-4.30903493774,3.4816770678,30.6898572991,0,0,0.005,0,0,20.4,40.8012037436,0,0,0,0,0,0,0,0,0,0
16.495,0.512569627834,0.487430372167,1,1,0.466458883605,0.453580428917,0.046110744229,0.0338499432502,0.920039312522,0.0799606874793,-4.28809726918,3.47591548454,30.4697666456,0,0,0.005,0,0,20.4,40.8012037436,0,0,0,0,0,0,0,0,0,0
16.5,0.512971947512,0.487028052489,1,1,0.466129514793,0.452573014663,0.0468424327192,0.0344550378266,0.918702529456,0.0812974705458,-4.26705457142,3.47012772174,30.2495411206,0,0,0.005,0,0,20.4,40.8012037436,0,0,0,0,0,0,0,0,0,0
16.505,0.513402891921,0.48659710808,1,1,0.465803490392,0.451503022851,0.047599401529,0.0350940852296,0.917306513243,0.0826934867586,-4.24590737539,3.46431395725,30.0292006348,0,0,0.005,0,0,20.4,40.8012037436,0,0,0,0,0,0,0,0,0,0
16.51,0.513861384936,0.486138615065,1,1,0.465468290133,0.450363471962,0.0483930948026,0.035775143103,0.915831762096,0.0841682379056,-4.2246562147,3.45847436981,29.808765099,0,0,0.005,0,0,20.4,40.8012037436,0,0,0,0,0,0,0,0,0,0
16.515,0.514345916148,0.485654083853,1,1,0.4651109495,0.449148045927,0.0492349666482,0.0365060379263,0.914258995427,0.0857410045745,-4.20330162562,3.452609139,29.5882544226,0,0,0.005,0,0,20.4,40.8012037436,0,0,0,0,0,0,0,0,0,0
16.52,0.514854575959,0.485145424043,1,1,0.464718328763,0.447851217447,0.0501362471961,0.0372942065959,0.912569546209,0.087430453792,-4.18184414707,3.44671844527,29.3676885114,0,0,0.005,0,0,20.4,40.8012037436,0,0,0,0,0,0,0,0,0,0
16.525,0.515385095548,0.484614904454,1,1,0.464277388022,0.44646836156,0.0511077075259,0.0381465428935,0.910745749582,0.0892542504193,-4.16028432061,3.44080246993,29.1470872654,0,0,0.005,0,0,20.4,40.8012037436,0,0,0,0,0,0,0,0,0,0
16.53,0.515934890864,0.484065109138,1,1,0.463775462012,0.444995856757,0.0521594288516,0.0390692523811,0.908771318769,0.0912286812327,-4.13862269041,3.43486139515,28.9264705775,0,0,0.005,0,0,20.4,40.8012037436,0,0,0,0,0,0,0,0,0,0
16.535,0.516501109758,0.483498890244,1,1,0.463200528384,0.443431171116,0.0533005813736,0.0400677191275,0.9066316995,0.0933683005011,-4.11685980324,3.42889540393,28.7058583307,0,0,0.005,0,0,20.4,40.8012037436,0,0,0,0,0,0,0,0,0,0
16.54,0.517080681359,0.482919318643,1,1,0.462541463274,0.441772931202,0.0545392180847,0.0411463874409,0.904314394476,0.0956856055255,-4.09499620848,3.42290468016,28.4852703969,0,0,0.005,0,0,20.4,40.8012037436,0,0,0,0,0,0,0,0,0,0
16.545,0.517670366788,0.482329633214,1,1,0.461788278231,0.440020971737,0.0558820885563,0.0423086614762,0.901809249969,0.0981907500325,-4.07303245805,3.41688940853,28.2647266344,0,0,0.005,0,0,20.4,40.8012037436,0,0,0,0,0,0,0,0,0,0
16.55,0.518266810317,0.481733189684,1,1,0.460932332981,0.438176364485,0.0573344773362,0.0435568251993,0.899108697466,0.100891302535,-4.05096910644,3.41084977461,28.0442468863,0,0,0.005,0,0,20.4,40.8012037436,0,0,0,0,0,0,0,0,0,0
16.555,0.518866590118,0.481133409883,1,1,0.459966519054,0.436241425147,0.0589000710644,0.0448919847366,0.8962079442,0.103792055801,-4.02880671068,3.4047859648,27.8238509781,0,0,0.005,0,0,20.4,40.8012037436,0,0,0,0,0,0,0,0,0,0
16.56,0.519466267775,0.480533732226,1,1,0.458885409998,0.434219697593,0.0605808577777,0.0463140346332,0.893105107591,0.106894892411,-4.00654583031,3.39869816632,27.6035587162,0,0,0.005,0,0,20.4,40.8012037436,0,0,0,0,0,0,0,0,0,0
16.565,0.520062435801,0.479937564201,1,1,0.457685374667,0.432115915213,0.0623770611338,0.0478216489876,0.88980128988,0.110198710121,-3.9841870274,3.39258656726,27.3833898856,0,0,0.005,0,0,20.4,40.8012037436,0,0,0,0,0,0,0,0,0,0
16.57,0.52065176245,0.479348237552,1,1,0.456364650981,0.429935939696,0.0642871114687,0.049412297856,0.886300590677,0.113699409325,-3.96173086647,3.38645135649,27.1633642482,0,0,0.005,0,0,20.4,40.8012037436,0,0,0,0,0,0,0,0,0,0
16.575,0.521231033221,0.47876896678,1,1,0.454923378501,0.427686678063,0.06630765472,0.0510822887174,0.882610056564,0.117389943437,-3.93917791454,3.38029272375,26.9435015407,0,0,0.005,0,0,20.4,40.8012037436,0,0,0,0,0,0,0,0,0,0
16.58,0.52179718849,0.478202811511,1,1,0.453363589154,0.425375979306,0.0684335993364,0.0528268322049,0.87873956846,0.121260431541,-3.91652874106,3.37411085959,26.7238214724,0,0,0.005,0,0,20.4,40.8012037436,0,0,0,0,0,0,0,0,0,0
16.585,0.522347356832,0.477652643169,1,1,0.451689156469,0.423012512444,0.0706582003635,0.0546401307255,0.874701668912,0.125298331089,-3.89378391793,3.36790595538,26.5043437238,0,0,0.005,0,0,20.4,40.8012037436,0,0,0,0,0,0,0,0,0,0
16.59,0.52287888368,0.477121116322,1,1,0.449905704699,0.420605628271,0.0729731789803,0.0565154880506,0.870511332971,0.129488667031,-3.87094401946,3.36167820329,26.2850879443,0,0,0.005,0,0,20.4,40.8012037436,0,0,0,0,0,0,0,0,0,0
16.595,0.523389355047,0.476610644955,1,1,0.448020480158,0.418165207499,0.0753688748883,0.0584454374559,0.866185687657,0.133814312344,-3.84800962237,3.35542779632,26.0660737502,0,0,0.005,0,0,20.4,40.8012037436,0,0,0,0,0,0,0,0,0,0
16.6,0.523876616162,0.476123383839,1,1,0.446042188028,0.415701498284,0.0778344281344,0.0604218855551,0.861743686312,0.13825631369,-3.82498130575,3.34915492829,25.847320723,0,0,0.005,0,0,20.4,40.8012037436,0,0,0,0,0,0,0,0,0,0
16.605,0.524338784942,0.475661215059,1,1,0.443980798719,0.413224946463,0.080357986223,0.062436268596,0.857205745182,0.142794254819,-3.80185965106,3.3428597938,25.6288484073,0,0,0.005,0,0,20.4,40.8012037436,0,0,0,0,0,0,0,0,0,0
16.61,0.52477426032,0.475225739681,1,1,0.441847328575,0.410746021976,0.0829269317457,0.0644797177047,0.852593350551,0.14740664945,-3.77864524212,3.33654258827,25.4106763092,0,0,0.005,0,0,20.4,40.8012037436,0,0,0,0,0,0,0,0,0,0
16.615,0.525181725564,0.474818274437,1,1,0.439653600309,0.40827504508,0.085528125255,0.0665432293571,0.847928645389,0.152071354612,-3.75533866508,3.33020350793,25.1928238937,0,0,0.005,0,0,20.4,40.8012037436,0,0,0,0,0,0,0,0,0,0
16.62,0.525560146755,0.474439853247,1,1,0.437411989013,0.405822015995,0.0881481577417,0.0686178372514,0.843234005008,0.156765994993,-3.7319405084,3.3238427498,24.9753105836,0,0,0.005,0,0,20.4,40.8012037436,0,0,0,0,0,0,0,0,0,0
16.625,0.525908766718,0.474091233284,1,1,0.435135159861,0.403396451545,0.0907736068566,0.0706947817386,0.838531611406,0.161468388595,-3.70845136285,3.31746051168,24.7581557571,0,0,0.005,0,0,20.4,40.8012037436,0,0,0,0,0,0,0,0,0,0
16.63,0.526227094739,0.473772905262,1,1,0.432835803789,0.401007232211,0.0933912909497,0.0727656730515,0.833843036,0.166156964001,-3.68487182146,3.31105699218,24.5413787461,0,0,0.005,0,0,20.4,40.8012037436,0,0,0,0,0,0,0,0,0,0
16.635,0.526514892467,0.473485107535,1,1,0.430526377379,0.398662462789,0.0959885150874,0.0748226447459,0.829188840168,0.170811159833,-3.66120247957,3.30463239071,24.3249988342,0,0,0.005,0,0,20.4,40.8012037436,0,0,0,0,0,0,0,0,0,0
16.64,0.526772156446,0.473227843556,1,1,0.428218852999,0.396369349529,0.0985533034471,0.0768584940262,0.824588202528,0.175411797473,-3.63744393473,3.29818690746,24.1090352549,0,0,0.005,0,0,20.4,40.8012037436,0,0,0,0,0,0,0,0,0,0
16.645,0.526999097781,0.47300090222,1,1,0.425924484912,0.394134096246,0.101074612869,0.0788668059737,0.820058581158,0.179941418843,-3.61359678676,3.29172074339,23.8935071897,0,0,0.005,0,0,20.4,40.8012037436,0,0,0,0,0,0,0,0,0,0
16.65,0.52719611944,0.472803880561,1,1,0.423653596575,0.391961821457,0.103542522866,0.0808420591037,0.815615418032,0.184384581969,-3.58966163767,3.28523410027,23.6784337666,0,0,0.005,0,0,20.4,40.8012037436,0,0,0,0,0,0,0,0,0,0
16.655,0.527363791735,0.472636208266,1,1,0.421415393723,0.389856498116,0.105948398012,0.0827797101499,0.811271891839,0.188728108162,-3.56563909171,3.27872718065,23.4638340574,0,0,0.005,0,0,20.4,40.8012037436,0,0,0,0,0,0,0,0,0,0
16.66,0.527502826531,0.47249717347,1,1,0.419217807141,0.387820916977,0.10828501939,0.0846762564935,0.807038724117,0.192961275884,-3.54152975528,3.27220018784,23.2497270768,0,0,0.005,0,0,20.4,40.8012037436,0,0,0,0,0,0,0,0,0,0
16.665,0.527614050725,0.472385949277,1,1,0.417067368173,0.385856674072,0.110546682551,0.0865292752042,0.802924042246,0.197075957756,-3.51733423699,3.26565332596,23.03613178,0,0,0.005,0,0,20.4,40.8012037436,0,0,0,0,0,0,0,0,0,0
16.67,0.527698379521,0.47230162048,1,1,0.414969119179,0.383964182252,0.112729260342,0.0883374382282,0.798933301431,0.20106669857,-3.49305314758,3.25908679988,22.8230670609,0,0,0.005,0,0,20.4,40.8012037436,0,0,0,0,0,0,0,0,0,0
16.675,0.527756790028,0.472243209973,1,1,0.412926560196,0.38214270614,0.114830229833,0.0901005038324,0.795069266336,0.204930733665,-3.46868709996,3.25250081526,22.6105517507,0,0,0.005,0,0,20.4,40.8012037436,0,0,0,0,0,0,0,0,0,0
16.68,0.52779029565,0.472209704352,1,1,0.41094163216,0.380390419378,0.11684866349,0.0918192849736,0.791332051538,0.208667948464,-3.44423670915,3.24589557855,22.3986046155,0,0,0.005,0,0,20.4,40.8012037436,0,0,0,0,0,0,0,0,0,0
16.685,0.527799921722,0.47220007828,1,1,0.409014736111,0.378704482484,0.118785185611,0.0934955957955,0.787719218595,0.212280781407,-3.41970259229,3.23927129694,22.1872443549,0,0,0.005,0,0,20.4,40.8012037436,0,0,0,0,0,0,0,0,0,0
16.69,0.527786682807,0.472213317194,1,1,0.407144786909,0.377081139239,0.120641895899,0.0951321779551,0.784225926148,0.215774073854,-3.39508536863,3.23262817841,21.9764896001,0,0,0.005,0,0,20.4,40.8012037436,0,0,0,0,0,0,0,0,0,0
16.695,0.527751561997,0.472248438005,1,1,0.405329299194,0.375515829085,0.122422262803,0.0967326089198,0.780845128279,0.219154871723,-3.37038565947,3.22596643172,21.7663589121,0,0,0.005,0,0,20.4,40.8012037436,0,0,0,0,0,0,0,0,0,0
16.7,0.527695492528,0.472304507473,1,1,0.403564502556,0.374003312707,0.124130989972,0.098301194766,0.777567815264,0.222432184738,-3.34560408822,3.21928626637,21.55687078,0,0,0.005,0,0,20.4,40.8012037436,0,0,0,0,0,0,0,0,0,0
16.705,0.527619341971,0.472380658031,1,1,0.401845482257,0.372537807715,0.125773859714,0.0998428503161,0.774383289972,0.22561671003,-3.32074128031,3.21258789265,21.3480436188,0,0,0.005,0,0,20.4,40.8012037436,0,0,0,0,0,0,0,0,0,0
16.71,0.527523899171,0.47247610083,1,1,0.400166341305,0.371113131141,0.127357557866,0.101362969689,0.771279472446,0.228720527555,-3.29579786322,3.20587152161,21.1398957683,0,0,0.005,0,0,20.4,40.8012037436,0,0,0,0,0,0,0,0,0,0
16.715,0.527409864089,0.472590135912,1,1,0.398520379306,0.369722845417,0.128889484783,0.102867290495,0.768243224723,0.231756775278,-3.27077446646,3.19913736506,20.932445491,0,0,0.005,0,0,20.4,40.8012037436,0,0,0,0,0,0,0,0,0,0
16.72,0.5272778406,0.472722159401,1,1,0.39690028322,0.368360404432,0.130377557381,0.104361754969,0.765260687652,0.234739312349,-3.24567172152,3.19238563557,20.7257109701,0,0,0.005,0,0,20.4,40.8012037436,0,0,0,0,0,0,0,0,0,0
16.725,0.527128332285,0.472871667716,1,1,0.395298325055,0.367019296387,0.13183000723,0.105852371329,0.762317621442,0.23768237856,-3.22049026191,3.18561654647,20.5197103082,0,0,0.005,0,0,20.4,40.8012037436,0,0,0,0,0,0,0,0,0,0
16.73,0.526961741159,0.473038258842,1,1,0.393706561511,0.365693180291,0.133255179648,0.107345078551,0.759399741802,0.240600258199,-3.19523072311,3.17883031184,20.3144615254,0,0,0.005,0,0,20.4,40.8012037436,0,0,0,0,0,0,0,0,0,0
16.735,0.52677836926,0.473221630742,1,1,0.39211703075,0.364376013178,0.13466133851,0.108845617564,0.756493043928,0.243506956073,-3.16989374254,3.17202714653,20.1099825573,0,0,0.005,0,0,20.4,40.8012037436,0,0,0,0,0,0,0,0,0,0
16.74,0.526578422939,0.473421577062,1,1,0.390521941712,0.363062165411,0.136056481227,0.110359411651,0.753584107123,0.246415892878,-3.14447995958,3.16520726613,19.9062912538,0,0,0.005,0,0,20.4,40.8012037436,0,0,0,0,0,0,0,0,0,0
16.745,0.526362019688,0.473637980314,1,1,0.388913851792,0.361746521803,0.137448167896,0.111891458511,0.750660373595,0.249339626407,-3.11899001553,3.15837088698,19.7034053767,0,0,0.005,0,0,20.4,40.8012037436,0,0,0,0,0,0,0,0,0,0
16.75,0.526129197251,0.47387080275,1,1,0.387285829153,0.360424566661,0.138843368098,0.113446236089,0.747710395814,0.252289604187,-3.09342455362,3.15151822618,19.5013425988,0,0,0.005,0,0,20.4,40.8012037436,0,0,0,0,0,0,0,0,0,0
16.755,0.525879924789,0.474120075213,1,1,0.385631596498,0.359092451339,0.14024832829,0.115027623873,0.744724047838,0.255275952163,-3.06778421894,3.14464950154,19.3001205015,0,0,0.005,0,0,20.4,40.8012037436,0,0,0,0,0,0,0,0,0,0
16.76,0.525614115778,0.474385884223,1,1,0.383945653754,0.357747043291,0.141668462025,0.116638840932,0.741692697045,0.258307302957,-3.0420696585,3.13776493165,19.0997565735,0,0,0.005,0,0,20.4,40.8012037436,0,0,0,0,0,0,0,0,0,0
16.765,0.525331642357,0.474668357644,1,1,0.382223377755,0.356385956139,0.143108264602,0.118282401506,0.738609333894,0.261390666108,-3.01628152113,3.13086473583,18.9002682088,0,0,0.005,0,0,20.4,40.8012037436,0,0,0,0,0,0,0,0,0,0
16.77,0.52503235077,0.474967649231,1,1,0.380461097708,0.355007560731,0.144571253062,0.1199600885,0.735468658439,0.264531341562,-2.99042045755,3.12394913412,18.7016727055,0,0,0.005,0,0,20.4,40.8012037436,0,0,0,0,0,0,0,0,0,0
16.775,0.52471607759,0.475283922411,1,1,0.378656145875,0.353610977612,0.146059931716,0.121672944799,0.732267123487,0.267732876515,-2.96448712028,3.11701834731,18.5039872637,0,0,0.005,0,0,20.4,40.8012037436,0,0,0,0,0,0,0,0,0,0
16.78,0.524382666361,0.475617333641,1,1,0.376806883575,0.352196051797,0.147575782786,0.123421281844,0.729002935372,0.270997064629,-2.93848216365,3.1100725969,18.3072289841,0,0,0.005,0,0,20.4,40.8012037436,0,0,0,0,0,0,0,0,0,0
16.785,0.524031984326,0.475968015675,1,1,0.374912703243,0.350763311122,0.149119281083,0.125204704553,0.725676014365,0.274323985636,-2.91240624382,3.10311210514,18.1114148661,0,0,0.005,0,0,20.4,40.8012037436,0,0,0,0,0,0,0,0,0,0
16.79,0.523663938918,0.476336061083,1,1,0.372974007808,0.34931390983,0.15068993111,0.127022151253,0.722287917638,0.277712082363,-2.8862600187,3.096137095,17.9165618066,0,0,0.005,0,0,20.4,40.8012037436,0,0,0,0,0,0,0,0,0,0
16.795,0.523278493668,0.476721506333,1,1,0.370992169191,0.347849559348,0.152286324478,0.128871946985,0.718841728539,0.281158271463,-2.86004414797,3.08914779014,17.7226865977,0,0,0.005,0,0,20.4,40.8012037436,0,0,0,0,0,0,0,0,0,0
16.8,0.522875683261,0.47712431674,1,1,0.368969468127,0.346372448463,0.153906215135,0.130751868277,0.71534191659,0.284658083412,-2.83375929306,3.08214441498,17.5298059258,0,0,0.005,0,0,20.4,40.8012037436,0,0,0,0,0,0,0,0,0,0
16.805,0.522455627435,0.477544372567,1,1,0.366909017855,0.344885155315,0.15554660958,0.132659217252,0.71179417317,0.288205826832,-2.80740611713,3.07512719464,17.3379363697,0,0,0.005,0,0,20.4,40.8012037436,0,0,0,0,0,0,0,0,0,0
16.81,0.522018543481,0.477981456521,1,1,0.364814674456,0.343390553722,0.157203869025,0.134590902798,0.708205228178,0.291794771823,-2.78098528506,3.06809635493,17.1470943989,0,0,0.005,0,0,20.4,40.8012037436,0,0,0,0,0,0,0,0,0,0
16.815,0.521564757124,0.478435242877,1,1,0.36269093679,0.341891716437,0.158873820334,0.13654352644,0.704582653227,0.295417346774,-2.75449746341,3.0610521224,16.957296372,0,0,0.005,0,0,20.4,40.8012037436,0,0,0,0,0,0,0,0,0,0
16.82,0.521094711588,0.478905288414,1,1,0.360542839029,0.340391817893,0.160551872559,0.13851347052,0.700934656922,0.29906534308,-2.72794332044,3.05399472429,16.7685585355,0,0,0.005,0,0,20.4,40.8012037436,0,0,0,0,0,0,0,0,0,0
16.825,0.520608974684,0.479391025317,1,1,0.358375838754,0.338894038961,0.162233135931,0.140496986356,0.697269877715,0.302730122287,-2.70132352606,3.04692438854,16.580897022,0,0,0.005,0,0,20.4,40.8012037436,0,0,0,0,0,0,0,0,0,0
16.83,0.520108243823,0.479891756179,1,1,0.356195703512,0.337401476051,0.163912540311,0.142490280128,0.693597179562,0.306402820439,-2.67463875184,3.0398413438,16.3943278483,0,0,0.005,0,0,20.4,40.8012037436,0,0,0,0,0,0,0,0,0,0
16.835,0.519593348833,0.480406651168,1,1,0.35400839849,0.33591705675,0.165584950343,0.144489594418,0.68992545524,0.310074544761,-2.64788967096,3.03274581942,16.2088669148,0,0,0.005,0,0,20.4,40.8012037436,0,0,0,0,0,0,0,0,0,0
16.84,0.519065252576,0.480934747425,1,1,0.351819977795,0.334443463903,0.167245274781,0.146491283522,0.686263441698,0.313736558304,-2.62107695824,3.02563804543,16.024530003,0,0,0.005,0,0,20.4,40.8012037436,0,0,0,0,0,0,0,0,0,0
16.845,0.518525049318,0.481474950684,1,1,0.349636481476,0.332983069774,0.168888567842,0.148491880909,0.68261955125,0.317380448751,-2.59420129008,3.01851825257,15.8413327745,0,0,0.005,0,0,20.4,40.8012037436,0,0,0,0,0,0,0,0,0,0
16.85,0.517973960898,0.482026039103,1,1,0.347463840154,0.331537881611,0.170510120744,0.150488157493,0.679001721765,0.320998278237,-2.56726334447,3.01138667225,15.6592907697,0,0,0.005,0,0,20.4,40.8012037436,0,0,0,0,0,0,0,0,0,0
16.855,0.517413330751,0.48258666925,1,1,0.345307788736,0.33010949957,0.172105542015,0.15247716968,0.675417288306,0.324582711695,-2.54026380095,3.0042435366,15.4784194056,0,0,0.005,0,0,20.4,40.8012037436,0,0,0,0,0,0,0,0,0,0
16.86,0.516844615869,0.483155384132,1,1,0.343173790358,0.328699087625,0.173670825511,0.154456296507,0.671872877983,0.328127122018,-2.51320334064,2.9970890784,15.2987339753,0,0,0.005,0,0,20.4,40.8012037436,0,0,0,0,0,0,0,0,0,0
16.865,0.516269376833,0.483730623169,1,1,0.341066971332,0.327307357688,0.175202405501,0.15642326548,0.668374329021,0.331625670981,-2.48608264615,2.98992353115,15.1202496456,0,0,0.005,0,0,20.4,40.8012037436,0,0,0,0,0,0,0,0,0,0
16.87,0.515689266051,0.48431073395,1,1,0.338992067539,0.325934566834,0.176697198512,0.158376167116,0.664926634373,0.335073365628,-2.45890240164,2.98274712901,14.9429814564,0,0,0.005,0,0,20.4,40.8012037436,0,0,0,0,0,0,0,0,0,0
16.875,0.515106014388,0.484893985613,1,1,0.336953382379,0.324580527153,0.178152632009,0.16031345846,0.661533909532,0.33846609047,-2.43166329276,2.97556010683,14.7669443187,0,0,0.005,0,0,20.4,40.8012037436,0,0,0,0,0,0,0,0,0,0
16.88,0.514521416367,0.485478583635,1,1,0.334954756109,0.323244627446,0.179566660258,0.162233956188,0.658199383555,0.341800616446,-2.40436600663,2.96836270014,14.5921530134,0,0,0.005,0,0,20.4,40.8012037436,0,0,0,0,0,0,0,0,0,0
16.885,0.513937314159,0.486062685843,1,1,0.332999546149,0.321925865667,0.180937768009,0.164136820176,0.654925411816,0.345074588185,-2.37701123185,2.96115514515,14.41862219,0,0,0.005,0,0,20.4,40.8012037436,0,0,0,0,0,0,0,0,0,0
16.89,0.513355580587,0.486644419414,1,1,0.331090617727,0.320622890761,0.18226496286,0.166021528653,0.651713508488,0.348286491513,-2.34959965847,2.95393767874,14.2463663649,0,0,0.005,0,0,20.4,40.8012037436,0,0,0,0,0,0,0,0,0,0
16.895,0.512778101376,0.487221898626,1,1,0.329230344056,0.319334052347,0.18354775732,0.167887846279,0.648564396403,0.351435603598,-2.32213197796,2.94671053848,14.0753999206,0,0,0.005,0,0,20.4,40.8012037436,0,0,0,0,0,0,0,0,0,0
16.9,0.512206756878,0.487793243124,1,1,0.327420615144,0.318057456506,0.184786141734,0.169735786618,0.64547807165,0.354521928351,-2.29460888321,2.93947396259,13.9057371037,0,0,0.005,0,0,20.4,40.8012037436,0,0,0,0,0,0,0,0,0,0
16.905,0.511643403543,0.488356596459,1,1,0.325662854237,0.316791025833,0.185980549306,0.171565570625,0.64245388007,0.357546119931,-2.26703106853,2.93222819,13.7373920239,0,0,0.005,0,0,20.4,40.8012037436,0,0,0,0,0,0,0,0,0,0
16.91,0.511089855348,0.488910144654,1,1,0.323958040858,0.315532561859,0.187131814489,0.173377582795,0.639490602717,0.360509397284,-2.23939922959,2.92497346029,13.5703786529,0,0,0.005,0,0,20.4,40.8012037436,0,0,0,0,0,0,0,0,0,0
16.915,0.510547865442,0.48945213456,1,1,0.322306739425,0.314279807918,0.188241126016,0.175172326642,0.636586547343,0.363413452658,-2.21171406343,2.91771001371,13.4047108225,0,0,0.005,0,0,20.4,40.8012037436,0,0,0,0,0,0,0,0,0,0
16.92,0.510019108232,0.489980891769,1,1,0.320709132417,0.313030510625,0.189309975815,0.176950381144,0.633739643042,0.366260356959,-2.18397626843,2.91043809119,13.2404022237,0,0,0.005,0,0,20.4,40.8012037436,0,0,0,0,0,0,0,0,0,0
16.925,0.509505162135,0.490494837866,1,1,0.31916505715,0.311782478189,0.190340104985,0.178712359678,0.630947535339,0.369052464663,-2.15618654431,2.90315793433,13.0774664056,0,0,0.005,0,0,20.4,40.8012037436,0,0,0,0,0,0,0,0,0,0
16.93,0.509007493199,0.490992506802,1,1,0.317674045256,0.31053363396,0.191333447943,0.180458872842,0.628207679216,0.371792320786,-2.12834559212,2.8958697854,12.9159167735,0,0,0.005,0,0,20.4,40.8012037436,0,0,0,0,0,0,0,0,0,0
16.935,0.508527439792,0.491472560209,1,1,0.316235364033,0.309282063821,0.192292075759,0.182190496388,0.625517427854,0.374482572147,-2.10045411417,2.88857388731,12.7557665882,0,0,0.005,0,0,20.4,40.8012037436,0,0,0,0,0,0,0,0,0,0
16.94,0.508066198537,0.491933801464,1,1,0.314848058935,0.308026056219,0.193218139602,0.183907745245,0.622874115155,0.377125884847,-2.07251281407,2.88127048368,12.5970289646,0,0,0.005,0,0,20.4,40.8012037436,0,0,0,0,0,0,0,0,0,0
16.945,0.507624811646,0.492375188356,1,1,0.313510996502,0.306764133955,0.194113815144,0.185611054401,0.620275130457,0.379724869545,-2.04452239668,2.87395981876,12.4397168704,0,0,0.005,0,0,20.4,40.8012037436,0,0,0,0,0,0,0,0,0,0
16.95,0.50720415579,0.492795844211,1,1,0.312222907121,0.305495077092,0.19498124867,0.187300767119,0.617717984212,0.382282015789,-2.01648356811,2.86664213747,12.2838431248,0,0,0.005,0,0,20.4,40.8012037436,0,0,0,0,0,0,0,0,0,0
16.955,0.506804932633,0.493195067368,1,1,0.310982427053,0.304217936685,0.19582250558,0.188977130684,0.615200363738,0.384799636263,-1.98839703567,2.85931768541,12.1294203975,0,0,0.005,0,0,20.4,40.8012037436,0,0,0,0,0,0,0,0,0,0
16.96,0.506427661101,0.4935723389,1,1,0.309788139189,0.302932039321,0.196639521912,0.190640299579,0.61272017851,0.387279821492,-1.96026350789,2.85198670881,11.9764612076,0,0,0.005,0,0,20.4,40.8012037436,0,0,0,0,0,0,0,0,0,0
16.965,0.506072671483,0.493927328518,1,1,0.308638612014,0.301636982777,0.197434059469,0.192290345742,0.610275594791,0.38972440521,-1.93208369448,2.84464945457,11.8249779219,0,0,0.005,0,0,20.4,40.8012037436,0,0,0,0,0,0,0,0,0,0
16.97,0.505740101388,0.494259898613,1,1,0.307532436296,0.300332623411,0.198207665092,0.193927275202,0.607865059707,0.392134940294,-1.90385830632,2.83730617025,11.6749827542,0,0,0.005,0,0,20.4,40.8012037436,0,0,0,0,0,0,0,0,0,0
16.975,0.505429893604,0.494570106397,1,1,0.30646825896,0.299019056161,0.198961634644,0.195551050236,0.605487315122,0.39451268488,-1.8755880554,2.82995710404,11.5264877643,0,0,0.005,0,0,20.4,40.8012037436,0,0,0,0,0,0,0,0,0,0
16.98,0.505141795843,0.494858204158,1,1,0.30544481365,0.297696588289,0.199696982193,0.19716161587,0.603141401939,0.396858598063,-1.84727365488,2.8226025048,11.3795048561,0,0,0.005,0,0,20.4,40.8012037436,0,0,0,0,0,0,0,0,0,0
16.985,0.504875362367,0.495124637634,1,1,0.304460947407,0.296365708214,0.20041441496,0.198758929421,0.600826655621,0.39917334438,-1.81891581899,2.81524262201,11.2340457774,0,0,0.005,0,0,20.4,40.8012037436,0,0,0,0,0,0,0,0,0,0
16.99,0.50462995745,0.495370042551,1,1,0.303515642925,0.295027050954,0.201114314525,0.200342991597,0.598542693879,0.401457306122,-1.79051526305,2.80787770583,11.0901221181,0,0,0.005,0,0,20.4,40.8012037436,0,0,0,0,0,0,0,0,0,0
16.995,0.504404760613,0.495595239388,1,1,0.302608035795,0.293681361798,0.201796724819,0.201913877591,0.596289397592,0.403710602409,-1.76207270344,2.80050800701,10.9477453095,0,0,0.005,0,0,20.4,40.8012037436,0,0,0,0,0,0,0,0,0,0
17,0.50419877356,0.495801226441,1,1,0.301737426172,0.292329459916,0.202461347389,0.203471766525,0.594066886088,0.405933113914,-1.73358885759,2.79313377696,10.8069266231,0,0,0.005,0,0,20.4,40.8012037436,0,0,0,0,0,0,0,0,0,0
17.005,0.504010828718,0.495989171283,1,1,0.300903284321,0.290972203612,0.203107544397,0.205016967671,0.591875487934,0.408124512068,-1.70506444392,2.78575526771,10.6676771695,0,0,0.005,0,0,20.4,40.8012037436,0,0,0,0,0,0,0,0,0,0
17.01,0.50383959927,0.496160400732,1,1,0.300105249525,0.289610458877,0.203734349745,0.206549941855,0.589715708401,0.4102842916,-1.67650018187,2.77837273191,10.5300078972,0,0,0.005,0,0,20.4,40.8012037436,0,0,0,0,0,0,0,0,0,0
17.015,0.503683610557,0.496316389444,1,1,0.299343121913,0.288245072787,0.204340488644,0.208071316657,0.5875881947,0.412411805301,-1.64789679186,2.77098642283,10.3939295921,0,0,0.005,0,0,20.4,40.8012037436,0,0,0,0,0,0,0,0,0,0
17.02,0.503541252722,0.49645874728,1,1,0.298616846896,0.286876853149,0.204924405825,0.20958189413,0.585493700046,0.414506299956,-1.61925499523,2.76359659436,10.2594528759,0,0,0.005,0,0,20.4,40.8012037436,0,0,0,0,0,0,0,0,0,0
17.025,0.503410794432,0.496589205569,1,1,0.297926491981,0.285506555546,0.205484302451,0.211082650023,0.583433047527,0.416566952474,-1.59057551427,2.75620350097,10.1265882054,0,0,0.005,0,0,20.4,40.8012037436,0,0,0,0,0,0,0,0,0,0
17.03,0.503290397552,0.496709602449,1,1,0.297272215932,0.284134878707,0.20601818162,0.212574723742,0.581407094639,0.418592905362,-1.56185907218,2.74880739776,9.99534587133,0,0,0.005,0,0,20.4,40.8012037436,0,0,0,0,0,0,0,0,0,0
17.035,0.503178132587,0.496821867414,1,1,0.296654230448,0.2827624688,0.206523902139,0.214059398615,0.579416699248,0.420583300753,-1.53310639302,2.7414085404,9.8657359977,0,0,0.005,0,0,20.4,40.8012037436,0,0,0,0,0,0,0,0,0,0
17.04,0.503071994742,0.49692800526,1,1,0.296072754699,0.281389932931,0.206999240043,0.215538072329,0.577462687629,0.422537312372,-1.50431820173,2.73400718515,9.73776854054,0,0,0.005,0,0,20.4,40.8012037436,0,0,0,0,0,0,0,0,0,0
17.045,0.502969920435,0.497030079567,1,1,0.295527963358,0.280017861759,0.207441957077,0.217012217807,0.575545825118,0.424454174884,-1.47549522409,2.72660358886,9.61145328707,0,0,0.005,0,0,20.4,40.8012037436,0,0,0,0,0,0,0,0,0,0
17.05,0.502869804093,0.497130195908,1,1,0.295019928986,0.27864686079,0.207849875107,0.218483335118,0.573666789776,0.426333210226,-1.44663818666,2.71919800892,9.48679985483,0,0,0.005,0,0,20.4,40.8012037436,0,0,0,0,0,0,0,0,0,0
17.055,0.502769515067,0.497230484934,1,1,0.294548559871,0.277277589525,0.208220955196,0.219952895409,0.571826149396,0.428173850605,-1.41774781683,2.71179070332,9.3638176907,0,0,0.005,0,0,20.4,40.8012037436,0,0,0,0,0,0,0,0,0,0
17.06,0.502666914508,0.497333085493,1,1,0.294113534715,0.275910807312,0.208553379794,0.221422278181,0.570024342027,0.429975657974,-1.38882484272,2.70438193056,9.24251607011,0,0,0.005,0,0,20.4,40.8012037436,0,0,0,0,0,0,0,0,0,0
17.065,0.502559872043,0.497440127958,1,1,0.293714235751,0.274547424386,0.208845636292,0.222892703572,0.568261660138,0.431738339864,-1.35986999321,2.69697194973,9.12290409607,0,0,0.005,0,0,20.4,40.8012037436,0,0,0,0,0,0,0,0,0,0
17.07,0.502446282102,0.497553717899,1,1,0.293349682115,0.273188556316,0.209096599987,0.224365161583,0.566538238431,0.43346176157,-1.3308839979,2.68956102042,9.00499069845,0,0,0.005,0,0,20.4,40.8012037436,0,0,0,0,0,0,0,0,0,0
17.075,0.502324079757,0.497675920244,1,1,0.293018465437,0.271835579814,0.20930561432,0.225840340431,0.564854045251,0.435145954751,-1.30186758707,2.68214940276,8.88878463303,0,0,0.005,0,0,20.4,40.8012037436,0,0,0,0,0,0,0,0,0,0
17.08,0.502191255925,0.497808744077,1,1,0.292718689777,0.270490187664,0.209472566147,0.227318556412,0.563208877442,0.43679112256,-1.27282149169,2.6747373574,8.77429448079,0,0,0.005,0,0,20.4,40.8012037436,0,0,0,0,0,0,0,0,0,0
17.085,0.502045871827,0.497954128175,1,1,0.292447918062,0.269154440414,0.209597953765,0.22879968776,0.561602358476,0.438397641525,-1.24374644334,2.66732514549,8.66152864708,0,0,0.005,0,0,20.4,40.8012037436,0,0,0,0,0,0,0,0,0,0
17.09,0.501886072572,0.498113927429,1,1,0.292203127197,0.267830812398,0.209682945376,0.230283115031,0.560033939595,0.439966060407,-1.21464317427,2.65991302866,8.55049536084,0,0,0.005,0,0,20.4,40.8012037436,0,0,0,0,0,0,0,0,0,0
17.095,0.501710099777,0.498289900225,1,1,0.29198067398,0.266522229684,0.209729425796,0.231767670541,0.558502903664,0.441497096337,-1.18551241727,2.65250126907,8.44120267391,0,0,0.005,0,0,20.4,40.8012037436,0,0,0,0,0,0,0,0,0,0
17.1,0.501516303112,0.49848369689,1,1,0.291776273775,0.265232097647,0.209740029337,0.233251599243,0.557008371421,0.44299162858,-1.15635490576,2.6450901293,8.33365846021,0,0,0.005,0,0,20.4,40.8012037436,0,0,0,0,0,0,0,0,0,0
17.105,0.501303150718,0.498696849283,1,1,0.291584993702,0.263964316015,0.209718157017,0.234732533268,0.555549309717,0.444450690284,-1.12717137368,2.63767987244,8.22787041514,0,0,0.005,0,0,20.4,40.8012037436,0,0,0,0,0,0,0,0,0,0
17.11,0.501069238409,0.498930761592,1,1,0.291401261846,0.262723279531,0.209667976563,0.236207482062,0.554124541377,0.445875458625,-1.0979625555,2.63027076201,8.12384605478,0,0,0.005,0,0,20.4,40.8012037436,0,0,0,0,0,0,0,0,0,0
17.115,0.50081329761,0.499186702391,1,1,0.291218893583,0.261513862653,0.209594404028,0.237672839738,0.552732756236,0.447267243766,-1.0687291862,2.62286306198,8.02159271533,0,0,0.005,0,0,20.4,40.8012037436,0,0,0,0,0,0,0,0,0,0
17.12,0.500534202007,0.499465797995,1,1,0.291031135755,0.260341387157,0.209503066252,0.239124410838,0.551372522912,0.44862747709,-1.03947200122,2.61545703674,7.92111755238,0,0,0.005,0,0,20.4,40.8012037436,0,0,0,0,0,0,0,0,0,0
17.125,0.500230972858,0.499769027144,1,1,0.290830728951,0.259211571914,0.209400243907,0.24055745523,0.550042300864,0.449957699137,-1.0101917365,2.60805295112,7.82242754031,0,0,0.005,0,0,20.4,40.8012037436,0,0,0,0,0,0,0,0,0,0
17.13,0.499902782977,0.500097217025,1,1,0.290609987632,0.258130464642,0.209292795345,0.241966752382,0.548740452274,0.451259547727,-0.980889128362,2.60065107032,7.72552947171,0,0,0.005,0,0,20.4,40.8012037436,0,0,0,0,0,0,0,0,0,0
17.135,0.499548959374,0.500451040627,1,1,0.290360897352,0.257104355949,0.209188062023,0.243346684678,0.5474652533,0.452534746701,-0.951564913577,2.59325165998,7.63042995674,0,0,0.005,0,0,20.4,40.8012037436,0,0,0,0,0,0,0,0,0,0
17.14,0.499168984575,0.500831015426,1,1,0.290075227744,0.256139676522,0.209093756832,0.244691338904,0.546214904266,0.453785095736,-0.922219829289,2.58585498609,7.53713542263,0,0,0.005,0,0,20.4,40.8012037436,0,0,0,0,0,0,0,0,0,0
17.145,0.498762496639,0.501237503362,1,1,0.28974465946,0.255242878908,0.209017837179,0.245994624454,0.544987538368,0.455012461633,-0.892854613013,2.57846131503,7.44565211306,0,0,0.005,0,0,20.4,40.8012037436,0,0,0,0,0,0,0,0,0,0
17.15,0.498329287918,0.501670712083,1,1,0.289360922718,0.254420305818,0.2089683652,0.247250406265,0.543781228536,0.456218771465,-0.863470002605,2.57107091351,7.35598608772,0,0,0.005,0,0,20.4,40.8012037436,0,0,0,0,0,0,0,0,0,0
17.155,0.497869302604,0.502130697398,1,1,0.288915944655,0.253678047442,0.208953357949,0.248452649956,0.542593992097,0.457406007905,-0.834066736248,2.56368404863,7.26814322172,0,0,0.005,0,0,20.4,40.8012037436,0,0,0,0,0,0,0,0,0,0
17.16,0.497382633122,0.502617366879,1,1,0.2884020023,0.253021790699,0.208980630821,0.249595576181,0.541423792999,0.458576207002,-0.804645552422,2.55630098778,7.18212920518,0,0,0.005,0,0,20.4,40.8012037436,0,0,0,0,0,0,0,0,0,0
17.165,0.496869515443,0.503130484558,1,1,0.287811877629,0.252456663756,0.209057637815,0.250673820802,0.540268541385,0.459731458616,-0.775207189891,2.5489219987,7.09794954272,0,0,0.005,0,0,20.4,40.8012037436,0,0,0,0,0,0,0,0,0,0
17.17,0.496330323389,0.503669676612,1,1,0.287139010919,0.251987079484,0.20919131247,0.251682597129,0.539126090402,0.460873909599,-0.745752387677,2.54154734941,7.01560955303,0,0,0.005,0,0,20.4,40.8012037436,0,0,0,0,0,0,0,0,0,0
17.175,0.495765562018,0.504234437983,1,1,0.286377648506,0.251616581732,0.209387913512,0.252617856251,0.537994230238,0.462005769764,-0.716281885038,2.53417730825,6.93511436848,0,0,0.005,0,0,20.4,40.8012037436,0,0,0,0,0,0,0,0,0,0
17.18,0.495175860187,0.504824139815,1,1,0.285522980962,0.251347698483,0.209652879224,0.253476441332,0.536870679446,0.463129320556,-0.686796421454,2.52681214381,6.85646893465,0,0,0.005,0,0,20.4,40.8012037436,0,0,0,0,0,0,0,0,0,0
17.185,0.494561962385,0.505438037617,1,1,0.284571267822,0.251181805935,0.209990694563,0.254256231682,0.535753073757,0.464246926245,-0.657296736601,2.51945212498,6.77967801003,0,0,0.005,0,0,20.4,40.8012037436,0,0,0,0,0,0,0,0,0,0
17.19,0.493924719947,0.506075280054,1,1,0.283519945144,0.251119007512,0.210404774803,0.254956272542,0.534638952656,0.465361047345,-0.627783570334,2.51209752088,6.7047461656,0,0,0.005,0,0,20.4,40.8012037436,0,0,0,0,0,0,0,0,0,0
17.195,0.493265081756,0.506734918245,1,1,0.282367712511,0.251158031608,0.210897369246,0.255576886637,0.533525744119,0.466474255883,-0.598257662668,2.50474860087,6.6316777845,0,0,0.005,0,0,20.4,40.8012037436,0,0,0,0,0,0,0,0,0,0
17.2,0.492584084537,0.507415915465,1,1,0.281114596449,0.251296151537,0.211469488087,0.256119763928,0.532410747986,0.467589252015,-0.568719753756,2.49740563454,6.56047706174,0,0,0.005,0,0,20.4,40.8012037436,0,0,0,0,0,0,0,0,0,0
17.205,0.491882842868,0.508117157133,1,1,0.279761987778,0.251529130793,0.21212085509,0.25658802634,0.531291118572,0.46870888143,-0.539170583873,2.49006889169,6.49114800386,0,0,0.005,0,0,20.4,40.8012037436,0,0,0,0,0,0,0,0,0,0
17.21,0.491162539019,0.508837460983,1,1,0.278312650948,0.251851196176,0.21284988807,0.256986264807,0.530163847124,0.469836152877,-0.509610893398,2.4827386423,6.42369442866,0,0,0.005,0,0,20.4,40.8012037436,0,0,0,0,0,0,0,0,0,0
17.215,0.490424412721,0.50957558728,1,1,0.276770704117,0.252255040744,0.213653708604,0.257320546536,0.529025744861,0.47097425514,-0.480041422793,2.47541515657,6.35811996496,0,0,0.005,0,0,20.4,40.8012037436,0,0,0,0,0,0,0,0,0,0
17.22,0.489669750996,0.510330249005,1,1,0.275141569396,0.252731857906,0.2145281816,0.257598391099,0.527873427302,0.472126572699,-0.450462912587,2.46809870482,6.29442805233,0,0,0.005,0,0,20.4,40.8012037436,0,0,0,0,0,0,0,0,0,0
17.225,0.488899878138,0.511100121864,1,1,0.273431893453,0.253271407186,0.215467984685,0.257828714677,0.526703300639,0.473296699362,-0.420876103357,2.46078955754,6.23262194087,0,0,0.005,0,0,20.4,40.8012037436,0,0,0,0,0,0,0,0,0,0
17.23,0.488116145965,0.511883854036,1,1,0.271649439411,0.253862111464,0.216466706554,0.258021742572,0.525511550875,0.474488449126,-0.391281735714,2.45348798536,6.17270469102,0,0,0.005,0,0,20.4,40.8012037436,0,0,0,0,0,0,0,0,0,0
17.235,0.487319924438,0.512680075563,1,1,0.269802951726,0.254491184668,0.217516972712,0.258188890896,0.524294136394,0.475705863608,-0.361680550282,2.44619425903,6.11467917336,0,0,0.005,0,0,20.4,40.8012037436,0,0,0,0,0,0,0,0,0,0
17.24,0.486512592733,0.513487407268,1,1,0.267901996445,0.255144788128,0.218610596288,0.25834261914,0.523046784573,0.476953215429,-0.332073287683,2.43890864939,6.05854806847,0,0,0.005,0,0,20.4,40.8012037436,0,0,0,0,0,0,0,0,0,0
17.245,0.485695530871,0.51430446913,1,1,0.265956779924,0.255808213016,0.219738750947,0.258496256114,0.52176499294,0.478235007062,-0.302460688519,2.43163142738,6.00431386672,0,0,0.005,0,0,20.4,40.8012037436,0,0,0,0,0,0,0,0,0,0
17.25,0.484870111967,0.515129888034,1,1,0.263977949657,0.256466085584,0.22089216231,0.25866380245,0.520444035242,0.47955596476,-0.27284349336,2.424362864,5.95197886823,0,0,0.005,0,0,20.4,40.8012037436,0,0,0,0,0,0,0,0,0,0
17.255,0.484037695188,0.515962304814,1,1,0.261976381406,0.257102591253,0.222061313782,0.25885971356,0.519078972659,0.480921027342,-0.243222442721,2.41710323032,5.90154518267,0,0,0.005,0,0,20.4,40.8012037436,0,0,0,0,0,0,0,0,0,0
17.26,0.483199619463,0.516800380539,1,1,0.259962957197,0.257701713035,0.223236662266,0.259098667504,0.517664670231,0.48233532977,-0.213598277054,2.40985279743,5.85301472925,0,0,0.005,0,0,20.4,40.8012037436,0,0,0,0,0,0,0,0,0,0
17.265,0.482357198014,0.517642801987,1,1,0.257948339076,0.25824747931,0.224408858938,0.259395322678,0.516195818386,0.483804181616,-0.183971736725,2.40261183645,5.80638923656,0,0,0.005,0,0,20.4,40.8012037436,0,0,0,0,0,0,0,0,0,0
17.27,0.481511713741,0.518488286261,1,1,0.255942743646,0.258724215627,0.225568970094,0.259764070634,0.514666959273,0.485333040728,-0.154343562005,2.3953806185,5.76167024261,0,0,0.005,0,0,20.4,40.8012037436,0,0,0,0,0,0,0,0,0,0
17.275,0.480664415485,0.519335584517,1,1,0.25395572247,0.259116794985,0.226708693015,0.260218789532,0.513072517454,0.486927482547,-0.124714493048,2.38815941468,5.71885909469,0,0,0.005,0,0,20.4,40.8012037436,0,0,0,0,0,0,0,0,0,0
17.28,0.479816515205,0.520183484796,1,1,0.251995953324,0.259410880963,0.227820561881,0.260772603834,0.511406834287,0.488593165715,-0.0950852698826,2.38094849606,5.67795694945,0,0,0.005,0,0,20.4,40.8012037436,0,0,0,0,0,0,0,0,0,0
17.285,0.478969186058,0.521030813943,1,1,0.250071047076,0.259593158162,0.228898138982,0.261437655781,0.509664205239,0.490335794763,-0.0654566323926,2.37374813367,5.63896477283,0,0,0.005,0,0,20.4,40.8012037436,0,0,0,0,0,0,0,0,0,0
17.29,0.478123561384,0.521876438617,1,1,0.248187374592,0.259651544601,0.229936186792,0.262224894016,0.507838919193,0.492161080808,-0.0358293203032,2.36655859845,5.60188334009,0,0,0.005,0,0,20.4,40.8012037436,0,0,0,0,0,0,0,0,0,0
17.295,0.477280734583,0.522719265418,1,1,0.246349917654,0.259575381078,0.230930816929,0.26314388434,0.505925298732,0.49407470127,-0.00620407316677,2.35938016126,5.56671323588,0,0,0.005,0,0,20.4,40.8012037436,0,0,0,0,0,0,0,0,0,0
17.3,0.476441759847,0.523558240154,1,1,0.244562147295,0.259355593012,0.231879612552,0.264202647142,0.503917740307,0.496082259695,0.0234183696523,2.35221309285,5.53345485423,0,0,0.005,0,0,20.4,40.8012037436,0,0,0,0,0,0,0,0,0,0
17.305,0.475607653713,0.524392346288,1,1,0.242825932329,0.25898482086,0.232781721384,0.265407525429,0.501810753189,0.498189246812,0.0530372689923,2.34505766385,5.50210839869,0,0,0.005,0,0,20.4,40.8012037436,0,0,0,0,0,0,0,0,0,0
17.31,0.474779397378,0.525220602624,1,1,0.241141480138,0.258457515953,0.23363791724,0.266763086671,0.499598996091,0.500401003911,0.0826518859085,2.33791414473,5.47267388237,0,0,0.005,0,0,20.4,40.8012037436,0,0,0,0,0,0,0,0,0,0
17.315,0.473957939722,0.526042060279,1,1,0.239507311031,0.257769999396,0.234450628691,0.268272060884,0.497277310426,0.502722689575,0.112261481688,2.3307828058,5.44515112807,0,0,0.005,0,0,20.4,40.8012037436,0,0,0,0,0,0,0,0,0,0
17.32,0.473144200961,0.52685579904,1,1,0.237920266728,0.256920482551,0.235223934233,0.26993531649,0.494840749279,0.505159250723,0.141865317864,2.32366391717,5.41953976837,0,0,0.005,0,0,20.4,40.8012037436,0,0,0,0,0,0,0,0,0,0
17.325,0.472339076848,0.527660923154,1,1,0.236375552703,0.25590904857,0.235963524144,0.271751874584,0.492284601273,0.507715398728,0.17146265623,2.31655774877,5.39583924585,0,0,0.005,0,0,20.4,40.8012037436,0,0,0,0,0,0,0,0,0,0
17.33,0.471543443332,0.528456556669,1,1,0.234866813385,0.254737595375,0.236676629947,0.273718961294,0.48960440876,0.510395591241,0.201052758855,2.30946457026,5.37404881315,0,0,0.005,0,0,20.4,40.8012037436,0,0,0,0,0,0,0,0,0,0
17.335,0.470758161588,0.529241838413,1,1,0.233386238469,0.253409741445,0.237371923119,0.275832096968,0.486795979914,0.513204020087,0.230634888099,2.3023846511,5.35416753323,0,0,0.005,0,0,20.4,40.8012037436,0,0,0,0,0,0,0,0,0,0
17.34,0.469984083293,0.530015916709,1,1,0.231924697916,0.251930696678,0.238059385377,0.278085220031,0.483855394593,0.516144605408,0.260208306625,2.29531826043,5.33619427952,0,0,0.005,0,0,20.4,40.8012037436,0,0,0,0,0,0,0,0,0,0
17.345,0.469222056061,0.530777943941,1,1,0.230471902604,0.250307101476,0.238750153457,0.280470842464,0.480779004081,0.519220995921,0.289772277417,2.28826566714,5.32012773617,0,0,0.005,0,0,20.4,40.8012037436,0,0,0,0,0,0,0,0,0,0
17.35,0.468472928918,0.531527071083,1,1,0.229016587094,0.248546837978,0.239456341824,0.282980233106,0.477563425072,0.52243657493,0.319326063791,2.28122713977,5.30596639825,0,0,0.005,0,0,20.4,40.8012037436,0,0,0,0,0,0,0,0,0,0
17.355,0.467737557701,0.5322624423,1,1,0.227546710512,0.246658818043,0.240190847189,0.285603624257,0.474205528555,0.525794471447,0.348868929413,2.27420294655,5.29370857203,0,0,0.005,0,0,20.4,40.8012037436,0,0,0,0,0,0,0,0,0,0
17.36,0.467016810266,0.532983189735,1,1,0.226049671268,0.244652753204,0.240967138997,0.288330436532,0.470702424472,0.529297575529,0.378400138313,2.26719335535,5.28335237521,0,0,0.005,0,0,20.4,40.8012037436,0,0,0,0,0,0,0,0,0,0
17.365,0.466311571401,0.533688428601,1,1,0.224512531098,0.242538912183,0.241799040303,0.291149516418,0.467051443281,0.532948556721,0.4079189549,2.26019863364,5.27489573728,0,0,0.005,0,0,20.4,40.8012037436,0,0,0,0,0,0,0,0,0,0
17.37,0.465622747325,0.534377252676,1,1,0.222922243813,0.240327871908,0.242700503513,0.294049380768,0.463250115721,0.536749884281,0.437424643978,2.25321904851,5.26833639975,0,0,0.005,0,0,20.4,40.8012037436,0,0,0,0,0,0,0,0,0,0
17.375,0.464951269674,0.535048730327,1,1,0.221265884179,0.238030268075,0.243685385495,0.297018462252,0.459296152254,0.540703847747,0.46691647076,2.24625486663,5.26367191651,0,0,0.005,0,0,20.4,40.8012037436,0,0,0,0,0,0,0,0,0,0
17.38,0.464298098864,0.535701901137,1,1,0.219530872445,0.235656551285,0.244767226419,0.300045349852,0.45518742373,0.544812576271,0.496393700884,2.23930635419,5.2608996542,0,0,0.005,0,0,20.4,40.8012037436,0,0,0,0,0,0,0,0,0,0
17.385,0.46366422675,0.536335773251,1,1,0.217705190253,0.233216754625,0.245959036497,0.303119018626,0.450921944878,0.549078055123,0.525855600429,2.23237377695,5.26001679251,0,0,0.005,0,0,20.4,40.8012037436,0,0,0,0,0,0,0,0,0,0
17.39,0.463050678494,0.536949321508,1,1,0.215777584014,0.230720278191,0.24727309448,0.306229043317,0.446497862205,0.553502137797,0.555301435932,2.22545740015,5.26102032463,0,0,0.005,0,0,20.4,40.8012037436,0,0,0,0,0,0,0,0,0,0
17.395,0.462458513557,0.537541486444,1,1,0.213737752158,0.228175695634,0.2487207614,0.309365790811,0.441913447791,0.55808655221,0.584730474401,2.21855748853,5.26390705758,0,0,0.005,0,0,20.4,40.8012037436,0,0,0,0,0,0,0,0,0,0
17.4,0.461888825778,0.538111174223,1,1,0.211576513185,0.225590587142,0.250312312593,0.312520587082,0.437167100327,0.562832899675,0.614141983334,2.21167430627,5.26867361271,0,0,0.005,0,0,20.4,40.8012037436,0,0,0,0,0,0,0,0,0,0
17.405,0.461342742459,0.538657257543,1,1,0.209285951896,0.222971402619,0.252056790562,0.315685854924,0.432257354515,0.567742645486,0.643535230735,2.20480811701,5.27531642605,0,0,0.005,0,0,20.4,40.8012037436,0,0,0,0,0,0,0,0,0,0
17.41,0.460821422448,0.539178577554,1,1,0.206859541759,0.22032335796,0.253961880689,0.318855219594,0.427182899719,0.572817100283,0.672909485127,2.1979591838,5.28383174882,0,0,0.005,0,0,20.4,40.8012037436,0,0,0,0,0,0,0,0,0,0
17.415,0.460326053186,0.539673946815,1,1,0.2042922419,0.217650366478,0.256033811286,0.322023580337,0.421942608378,0.578057391624,0.702264015574,2.19112776906,5.29421564791,0,0,0.005,0,0,20.4,40.8012037436,0,0,0,0,0,0,0,0,0,0
17.42,0.459857846716,0.540142153285,1,1,0.201580567809,0.214955006595,0.258277278907,0.32518714669,0.416535574404,0.583464425597,0.731598091694,2.18431413459,5.30646400633,0,0,0.005,0,0,20.4,40.8012037436,0,0,0,0,0,0,0,0,0,0
17.425,0.459418034658,0.540581965344,1,1,0.198722635365,0.212238525982,0.260695399293,0.328343439361,0.410961161347,0.589038838654,0.760910983677,2.17751854152,5.32057252374,0,0,0.005,0,0,20.4,40.8012037436,0,0,0,0,0,0,0,0,0,0
17.43,0.45900786219,0.540992137812,1,1,0.195718178368,0.20950088137,0.263289683821,0.331491256442,0.405219059738,0.594780940263,0.790201962301,2.17074125031,5.336536717,0,0,0.005,0,0,20.4,40.8012037436,0,0,0,0,0,0,0,0,0,0
17.435,0.458628581067,0.541371418935,1,1,0.192568540237,0.206740812376,0.266060040829,0.334630606559,0.399309352613,0.600690647389,0.819470298953,2.16398252069,5.3543519207,0,0,0.005,0,0,20.4,40.8012037436,0,0,0,0,0,0,0,0,0,0
17.44,0.458281441739,0.541718558262,1,1,0.18927664101,0.20395594682,0.26900480073,0.337762611442,0.393232587829,0.606767412172,0.848715265639,2.15724261166,5.3740132877,0,0,0.005,0,0,20.4,40.8012037436,0,0,0,0,0,0,0,0,0,0
17.445,0.457967684651,0.542032315351,1,1,0.185846921188,0.20114293424,0.272120763463,0.340889381111,0.386989855428,0.613010144574,0.87793613501,2.15052178147,5.39551578975,0,0,0.005,0,0,20.4,40.8012037436,0,0,0,0,0,0,0,0,0,0
17.45,0.457688530793,0.542311469208,1,1,0.182285264324,0.198297603644,0.275403266469,0.344013865564,0.380582867968,0.619417132033,0.907132180373,2.14382028758,5.41885421809,0,0,0.005,0,0,20.4,40.8012037436,0,0,0,0,0,0,0,0,0,0
17.455,0.45744517164,0.542554828361,1,1,0.178598900531,0.195415140981,0.278846271109,0.347139687381,0.374014041512,0.62598595849,0.936302675712,2.1371383866,5.44402318404,0,0,0.005,0,0,20.4,40.8012037436,0,0,0,0,0,0,0,0,0,0
17.46,0.457238758558,0.542761241443,1,1,0.174796293338,0.192490281382,0.28244246522,0.350270960061,0.36728657472,0.632713425281,0.965446895702,2.13047633435,5.47101711965,0,0,0.005,0,0,20.4,40.8012037436,0,0,0,0,0,0,0,0,0,0
17.465,0.457070391838,0.542929608163,1,1,0.170887012465,0.189517510943,0.286183379373,0.35341209722,0.360404523408,0.639595476593,0.994564115731,2.12383438575,5.49983027838,0,0,0.005,0,0,20.4,40.8012037436,0,0,0,0,0,0,0,0,0,0
17.47,0.456941109477,0.543058890524,1,1,0.166881595202,0.186491272671,0.290059514276,0.356567617853,0.353372867872,0.646627132129,1.02365361192,2.11721279481,5.5304567357,0,0,0.005,0,0,20.4,40.8012037436,0,0,0,0,0,0,0,0,0,0
17.475,0.456851875867,0.543148124135,1,1,0.162791399112,0.183406171226,0.294060476754,0.359741952908,0.346197570338,0.653802429663,1.05271466112,2.11061181465,5.56289038988,0,0,0.005,0,0,20.4,40.8012037436,0,0,0,0,0,0,0,0,0,0
17.48,0.45680357053,0.543196429471,1,1,0.15862844878,0.180257171242,0.29817512175,0.362939258229,0.338885620023,0.661114379979,1.08174654097,2.10403169741,5.59712496258,0,0,0.005,0,0,20.4,40.8012037436,0,0,0,0,0,0,0,0,0,0
17.485,0.456796977082,0.543203022919,1,1,0.154405279239,0.177039784285,0.302391697843,0.366163238635,0.331445063523,0.668554936478,1.11074852987,2.09747269424,5.63315399967,0,0,0.005,0,0,20.4,40.8012037436,0,0,0,0,0,0,0,0,0,0
17.49,0.45683277256,0.543167227441,1,1,0.150134778639,0.173750239925,0.306697993922,0.369416987516,0.323885018564,0.676114981437,1.13971990703,2.09093505529,5.67097087192,0,0,0.005,0,0,20.4,40.8012037436,0,0,0,0,0,0,0,0,0,0
17.495,0.456911517297,0.543088482704,1,1,0.145830032549,0.170385636935,0.311081484749,0.372702845769,0.316215669484,0.683784330518,1.16865995248,2.08441902966,5.71056877573,0,0,0.005,0,0,20.4,40.8012037436,0,0,0,0,0,0,0,0,0,0
17.5,0.457033645492,0.542966354509,1,1,0.141504172123,0.166944071207,0.315529473369,0.376022283302,0.308448243331,0.691551756671,1.19756794707,2.07792486537,5.75194073396,0,0,0.005,0,0,20.4,40.8012037436,0,0,0,0,0,0,0,0,0,0
17.505,0.457199456634,0.542800543367,1,1,0.137170228166,0.163424737726,0.320029228468,0.379375805641,0.300594965893,0.699405034109,1.22644317251,2.07145280933,5.79507959667,0,0,0.005,0,0,20.4,40.8012037436,0,0,0,0,0,0,0,0,0,0
17.51,0.45740910793,0.542590892071,1,1,0.132840992909,0.159828004642,0.324568115021,0.382762887429,0.292668997551,0.70733100245,1.2552849114,2.0650031073,5.83997804194,0,0,0.005,0,0,20.4,40.8012037436,0,0,0,0,0,0,0,0,0,0
17.515,0.457662607875,0.542337392127,1,1,0.1285288911,0.156155458281,0.329133716775,0.386181933846,0.284684349381,0.715315650621,1.28409244718,2.05857600389,5.88662857669,0,0,0.005,0,0,20.4,40.8012037436,0,0,0,0,0,0,0,0,0,0
17.52,0.457959811094,0.542040188907,1,1,0.124245861755,0.152409918727,0.33371394934,0.38963027018,0.276655780481,0.72334421952,1.31286506424,2.05217174247,5.93502353749,0,0,0.005,0,0,20.4,40.8012037436,0,0,0,0,0,0,0,0,0,0
17.525,0.458300414576,0.541699585425,1,1,0.120003251709,0.148595426372,0.338297162868,0.393104159053,0.26859867808,0.731401321921,1.34160204787,2.04579056518,5.98515509143,0,0,0.005,0,0,20.4,40.8012037436,0,0,0,0,0,0,0,0,0,0
17.53,0.45868395539,0.541316044611,1,1,0.115811721851,0.144717200572,0.34287223354,0.396598844039,0.260528922422,0.739471077579,1.37030268429,2.03943271289,6.03701523697,0,0,0.005,0,0,20.4,40.8012037436,0,0,0,0,0,0,0,0,0,0
17.535,0.459109809979,0.540890190023,1,1,0.111681166715,0.140781572244,0.347428643263,0.400108617779,0.252462738959,0.747537261042,1.39896626069,2.03309842514,6.09059580484,0,0,0.005,0,0,20.4,40.8012037436,0,0,0,0,0,0,0,0,0,0
17.54,0.459577195088,0.540422804913,1,1,0.107620647881,0.136795892838,0.351956547208,0.403626912075,0.244416540718,0.755583459283,1.42759206523,2.02678794012,6.1458884589,0,0,0.005,0,0,20.4,40.8012037436,0,0,0,0,0,0,0,0,0,0
17.545,0.460085170388,0.539914829613,1,1,0.103638341413,0.132768422646,0.356446828975,0.407146406968,0.236406764059,0.763593235943,1.45617938704,2.02050149463,6.20288469707,0,0,0.005,0,0,20.4,40.8012037436,0,0,0,0,0,0,0,0,0,0
17.55,0.460632642796,0.539367357205,1,1,0.0997414993998,0.128708201846,0.360891143396,0.410659155359,0.228449701246,0.771550298755,1.48472751629,2.01423932407,6.26157585223,0,0,0.005,0,0,20.4,40.8012037436,0,0,0,0,0,0,0,0,0,0
17.555,0.461218372523,0.538781627478,1,1,0.095936425422,0.12462490799,0.365281947101,0.414156719489,0.220561333412,0.77943866659,1.51323574412,2.00800166233,6.32195309321,0,0,0.005,0,0,20.4,40.8012037436,0,0,0,0,0,0,0,0,0,0
17.56,0.461840980815,0.538159019186,1,1,0.0922284636575,0.12052870383,0.369612517158,0.417630315356,0.212757167488,0.787242832514,1.54170336276,2.00178874182,6.38400742565,0,0,0.005,0,0,20.4,40.8012037436,0,0,0,0,0,0,0,0,0,0
17.565,0.462498959359,0.537501040642,1,1,0.0886220011202,0.116430079514,0.373876958239,0.421070961128,0.205052080635,0.794947919367,1.57012966546,1.99560079342,6.44772969308,0,0,0.005,0,0,20.4,40.8012037436,0,0,0,0,0,0,0,0,0,0
17.57,0.463190681285,0.536809318717,1,1,0.0851204824089,0.112339693095,0.378070198876,0.424469625622,0.197460175503,0.802539824498,1.59851394655,1.9894380464,6.51311057779,0,0,0.005,0,0,20.4,40.8012037436,0,0,0,0,0,0,0,0,0,0
17.575,0.463914413692,0.536085586309,1,1,0.0817264361912,0.108268213212,0.382187977501,0.427817373097,0.189994649403,0.810005350598,1.62685550143,1.98330072842,6.58014060189,0,0,0.005,0,0,20.4,40.8012037436,0,0,0,0,0,0,0,0,0,0
17.58,0.464668331599,0.535331668403,1,1,0.0784415125241,0.104226167557,0.386226819075,0.431105500846,0.182667680081,0.817332319921,1.65515362662,1.97718906547,6.64881012834,0,0,0.005,0,0,20.4,40.8012037436,0,0,0,0,0,0,0,0,0,0
17.585,0.465450533183,0.534549466819,1,1,0.0752665299985,0.100223800386,0.390184003184,0.434325666432,0.175490330385,0.824509669617,1.68340761974,1.97110328184,6.71910936188,0,0,0.005,0,0,20.4,40.8012037436,0,0,0,0,0,0,0,0,0,0
17.59,0.466259056198,0.533740943803,1,1,0.072201531595,0.0962709419931,0.394057524603,0.43747000181,0.168472473588,0.831527526413,1.71161677956,1.96504360005,6.79102835017,0,0,0.005,0,0,20.4,40.8012037436,0,0,0,0,0,0,0,0,0,0
17.595,0.467091895398,0.532908104603,1,1,0.0692458480513,0.0923768925361,0.397846047347,0.440531212067,0.161622740587,0.838377259414,1.73978040598,1.95901024086,6.8645569848,0,0,0.005,0,0,20.4,40.8012037436,0,0,0,0,0,0,0,0,0,0
17.6,0.467947020808,0.532052979193,1,1,0.0663981674679,0.0885503221603,0.40154885334,0.443502657033,0.154948489628,0.845051510373,1.76789780006,1.95300342317,6.93968500235,0,0,0.005,0,0,20.4,40.8012037436,0,0,0,0,0,0,0,0,0,0
17.605,0.468822396673,0.531177603329,1,1,0.0636566098261,0.0847991887843,0.405165786846,0.446378414545,0.14845579861,0.851544201391,1.79596826405,1.94702336402,7.01640198549,0,0,0.005,0,0,20.4,40.8012037436,0,0,0,0,0,0,0,0,0,0
17.61,0.469716000881,0.530283999121,1,1,0.0610188050508,0.0811306743914,0.40869719583,0.449153324729,0.142149479442,0.857850520559,1.82399110138,1.94107027852,7.09469736406,0,0,0.005,0,0,20.4,40.8012037436,0,0,0,0,0,0,0,0,0,0
17.615,0.470625844695,0.529374155307,1,1,0.0584819732308,0.0775511401239,0.412143871464,0.451823015183,0.136033113355,0.863966886647,1.8519656167,1.93514437982,7.17456041621,0,0,0.005,0,0,20.4,40.8012037436,0,0,0,0,0,0,0,0,0,0
17.62,0.471549992569,0.528450007433,1,1,0.0560430056079,0.0740660999571,0.415506986961,0.454383907476,0.130109105565,0.869890894436,1.87989111588,1.92924587908,7.25598026952,0,0,0.005,0,0,20.4,40.8012037436,0,0,0,0,0,0,0,0,0,0
17.625,0.47248658187,0.527513418131,1,1,0.0536985449684,0.0706802122487,0.418788036902,0.456833205882,0.124378757217,0.875621242784,1.90776690602,1.92337498538,7.33894590211,0,0,0.005,0,0,20.4,40.8012037436,0,0,0,0,0,0,0,0,0,0
17.63,0.473433842305,0.526566157696,1,1,0.0514450641062,0.0673972880247,0.421988778199,0.459168869671,0.118842352131,0.881157647871,1.93559229548,1.91753190574,7.42344614387,0,0,0.005,0,0,20.4,40.8012037436,0,0,0,0,0,0,0,0,0,0
17.635,0.474390114851,0.52560988515,1,1,0.0492789410954,0.0642203144871,0.425111173756,0.461389570663,0.113499255582,0.886500744419,1.96336659388,1.91171684503,7.50946967754,0,0,0.005,0,0,20.4,40.8012037436,0,0,0,0,0,0,0,0,0,0
17.64,0.475353870013,0.524646129988,1,1,0.0471965301898,0.0611514919197,0.428157339823,0.463494638069,0.10834802211,0.891651977892,1.99108911215,1.90593000592,7.59700504,0,0,0.005,0,0,20.4,40.8012037436,0,0,0,0,0,0,0,0,0,0
17.645,0.47632372522,0.523676274781,1,1,0.045194227275,0.0581922819352,0.431129497945,0.465483992846,0.10338650921,0.896613490791,2.01875916248,1.9001715889,7.68604062337,0,0,0.005,0,0,20.4,40.8012037436,0,0,0,0,0,0,0,0,0,0
17.65,0.477298461196,0.522701538805,1,1,0.043268528921,0.0553434648433,0.434029932275,0.467358073962,0.0986119937643,0.901388006237,2.04637605841,1.89444179217,7.77656467634,0,0,0.005,0,0,20.4,40.8012037436,0,0,0,0,0,0,0,0,0,0
17.655,0.478277037139,0.521722962862,1,1,0.0414160842312,0.0526052038404,0.436860952908,0.469117759022,0.0940212880716,0.90597871193,2.07393911479,1.88874081161,7.86856530531,0,0,0.005,0,0,20.4,40.8012037436,0,0,0,0,0,0,0,0,0,0
17.66,0.47925860457,0.520741395432,1,1,0.0396337388356,0.0499771137109,0.439624865734,0.470764281721,0.0896108525465,0.910389147455,2.10144764783,1.88306884079,7.96203047571,0,0,0.005,0,0,20.4,40.8012037436,0,0,0,0,0,0,0,0,0,0
17.665,0.48024251971,0.519757480292,1,1,0.0379185705551,0.0474583317921,0.442323949154,0.4722991485,0.0853769023472,0.914623097654,2.12890097509,1.87742607084,8.05694801321,0,0,0.005,0,0,20.4,40.8012037436,0,0,0,0,0,0,0,0,0,0
17.67,0.481228354276,0.518771645726,1,1,0.0362679164387,0.0450475890821,0.444960437837,0.473724056644,0.0813155055208,0.918684494481,2.15629841552,1.8718126905,8.15330560506,0,0,0.005,0,0,20.4,40.8012037436,0,0,0,0,0,0,0,0,0,0
17.675,0.482215904583,0.517784095419,1,1,0.0346793910656,0.0427432795497,0.447536513517,0.475040815869,0.0774226706153,0.922577329386,2.18363928945,1.866228886,8.25109080135,0,0,0.005,0,0,20.4,40.8012037436,0,0,0,0,0,0,0,0,0,0
17.68,0.483205198864,0.516794801137,1,1,0.0331508961896,0.0405435259375,0.450054302675,0.4762512752,0.0736944221271,0.926305577874,2.21092291863,1.86067484107,8.35029101632,0,0,0.005,0,0,20.4,40.8012037436,0,0,0,0,0,0,0,0,0,0
17.685,0.484196502739,0.515803497263,1,1,0.031680621988,0.0384462406125,0.452515880751,0.47735725665,0.0701268626005,0.929873137401,2.23814862624,1.85515073689,8.45089352974,0,0,0.005,0,0,20.4,40.8012037436,0,0,0,0,0,0,0,0,0,0
17.69,0.485190322751,0.514809677251,1,1,0.0302670403536,0.0364491803102,0.454923282397,0.478360496941,0.0667162206638,0.933283779338,2.2653157369,1.84965675203,8.55288548817,0,0,0.005,0,0,20.4,40.8012037436,0,0,0,0,0,0,0,0,0,0
17.695,0.486187407945,0.513812592057,1,1,0.0289088908323,0.0345499939228,0.457278517112,0.479262598134,0.0634588847551,0.936541115246,2.29242357668,1.84419306241,8.6562539064,0,0,0.005,0,0,20.4,40.8012037436,0,0,0,0,0,0,0,0,0,0
17.7,0.487188749423,0.512811250578,1,1,0.0276051599566,0.0327462627928,0.459583589467,0.480064987785,0.0603514227493,0.939648577252,2.31947147315,1.83875984132,8.76098566879,0,0,0.005,0,0,20.4,40.8012037436,0,0,0,0,0,0,0,0,0,0
17.705,0.488195577858,0.511804422143,1,1,0.0263550548525,0.0310355332722,0.461840523005,0.480768888871,0.0573905881247,0.942609411877,2.34645875534,1.83335725927,8.86706753065,0,0,0.005,0,0,20.4,40.8012037436,0,0,0,0,0,0,0,0,0,0
17.71,0.489209358931,0.51079064107,1,1,0.0251579721025,0.0294153415942,0.464051386829,0.481375299476,0.0545733136967,0.945426686305,2.37338475382,1.82798548408,8.97448611967,0,0,0.005,0,0,20.4,40.8012037436,0,0,0,0,0,0,0,0,0,0
17.715,0.490231786683,0.509768213319,1,1,0.0240134629224,0.0278832313642,0.46621832376,0.481884981954,0.0518966942867,0.948103305715,2.40024880067,1.82264468074,9.08322793733,0,0,0.005,0,0,20.4,40.8012037436,0,0,0,0,0,0,0,0,0,0
17.72,0.491264774745,0.508735225256,1,1,0.0229211957633,0.0264367642052,0.468343578982,0.482298461051,0.0493579599686,0.950642040033,2.42705022951,1.81733501143,9.19327936032,0,0,0.005,0,0,20.4,40.8012037436,0,0,0,0,0,0,0,0,0,0
17.725,0.492310445447,0.507689554554,1,1,0.0218809174671,0.0250735242818,0.47042952798,0.482616030272,0.0469544417489,0.953045558253,2.45378837555,1.81205663544,9.30462664202,0,0,0.005,0,0,20.4,40.8012037436,0,0,0,0,0,0,0,0,0,0
17.73,0.493371116767,0.506628883234,1,1,0.0208924140974,0.0237911175791,0.47247870267,0.482837765655,0.0446835316765,0.955316468325,2.48046257554,1.8068097092,9.41725591391,0,0,0.005,0,0,20.4,40.8012037436,0,0,0,0,0,0,0,0,0,0
17.735,0.494449287111,0.50555071289,1,1,0.0199554725296,0.022587166916,0.474493814582,0.482963545974,0.0425426394456,0.957457360556,2.50707216784,1.80159438618,9.5311531871,0,0,0.005,0,0,20.4,40.8012037436,0,0,0,0,0,0,0,0,0,0
17.74,0.495547617882,0.504452382119,1,1,0.019069843818,0.0214593037368,0.476477774064,0.482993078382,0.0405291475547,0.959470852447,2.53361649244,1.79641081689,9.64630435382,0,0,0.005,0,0,20.4,40.8012037436,0,0,0,0,0,0,0,0,0,0
17.745,0.496668913814,0.503331086187,1,1,0.01823520927,0.0204051577407,0.478433704544,0.482925928447,0.0386403670106,0.961359632991,2.56009489094,1.79125914882,9.76269518886,0,0,0.005,0,0,20.4,40.8012037436,0,0,0,0,0,0,0,0,0,0
17.75,0.497816101011,0.50218389899,1,1,0.0174511500441,0.0194223453924,0.480364950967,0.482761553598,0.0368734954365,0.963126504565,2.58650670659,1.78613952644,9.88031135115,0,0,0.005,0,0,20.4,40.8012037436,0,0,0,0,0,0,0,0,0,0
17.755,0.498992202659,0.501007797342,1,1,0.0167171209593,0.0185084582936,0.4822750817,0.482499339049,0.0352255792529,0.964774420749,2.61285128429,1.78105209116,9.99913838525,0,0,0.005,0,0,20.4,40.8012037436,0,0,0,0,0,0,0,0,0,0
17.76,0.50020031233,0.499799687671,1,1,0.0160324290597,0.0176610523093,0.48416788327,0.482138635362,0.033693481369,0.966306518632,2.63912797065,1.77599698126,10.1191617229,0,0,0.005,0,0,20.4,40.8012037436,0,0,0,0,0,0,0,0,0,0
17.765,0.501443564827,0.498556435175,1,1,0.0153962173229,0.016877638225,0.486047347504,0.48167879695,0.0322738555479,0.967726144454,2.66533611394,1.77097433193,10.2403666846,0,0,0.005,0,0,20.4,40.8012037436,0,0,0,0,0,0,0,0,0,0
17.77,0.502725104489,0.497274895512,1,1,0.0148074537451,0.0161556745754,0.487917650744,0.481119220937,0.0309631283205,0.969036871681,2.69147506418,1.76598427515,10.3627384812,0,0,0.005,0,0,20.4,40.8012037436,0,0,0,0,0,0,0,0,0,0
17.775,0.504048050888,0.495951949114,1,1,0.0142649258748,0.0154925631347,0.489783125013,0.480459385979,0.0297574890095,0.970242510992,2.71754417308,1.76102693975,10.4862622152,0,0,0.005,0,0,20.4,40.8012037436,0,0,0,0,0,0,0,0,0,0
17.78,0.505415461831,0.494584538171,1,1,0.0137672407143,0.0148856474039,0.491648221116,0.479698890767,0.0286528881182,0.971347111883,2.74354279413,1.75610245132,10.6109228827,0,0,0.005,0,0,20.4,40.8012037436,0,0,0,0,0,0,0,0,0,0
17.785,0.506830293609,0.493169706393,1,1,0.0133128297624,0.0143322142706,0.493517463847,0.478837492122,0.027645044033,0.972354955968,2.76947028255,1.7512109322,10.736705375,0,0,0.005,0,0,20.4,40.8012037436,0,0,0,0,0,0,0,0,0,0
17.79,0.508295358425,0.491704641577,1,1,0.0128999588416,0.0138294988654,0.495395399583,0.477875142712,0.0267294577069,0.973270542295,2.79532599534,1.74635250148,10.8635944796,0,0,0.005,0,0,20.4,40.8012037436,0,0,0,0,0,0,0,0,0,0
17.795,0.509813278948,0.490186721053,1,1,0.0125267422343,0.0133746924989,0.497286536714,0.476812028554,0.0259014347332,0.974098565268,2.8211092913,1.74152727491,10.9915748827,0,0,0.005,0,0,20.4,40.8012037436,0,0,0,0,0,0,0,0,0,0
17.8,0.511386439982,0.48861356002,1,1,0.0121911605596,0.0129649534337,0.499195279422,0.475648606586,0.0251561139933,0.974843886008,2.84681953103,1.73673536495,11.1206311701,0,0,0.005,0,0,20.4,40.8012037436,0,0,0,0,0,0,0,0,0,0
17.805,0.513016937229,0.486983062773,1,1,0.0118910817433,0.0125974201389,0.501125855485,0.474385642634,0.0244885018821,0.975511498119,2.87245607694,1.73197688068,11.2507478292,0,0,0.005,0,0,20.4,40.8012037436,0,0,0,0,0,0,0,0,0,0
17.81,0.514706523203,0.485293476798,1,1,0.0116242843851,0.0122692265872,0.503082238818,0.473024250211,0.0238935109724,0.976106489029,2.89801829327,1.72725192783,11.3819092503,0,0,0.005,0,0,20.4,40.8012037436,0,0,0,0,0,0,0,0,0,0
17.815,0.516456550367,0.483543449634,1,1,0.0113884827946,0.0119775190922,0.505068067572,0.471565930542,0.0233660018869,0.976633998115,2.9235055461,1.7225606087,11.5140997287,0,0,0.005,0,0,20.4,40.8012037436,0,0,0,0,0,0,0,0,0,0
17.82,0.51826791162,0.481732088382,1,1,0.0111813529614,0.01171947414,0.507086558658,0.470012614242,0.0229008271014,0.9770991729,2.94891720337,1.71790302219,11.647303466,0,0,0.005,0,0,20.4,40.8012037436,0,0,0,0,0,0,0,0,0,0
17.825,0.520140978336,0.479859021665,1,1,0.0110005587421,0.0114923166553,0.509140419594,0.46836670501,0.0224928753974,0.977507124604,2.97425263487,1.71327926376,11.7815045716,0,0,0.005,0,0,20.4,40.8012037436,0,0,0,0,0,0,0,0,0,0
17.83,0.522075536221,0.477924463781,1,1,0.0108437775809,0.0112933381473,0.51123175864,0.466631125633,0.0221371157282,0.977862884273,2.99951121227,1.70868942538,11.9166870649,0,0,0.005,0,0,20.4,40.8012037436,0,0,0,0,0,0,0,0,0,0
17.835,0.524070719308,0.475929280693,1,1,0.0107087251347,0.0111199142042,0.513361994174,0.464809366489,0.021828639339,0.978171360662,3.02469230912,1.70413359555,12.0528348764,0,0,0.005,0,0,20.4,40.8012037436,0,0,0,0,0,0,0,0,0,0
17.84,0.526124942549,0.473875057453,1,1,0.0105931782431,0.0109695208534,0.515531764305,0.462905536599,0.0215626990965,0.978437300905,3.04979530088,1.69961185927,12.1899318494,0,0,0.005,0,0,20.4,40.8012037436,0,0,0,0,0,0,0,0,0,0
17.845,0.528235833489,0.471764166512,1,1,0.0104949957663,0.0108397493587,0.517740837723,0.460924417153,0.021334745125,0.978665254876,3.07481956487,1.69512429799,12.3279617422,0,0,0.005,0,0,20.4,40.8012037436,0,0,0,0,0,0,0,0,0,0
17.85,0.53040016368,0.469599836321,1,1,0.0104121369023,0.010728319102,0.519988026778,0.458871517219,0.0211404560043,0.978859543997,3.09976448035,1.69067098964,12.4669082288,0,0,0.005,0,0,20.4,40.8012037436,0,0,0,0,0,0,0,0,0,0
17.855,0.53261378052,0.467386219481,1,1,0.0103426766941,0.0106330882697,0.522271103826,0.456753131212,0.0209757649638,0.979024235038,3.12462942846,1.68625200856,12.6067549016,0,0,0.005,0,0,20.4,40.8012037436,0,0,0,0,0,0,0,0,0,0
17.86,0.534871540392,0.46512845961,1,1,0.0102848185321,0.0105520621538,0.52458672186,0.454576397456,0.0208368806859,0.979163119316,3.14941379229,1.68186742553,12.7474852721,0,0,0.005,0,0,20.4,40.8012037436,0,0,0,0,0,0,0,0,0,0
17.865,0.537167244018,0.462832755983,1,1,0.0102369035592,0.0104833989565,0.526930340459,0.452349357027,0.0207203025157,0.979279697486,3.17411695681,1.67751730771,12.8890827732,0,0,0.005,0,0,20.4,40.8012037436,0,0,0,0,0,0,0,0,0,0
17.87,0.539493575113,0.460506424888,1,1,0.0101974169736,0.0104254130747,0.52929615814,0.450081011813,0.0206228300483,0.979377169953,3.19873830893,1.67320171865,13.0315307603,0,0,0.005,0,0,20.4,40.8012037436,0,0,0,0,0,0,0,0,0,0
17.875,0.541842043483,0.458157956518,1,1,0.0101649913147,0.0103765759137,0.531677052169,0.447781380604,0.0205415672284,0.979458432773,3.22327723748,1.66892071825,13.1748125135,0,0,0.005,0,0,20.4,40.8012037436,0,0,0,0,0,0,0,0,0,0
17.88,0.544202933867,0.455797066135,1,1,0.0101384068932,0.0103355143532,0.534064526974,0.445461551781,0.0204739212464,0.979526078755,3.24773313321,1.66467436277,13.3189112386,0,0,0.005,0,0,20.4,40.8012037436,0,0,0,0,0,0,0,0,0,0
17.885,0.546565261879,0.453434738122,1,1,0.0101165895903,0.0103010070472,0.536448672289,0.443133731075,0.0204175966375,0.979582403364,3.27210538879,1.66046270477,13.4638100693,0,0,0.005,0,0,20.4,40.8012037436,0,0,0,0,0,0,0,0,0,0
17.89,0.548916738528,0.451083261473,1,1,0.0100986063079,0.0102719787886,0.53881813222,0.440811282685,0.0203705850965,0.979629414905,3.29639339882,1.65628579313,13.6094920683,0,0,0.005,0,0,20.4,40.8012037436,0,0,0,0,0,0,0,0,0,0
17.895,0.551243744845,0.448756255157,1,1,0.0100836583899,0.0102474932097,0.541160086455,0.438508761947,0.0203311515996,0.979668848402,3.32059655979,1.65214367301,13.7559402291,0,0,0.005,0,0,20.4,40.8012037436,0,0,0,0,0,0,0,0,0,0
17.9,0.553531318228,0.446468681773,1,1,0.010071073361,0.0102267441126,0.543460244867,0.43624193766,0.0202978174736,0.979702182528,3.34471427012,1.64803638584,13.9031374778,0,0,0.005,0,0,20.4,40.8012037436,0,0,0,0,0,0,0,0,0,0
17.905,0.55576315215,0.444236847852,1,1,0.0100602953456,0.0102090457394,0.545702856804,0.434027802112,0.020269341085,0.979730658916,3.36874593015,1.64396396929,14.0510666742,0,0,0.005,0,0,20.4,40.8012037436,0,0,0,0,0,0,0,0,0,0
17.91,0.557921610881,0.442078389121,1,1,0.0100508745281,0.0101938222927,0.547870736353,0.431884566828,0.0202446968209,0.979755303181,3.3926909421,1.63992645723,14.1997106137,0,0,0.005,0,0,20.4,40.8012037436,0,0,0,0,0,0,0,0,0,0
17.915,0.559987760909,0.440012239093,1,1,0.0100424560079,0.0101805970097,0.549945304901,0.429831642083,0.0202230530176,0.979776946984,3.4165487101,1.63592387976,14.3490520289,0,0,0.005,0,0,20.4,40.8012037436,0,0,0,0,0,0,0,0,0,0
17.92,0.561941420661,0.43805857934,1,1,0.0100347683789,0.0101689810756,0.551906652282,0.427889598265,0.0202037494544,0.979796250547,3.44031864017,1.63195626314,14.4990735907,0,0,0.005,0,0,20.4,40.8012037436,0,0,0,0,0,0,0,0,0,0
17.925,0.563761230106,0.436238769896,1,1,0.0100276123387,0.0101586626362,0.553733617767,0.42608010726,0.0201862749749,0.979813725027,3.46400014022,1.62802362978,14.6497579106,0,0,0.005,0,0,20.4,40.8012037436,0,0,0,0,0,0,0,0,0,0
17.93,0.565424741692,0.434575258309,1,1,0.0100208495946,0.01014939614,0.555403892097,0.424425862169,0.0201702457346,0.979829754267,3.48759262002,1.6241259982,14.8010875413,0,0,0.005,0,0,20.4,40.8012037436,0,0,0,0,0,0,0,0,0,0
17.935,0.566908533964,0.433091466037,1,1,0.010014392293,0.0101409922024,0.556894141671,0.422950473835,0.0201553844954,0.979844615506,3.51109549123,1.62026338303,14.9530449789,0,0,0.005,0,0,20.4,40.8012037436,0,0,0,0,0,0,0,0,0,0
17.94,0.568188349009,0.431811650992,1,1,0.0100081931584,0.0101333081504,0.558180155851,0.421678342842,0.0201415013089,0.979858498693,3.53450816737,1.61643579495,15.1056126644,0,0,0.005,0,0,20.4,40.8012037436,0,0,0,0,0,0,0,0,0,0
17.945,0.569239254692,0.43076074531,1,1,0.0100022364825,0.0101262393646,0.559237018209,0.420634505945,0.0201284758471,0.979871524154,3.55783006379,1.6126432407,15.2587729846,0,0,0.005,0,0,20.4,40.8012037436,0,0,0,0,0,0,0,0,0,0
17.95,0.570035832376,0.429964167625,1,1,0.00999653006056,0.010119711498,0.560039302316,0.419844456127,0.0201162415585,0.979883758443,3.58106059773,1.60888572299,15.4125082743,0,0,0.005,0,0,20.4,40.8012037436,0,0,0,0,0,0,0,0,0,0
17.955,0.570552390546,0.429447609455,1,1,0.00999109813232,0.0101136736178,0.560561292414,0.419333935838,0.0201047717501,0.979895228251,3.60419918825,1.60516324052,15.5668008173,0,0,0.005,0,0,20.4,40.8012037436,0,0,0,0,0,0,0,0,0,0
17.96,0.570763204406,0.429236795595,1,1,0.00998597534607,0.0101080922808,0.56077722906,0.419128703314,0.0200940676268,0.979905932375,3.62724525626,1.60147578791,15.7216328483,0,0,0.005,0,0,20.4,40.8012037436,0,0,0,0,0,0,0,0,0,0
17.965,0.570642781177,0.429357218824,1,1,0.00998120173131,0.0101029465255,0.560661579446,0.419254272299,0.0200841482568,0.979915851745,3.65019822449,1.59782335568,15.876986554,0,0,0.005,0,0,20.4,40.8012037436,0,0,0,0,0,0,0,0,0,0
17.97,0.570166150389,0.429833849613,1,1,0.00997681863782,0.010098223741,0.560189331751,0.419735625872,0.0200750423788,0.979924957623,3.67305751754,1.59420593021,16.0328440751,0,0,0.005,0,0,20.4,40.8012037436,0,0,0,0,0,0,0,0,0,0
17.975,0.569309178046,0.430690821956,1,1,0.00997286557534,0.010093916351,0.55933631247,0.420596905605,0.0200667819264,0.979933218075,3.69582256181,1.5906234937,16.1891875071,0,0,0.005,0,0,20.4,40.8012037436,0,0,0,0,0,0,0,0,0,0
17.98,0.568048903059,0.431951096943,1,1,0.00996937787191,0.010090019241,0.558079525187,0.421861077702,0.0200593971129,0.979940602889,3.71849278555,1.58707602414,16.3459989026,0,0,0.005,0,0,20.4,40.8012037436,0,0,0,0,0,0,0,0,0,0
17.985,0.566363893849,0.433636106152,1,1,0.00996638505664,0.0100865278421,0.556397508792,0.42354957831,0.0200529128987,0.979947087103,3.74106761888,1.58356349523,16.5032602724,0,0,0.005,0,0,20.4,40.8012037436,0,0,0,0,0,0,0,0,0,0
17.99,0.564234622512,0.435765377489,1,1,0.00996390986677,0.0100834367858,0.554270712646,0.425681940703,0.0200473466526,0.979952653349,3.76354649373,1.58008587641,16.6609535873,0,0,0.005,0,0,20.4,40.8012037436,0,0,0,0,0,0,0,0,0,0
17.995,0.561643853407,0.438356146595,1,1,0.00996196777728,0.0100807390376,0.551681885629,0.428275407557,0.0200427068149,0.979957293187,3.78592884392,1.57664313273,16.8190607792,0,0,0.005,0,0,20.4,40.8012037436,0,0,0,0,0,0,0,0,0,0
18,0.558577042484,0.441422957517,1,1,0.00996056695361,0.0100784254238,0.54861647553,0.431344532094,0.0200389923774,0.979961007624,3.80821410514,1.57323522491,16.9775637435,0,0,0.005,0,0,20.4,40.8012037436,0,0,0,0,0,0,0,0,0,0
18.005,0.555022743161,0.44497725684,1,1,0.00995970853395,0.010076484469,0.545063034627,0.434900772371,0.0200361930029,0.979963806999,3.83040171497,1.56986210921,17.13644434,0,0,0.005,0,0,20.4,40.8012037436,0,0,0,0,0,0,0,0,0,0
18.01,0.550973013997,0.449026986005,1,1,0.00995938715588,0.0100749024701,0.541013626841,0.438952083535,0.020034289626,0.979965710375,3.85249111292,1.56652373744,17.295684395,0,0,0.005,0,0,20.4,40.8012037436,0,0,0,0,0,0,0,0,0,0
18.015,0.546423822937,0.453576177065,1,1,0.00995959165216,0.01007366374,0.536464231285,0.443502513325,0.0200332553922,0.979966744609,3.87448174042,1.5632200569,17.4552657032,0,0,0.005,0,0,20.4,40.8012037436,0,0,0,0,0,0,0,0,0,0
18.02,0.541375442432,0.45862455757,1,1,0.00996030585147,0.0100727509646,0.53141513658,0.448551806605,0.0200330568161,0.979966943185,3.89637304091,1.55995101037,17.6151700287,0,0,0.005,0,0,20.4,40.8012037436,0,0,0,0,0,0,0,0,0,0
18.025,0.535832829275,0.464167170726,1,1,0.00996150943128,0.0100721456262,0.525871319844,0.4540950251,0.0200336550575,0.979966344944,3.91816445982,1.55671653606,17.7753791079,0,0,0.005,0,0,20.4,40.8012037436,0,0,0,0,0,0,0,0,0,0
18.03,0.529805982659,0.470194017343,1,1,0.00996317878099,0.0100718284547,0.519842803878,0.460122188888,0.0200350072357,0.979964992766,3.93985544463,1.55351656757,17.9358746503,0,0,0.005,0,0,20.4,40.8012037436,0,0,0,0,0,0,0,0,0,0
18.035,0.5233102736,0.476689726402,1,1,0.0099652878434,0.0100717798775,0.513344985756,0.466617946524,0.0200370677209,0.979962932281,3.96144544492,1.55035103386,18.0966383412,0,0,0.005,0,0,20.4,40.8012037436,0,0,0,0,0,0,0,0,0,0
18.04,0.516366738681,0.48363326132,1,1,0.00996780891196,0.0100719804462,0.506398929769,0.473561280874,0.0200397893582,0.979960210643,3.98293391242,1.54721985927,18.2576518436,0,0,0.005,0,0,20.4,40.8012037436,0,0,0,0,0,0,0,0,0,0
18.045,0.509002330866,0.490997669136,1,1,0.00997071336845,0.010072411224,0.499031617497,0.480925257912,0.0200431245925,0.979956875409,4.00432030108,1.54412296344,18.4188967999,0,0,0.005,0,0,20.4,40.8012037436,0,0,0,0,0,0,0,0,0,0
18.05,0.501250120101,0.498749879901,1,1,0.00997397235183,0.0100730541245,0.491276147749,0.488676825776,0.0200470264763,0.979952973525,4.0256040671,1.54106026134,18.5803548342,0,0,0.005,0,0,20.4,40.8012037436,0,0,0,0,0,0,0,0,0,0
18.055,0.493149436474,0.506850563528,1,1,0.00997755735365,0.0100738921948,0.48317187912,0.496776671333,0.0200514495485,0.979948550453,4.04678466903,1.53803166325,18.7420075546,0,0,0.005,0,0,20.4,40.8012037436,0,0,0,0,0,0,0,0,0,0
18.06,0.484745948845,0.515254051157,1,1,0.0099814407384,0.0100749098409,0.474764508106,0.505179141316,0.0200563505793,0.979943649422,4.06786156781,1.53503707475,18.9038365557,0,0,0.005,0,0,20.4,40.8012037436,0,0,0,0,0,0,0,0,0,0
18.065,0.476091672161,0.523908327841,1,1,0.00998559618896,0.0100760929932,0.466106075972,0.513832234848,0.0200616891822,0.979938310819,4.08883422688,1.53207639672,19.0658234203,0,0,0.005,0,0,20.4,40.8012037436,0,0,0,0,0,0,0,0,0,0
18.07,0.467244897083,0.532755102918,1,1,0.00998999907832,0.0100774292148,0.457254898005,0.522677673704,0.0200674282932,0.979932571708,4.10970211224,1.52914952538,19.2279497223,0,0,0.005,0,0,20.4,40.8012037436,0,0,0,0,0,0,0,0,0,0
18.075,0.458270036107,0.541729963895,1,1,0.00999462676888,0.0100789077513,0.448275409338,0.531651056143,0.0200735345202,0.979926465481,4.13046469256,1.52625635228,19.3901970293,0,0,0.005,0,0,20.4,40.8012037436,0,0,0,0,0,0,0,0,0,0
18.08,0.44923738104,0.550762618961,1,1,0.00999945884017,0.010080519527,0.4392379222,0.540682099434,0.0200799783671,0.979920021634,4.15112143924,1.52339676432,19.5525469048,0,0,0.005,0,0,20.4,40.8012037436,0,0,0,0,0,0,0,0,0,0
18.085,0.440222767549,0.559777232452,1,1,0.0100044772457,0.010082257089,0.430218290304,0.549694975363,0.0200867343347,0.979913265667,4.17167182652,1.52057064382,19.7149809111,0,0,0.005,0,0,20.4,40.8012037436,0,0,0,0,0,0,0,0,0,0
18.09,0.431307143435,0.568692856567,1,1,0.010009666399,0.0100841145025,0.421297477036,0.558608742064,0.0200937809015,0.9799062191,4.19211533159,1.51777786856,19.8774806117,0,0,0.005,0,0,20.4,40.8012037436,0,0,0,0,0,0,0,0,0,0
18.095,0.422576038427,0.577423961574,1,1,0.0100150131892,0.0100860872018,0.412561025238,0.567337874373,0.020101100391,0.97989889961,4.21245143467,1.5150183118,20.0400275745,0,0,0.005,0,0,20.4,40.8012037436,0,0,0,0,0,0,0,0,0,0
18.1,0.414118934501,0.585881065501,1,1,0.0100205069267,0.0100881718008,0.404098427574,0.5757928937,0.0201086787275,0.979891321274,4.23267961911,1.51229184235,20.2026033745,0,0,0.005,0,0,20.4,40.8012037436,0,0,0,0,0,0,0,0,0,0
18.105,0.40602853709,0.593971462911,1,1,0.0100261392192,0.0100903658714,0.396002397871,0.58388109704,0.0201165050906,0.979883494911,4.25279937152,1.50959832467,20.3651895962,0,0,0.005,0,0,20.4,40.8012037436,0,0,0,0,0,0,0,0,0,0
18.11,0.398399949035,0.601600050967,1,1,0.0100319037833,0.010092667693,0.388368045251,0.591507383274,0.0201245714763,0.979875428525,4.27281018183,1.50693761893,20.5277678373,0,0,0.005,0,0,20.4,40.8012037436,0,0,0,0,0,0,0,0,0,0
18.115,0.391329750651,0.608670249351,1,1,0.0100377961932,0.0100950759857,0.381291954457,0.598575173365,0.020132872179,0.979867127823,4.29271154344,1.50430958109,20.690319711,0,0,0.005,0,0,20.4,40.8012037436,0,0,0,0,0,0,0,0,0,0
18.12,0.384914990972,0.61508500903,1,1,0.0100438135753,0.0100975896342,0.374871177396,0.604987419396,0.0201414032095,0.979858596792,4.31250295329,1.50171406303,20.8528268492,0,0,0.005,0,0,20.4,40.8012037436,0,0,0,0,0,0,0,0,0,0
18.125,0.379252096885,0.620747903117,1,1,0.0100499542571,0.0101002074136,0.369202142628,0.610647695703,0.0201501616707,0.979849838331,4.33218391194,1.49915091259,21.0152709056,0,0,0.005,0,0,20.4,40.8012037436,0,0,0,0,0,0,0,0,0,0
18.13,0.374435708633,0.625564291369,1,1,0.0100562173819,0.0101029277299,0.364379491251,0.615461363639,0.0201591451118,0.97984085489,4.3517539237,1.49661997377,21.1776335584,0,0,0.005,0,0,20.4,40.8012037436,0,0,0,0,0,0,0,0,0,0
18.135,0.370557451892,0.629442548109,1,1,0.0100626025023,0.0101057483865,0.36049484939,0.619336799723,0.0201683508889,0.979831649113,4.37121249672,1.49412108679,21.3398965135,0,0,0.005,0,0,20.4,40.8012037436,0,0,0,0,0,0,0,0,0,0
18.14,0.367704658361,0.63229534164,1,1,0.0100691091697,0.0101086663886,0.357635549192,0.622186675251,0.0201777755583,0.979822224443,4.39055914303,1.49165408823,21.5020415074,0,0,0.005,0,0,20.4,40.8012037436,0,0,0,0,0,0,0,0,0,0
18.145,0.365959048482,0.63404095152,1,1,0.0100757365342,0.0101116777969,0.355883311947,0.623929273723,0.020187414331,0.97981258567,4.40979337865,1.48921881119,21.66405031,0,0,0.005,0,0,20.4,40.8012037436,0,0,0,0,0,0,0,0,0,0
18.15,0.365395391504,0.634604608498,1,1,0.010082482974,0.0101147776419,0.35531290853,0.624489830856,0.0201972606159,0.979802739386,4.42891472365,1.48681508538,21.8259047275,0,0,0.005,0,0,20.4,40.8012037436,0,0,0,0,0,0,0,0,0,0
18.155,0.366080159625,0.633919840377,1,1,0.0100893457711,0.0101179599048,0.355990813854,0.623801880472,0.0202073056759,0.979792694326,4.44792270219,1.48444273732,21.987586605,0,0,0.005,0,0,20.4,40.8012037436,0,0,0,0,0,0,0,0,0,0
18.16,0.368070194253,0.631929805748,1,1,0.0100963208476,0.0101212175725,0.357973873406,0.621808588176,0.0202175384201,0.979782461581,4.4668168426,1.48210159044,22.1490778297,0,0,0.005,0,0,20.4,40.8012037436,0,0,0,0,0,0,0,0,0,0
18.165,0.371411403656,0.628588596345,1,1,0.0101034025788,0.0101245427678,0.361308001077,0.618464053578,0.0202279453465,0.979772054655,4.48559667737,1.47979146526,22.3103603327,0,0,0.005,0,0,20.4,40.8012037436,0,0,0,0,0,0,0,0,0,0
18.17,0.376137512197,0.623862487804,1,1,0.0101105836923,0.0101279269542,0.366026928505,0.61373456085,0.0202385106465,0.979761489355,4.50426174322,1.47751217954,22.4714160922,0,0,0.005,0,0,20.4,40.8012037436,0,0,0,0,0,0,0,0,0,0
18.175,0.382268882115,0.617731117886,1,1,0.0101178552614,0.0101313612115,0.372151026854,0.607599756675,0.0202492164729,0.979750783529,4.52281158109,1.47526354841,22.6322271353,0,0,0.005,0,0,20.4,40.8012037436,0,0,0,0,0,0,0,0,0,0
18.18,0.38981142925,0.610188570752,1,1,0.0101252067954,0.0101348365717,0.379686222454,0.60005373418,0.0202600433671,0.979739956634,4.5412457361,1.47304538454,22.7927755405,0,0,0.005,0,0,20.4,40.8012037436,0,0,0,0,0,0,0,0,0,0
18.185,0.398755654279,0.601244345722,1,1,0.0101326264261,0.0101383444047,0.388623027853,0.591106001317,0.0202709708308,0.979729029171,4.5595637576,1.47085749825,22.9530434397,0,0,0.005,0,0,20.4,40.8012037436,0,0,0,0,0,0,0,0,0,0
18.19,0.409075810894,0.590924189108,1,1,0.010140101184,0.0101418768378,0.398935709709,0.58078231227,0.0202819780218,0.97971802198,4.57776519907,1.46869969774,23.11301302,0,0,0.005,0,0,20.4,40.8012037436,0,0,0,0,0,0,0,0,0,0
18.195,0.420729231799,0.579270768203,1,1,0.0101476173538,0.0101454271907,0.410581614445,0.569125341012,0.0202930445445,0.979706955457,4.59584961813,1.46657178913,23.2726665252,0,0,0.005,0,0,20.4,40.8012037436,0,0,0,0,0,0,0,0,0,0
18.2,0.433655832613,0.566344167389,1,1,0.0101551608947,0.0101489904061,0.423500671718,0.556195176982,0.0203041513008,0.979695848701,4.61381657643,1.46447357666,23.4319862577,0,0,0.005,0,0,20.4,40.8012037436,0,0,0,0,0,0,0,0,0,0
18.205,0.447777812452,0.552222187549,1,1,0.0101627179059,0.0101525634549,0.437615094546,0.542069624094,0.0203152813608,0.979684718641,4.63166563957,1.46240486278,23.5909545795,0,0,0.005,0,0,20.4,40.8012037436,0,0,0,0,0,0,0,0,0,0
18.21,0.462999568411,0.53700043159,1,1,0.0101702751178,0.0101561456937,0.452829293293,0.526844285897,0.0203264208115,0.97967357919,4.64939637705,1.4603654483,23.7495539135,0,0,0.005,0,0,20.4,40.8012037436,0,0,0,0,0,0,0,0,0,0
18.215,0.479207839126,0.520792160875,1,1,0.0101778203833,0.0101597391553,0.469030018743,0.51063242172,0.0203375595386,0.979662440463,4.6670083621,1.45835513247,23.9077667443,0,0,0.005,0,0,20.4,40.8012037436,0,0,0,0,0,0,0,0,0,0
18.22,0.496272090257,0.503727909745,1,1,0.0101853431469,0.0101633487531,0.48608674711,0.493564560992,0.0203486919,0.979651308101,4.6845011716,1.4563737131,24.0655756189,0,0,0.005,0,0,20.4,40.8012037436,0,0,0,0,0,0,0,0,0,0
18.225,0.514045151964,0.485954848037,1,1,0.0101928348676,0.0101669823833,0.503852317097,0.475787865654,0.0203598172509,0.979640182751,4.70187438591,1.45442098666,24.2229631473,0,0,0.005,0,0,20.4,40.8012037436,0,0,0,0,0,0,0,0,0,0
18.23,0.532364115412,0.467635884589,1,1,0.0102002893719,0.0101706509139,0.52216382604,0.457465233675,0.0203709402858,0.979629059716,4.71912758876,1.45249674831,24.3799120028,0,0,0.005,0,0,20.4,40.8012037436,0,0,0,0,0,0,0,0,0,0
18.235,0.551051491891,0.44894850811,1,1,0.0102077031192,0.0101743680524,0.540843788772,0.438774140058,0.0203820711715,0.97961792883,4.73626036702,1.45060079201,24.536404922,0,0,0.005,0,0,20.4,40.8012037436,0,0,0,0,0,0,0,0,0,0
18.24,0.569916634519,0.430083365483,1,1,0.0102150753619,0.0101781500903,0.559701559157,0.419905215393,0.0203932254522,0.979606774549,4.75327231061,1.44873291057,24.692424705,0,0,0.005,0,0,20.4,40.8012037436,0,0,0,0,0,0,0,0,0,0
18.245,0.588757418527,0.411242581475,1,1,0.01022240819,0.0101820155272,0.578535010337,0.401060565948,0.0204044237173,0.979595576284,4.77016301227,1.44689289566,24.8479542151,0,0,0.005,0,0,20.4,40.8012037436,0,0,0,0,0,0,0,0,0,0
18.25,0.607362172041,0.392637827961,1,1,0.0102297064522,0.0101859845824,0.597132465589,0.382451843378,0.0204156910346,0.979584308967,4.78693206736,1.44508053788,25.0029763784,0,0,0.005,0,0,20.4,40.8012037436,0,0,0,0,0,0,0,0,0,0
18.255,0.625511845007,0.374488154995,1,1,0.0102369775533,0.0101900786074,0.615274867453,0.364298076387,0.0204270561608,0.979572943841,4.80357907371,1.44329562673,25.1574741835,0,0,0.005,0,0,20.4,40.8012037436,0,0,0,0,0,0,0,0,0,0
18.26,0.642982399582,0.35701760042,1,1,0.0102442311324,0.0101943194191,0.632738168449,0.346823281001,0.0204385505516,0.97956144945,4.82010363143,1.44153795064,25.3114306809,0,0,0.005,0,0,20.4,40.8012037436,0,0,0,0,0,0,0,0,0,0
18.265,0.659547400972,0.340452599029,1,1,0.0102514786312,0.0101987285722,0.649295922341,0.330253870457,0.0204502072034,0.979549792798,4.83650534267,1.43980729697,25.4648289821,0,0,0.005,0,0,20.4,40.8012037436,0,0,0,0,0,0,0,0,0,0
18.27,0.674980783405,0.325019216597,1,1,0.0102587327673,0.0102033265994,0.664722050637,0.314815889998,0.0204620593667,0.979537940635,4.85278381147,1.43810345196,25.6176522594,0,0,0.005,0,0,20.4,40.8012037436,0,0,0,0,0,0,0,0,0,0
18.275,0.689059761777,0.310940238224,1,1,0.0102660069328,0.0102081322447,0.678793754845,0.300732105979,0.0204741391775,0.979525860824,4.86893864357,1.43642620073,25.769883745,0,0,0.005,0,0,20.4,40.8012037436,0,0,0,0,0,0,0,0,0,0
18.28,0.701567855582,0.298432144419,1,1,0.0102733145386,0.0102131617178,0.691294541044,0.288218982701,0.0204864762564,0.979513523745,4.88496944622,1.43477532722,25.9215067301,0,0,0.005,0,0,20.4,40.8012037436,0,0,0,0,0,0,0,0,0,0
18.285,0.712297988043,0.287702011959,1,1,0.0102806683319,0.0102184279979,0.702017319711,0.277483583961,0.0204990963298,0.979500903672,4.90087582803,1.43315061413,26.0725045646,0,0,0.005,0,0,20.4,40.8012037436,0,0,0,0,0,0,0,0,0,0
18.29,0.721055620118,0.278944379884,1,1,0.0102880797111,0.0102239402122,0.710767540407,0.268720439672,0.0205120199233,0.979487980078,4.91665739882,1.43155184291,26.2228606563,0,0,0.005,0,0,20.4,40.8012037436,0,0,0,0,0,0,0,0,0,0
18.295,0.727661876176,0.272338123825,1,1,0.0102955580662,0.0102297031126,0.71736631811,0.262108420713,0.0205252611788,0.979474738823,4.93231376946,1.42997879365,26.3725584707,0,0,0.005,0,0,20.4,40.8012037436,0,0,0,0,0,0,0,0,0,0
18.3,0.731956615812,0.26804338419,1,1,0.0103031101688,0.0102357166709,0.721653505643,0.257807667519,0.0205388268397,0.979461173162,4.94784455176,1.42843124506,26.5215815303,0,0,0.005,0,0,20.4,40.8012037436,0,0,0,0,0,0,0,0,0,0
18.305,0.733801404528,0.266198595474,1,1,0.0103107396347,0.0102419758062,0.723490664893,0.255956619667,0.020552715441,0.979447284561,4.9632493584,1.42690897436,26.6699134148,0,0,0.005,0,0,20.4,40.8012037436,0,0,0,0,0,0,0,0,0,0
18.31,0.733082334923,0.266917665079,1,1,0.0103184464803,0.0102484702554,0.722763888442,0.256669194823,0.0205669167356,0.979433083266,4.97852780282,1.42541175726,26.8175377612,0,0,0.005,0,0,20.4,40.8012037436,0,0,0,0,0,0,0,0,0,0
18.315,0.72971264961,0.270287350392,1,1,0.0103262267861,0.0102551845903,0.719386422824,0.260032165801,0.0205814113763,0.979418588625,4.99367949917,1.42393936785,26.9644382637,0,0,0.005,0,0,20.4,40.8012037436,0,0,0,0,0,0,0,0,0,0
18.32,0.723635117486,0.276364882515,1,1,0.010334072481,0.0102620983808,0.713301045005,0.266102784134,0.0205961708619,0.97940382914,5.00870406231,1.42249157858,27.1105986749,0,0,0.005,0,0,20.4,40.8012037436,0,0,0,0,0,0,0,0,0,0
18.325,0.714824116097,0.285175883905,1,1,0.0103419712513,0.0102691864964,0.704482144845,0.274906697409,0.0206111577477,0.979388842254,5.0236011078,1.42106816017,27.2560028061,0,0,0.005,0,0,20.4,40.8012037436,0,0,0,0,0,0,0,0,0,0
18.33,0.703287374822,0.296712625179,1,1,0.0103499065763,0.0102764195336,0.692937468246,0.286436205645,0.0206263261099,0.979373673892,5.03837025193,1.41966888158,27.4006345289,0,0,0.005,0,0,20.4,40.8012037436,0,0,0,0,0,0,0,0,0,0
18.335,0.689067336428,0.310932663574,1,1,0.0103578578855,0.0102837643544,0.678709478542,0.300648899219,0.0206416222399,0.979358377762,5.05301111179,1.41829350998,27.5444777763,0,0,0.005,0,0,20.4,40.8012037436,0,0,0,0,0,0,0,0,0,0
18.34,0.67224209811,0.327757901892,1,1,0.0103658008304,0.0102911847136,0.66187629728,0.317466717178,0.0206569855441,0.979343014457,5.06752330536,1.41694181069,27.6875165452,0,0,0.005,0,0,20.4,40.8012037436,0,0,0,0,0,0,0,0,0,0
18.345,0.652925897656,0.347074102345,1,1,0.0103737076556,0.0102986419537,0.64255219,0.336775460392,0.0206723496093,0.979327650392,5.08190645163,1.41561354718,27.8297348981,0,0,0.005,0,0,20.4,40.8012037436,0,0,0,0,0,0,0,0,0,0
18.35,0.631269115537,0.368730884464,1,1,0.0103815476549,0.010306095742,0.620887567883,0.358424788722,0.0206876433969,0.979312356605,5.09616017078,1.41430848109,27.971116966,0,0,0.005,0,0,20.4,40.8012037436,0,0,0,0,0,0,0,0,0,0
18.355,0.607457769731,0.39254223027,1,1,0.0103892876934,0.010313504827,0.597068482038,0.382228725443,0.0207027925204,0.979297207481,5.11028408433,1.4130263722,28.1116469511,0,0,0.005,0,0,20.4,40.8012037436,0,0,0,0,0,0,0,0,0,0
18.36,0.581712486718,0.418287513284,1,1,0.010396892777,0.010320827788,0.571315593941,0.407966685496,0.020717720565,0.979282279437,5.12427781538,1.41176697849,28.2513091307,0,0,0.005,0,0,20.4,40.8012037436,0,0,0,0,0,0,0,0,0,0
18.365,0.554286939347,0.445713060655,1,1,0.0104043266474,0.0103280237584,0.5438826127,0.435385036896,0.0207323504058,0.979267649596,5.13814098884,1.41053005615,28.3900878605,0,0,0.005,0,0,20.4,40.8012037436,0,0,0,0,0,0,0,0,0,0
18.37,0.525465750042,0.474534249959,1,1,0.0104115523862,0.0103350531022,0.515054197656,0.464199196857,0.0207466054884,0.979253394513,5.15187323172,1.4093153597,28.5279675788,0,0,0.005,0,0,20.4,40.8012037436,0,0,0,0,0,0,0,0,0,0
18.375,0.495561865979,0.504438134023,1,1,0.0104185330084,0.0103418780294,0.48514333297,0.494096255993,0.0207604110378,0.979239588964,5.16547417337,1.40812264201,28.6649328107,0,0,0.005,0,0,20.4,40.8012037436,0,0,0,0,0,0,0,0,0,0
18.38,0.46491342136,0.535086578641,1,1,0.0104252320324,0.0103484631382,0.454488189328,0.524738115503,0.0207736951706,0.979226304831,5.17894344585,1.40695165444,28.8009681732,0,0,0.005,0,0,20.4,40.8012037436,0,0,0,0,0,0,0,0,0,0
18.385,0.433880110549,0.566119889452,1,1,0.0104316140131,0.0103547758781,0.423448496536,0.555765113574,0.0207863898912,0.97921361011,5.19228068421,1.40580214693,28.93605838,0,0,0.005,0,0,20.4,40.8012037436,0,0,0,0,0,0,0,0,0,0
18.39,0.402839104487,0.597160895514,1,1,0.0104376450316,0.0103607869319,0.392401459456,0.586800108582,0.0207984319634,0.979201568038,5.20548552687,1.40467386817,29.0701882464,0,0,0.005,0,0,20.4,40.8012037436,0,0,0,0,0,0,0,0,0,0
18.395,0.372180551403,0.627819448599,1,1,0.0104432931351,0.0103664705179,0.361737258267,0.617452978081,0.020809763653,0.979190236348,5.21855761593,1.40356656573,29.2033426952,0,0,0.005,0,0,20.4,40.8012037436,0,0,0,0,0,0,0,0,0,0
18.4,0.342302711105,0.657697288897,1,1,0.010448528728,0.0103718046201,0.331854182377,0.647325484277,0.0208203333481,0.979179666653,5.23149659755,1.40247998622,29.335506762,0,0,0.005,0,0,20.4,40.8012037436,0,0,0,0,0,0,0,0,0,0
18.405,0.313606780049,0.686393219953,1,1,0.0104533249144,0.0103767711539,0.303153455134,0.676016448799,0.0208300960683,0.979169903933,5.24430212231,1.40141387551,29.4666656006,0,0,0.005,0,0,20.4,40.8012037436,0,0,0,0,0,0,0,0,0,0
18.41,0.286491471683,0.713508528319,1,1,0.0104576577991,0.0103813560809,0.276033813884,0.703127172238,0.02083901388,0.979160986121,5.25697384556,1.40036797887,29.5968044891,0,0,0.005,0,0,20.4,40.8012037436,0,0,0,0,0,0,0,0,0,0
18.415,0.261347423196,0.738652576806,1,1,0.010461506753,0.0103855494844,0.250885916443,0.728267027321,0.0208470562375,0.979152943764,5.26951142773,1.39934204127,29.7259088354,0,0,0.005,0,0,20.4,40.8012037436,0,0,0,0,0,0,0,0,0,0
18.42,0.238551505529,0.761448494472,1,1,0.0104648546521,0.0103893456204,0.228086650877,0.751059148852,0.0208542002725,0.979145799729,5.28191453472,1.39833580753,29.8539641827,0,0,0.005,0,0,20.4,40.8012037436,0,0,0,0,0,0,0,0,0,0
18.425,0.21846111828,0.781538881722,1,1,0.0104676880976,0.0103927429555,0.207993430182,0.771146138766,0.0208604310531,0.979139568948,5.29418283817,1.39734902256,29.9809562149,0,0,0.005,0,0,20.4,40.8012037436,0,0,0,0,0,0,0,0,0,0
18.43,0.201408554744,0.798591445257,1,1,0.0104699976274,0.010395744204,0.190938557117,0.788195701053,0.0208657418313,0.97913425817,5.30631601579,1.39638143162,30.106870762,0,0,0.005,0,0,20.4,40.8012037436,0,0,0,0,0,0,0,0,0,0
18.435,0.187695524762,0.812304475239,1,1,0.0104717779235,0.0103983563708,0.177223746839,0.801906118868,0.0208701342943,0.979129865707,5.31831375157,1.39543278058,30.2316938052,0,0,0.005,0,0,20.4,40.8012037436,0,0,0,0,0,0,0,0,0,0
18.44,0.177587924108,0.822412075893,1,1,0.0104730280206,0.0104005908064,0.167114896087,0.812011485087,0.020873618827,0.979126381175,5.33017573607,1.39450281609,30.3554114814,0,0,0.005,0,0,20.4,40.8012037436,0,0,0,0,0,0,0,0,0,0
18.445,0.171310938828,0.828689061174,1,1,0.0104737515168,0.0104024632729,0.160837187311,0.818286597901,0.0208762147897,0.979123785212,5.34190166658,1.39359128592,30.4780100876,0,0,0.005,0,0,20.4,40.8012037436,0,0,0,0,0,0,0,0,0,0
18.45,0.169044571176,0.830955428826,1,1,0.0104739567846,0.0104039940185,0.158570614391,0.820551434807,0.0208779508031,0.979122049198,5.35349124732,1.3926979391,30.5994760847,0,0,0.005,0,0,20.4,40.8012037436,0,0,0,0,0,0,0,0,0,0
18.455,0.170919670515,0.829080329486,1,1,0.0104736571751,0.0104052078515,0.16044601334,0.818675121635,0.0208788650267,0.979121134975,5.36494418952,1.39182252624,30.7197961012,0,0,0.005,0,0,20.4,40.8012037436,0,0,0,0,0,0,0,0,0,0
18.46,0.177014547804,0.822985452198,1,1,0.0104728712062,0.0104061342023,0.166541676598,0.812579317995,0.0208790054086,0.979120994593,5.3762602115,1.3909647997,30.8389569358,0,0,0.005,0,0,20.4,40.8012037436,0,0,0,0,0,0,0,0,0,0
18.465,0.187352246048,0.812647753954,1,1,0.010471622721,0.0104068071564,0.176880623327,0.802240946797,0.0208784298774,0.979121570124,5.38743903874,1.39012451384,30.9569455601,0,0,0.005,0,0,20.4,40.8012037436,0,0,0,0,0,0,0,0,0,0
18.47,0.201898531461,0.798101468541,1,1,0.0104699409999,0.0104072654402,0.191428590461,0.787694203101,0.0208772064401,0.979122793561,5.39848040378,1.38930142519,31.07374912,0,0,0.005,0,0,20.4,40.8012037436,0,0,0,0,0,0,0,0,0,0
18.475,0.220560661042,0.77943933896,1,1,0.0104678608076,0.0104075523397,0.210092800234,0.76903178662,0.0208754131472,0.979124586854,5.40938404624,1.38849529268,31.1893549375,0,0,0.005,0,0,20.4,40.8012037436,0,0,0,0,0,0,0,0,0,0
18.48,0.243186972027,0.756813027975,1,1,0.0104654223549,0.0104077155295,0.232721549672,0.746405312445,0.0208731378844,0.979126862117,5.42014971264,1.38770587778,31.3037505106,0,0,0.005,0,0,20.4,40.8012037436,0,0,0,0,0,0,0,0,0,0
18.485,0.269567327267,0.730432672735,1,1,0.0104626711552,0.0104078067935,0.259104656112,0.720024865941,0.0208704779486,0.979129522053,5.43077715624,1.38693294464,31.4169235137,0,0,0.005,0,0,20.4,40.8012037436,0,0,0,0,0,0,0,0,0,0
18.49,0.299434438225,0.700565561777,1,1,0.0104596577563,0.0104078816179,0.288974780468,0.690157680159,0.0208675393742,0.979132460627,5.44126613685,1.3861762603,31.5288617967,0,0,0.005,0,0,20.4,40.8012037436,0,0,0,0,0,0,0,0,0,0
18.495,0.332466074087,0.667533925915,1,1,0.0104564373318,0.0104079986425,0.322009636755,0.657125927272,0.0208644359743,0.979135564027,5.45161642055,1.3854355947,31.6395533838,0,0,0.005,0,0,20.4,40.8012037436,0,0,0,0,0,0,0,0,0,0
18.5,0.368288151712,0.631711848289,1,1,0.0104530691181,0.0104082189607,0.357835082594,0.621303629329,0.0208612880787,0.979138711923,5.46182777935,1.38471072085,31.7489864717,0,0,0.005,0,0,20.4,40.8012037436,0,0,0,0,0,0,0,0,0,0
18.505,0.406478686945,0.593521313056,1,1,0.0104496156905,0.0104086052639,0.396029071255,0.583112707792,0.0208582209544,0.979141779047,5.47189999092,1.38400141487,31.857149427,0,0,0.005,0,0,20.4,40.8012037436,0,0,0,0,0,0,0,0,0,0
18.51,0.446572573461,0.55342742654,1,1,0.0104461420761,0.0104092208343,0.436126431385,0.543018205706,0.0208553629104,0.979144637091,5.48183283813,1.38330745607,31.9640307832,0,0,0.005,0,0,20.4,40.8012037436,0,0,0,0,0,0,0,0,0,0
18.515,0.488067141029,0.511932858973,1,1,0.0104427147085,0.0104101283955,0.47762442632,0.501522730577,0.020852843104,0.979147156897,5.4916261087,1.3826286269,32.0696192376,0,0,0.005,0,0,20.4,40.8012037436,0,0,0,0,0,0,0,0,0,0
18.52,0.530428431086,0.469571568915,1,1,0.0104394002371,0.0104113888408,0.519989030849,0.459160180074,0.020850789078,0.979149210924,5.50127959469,1.38196471307,32.1739036471,0,0,0.005,0,0,20.4,40.8012037436,0,0,0,0,0,0,0,0,0,0
18.525,0.573098114129,0.426901885873,1,1,0.0104362642119,0.0104130598636,0.562661849917,0.416488826009,0.0208493240755,0.979150675926,5.51079309209,1.38131550342,32.2768730238,0,0,0.005,0,0,20.4,40.8012037436,0,0,0,0,0,0,0,0,0,0
18.53,0.615500960784,0.384499039218,1,1,0.0104333696697,0.0104151945245,0.605067591114,0.374083844693,0.0208485641942,0.979151435807,5.52016640034,1.38068078997,32.3785165312,0,0,0.005,0,0,20.4,40.8012037436,0,0,0,0,0,0,0,0,0,0
18.535,0.657052766917,0.342947233084,1,1,0.0104307756585,0.0104178397942,0.646621991259,0.33252939329,0.0208486154528,0.979151384549,5.5293993218,1.38006036784,32.4788234788,0,0,0.005,0,0,20.4,40.8012037436,0,0,0,0,0,0,0,0,0,0
18.54,0.697168622838,0.302831377164,1,1,0.0104285357391,0.0104210351167,0.686740087099,0.292410342047,0.0208495708558,0.979150429146,5.53849166129,1.37945403517,32.5777833173,0,0,0.005,0,0,20.4,40.8012037436,0,0,0,0,0,0,0,0,0,0
18.545,0.735271407913,0.264728592088,1,1,0.0104266965094,0.0104248110417,0.724844711404,0.254303781047,0.0208515075511,0.97914849245,5.54744322561,1.37886159306,32.6753856342,0,0,0.005,0,0,20.4,40.8012037436,0,0,0,0,0,0,0,0,0,0
18.55,0.770800384833,0.229199615168,1,1,0.0104252962017,0.010429187976,0.760375088632,0.218770427192,0.0208544841778,0.979145515824,5.55625382307,1.37828284546,32.7716201485,0,0,0.005,0,0,20.4,40.8012037436,0,0,0,0,0,0,0,0,0,0
18.555,0.803219762586,0.196780237415,1,1,0.0104243634011,0.010434175105,0.792795399185,0.18634606231,0.0208585385061,0.979141461495,5.56492326301,1.37771759907,32.866476706,0,0,0.005,0,0,20.4,40.8012037436,0,0,0,0,0,0,0,0,0,0
18.56,0.832027094025,0.167972905976,1,1,0.0104239159354,0.0104397695305,0.82160317809,0.157533136446,0.020863685466,0.979136314536,5.5734513554,1.37716566325,32.959945275,0,0,0.005,0,0,20.4,40.8012037436,0,0,0,0,0,0,0,0,0,0
18.565,0.856761372878,0.143238627124,1,1,0.0104239599848,0.0104459556704,0.846337412893,0.132792671453,0.0208699156553,0.979130084346,5.58183791041,1.37662684987,33.0520159419,0,0,0.005,0,0,20.4,40.8012037436,0,0,0,0,0,0,0,0,0,0
18.57,0.877010696224,0.122989303778,1,1,0.0104244894513,0.0104527049563,0.866586206772,0.112536598822,0.0208771944076,0.979122805594,5.59008273812,1.37610097322,33.1426789075,0,0,0.005,0,0,20.4,40.8012037436,0,0,0,0,0,0,0,0,0,0
18.575,0.892419361916,0.107580638086,1,1,0.0104254856261,0.0104599758586,0.88199387629,0.0971206622269,0.0208854614846,0.979114538517,5.59818564813,1.37558784988,33.2319244837,0,0,0.005,0,0,20.4,40.8012037436,0,0,0,0,0,0,0,0,0,0
18.58,0.902694276114,0.0973057238877,1,1,0.010426917181,0.0104677142583,0.892267358933,0.0868380096294,0.0208946314393,0.979105368562,5.60614644936,1.37508729864,33.3197430905,0,0,0.005,0,0,20.4,40.8012037436,0,0,0,0,0,0,0,0,0,0
18.585,0.907610554045,0.092389445957,1,1,0.0104287405021,0.010475854174,0.897181813542,0.081913591783,0.0209045946762,0.979095405325,5.61396494978,1.37459914033,33.406125254,0,0,0.005,0,0,20.4,40.8012037436,0,0,0,0,0,0,0,0,0,0
18.59,0.907016207196,0.0929837928055,1,1,0.0104309003715,0.0104843188396,0.896585306825,0.082499473966,0.020915219211,0.979084780791,5.62164095635,1.3741231978,33.4910616049,0,0,0.005,0,0,20.4,40.8012037436,0,0,0,0,0,0,0,0,0,0
18.595,0.90083582228,0.0991641777215,1,1,0.0104333309919,0.0104930221173,0.890402491288,0.0886711556042,0.0209263531092,0.979073646892,5.62917427486,1.37365929578,33.5745428776,0,0,0.005,0,0,20.4,40.8012037436,0,0,0,0,0,0,0,0,0,0
18.6,0.889073151326,0.110926848676,1,1,0.0104359573379,0.0105018702181,0.878637193988,0.100424978458,0.020937827556,0.979062172446,5.63656470992,1.37320726082,33.6565599103,0,0,0.005,0,0,20.4,40.8012037436,0,0,0,0,0,0,0,0,0,0
18.605,0.871812547977,0.128187452024,1,1,0.0104386968015,0.0105107636878,0.861373851176,0.117676688337,0.0209494604893,0.979050539512,5.64381206505,1.37276692124,33.7371036457,0,0,0.005,0,0,20.4,40.8012037436,0,0,0,0,0,0,0,0,0,0
18.61,0.849219202257,0.150780797745,1,1,0.0104414610944,0.01051959961,0.838777741162,0.140261198135,0.0209610607043,0.979038939297,5.65091614275,1.37233810708,33.8161651325,0,0,0.005,0,0,20.4,40.8012037436,0,0,0,0,0,0,0,0,0,0
18.615,0.821538144438,0.178461855564,1,1,0.0104441583542,0.010528273965,0.811093986084,0.167933581599,0.0209724323192,0.979027567682,5.65787674468,1.37192065011,33.8937355281,0,0,0.005,0,0,20.4,40.8012037436,0,0,0,0,0,0,0,0,0,0
18.62,0.789092007994,0.210907992008,1,1,0.0104466953955,0.0105366840785,0.778645312598,0.200371307929,0.0209833794739,0.979016620528,5.66469367192,1.37151438376,33.9698061015,0,0,0.005,0,0,20.4,40.8012037436,0,0,0,0,0,0,0,0,0,0
18.625,0.752277561507,0.247722438495,1,1,0.0104489800408,0.010544731087,0.741828581466,0.237177707408,0.0209937111278,0.979006288874,5.67136672527,1.3711191432,34.0443682373,0,0,0.005,0,0,20.4,40.8012037436,0,0,0,0,0,0,0,0,0,0
18.63,0.711561039627,0.288438960375,1,1,0.0104509234603,0.0105523223481,0.701110116166,0.277886638027,0.0210032458084,0.978996754193,5.67789570561,1.37073476532,34.1174134407,0,0,0.005,0,0,20.4,40.8012037436,0,0,0,0,0,0,0,0,0,0
18.635,0.667472323318,0.332527676683,1,1,0.0104524424491,0.0105593737193,0.657019880869,0.321968302964,0.0210118161684,0.978988183833,5.68428041433,1.37036108884,34.1889333425,0,0,0.005,0,0,20.4,40.8012037436,0,0,0,0,0,0,0,0,0,0
18.64,0.62059803937,0.379401960632,1,1,0.0104534615714,0.0105658116367,0.610144577798,0.368836148995,0.0210192732081,0.978980726793,5.69052065377,1.36999795435,34.2589197059,0,0,0.005,0,0,20.4,40.8012037436,0,0,0,0,0,0,0,0,0,0
18.645,0.571573668117,0.428426331885,1,1,0.0104539151041,0.0105715749268,0.561119753012,0.417854756958,0.0210254900309,0.978974509971,5.69661622777,1.36964520441,34.3273644324,0,0,0.005,0,0,20.4,40.8012037436,0,0,0,0,0,0,0,0,0,0
18.65,0.521074766212,0.478925233789,1,1,0.0104537487189,0.0105766162963,0.510621017493,0.468348617493,0.0210303650151,0.978969634986,5.70256694218,1.36930268364,34.3942595695,0,0,0.005,0,0,20.4,40.8012037436,0,0,0,0,0,0,0,0,0,0
18.655,0.469807427718,0.530192572283,1,1,0.0104529208497,0.0105809034515,0.459354506869,0.519611668832,0.0210338243012,0.9789661757,5.70837260547,1.36897023889,34.4595973179,0,0,0.005,0,0,20.4,40.8012037436,0,0,0,0,0,0,0,0,0,0
18.66,0.418498121495,0.581501878507,1,1,0.010451403704,0.0105844198145,0.408046717791,0.570917458692,0.0210358235186,0.978964176483,5.7140330293,1.36864771937,34.5233700397,0,0,0.005,0,0,20.4,40.8012037436,0,0,0,0,0,0,0,0,0,0
18.665,0.36788305552,0.632116944482,1,1,0.0104491838874,0.0105871648135,0.357433871632,0.621529779668,0.0210363487009,0.978963651301,5.71954802916,1.36833497675,34.5855702665,0,0,0.005,0,0,20.4,40.8012037436,0,0,0,0,0,0,0,0,0,0
18.67,0.318697229153,0.681302770848,1,1,0.0104462626237,0.0105891537418,0.30825096653,0.670713617106,0.0210354163655,0.978964583636,5.72491742496,1.36803186541,34.6461907074,0,0,0.005,0,0,20.4,40.8012037436,0,0,0,0,0,0,0,0,0,0
18.675,0.271663342198,0.728336657803,1,1,0.0104426555693,0.0105904171927,0.261220686629,0.717746240611,0.021033072762,0.97896692724,5.73014104164,1.36773824254,34.7052242572,0,0,0.005,0,0,20.4,40.8012037436,0,0,0,0,0,0,0,0,0,0
18.68,0.22748073478,0.772519265222,1,1,0.0104383922295,0.010591000092,0.21704234255,0.76192826513,0.0210293923214,0.97897060768,5.73521870979,1.36745396836,34.7626640047,0,0,0.005,0,0,20.4,40.8012037436,0,0,0,0,0,0,0,0,0,0
18.685,0.186814534374,0.813185465628,1,1,0.0104335150037,0.0105909603634,0.17638101937,0.802594505264,0.0210244753671,0.978975524634,5.74015026619,1.36717890628,34.8185032402,0,0,0.005,0,0,20.4,40.8012037436,0,0,0,0,0,0,0,0,0,0
18.69,0.150285185714,0.849714814287,1,1,0.0104280778935,0.010590367275,0.139857107821,0.839124447013,0.0210184451685,0.978981554833,5.74493555439,1.36691292309,34.8727354634,0,0,0.005,0,0,20.4,40.8012037436,0,0,0,0,0,0,0,0,0,0
18.695,0.118458535728,0.881541464274,1,1,0.0104221449221,0.0105892995218,0.108036390806,0.870952164752,0.0210114444439,0.978988555558,5.74957442517,1.36665588914,34.9253543899,0,0,0.005,0,0,20.4,40.8012037436,0,0,0,0,0,0,0,0,0,0
18.7,0.0918366391342,0.908163360867,1,1,0.0104157883204,0.0105878431127,0.0814208508138,0.897575517755,0.0210036314331,0.978996368568,5.75406673703,1.3664076785,34.976353958,0,0,0.005,0,0,20.4,40.8012037436,0,0,0,0,0,0,0,0,0,0
18.705,0.0708494409194,0.929150559082,1,1,0.0104090865427,0.0105860891293,0.0604403543767,0.918564469953,0.0209951756721,0.979004824329,5.75841235656,1.36616816913,35.0257283345,0,0,0.005,0,0,20.4,40.8012037436,0,0,0,0,0,0,0,0,0,0
18.71,0.0558474797239,0.944152520278,1,1,0.0104021221793,0.0105841314311,0.0454453575446,0.933568388847,0.0209862536104,0.979013746391,5.76261115879,1.36593724305,35.0734719194,0,0,0.005,0,0,20.4,40.8012037436,0,0,0,0,0,0,0,0,0,0
18.715,0.0470957413963,0.952904258605,1,1,0.0103949798328,0.0105820643796,0.0367007615634,0.942322194226,0.0209770442124,0.979022955789,5.76666302749,1.36571478648,35.1195793506,0,0,0.005,0,0,20.4,40.8012037436,0,0,0,0,0,0,0,0,0,0
18.72,0.0447687748029,0.955231225199,1,1,0.0103877440271,0.0105799806509,0.0343810307757,0.944651244548,0.0209677246781,0.979032275323,5.77056785531,1.36550068994,35.164045507,0,0,0.005,0,0,20.4,40.8012037436,0,0,0,0,0,0,0,0,0,0
18.725,0.0489471627008,0.951052837301,1,1,0.0103804972113,0.0105779692015,0.0385666654895,0.940474868099,0.0209584664128,0.979041533589,5.77432554396,1.3652948484,35.2068655107,0,0,0.005,0,0,20.4,40.8012037436,0,0,0,0,0,0,0,0,0,0
18.73,0.0596154193842,0.940384580617,1,1,0.010373317916,0.0105761134421,0.0492421014682,0.929808467175,0.0209494313582,0.979050568643,5.77793600422,1.36509716137,35.2480347289,0,0,0.005,0,0,20.4,40.8012037436,0,0,0,0,0,0,0,0,0,0
18.735,0.0766613642475,0.923338635754,1,1,0.010366279112,0.0105744896681,0.0662950851355,0.912764146086,0.0209407687802,0.979059231221,5.78139915595,1.36490753293,35.2875487739,0,0,0.005,0,0,20.4,40.8012037436,0,0,0,0,0,0,0,0,0,0
18.74,0.0998769967386,0.900123003263,1,1,0.0103594468097,0.01057316578,0.0895175499289,0.889549837483,0.0209326125897,0.979067387412,5.78471492793,1.36472587185,35.3254035027,0,0,0.005,0,0,20.4,40.8012037436,0,0,0,0,0,0,0,0,0,0
18.745,0.128960873805,0.871039126196,1,1,0.0103528789286,0.0105722003171,0.118607994877,0.860466925879,0.0209250792457,0.979074920756,5.78788325772,1.36455209161,35.3615950157,0,0,0.005,0,0,20.4,40.8012037436,0,0,0,0,0,0,0,0,0,0
18.75,0.163521966276,0.836478033726,1,1,0.0103466244536,0.0105716418149,0.153175341822,0.825906391911,0.0209182662685,0.979081733733,5.79090409136,1.36438611037,35.3961196535,0,0,0.005,0,0,20.4,40.8012037436,0,0,0,0,0,0,0,0,0,0
18.755,0.203084946092,0.796915053909,1,1,0.0103407228827,0.0105715284824,0.19274422321,0.786343525427,0.0209122513651,0.979087748636,5.79377738306,1.36422785104,35.428973994,0,0,0.005,0,0,20.4,40.8012037436,0,0,0,0,0,0,0,0,0,0
18.76,0.247096832344,0.752903167658,1,1,0.01033520396,0.010571888185,0.236761628384,0.742331279473,0.0209070921449,0.979092907857,5.79650309479,1.36407724119,35.4601548478,0,0,0.005,0,0,20.4,40.8012037436,0,0,0,0,0,0,0,0,0,0
18.765,0.294934901074,0.705065098928,1,1,0.0103300876767,0.0105727387064,0.284604813397,0.694492360221,0.020902826383,0.979097173618,5.79908119581,1.36393421306,35.4896592531,0,0,0.005,0,0,20.4,40.8012037436,0,0,0,0,0,0,0,0,0,0
18.77,0.345915742238,0.654084257763,1,1,0.0103253845136,0.0105740882555,0.335590357725,0.643510169508,0.020899472769,0.979100527233,5.80151166216,1.36379870347,35.5174844698,0,0,0.005,0,0,20.4,40.8012037436,0,0,0,0,0,0,0,0,0,0
18.775,0.39930532738,0.600694672622,1,1,0.0103210958906,0.0105759361736,0.388984231489,0.590118736448,0.0208970320642,0.979102967937,5.80379447609,1.36367065374,35.5436279725,0,0,0.005,0,0,20.4,40.8012037436,0,0,0,0,0,0,0,0,0,0
18.78,0.454329933906,0.545670066095,1,1,0.0103172147839,0.0105782737958,0.444012719122,0.535091792299,0.0208954885797,0.979104511422,5.80592962543,1.36355000963,35.5680874442,0,0,0.005,0,0,20.4,40.8012037436,0,0,0,0,0,0,0,0,0,0
18.785,0.510187756651,0.48981224335,1,1,0.010313726466,0.0105810854142,0.499874030185,0.479231157936,0.0208948118802,0.979105188121,5.807917103,1.36343672121,35.5908607681,0,0,0.005,0,0,20.4,40.8012037436,0,0,0,0,0,0,0,0,0,0
18.79,0.566061024918,0.433938975084,1,1,0.0103106093255,0.0105843492925,0.555750415592,0.423354625791,0.020894958618,0.979105041383,5.80975690591,1.36333074279,35.61194602,0,0,0.005,0,0,20.4,40.8012037436,0,0,0,0,0,0,0,0,0,0
18.795,0.621128433727,0.378871566275,1,1,0.0103078357209,0.0105880386835,0.610820598006,0.368283527591,0.0208958744045,0.979104125597,5.81144903489,1.36323203273,35.6313414601,0,0,0.005,0,0,20.4,40.8012037436,0,0,0,0,0,0,0,0,0,0
18.8,0.67457769166,0.325422308341,1,1,0.0103053728284,0.0105921228029,0.664272318832,0.314830185539,0.0208974956313,0.97910250437,5.81299349364,1.36314055339,35.6490455254,0,0,0.005,0,0,20.4,40.8012037436,0,0,0,0,0,0,0,0,0,0
18.805,0.725617984682,0.27438201532,1,1,0.0103031834476,0.0105965677223,0.715314801234,0.263785447598,0.0208997511699,0.979100248832,5.81439028816,1.36305627098,35.6650568209,0,0,0.005,0,0,20.4,40.8012037436,0,0,0,0,0,0,0,0,0,0
18.81,0.773492155645,0.226507844357,1,1,0.0103012267357,0.0106013371506,0.763190928909,0.215906507206,0.0209025638863,0.979097436115,5.81563942609,1.3629791554,35.6793741124,0,0,0.005,0,0,20.4,40.8012037436,0,0,0,0,0,0,0,0,0,0
18.815,0.817488402943,0.182511597058,1,1,0.0102994588487,0.0106063930814,0.807188944095,0.171905203977,0.0209058519301,0.979094148071,5.81674091611,1.36290918016,35.6919963185,0,0,0.005,0,0,20.4,40.8012037436,0,0,0,0,0,0,0,0,0,0
18.82,0.856951308816,0.143048691185,1,1,0.0102978334761,0.0106116962958,0.84665347534,0.13243699489,0.0209095297719,0.97909047023,5.81769476735,1.36284632226,35.7029225041,0,0,0.005,0,0,20.4,40.8012037436,0,0,0,0,0,0,0,0,0,0
18.825,0.891292018115,0.108707981887,1,1,0.010296302266,0.0106172067184,0.880995715849,0.0980907751684,0.0209135089844,0.979086491017,5.81850098885,1.36279056205,35.7121518733,0,0,0.005,0,0,20.4,40.8012037436,0,0,0,0,0,0,0,0,0,0
18.83,0.919997401696,0.0800025983053,1,1,0.0102948151452,0.0106228836353,0.909702586551,0.0693797146701,0.0209176987805,0.979082301221,5.81915958911,1.36274188318,35.7196837637,0,0,0.005,0,0,20.4,40.8012037436,0,0,0,0,0,0,0,0,0,0
18.835,0.942638054811,0.0573619451904,1,1,0.0102933205473,0.0106286857912,0.932344734264,0.0467332593993,0.0209220063384,0.979077993663,5.81967057564,1.36270027245,35.7255176415,0,0,0.005,0,0,20.4,40.8012037436,0,0,0,0,0,0,0,0,0,0
18.84,0.958874999624,0.0411250003776,1,1,0.0102917655695,0.0106345713915,0.948583234054,0.0304904289861,0.0209263369609,0.979073663041,5.82003395463,1.36266571978,35.7296530969,0,0,0.005,0,0,20.4,40.8012037436,0,0,0,0,0,0,0,0,0,0
18.845,0.968464982037,0.0315350179644,1,1,0.0102900960853,0.0106404980409,0.958174885952,0.0208945199234,0.0209305941262,0.979069405875,5.82024973068,1.36263821817,35.7320898411,0,0,0.005,0,0,20.4,40.8012037436,0,0,0,0,0,0,0,0,0,0
18.85,0.97126427591,0.0287357240913,1,1,0.0102882568425,0.0106464226553,0.960976019068,0.018089301436,0.0209346794978,0.979065320504,5.82031790658,1.36261776358,35.7328277032,0,0,0.005,0,0,20.4,40.8012037436,0,0,0,0,0,0,0,0,0,0
18.855,0.967230932195,0.0327690678065,1,1,0.0102861915811,0.0106523013843,0.956944740614,0.0221167664222,0.0209384929655,0.979061507036,5.82023848321,1.362604355,35.7318666297,0,0,0.005,0,0,20.4,40.8012037436,0,0,0,0,0,0,0,0,0,0
18.86,0.956425436013,0.0435745639887,1,1,0.0102838432039,0.0106580895856,0.946141592809,0.0329164744031,0.0209419327895,0.979058067212,5.82001145951,1.36259799438,35.7292066831,0,0,0.005,0,0,20.4,40.8012037436,0,0,0,0,0,0,0,0,0,0
18.865,0.939009760851,0.0609902391504,1,1,0.0102811540313,0.0106637418851,0.92872860682,0.0503264972653,0.0209448959164,0.979055104085,5.81963683253,1.36259868665,35.7248480434,0,0,0.005,0,0,20.4,40.8012037436,0,0,0,0,0,0,0,0,0,0
18.87,0.915244835389,0.0847551646121,1,1,0.0102780661693,0.0106692123585,0.90496676922,0.0740859522536,0.0209472785278,0.979052721474,5.81911459753,1.36260643978,35.7187910089,0,0,0.005,0,0,20.4,40.8012037436,0,0,0,0,0,0,0,0,0,0
18.875,0.88548646454,0.114513535461,1,1,0.010274522013,0.0106744548569,0.875211942527,0.103839080604,0.0209489768699,0.979051023132,5.81844474823,1.36262126479,35.7110359994,0,0,0.005,0,0,20.4,40.8012037436,0,0,0,0,0,0,0,0,0,0
18.88,0.850179771636,0.149820228366,1,1,0.0102704649003,0.010679423499,0.839909306735,0.139140804867,0.0209498883993,0.979050111602,5.81762727708,1.36264317584,35.7015835597,0,0,0.005,0,0,20.4,40.8012037436,0,0,0,0,0,0,0,0,0,0
18.885,0.809852252889,0.190147747112,1,1,0.0102658399241,0.0106840733358,0.799586412965,0.179463673777,0.0209499132599,0.979050086742,5.81666217563,1.36267219028,35.6904343636,0,0,0.005,0,0,20.4,40.8012037436,0,0,0,0,0,0,0,0,0,0
18.89,0.765105557884,0.234894442117,1,1,0.0102605949005,0.010688361189,0.754844962984,0.224206080928,0.0209489560894,0.979051043912,5.81554943496,1.36270832876,35.6775892197,0,0,0.005,0,0,20.4,40.8012037436,0,0,0,0,0,0,0,0,0,0
18.895,0.716606130502,0.2833938695,1,1,0.0102546814806,0.0106922466515,0.706351449021,0.272701622848,0.0209469281321,0.979053071869,5.81428904613,1.36275161534,35.6630490771,0,0,0.005,0,0,20.4,40.8012037436,0,0,0,0,0,0,0,0,0,0
18.9,0.665074863042,0.33492513696,1,1,0.0102480563862,0.0106956932281,0.654826806655,0.324229443732,0.0209437496143,0.979056250387,5.8128810008,1.36280207758,35.6468150321,0,0,0.005,0,0,20.4,40.8012037436,0,0,0,0,0,0,0,0,0,0
18.905,0.611275932028,0.388724067973,1,1,0.010240682737,0.0106986695848,0.601035249291,0.378025398389,0.0209393523218,0.97906064768,5.81132529173,1.36285974667,35.6288883354,0,0,0.005,0,0,20.4,40.8012037436,0,0,0,0,0,0,0,0,0,0
18.91,0.556004997006,0.443995002995,1,1,0.0102325314315,0.0107011508678,0.545772465575,0.433293852128,0.0209336822993,0.979066317702,5.80962191347,1.36292465755,35.6092703996,0,0,0.005,0,0,20.4,40.8012037436,0,0,0,0,0,0,0,0,0,0
18.915,0.500076953388,0.499923046614,1,1,0.0102235825366,0.010703120043,0.489853370851,0.489219926571,0.0209267025795,0.979073297422,5.80777086297,1.36299684905,35.5879628073,0,0,0.005,0,0,20.4,40.8012037436,0,0,0,0,0,0,0,0,0,0
18.92,0.444313436884,0.555686563118,1,1,0.0102138266332,0.010704569204,0.434099610251,0.544981993914,0.0209183958372,0.979081604164,5.80577214028,1.36307636402,35.564967319,0,0,0.005,0,0,20.4,40.8012037436,0,0,0,0,0,0,0,0,0,0
18.925,0.389530280187,0.610469719815,1,1,0.0102032660658,0.0107055007926,0.379327014121,0.599764219022,0.0209087668583,0.979091233143,5.80362574918,1.3631632494,35.540285881,0,0,0.005,0,0,20.4,40.8012037436,0,0,0,0,0,0,0,0,0,0
18.93,0.336525122319,0.663474877683,1,1,0.0101919160388,0.0107059286726,0.32633320628,0.65276894901,0.0208978447114,0.97910215529,5.80133169787,1.36325755644,35.5139206339,0,0,0.005,0,0,20.4,40.8012037436,0,0,0,0,0,0,0,0,0,0
18.935,0.286065367436,0.713934632566,1,1,0.0101798055068,0.0107058790038,0.275885561929,0.703228753562,0.0208856845106,0.979114315491,5.79888999966,1.36335934069,35.48587392,0,0,0.005,0,0,20.4,40.8012037436,0,0,0,0,0,0,0,0,0,0
18.94,0.23887668298,0.761123317021,1,1,0.0101669778073,0.0107053908609,0.228709705173,0.75041792616,0.0208723686682,0.979127631333,5.79630067353,1.36346866221,35.4561482909,0,0,0.005,0,0,20.4,40.8012037436,0,0,0,0,0,0,0,0,0,0
18.945,0.195632217027,0.804367782975,1,1,0.0101534909916,0.0107045165535,0.185478726035,0.793663266421,0.0208580075452,0.979141992456,5.79356374481,1.36358558559,35.4247465145,0,0,0.005,0,0,20.4,40.8012037436,0,0,0,0,0,0,0,0,0,0
18.95,0.156942701683,0.843057298318,1,1,0.0101394178154,0.0107033216092,0.146803283868,0.832353976709,0.0208427394246,0.979157260577,5.79067924568,1.36371018004,35.3916715815,0,0,0.005,0,0,20.4,40.8012037436,0,0,0,0,0,0,0,0,0,0
18.955,0.123347593709,0.876652406293,1,1,0.0101248453621,0.0107018843908,0.113222748347,0.865950521902,0.0208267297529,0.979173270249,5.78764721571,1.36384251946,35.3569267114,0,0,0.005,0,0,20.4,40.8012037436,0,0,0,0,0,0,0,0,0,0
18.96,0.095307385417,0.904692614585,1,1,0.0101098742819,0.0107002953332,0.0851975111351,0.893992319251,0.0208101696151,0.979189830386,5.78446770229,1.36398268246,35.3205153569,0,0,0.005,0,0,20.4,40.8012037436,0,0,0,0,0,0,0,0,0,0
18.965,0.0731971987535,0.926802801248,1,1,0.0100946176409,0.0106986557965,0.0631025811126,0.916104145452,0.0207932734374,0.979206726564,5.78114076107,1.3641307524,35.2824412089,0,0,0.005,0,0,20.4,40.8012037436,0,0,0,0,0,0,0,0,0,0
18.97,0.0573017535381,0.942698246463,1,1,0.010079199389,0.0106970765439,0.0472225541491,0.93200116992,0.020776275933,0.979223724069,5.7776664562,1.36428681738,35.2427081992,0,0,0.005,0,0,20.4,40.8012037436,0,0,0,0,0,0,0,0,0,0
18.975,0.0478117776589,0.952188222343,1,1,0.010063752466,0.0106956758692,0.0377480251929,0.941492546473,0.0207594283352,0.979240571666,5.77404486068,1.36445097023,35.2013205033,0,0,0.005,0,0,20.4,40.8012037436,0,0,0,0,0,0,0,0,0,0
18.98,0.0448219028759,0.955178097126,1,1,0.0100484165793,0.010694577409,0.0347734862965,0.944483519717,0.0207429939883,0.979257006013,5.77027605645,1.36462330844,35.1582825416,0,0,0.005,0,0,20.4,40.8012037436,0,0,0,0,0,0,0,0,0,0
18.985,0.0483300652904,0.951669934711,1,1,0.0100333356987,0.0106939076875,0.0382967295917,0.940976027024,0.0207272433862,0.979272756615,5.76636013451,1.36480393416,35.1135989795,0,0,0.005,0,0,20.4,40.8012037436,0,0,0,0,0,0,0,0,0,0
18.99,0.0582384048673,0.941761595134,1,1,0.0100186553213,0.0106937934526,0.0482197495459,0.931067801682,0.020712448774,0.979287551228,5.76229719496,1.36499295405,35.0672747276,0,0,0.005,0,0,20.4,40.8012037436,0,0,0,0,0,0,0,0,0,0
18.995,0.0743556340996,0.925644365902,1,1,0.010004519573,0.0106943588709,0.0643511145265,0.914950007031,0.020698878444,0.979301121558,5.75808734691,1.36519047924,35.0193149393,0,0,0.005,0,0,20.4,40.8012037436,0,0,0,0,0,0,0,0,0,0
19,0.0964008223845,0.903599177617,1,1,0.00999106821564,0.0106957226534,0.0864097541688,0.892903454964,0.020686790869,0.979313209133,5.75373070836,1.36539662518,34.9697250084,0,0,0.005,0,0,20.4,40.8012037436,0,0,0,0,0,0,0,0,0,0
19.005,0.124008520328,0.875991479674,1,1,0.00997843363668,0.0106979951919,0.114030086691,0.865293484482,0.0206764288286,0.979323571173,5.74922740597,1.36561151154,34.918510566,0,0,0.005,0,0,20.4,40.8012037436,0,0,0,0,0,0,0,0,0,0
19.01,0.156735127385,0.843264872616,1,1,0.00996673789917,0.0107012757844,0.146768389486,0.832563596832,0.0206680136835,0.979331986318,5.74457757478,1.36583526202,34.8656774756,0,0,0.005,0,0,20.4,40.8012037436,0,0,0,0,0,0,0,0,0,0
19.015,0.194066387318,0.805933612683,1,1,0.00995608993,0.0107056500277,0.184110297388,0.795227962656,0.0206617399577,0.979338260044,5.73978135787,1.36606800423,34.8112318283,0,0,0.005,0,0,20.4,40.8012037436,0,0,0,0,0,0,0,0,0,0
19.02,0.235425879174,0.764574120828,1,1,0.00994658292218,0.0107111874527,0.225479296251,0.753862933375,0.0206577703749,0.979342229627,5.73483890593,1.36630986952,34.7551799365,0,0,0.005,0,0,20.4,40.8012037436,0,0,0,0,0,0,0,0,0,0
19.025,0.280184357179,0.719815642823,1,1,0.00993829202174,0.0107179394707,0.270246065157,0.709097703352,0.0206562314924,0.979343768509,5.72975037684,1.36656099281,34.6975283279,0,0,0.005,0,0,20.4,40.8012037436,0,0,0,0,0,0,0,0,0,0
19.03,0.327669781248,0.672330218754,1,1,0.00993127236289,0.0107259376904,0.317738508885,0.661604281063,0.0206572100533,0.979342789948,5.7245159351,1.36682151237,34.6382837378,0,0,0.005,0,0,20.4,40.8012037436,0,0,0,0,0,0,0,0,0,0
19.035,0.377177870903,0.622822129098,1,1,0.00992555750586,0.0107351926579,0.367252313397,0.612086936441,0.0206607501638,0.979339249838,5.71913575132,1.36709156969,34.577453102,0,0,0.005,0,0,20.4,40.8012037436,0,0,0,0,0,0,0,0,0,0
19.04,0.427983009452,0.572016990549,1,1,0.00992115832144,0.0107456930549,0.418061851131,0.561271297494,0.0206668513763,0.979333148625,5.71361000165,1.36737130929,34.5150435485,0,0,0.005,0,0,20.4,40.8012037436,0,0,0,0,0,0,0,0,0,0
19.045,0.479349322222,0.520650677779,1,1,0.009918062354,0.0107574053827,0.469431259868,0.509893272397,0.0206754677367,0.979324532265,5.70793886716,1.36766087853,34.4510623899,0,0,0.005,0,0,20.4,40.8012037436,0,0,0,0,0,0,0,0,0,0
19.05,0.530541752625,0.469458247376,1,1,0.00991623368218,0.0107702741434,0.520625518943,0.458687973233,0.0206865078255,0.979313492176,5.70212253322,1.36796042744,34.3855171148,0,0,0.005,0,0,20.4,40.8012037436,0,0,0,0,0,0,0,0,0,0
19.055,0.580836962696,0.419163037305,1,1,0.0099156132831,0.0107842225139,0.570921349413,0.408378814791,0.020699835797,0.979300164205,5.69616118891,1.36827010857,34.31841538,0,0,0.005,0,0,20.4,40.8012037436,0,0,0,0,0,0,0,0,0,0
19.06,0.629533890421,0.37046610958,1,1,0.00991611989274,0.0107991534997,0.619617770529,0.35966695608,0.0207152733924,0.979284726609,5.69005502641,1.36859007684,34.249765002,0,0,0.005,0,0,20.4,40.8012037436,0,0,0,0,0,0,0,0,0,0
19.065,0.67596380456,0.324036195442,1,1,0.00991765134215,0.0108149515364,0.666046153218,0.313221243905,0.0207326028786,0.979267397123,5.68380424038,1.36892048939,34.1795739492,0,0,0.005,0,0,20.4,40.8012037436,0,0,0,0,0,0,0,0,0,0
19.07,0.719499708482,0.280500291519,1,1,0.00992008633737,0.0108314845003,0.709579622145,0.269668807019,0.0207515708377,0.979248429164,5.67740902742,1.36926150548,34.107850335,0,0,0.005,0,0,20.4,40.8012037436,0,0,0,0,0,0,0,0,0,0
19.075,0.759564957661,0.240435042341,1,1,0.0099232866398,0.010848606075,0.749641671021,0.229586436266,0.0207718927148,0.979228107287,5.6708695855,1.36961328634,34.0346024099,0,0,0.005,0,0,20.4,40.8012037436,0,0,0,0,0,0,0,0,0,0
19.08,0.795640970513,0.204359029489,1,1,0.00992709959461,0.0108661584147,0.785713870918,0.193492871074,0.0207932580093,0.979206741992,5.66418611348,1.36997599514,33.9598385554,0,0,0.005,0,0,20.4,40.8012037436,0,0,0,0,0,0,0,0,0,0
19.085,0.827273929081,0.17272607092,1,1,0.00993136094682,0.0108839750378,0.817342568134,0.161842095883,0.0208153359846,0.979184664017,5.65735881061,1.37034979688,33.8835672778,0,0,0.005,0,0,20.4,40.8012037436,0,0,0,0,0,0,0,0,0,0
19.09,0.854080384157,0.145919615844,1,1,0.00993589787888,0.0109018838779,0.844144486278,0.135017731966,0.0208377817568,0.979162218245,5.65038787619,1.37073485835,33.8057972033,0,0,0.005,0,0,20.4,40.8012037436,0,0,0,0,0,0,0,0,0,0
19.095,0.875751698654,0.124248301347,1,1,0.00994053220007,0.0109197104208,0.865811166454,0.113328590926,0.0208602426208,0.979139757381,5.64327350914,1.37113134811,33.7265370727,0,0,0.005,0,0,20.4,40.8012037436,0,0,0,0,0,0,0,0,0,0
19.1,0.892057282886,0.107942717116,1,1,0.00994508361555,0.0109372808516,0.88211219927,0.0970054362644,0.0208823644671,0.979117635534,5.63601590775,1.37153943646,33.6457957382,0,0,0.005,0,0,20.4,40.8012037436,0,0,0,0,0,0,0,0,0,0
19.105,0.902846595619,0.0971534043827,1,1,0.00994937300356,0.0109544251418,0.892897222615,0.0861989792409,0.0209037981453,0.979096201856,5.62861526946,1.37195929548,33.5635821601,0,0,0.005,0,0,20.4,40.8012037436,0,0,0,0,0,0,0,0,0,0
19.11,0.90804990498,0.0919500950215,1,1,0.00995322563101,0.010970980007,0.898096679349,0.0809791150145,0.020924205638,0.979075794364,5.62107179065,1.37239109902,33.4799054043,0,0,0.005,0,0,20.4,40.8012037436,0,0,0,0,0,0,0,0,0,0
19.115,0.907677823114,0.0923221768876,1,1,0.00995647424129,0.0109867916747,0.897721348873,0.0813353852129,0.0209432659159,0.979056734086,5.61338566656,1.37283502279,33.3947746413,0,0,0.005,0,0,20.4,40.8012037436,0,0,0,0,0,0,0,0,0,0
19.12,0.901819647694,0.0981803523071,1,1,0.00995896195348,0.0110017184047,0.891860685741,0.0871786339023,0.0209606803582,0.979039319643,5.60555709127,1.37329124437,33.3081991454,0,0,0.005,0,0,20.4,40.8012037436,0,0,0,0,0,0,0,0,0,0
19.125,0.890640561556,0.109359438446,1,1,0.0099605449185,0.011015632718,0.880680016637,0.098343805728,0.0209761776365,0.979023822365,5.59758625773,1.37375994335,33.2201882947,0,0,0.005,0,0,20.4,40.8012037436,0,0,0,0,0,0,0,0,0,0
19.13,0.874377758639,0.125622241363,1,1,0.00996109468514,0.0110284232924,0.864416663953,0.114593818071,0.0209895179776,0.979010482024,5.58947335782,1.37424130135,33.1307515721,0,0,0.005,0,0,20.4,40.8012037436,0,0,0,0,0,0,0,0,0,0
19.135,0.853335579852,0.146664420149,1,1,0.00996050023703,0.0110399965007,0.843375079615,0.135624423649,0.0210004967377,0.978999503264,5.58121858256,1.37473550217,33.0398985672,0,0,0.005,0,0,20.4,40.8012037436,0,0,0,0,0,0,0,0,0,0
19.14,0.827879756103,0.172120243899,1,1,0.00995866967027,0.0110502775684,0.817921086433,0.16106996633,0.0210089472386,0.978991052763,5.57282212228,1.3752427319,32.9476389782,0,0,0.005,0,0,20.4,40.8012037436,0,0,0,0,0,0,0,0,0,0
19.145,0.798430867488,0.201569132513,1,1,0.00995553149009,0.0110592113441,0.788475335998,0.190509921169,0.0210147428342,0.978985257167,5.56428416693,1.37576317898,32.853982615,0,0,0.005,0,0,20.4,40.8012037436,0,0,0,0,0,0,0,0,0,0
19.15,0.765457137314,0.234542862687,1,1,0.00995103551364,0.0110667626815,0.755506101801,0.223476100006,0.0210177981952,0.978982201806,5.55560490638,1.37629703439,32.7589394027,0,0,0.005,0,0,20.4,40.8012037436,0,0,0,0,0,0,0,0,0,0
19.155,0.729466687073,0.270533312928,1,1,0.00994515337424,0.0110729164407,0.719521533699,0.259460396488,0.0210180698149,0.978981930187,5.54678453077,1.3768444917,32.6625193851,0,0,0.005,0,0,20.4,40.8012037436,0,0,0,0,0,0,0,0,0,0
19.16,0.690999383771,0.309000616231,1,1,0.00993787863058,0.0110776771239,0.68106150514,0.297922939107,0.0210155557545,0.978984444247,5.53782323093,1.37740574723,32.5647327295,0,0,0.005,0,0,20.4,40.8012037436,0,0,0,0,0,0,0,0,0,0
19.165,0.65061841395,0.349381586051,1,1,0.00992922649128,0.0110810681692,0.640689187459,0.338300517882,0.0210102946605,0.978989705341,5.5287211988,1.37798100015,32.4655897308,0,0,0.005,0,0,20.4,40.8012037436,0,0,0,0,0,0,0,0,0,0
19.17,0.608901719477,0.391098280525,1,1,0.00991923317209,0.0110831309283,0.598982486305,0.380015149596,0.0210023641004,0.978997635901,5.51947862791,1.37857045254,32.3651008166,0,0,0.005,0,0,20.4,40.8012037436,0,0,0,0,0,0,0,0,0,0
19.175,0.56643342865,0.433566571352,1,1,0.0099079549084,0.0110839233607,0.556525473741,0.422482647991,0.0209918782691,0.979008121732,5.51009571382,1.37917430955,32.2632765516,0,0,0.005,0,0,20.4,40.8012037436,0,0,0,0,0,0,0,0,0,0
19.18,0.523795412606,0.476204587395,1,1,0.00989546665106,0.0110835184806,0.513899945955,0.465121068915,0.0209789851317,0.97902101487,5.50057265464,1.37979277943,32.1601276431,0,0,0.005,0,0,20.4,40.8012037436,0,0,0,0,0,0,0,0,0,0
19.185,0.481559091372,0.518440908629,1,1,0.00988186047712,0.0110820025928,0.471677230895,0.507358906036,0.0209638630699,0.979036136932,5.49090965146,1.3804260736,32.0556649452,0,0,0.005,0,0,20.4,40.8012037436,0,0,0,0,0,0,0,0,0,0
19.19,0.440277606478,0.559722393524,1,1,0.00986724375092,0.0110794733572,0.430410362727,0.548642920166,0.0209467171081,0.979053282893,5.48110690893,1.38107440671,31.949899464,0,0,0.005,0,0,20.4,40.8012037436,0,0,0,0,0,0,0,0,0,0
19.195,0.400478467947,0.599521532055,1,1,0.00985173707291,0.0110760377219,0.390626730874,0.588445494333,0.0209277747948,0.979072225207,5.47116463565,1.38173799667,31.8428423618,0,0,0.005,0,0,20.4,40.8012037436,0,0,0,0,0,0,0,0,0,0
19.2,0.36265677292,0.637343227082,1,1,0.00983547205612,0.0110718097642,0.352821300863,0.626271417318,0.0209072818203,0.979092718181,5.46108304466,1.38241706463,31.7345049612,0,0,0.005,0,0,20.4,40.8012037436,0,0,0,0,0,0,0,0,0,0
19.205,0.327269081358,0.672730918643,1,1,0.00981858897076,0.0110669084773,0.317450492387,0.661664010166,0.0208854974481,0.979114502554,5.45086235388,1.38311183499,31.624898749,0,0,0.005,0,0,20.4,40.8012037436,0,0,0,0,0,0,0,0,0,0
19.21,0.294728021497,0.705271978504,1,1,0.00980123429867,0.0110614555423,0.284926787199,0.694210522962,0.020862689841,0.979137310161,5.44050278652,1.38382253539,31.5140353796,0,0,0.005,0,0,20.4,40.8012037436,0,0,0,0,0,0,0,0,0,0
19.215,0.265397684142,0.73460231586,1,1,0.0097835582392,0.0110555731193,0.255614125903,0.72354674274,0.0208391313585,0.979160868643,5.43000457146,1.38454939659,31.4019266777,0,0,0.005,0,0,20.4,40.8012037436,0,0,0,0,0,0,0,0,0,0
19.22,0.23958985085,0.760410149152,1,1,0.00976571220797,0.0110493816942,0.229824138642,0.749360767458,0.0208150939022,0.979184906099,5.41936794358,1.38529265246,31.2885846408,0,0,0.005,0,0,20.4,40.8012037436,0,0,0,0,0,0,0,0,0,0
19.225,0.217561086723,0.782438913279,1,1,0.00974784636927,0.0110429980118,0.207813240353,0.771395915267,0.0207908443811,0.97920915562,5.40859314405,1.38605253982,31.174021441,0,0,0.005,0,0,20.4,40.8012037436,0,0,0,0,0,0,0,0,0,0
19.23,0.199510714185,0.800489285816,1,1,0.00973010724181,0.0110365331275,0.189780606943,0.789452752689,0.0207666403693,0.979233359632,5.3976804206,1.38682929837,31.0582494258,0,0,0.005,0,0,20.4,40.8012037436,0,0,0,0,0,0,0,0,0,0
19.235,0.18557967003,0.814420329971,1,1,0.00971263541599,0.0110300906044,0.175867034614,0.803390239367,0.0207427260204,0.979257273981,5.38663002775,1.38762317052,30.9412811192,0,0,0.005,0,0,20.4,40.8012037436,0,0,0,0,0,0,0,0,0,0
19.24,0.175850234335,0.824149765667,1,1,0.00969556341905,0.0110237648824,0.166154670916,0.813126000784,0.0207193283014,0.9792806717,5.37544222691,1.38843440123,30.8231292213,0,0,0.005,0,0,20.4,40.8012037436,0,0,0,0,0,0,0,0,0,0
19.245,0.170346606858,0.829653393144,1,1,0.00967901376222,0.0110176398437,0.160667593096,0.8186357533,0.0206966536059,0.979303346396,5.36411728654,1.38926323783,30.7038066078,0,0,0.005,0,0,20.4,40.8012037436,0,0,0,0,0,0,0,0,0,0
19.25,0.169036294354,0.830963705648,1,1,0.00966309720091,0.0110117875945,0.159373197153,0.819951918054,0.0206748847954,0.979325115206,5.35265548222,1.39010992985,30.5833263284,0,0,0.005,0,0,20.4,40.8012037436,0,0,0,0,0,0,0,0,0,0
19.255,0.171832261108,0.828167738893,1,1,0.00964791123624,0.011006267482,0.162184349872,0.817161471411,0.0206541787182,0.979345821283,5.34105709661,1.39097472877,30.4617016053,0,0,0.005,0,0,20.4,40.8012037436,0,0,0,0,0,0,0,0,0,0
19.26,0.17859578501,0.821404214992,1,1,0.00963353888191,0.0110011253611,0.168962246128,0.81040308963,0.020634664243,0.979365335759,5.32932241945,1.39185788782,30.3389458304,0,0,0.005,0,0,20.4,40.8012037436,0,0,0,0,0,0,0,0,0,0
19.265,0.189139952757,0.810860047245,1,1,0.00962004771643,0.0109963931234,0.17951990504,0.799863654121,0.0206164408399,0.979383559162,5.31745174751,1.39275966177,30.2150725625,0,0,0.005,0,0,20.4,40.8012037436,0,0,0,0,0,0,0,0,0,0
19.27,0.203233720487,0.796766279515,1,1,0.00960748923598,0.0109920884949,0.193626231251,0.78577419102,0.0205995777309,0.979400422271,5.30544538439,1.39368030664,30.0900955239,0,0,0.005,0,0,20.4,40.8012037436,0,0,0,0,0,0,0,0,0,0
19.275,0.220606460209,0.779393539792,1,1,0.00959589851755,0.0109882151068,0.211010561692,0.768405324685,0.0205841136243,0.979415886377,5.29330364043,1.3946200795,29.9640285959,0,0,0.005,0,0,20.4,40.8012037436,0,0,0,0,0,0,0,0,0,0
19.28,0.240952908013,0.759047091989,1,1,0.00958529419665,0.0109847628379,0.231367613816,0.748062329151,0.0205700570346,0.979429942967,5.28102683244,1.3955792382,29.836885815,0,0,0.005,0,0,20.4,40.8012037436,0,0,0,0,0,0,0,0,0,0
19.285,0.263938427099,0.736061572903,1,1,0.00957567875765,0.010981708423,0.254362748341,0.72507986448,0.0205573871806,0.979442612821,5.26861528352,1.39655804115,29.708681368,0,0,0.005,0,0,20.4,40.8012037436,0,0,0,0,0,0,0,0,0,0
19.29,0.289204497259,0.710795502743,1,1,0.00956703912839,0.0109790163146,0.27963745813,0.699816486428,0.020546055443,0.979453944559,5.25606932276,1.39755674703,29.5794295868,0,0,0.005,0,0,20.4,40.8012037436,0,0,0,0,0,0,0,0,0,0
19.295,0.316374342409,0.683625657593,1,1,0.00955934756458,0.0109766397838,0.306814994844,0.672649017809,0.0205359873483,0.979464012653,5.24338928495,1.39857561462,29.4491449433,0,0,0.005,0,0,20.4,40.8012037436,0,0,0,0,0,0,0,0,0,0
19.3,0.345058609185,0.654941390816,1,1,0.00955256280285,0.010974522235,0.335506046382,0.643966868581,0.0205270850378,0.979472914964,5.23057551028,1.39961490248,29.317842044,0,0,0.005,0,0,20.4,40.8012037436,0,0,0,0,0,0,0,0,0,0
19.305,0.374861012296,0.625138987705,1,1,0.00954663145542,0.0109725987108,0.365314380841,0.614166388995,0.0205192301662,0.979480769835,5.21762834398,1.40067486881,29.185535624,0,0,0.005,0,0,20.4,40.8012037436,0,0,0,0,0,0,0,0,0,0
19.31,0.40538386622,0.594616133781,1,1,0.00954148961352,0.0109707975523,0.395842376607,0.583645336229,0.0205122871659,0.979487712836,5.204548136,1.40175577118,29.052240542,0,0,0.005,0,0,20.4,40.8012037436,0,0,0,0,0,0,0,0,0,0
19.315,0.436233427825,0.563766572177,1,1,0.00953706462164,0.01096904218,0.426696363203,0.552797529997,0.0205061068016,0.9794938932,5.19133524067,1.40285786639,28.9179717743,0,0,0.005,0,0,20.4,40.8012037436,0,0,0,0,0,0,0,0,0,0
19.32,0.467024980429,0.532975019572,1,1,0.00953327698058,0.0109672529537,0.457491703449,0.522007766618,0.0205005299343,0.979499470067,5.1779900163,1.40398141021,28.7827444091,0,0,0.005,0,0,20.4,40.8012037436,0,0,0,0,0,0,0,0,0,0
19.325,0.497387596606,0.502612403396,1,1,0.00953004233374,0.0109653490706,0.487857554272,0.491647054325,0.0204953914043,0.979504608597,5.16451282487,1.40512665729,28.6465736413,0,0,0.005,0,0,20.4,40.8012037436,0,0,0,0,0,0,0,0,0,0
19.33,0.526968524463,0.473031475539,1,1,0.00952727348908,0.0109632504551,0.517441250973,0.462068225084,0.0204905239441,0.979509476057,5.15090403169,1.40629386094,28.509474767,0,0,0.005,0,0,20.4,40.8012037436,0,0,0,0,0,0,0,0,0,0
19.335,0.555437150135,0.444562849867,1,1,0.00952488242831,0.0109608795961,0.545912267706,0.433601970271,0.0204857620244,0.979514237977,5.13716400502,1.40748327308,28.3714631785,0,0,0.005,0,0,20.4,40.8012037436,0,0,0,0,0,0,0,0,0,0
19.34,0.582488497563,0.417511502438,1,1,0.00952278225523,0.0109581632876,0.572965715308,0.406553339151,0.0204809455428,0.979519054459,5.12329311578,1.40869514402,28.232554359,0,0,0.005,0,0,20.4,40.8012037436,0,0,0,0,0,0,0,0,0,0
19.345,0.607846235218,0.392153764784,1,1,0.00952088903693,0.0109550342292,0.598325346181,0.381198730554,0.0204759232661,0.979524076735,5.10929173725,1.40992972247,28.0927638786,0,0,0.005,0,0,20.4,40.8012037436,0,0,0,0,0,0,0,0,0,0
19.35,0.631265168085,0.368734831917,1,1,0.0095191234949,0.0109514324489,0.62174604459,0.357783399468,0.0204705559438,0.979529444058,5.09516024476,1.41118725538,27.9521073895,0,0,0.005,0,0,20.4,40.8012037436,0,0,0,0,0,0,0,0,0,0
19.355,0.652533201824,0.347466798178,1,1,0.00951741250724,0.0109473065129,0.643015789317,0.336519491665,0.0204647190201,0.979535280981,5.08089901546,1.41246798796,27.8106006223,0,0,0.005,0,0,20.4,40.8012037436,0,0,0,0,0,0,0,0,0,0
19.36,0.671472774407,0.328527225595,1,1,0.00951569038913,0.0109426144941,0.661957084018,0.317584611101,0.0204583048833,0.979541695118,5.06650842805,1.41377216354,27.6682593819,0,0,0.005,0,0,20.4,40.8012037436,0,0,0,0,0,0,0,0,0,0
19.365,0.687941758599,0.312058241402,1,1,0.0095138999252,0.0109373246779,0.678427858674,0.301120916724,0.0204512246031,0.979548775399,5.0519888626,1.41510002366,27.5250995448,0,0,0.005,0,0,20.4,40.8012037436,0,0,0,0,0,0,0,0,0,0
19.37,0.701833846304,0.298166153697,1,1,0.00951199313482,0.0109314159902,0.69232185317,0.287234737707,0.0204434091251,0.979556590877,5.03734070038,1.41645180797,27.381137056,0,0,0.005,0,0,20.4,40.8012037436,0,0,0,0,0,0,0,0,0,0
19.375,0.713078432867,0.286921567134,1,1,0.00950993175957,0.0109248781436,0.703568501108,0.275996688991,0.0204348099031,0.979565190098,5.02256432365,1.41782775428,27.236387926,0,0,0.005,0,0,20.4,40.8012037436,0,0,0,0,0,0,0,0,0,0
19.38,0.721640025932,0.27835997407,1,1,0.00950768747029,0.0109177115013,0.712132338462,0.267442262568,0.0204253989715,0.97957460103,5.00766011562,1.41922809859,27.0908682294,0,0,0.005,0,0,20.4,40.8012037436,0,0,0,0,0,0,0,0,0,0
19.385,0.727517209208,0.272482790793,1,1,0.0095052417996,0.0109099266727,0.718011967409,0.261572864121,0.0204151684723,0.979584831529,4.9926284603,1.42065307511,26.9445941024,0,0,0.005,0,0,20.4,40.8012037436,0,0,0,0,0,0,0,0,0,0
19.39,0.730741196558,0.269258803444,1,1,0.00950258581368,0.0109015438571,0.721238610744,0.258357259587,0.0204041296708,0.979595870331,4.97746974246,1.42210291627,26.7975817416,0,0,0.005,0,0,20.4,40.8012037436,0,0,0,0,0,0,0,0,0,0
19.395,0.731374016039,0.268625983963,1,1,0.00949971954477,0.0108925919637,0.721874296494,0.257733391999,0.0203923115085,0.979607688493,4.96218434762,1.42357785286,26.6498474029,0,0,0.005,0,0,20.4,40.8012037436,0,0,0,0,0,0,0,0,0,0
19.4,0.729506366978,0.270493633023,1,1,0.00949665121237,0.0108831075391,0.720009715766,0.259610525484,0.0203797587514,0.97962024125,4.94677266203,1.42507811399,26.5014074008,0,0,0.005,0,0,20.4,40.8012037436,0,0,0,0,0,0,0,0,0,0
19.405,0.725255195746,0.274744804256,1,1,0.00949339626707,0.0108731335421,0.715761799479,0.263871670714,0.0203665298092,0.979633470192,4.93123507269,1.42660392723,26.3522781073,0,0,0.005,0,0,20.4,40.8012037436,0,0,0,0,0,0,0,0,0,0
19.41,0.718761037662,0.28123896234,1,1,0.00948997629473,0.0108627180079,0.709271061367,0.270376244332,0.0203526943026,0.979647305699,4.91557196741,1.42815551865,26.2024759522,0,0,0.005,0,0,20.4,40.8012037436,0,0,0,0,0,0,0,0,0,0
19.415,0.710185173454,0.289814826548,1,1,0.00948641782254,0.0108519126452,0.700698755631,0.278962913902,0.0203383304678,0.979661669534,4.8997837349,1.42973311287,26.0520174229,0,0,0.005,0,0,20.4,40.8012037436,0,0,0,0,0,0,0,0,0,0
19.42,0.699706648846,0.300293351155,1,1,0.00948275106906,0.0108407714144,0.690223897777,0.289452579741,0.0203235224834,0.979676477518,4.88387076487,1.43133693317,25.9009190642,0,0,0.005,0,0,20.4,40.8012037436,0,0,0,0,0,0,0,0,0,0
19.425,0.68751920532,0.312480794681,1,1,0.00947900868125,0.0108293491289,0.678040196639,0.301651445552,0.0203083578102,0.979691642191,4.86783344809,1.43296720151,25.749197479,0,0,0.005,0,0,20.4,40.8012037436,0,0,0,0,0,0,0,0,0,0
19.43,0.673828168824,0.326171831178,1,1,0.00947522449921,0.0108177001262,0.664352944325,0.315354131052,0.0202929246254,0.979707075376,4.85167217663,1.43462413865,25.5968693286,0,0,0.005,0,0,20.4,40.8012037436,0,0,0,0,0,0,0,0,0,0
19.435,0.658847341344,0.341152658658,1,1,0.00947143238693,0.010805877043,0.649375908957,0.330346781615,0.02027730943,0.979722690572,4.8353873439,1.43630796414,25.4439513334,0,0,0.005,0,0,20.4,40.8012037436,0,0,0,0,0,0,0,0,0,0
19.44,0.642795937788,0.357204062213,1,1,0.0094676651631,0.0107939297332,0.633328272625,0.34641013248,0.0202615948963,0.979738405105,4.81897934489,1.43801889642,25.2904602729,0,0,0.005,0,0,20.4,40.8012037436,0,0,0,0,0,0,0,0,0,0
19.445,0.62589560769,0.374104392311,1,1,0.0094639536605,0.0107819043514,0.61643165403,0.36332248796,0.0202458580119,0.97975414199,4.80244857631,1.43975715285,25.1364129873,0,0,0.005,0,0,20.4,40.8012037436,0,0,0,0,0,0,0,0,0,0
19.45,0.608367577864,0.391632422137,1,1,0.00946032593696,0.0107698426265,0.598907251927,0.380862579511,0.0202301685635,0.979769831438,4.78579543678,1.44152294972,24.9818263773,0,0,0.005,0,0,20.4,40.8012037436,0,0,0,0,0,0,0,0,0,0
19.455,0.590429948438,0.409570051564,1,1,0.00945680665363,0.0107577813353,0.580973141784,0.398812270229,0.020214587989,0.979785412013,4.769020327,1.4433165023,24.8267174051,0,0,0.005,0,0,20.4,40.8012037436,0,0,0,0,0,0,0,0,0,0
19.46,0.572295170676,0.427704829325,1,1,0.00945341662986,0.0107457519824,0.562841754047,0.416959077343,0.0201991686122,0.979800831389,4.75212364995,1.44513802481,24.6711030951,0,0,0.005,0,0,20.4,40.8012037436,0,0,0,0,0,0,0,0,0,0
19.465,0.554167730864,0.445832269138,1,1,0.00945017257666,0.0107337806822,0.544717558287,0.435098488456,0.0201839532588,0.979816046743,4.73510581106,1.44698773047,24.5150005341,0,0,0.005,0,0,20.4,40.8012037436,0,0,0,0,0,0,0,0,0,0
19.47,0.536242060175,0.463757939827,1,1,0.00944708700428,0.0107218882342,0.52679497317,0.453036051593,0.0201689752385,0.979831024763,4.71796721843,1.44886583144,24.3584268717,0,0,0.005,0,0,20.4,40.8012037436,0,0,0,0,0,0,0,0,0,0
19.475,0.518700686164,0.481299313838,1,1,0.00944416829308,0.0107100903728,0.509256517871,0.470589223465,0.0201542586659,0.979845741336,4.70070828295,1.4507725388,24.2013993207,0,0,0.005,0,0,20.4,40.8012037436,0,0,0,0,0,0,0,0,0,0
19.48,0.501712637171,0.498287362831,1,1,0.0094414209116,0.0106983981688,0.492271216259,0.487588964662,0.0201398190804,0.979860180921,4.68332941853,1.45270806252,24.0439351574,0,0,0.005,0,0,20.4,40.8012037436,0,0,0,0,0,0,0,0,0,0
19.485,0.485432106716,0.514567893286,1,1,0.00943884576113,0.0106868185564,0.475993260954,0.50388107473,0.0201256643176,0.979874335684,4.66583104221,1.45467261141,23.8860517208,0,0,0.005,0,0,20.4,40.8012037436,0,0,0,0,0,0,0,0,0,0
19.49,0.4699973809,0.530002619102,1,1,0.00943644062279,0.0106753549525,0.460560940277,0.519327264149,0.0201117955753,0.979888204426,4.64821357436,1.45666639302,23.7277664134,0,0,0.005,0,0,20.4,40.8012037436,0,0,0,0,0,0,0,0,0,0
19.495,0.455530027958,0.544469972043,1,1,0.00943420068091,0.0106640079375,0.446095827277,0.533805964106,0.0200982086184,0.979901791383,4.6304774388,1.4586896136,23.5690967,0,0,0.005,0,0,20.4,40.8012037436,0,0,0,0,0,0,0,0,0,0
19.5,0.442134345475,0.557865654526,1,1,0.00943211909536,0.0106527759629,0.43270222638,0.547212878563,0.0200848950583,0.979915104943,4.61262306292,1.46074247798,23.4100601075,0,0,0.005,0,0,20.4,40.8012037436,0,0,0,0,0,0,0,0,0,0
19.505,0.429897057476,0.570102942525,1,1,0.00943018759589,0.0106416560548,0.42046686988,0.559461286471,0.0200718436506,0.979928156351,4.59465087782,1.46282518946,23.250674224,0,0,0.005,0,0,20.4,40.8012037436,0,0,0,0,0,0,0,0,0,0
19.51,0.418887250573,0.581112749429,1,1,0.00942839707263,0.0106306444813,0.4094588535,0.570482104947,0.0200590415539,0.979940958448,4.57656131841,1.46493794974,23.0909566977,0,0,0.005,0,0,20.4,40.8012037436,0,0,0,0,0,0,0,0,0,0
19.515,0.409156535699,0.590843464302,1,1,0.00942673813925,0.01061973736,0.39972979756,0.580223726942,0.0200464754993,0.979953524502,4.55835482345,1.46708095875,22.930925236,0,0,0.005,0,0,20.4,40.8012037436,0,0,0,0,0,0,0,0,0,0
19.52,0.400739419671,0.59926058033,1,1,0.00942520164843,0.0106089311812,0.391314218023,0.588651649149,0.0200341328296,0.979965867172,4.5400318357,1.46925441455,22.7705976039,0,0,0.005,0,0,20.4,40.8012037436,0,0,0,0,0,0,0,0,0,0
19.525,0.393653868883,0.606346131118,1,1,0.00942377914298,0.0105982232308,0.38423008974,0.595747907888,0.0200220023737,0.979977997628,4.52159280192,1.47145851315,22.6099916223,0,0,0.005,0,0,20.4,40.8012037436,0,0,0,0,0,0,0,0,0,0
19.53,0.387902045921,0.612097954081,1,1,0.00942246323001,0.0105876119016,0.378479582691,0.601510342179,0.0200100751316,0.97998992487,4.50303817292,1.47369344843,22.4491251668,0,0,0.005,0,0,20.4,40.8012037436,0,0,0,0,0,0,0,0,0,0
19.535,0.383471198702,0.6165288013,1,1,0.00942124787016,0.0105770968875,0.374049950832,0.605951704412,0.0199983447577,0.980001655244,4.48436840362,1.47595941194,22.288016165,0,0,0.005,0,0,20.4,40.8012037436,0,0,0,0,0,0,0,0,0,0
19.54,0.38033468097,0.619665319032,1,1,0.00942012857785,0.0105666792597,0.370914552392,0.609098639772,0.0199868078375,0.980013192164,4.465583953,1.47825659274,22.1266825953,0,0,0.005,0,0,20.4,40.8012037436,0,0,0,0,0,0,0,0,0,0
19.545,0.378453082532,0.621546917469,1,1,0.00941910253291,0.0105563614306,0.369033979999,0.610990556039,0.0199754639635,0.980024536038,4.44668528418,1.4805851773,21.9651424838,0,0,0.005,0,0,20.4,40.8012037436,0,0,0,0,0,0,0,0,0,0
19.55,0.377775447534,0.622224552467,1,1,0.00941816860752,0.0105461470158,0.368357278927,0.611678405451,0.0199643156233,0.980035684378,4.42767286435,1.48294534928,21.8034139026,0,0,0.005,0,0,20.4,40.8012037436,0,0,0,0,0,0,0,0,0,0
19.555,0.378240559299,0.621759440703,1,1,0.00941732731533,0.0105360406058,0.368823231983,0.611223400097,0.0199533679212,0.98004663208,4.40854716473,1.4853372894,21.641514967,0,0,0.005,0,0,20.4,40.8012037436,0,0,0,0,0,0,0,0,0,0
19.56,0.379778270758,0.620221729244,1,1,0.00941658069251,0.0105260474663,0.370361690065,0.609695681778,0.0199426281588,0.980057371843,4.3893086606,1.4877611753,21.4794638327,0,0,0.005,0,0,20.4,40.8012037436,0,0,0,0,0,0,0,0,0,0
19.565,0.382310860307,0.617689139695,1,1,0.00941593212184,0.0105161731824,0.372894928185,0.607172966512,0.0199321053042,0.980067894697,4.36995783117,1.49021718135,21.3172786938,0,0,0.005,0,0,20.4,40.8012037436,0,0,0,0,0,0,0,0,0,0
19.57,0.385754393909,0.614245606093,1,1,0.00941538611227,0.0105064232687,0.376339007797,0.603739182824,0.019921809381,0.980078190621,4.35049515959,1.49270547853,21.1549777792,0,0,0.005,0,0,20.4,40.8012037436,0,0,0,0,0,0,0,0,0,0
19.575,0.3900200755,0.609979924502,1,1,0.00941494804663,0.0104968027613,0.380605127453,0.59948312174,0.019911750808,0.980088249194,4.33092113283,1.49522623425,20.9925793504,0,0,0.005,0,0,20.4,40.8012037436,0,0,0,0,0,0,0,0,0,0
19.58,0.395015569146,0.604984430855,1,1,0.00941462391012,0.0104873158113,0.385600945236,0.594497115044,0.0199019397214,0.98009806028,4.31123624164,1.49777961224,20.8301016981,0,0,0.005,0,0,20.4,40.8012037436,0,0,0,0,0,0,0,0,0,0
19.585,0.400646277914,0.599353722088,1,1,0.00941442001142,0.0104779652945,0.391231857902,0.588875756793,0.019892385306,0.980107614696,4.29144098047,1.50036577241,20.6675631399,0,0,0.005,0,0,20.4,40.8012037436,0,0,0,0,0,0,0,0,0,0
19.59,0.406816566047,0.593183433954,1,1,0.00941434270728,0.010468752452,0.39740222334,0.582714681502,0.0198830951593,0.980116904842,4.27153584734,1.5029848707,20.5049820166,0,0,0.005,0,0,20.4,40.8012037436,0,0,0,0,0,0,0,0,0,0
19.595,0.413430912769,0.586569087233,1,1,0.00941439814056,0.0104596765716,0.404016514628,0.576109410661,0.0198740747121,0.980125925289,4.2515213438,1.50563705897,20.3423766901,0,0,0.005,0,0,20.4,40.8012037436,0,0,0,0,0,0,0,0,0,0
19.6,0.420394987734,0.579605012267,1,1,0.00941459200033,0.0104507347189,0.410980395734,0.569154277549,0.0198653267192,0.980134673282,4.23139797481,1.50832248489,20.1797655397,0,0,0.005,0,0,20.4,40.8012037436,0,0,0,0,0,0,0,0,0,0
19.605,0.427616639959,0.572383360043,1,1,0.00941492931191,0.0104419215247,0.418201710647,0.561941438518,0.0198568508366,0.980143149165,4.21116624867,1.51104129182,20.0171669595,0,0,0.005,0,0,20.4,40.8012037436,0,0,0,0,0,0,0,0,0,0
19.61,0.435006793768,0.564993206233,1,1,0.00941541426398,0.0104332290316,0.425591379504,0.554559977202,0.0198486432956,0.980151356706,4.19082667689,1.51379361873,19.8545993559,0,0,0.005,0,0,20.4,40.8012037436,0,0,0,0,0,0,0,0,0,0
19.615,0.442480247031,0.55751975297,1,1,0.00941605007995,0.0104246466029,0.433064196951,0.547095106368,0.0198406966829,0.980159303319,4.17037977412,1.5165796001,19.6920811438,0,0,0.005,0,0,20.4,40.8012037436,0,0,0,0,0,0,0,0,0,0
19.62,0.44995636858,0.550043631421,1,1,0.00941683894087,0.0104161608968,0.44053952964,0.539627470524,0.0198329998376,0.980167000164,4.14982605802,1.51939936585,19.5296307448,0,0,0.005,0,0,20.4,40.8012037436,0,0,0,0,0,0,0,0,0,0
19.625,0.457359693305,0.542640306696,1,1,0.00941778196802,0.0104077559061,0.447941911337,0.53223255079,0.0198255378741,0.980174462127,4.12916604924,1.52225304125,19.3672665838,0,0,0.005,0,0,20.4,40.8012037436,0,0,0,0,0,0,0,0,0,0
19.63,0.464620414851,0.535379585151,1,1,0.00941887927477,0.0103994130696,0.455201535576,0.524980172081,0.0198182923444,0.980181707657,4.10840027123,1.52514074688,19.2050070865,0,0,0.005,0,0,20.4,40.8012037436,0,0,0,0,0,0,0,0,0,0
19.635,0.471674777238,0.528325222764,1,1,0.00942013009841,0.0103911114578,0.46225464714,0.517934111306,0.0198112415563,0.980188758445,4.08752925025,1.52806259856,19.0428706768,0,0,0.005,0,0,20.4,40.8012037436,0,0,0,0,0,0,0,0,0,0
19.64,0.478465367933,0.521534632068,1,1,0.00942153302503,0.0103828280428,0.469043834908,0.511151804025,0.0198043610679,0.980195638934,4.06655351521,1.53101870733,18.8808757742,0,0,0.005,0,0,20.4,40.8012037436,0,0,0,0,0,0,0,0,0,0
19.645,0.48494131603,0.515058683971,1,1,0.00942308632163,0.0103745380616,0.475518229709,0.50468414591,0.0197976243833,0.980202375618,4.04547359762,1.53400917937,18.7190407914,0,0,0.005,0,0,20.4,40.8012037436,0,0,0,0,0,0,0,0,0,0
19.65,0.491058400144,0.508941599858,1,1,0.00942478839163,0.0103662154878,0.481633611752,0.49857538437,0.0197910038795,0.980208996122,4.02429003154,1.53703411602,18.5573841318,0,0,0.005,0,0,20.4,40.8012037436,0,0,0,0,0,0,0,0,0,0
19.655,0.496779071471,0.503220928531,1,1,0.00942663837043,0.0103578336276,0.4873524331,0.492863094903,0.019784471998,0.980215528004,4.00300335346,1.54009361375,18.3959241869,0,0,0.005,0,0,20.4,40.8012037436,0,0,0,0,0,0,0,0,0,0
19.66,0.50207239815,0.497927601852,1,1,0.00942863687806,0.0103493658591,0.492643761272,0.487578235992,0.0197780027372,0.980221997264,3.98161410227,1.54318776411,18.2346793347,0,0,0.005,0,0,20.4,40.8012037436,0,0,0,0,0,0,0,0,0,0
19.665,0.506913937598,0.493086062404,1,1,0.00943078694502,0.0103407865365,0.497483150653,0.482745275868,0.0197715734815,0.98022842652,3.9601228192,1.54631665378,18.0736679369,0,0,0.005,0,0,20.4,40.8012037436,0,0,0,0,0,0,0,0,0,0
19.67,0.511285543916,0.488714456085,1,1,0.00943309512479,0.0103320720769,0.501852448792,0.478382384008,0.0197651672017,0.9802348328,3.93853004772,1.54948036453,17.9129083369,0,0,0.005,0,0,20.4,40.8012037436,0,0,0,0,0,0,0,0,0,0
19.675,0.515175117753,0.484824882249,1,1,0.00943557280342,0.0103232022524,0.505739544949,0.474501679996,0.0197587750558,0.980241224946,3.91683633358,1.55267897324,17.752418858,0,0,0.005,0,0,20.4,40.8012037436,0,0,0,0,0,0,0,0,0,0
19.68,0.518576306131,0.48142369387,1,1,0.0094382377108,0.0103141616993,0.509138068421,0.471109532171,0.0197523994101,0.980247600592,3.89504222468,1.55591255192,17.5922178013,0,0,0.005,0,0,20.4,40.8012037436,0,0,0,0,0,0,0,0,0,0
19.685,0.521488159841,0.478511840161,1,1,0.00944111563182,0.0103049416578,0.512047044209,0.468206898503,0.0197460572897,0.980253942712,3.87314827109,1.55918116772,17.4323234436,0,0,0.005,0,0,20.4,40.8012037436,0,0,0,0,0,0,0,0,0,0
19.69,0.523914755871,0.476085244131,1,1,0.00944424230737,0.0102955419426,0.514470513564,0.465789702188,0.01973978425,0.980260215752,3.85115502496,1.56248488294,17.2727540357,0,0,0.005,0,0,20.4,40.8012037436,0,0,0,0,0,0,0,0,0,0
19.695,0.52586479225,0.474135207752,1,1,0.0094476655055,0.0102859731382,0.516417126744,0.463849234614,0.0197336386437,0.980266361358,3.82906304058,1.56582375507,17.1135278007,0,0,0.005,0,0,20.4,40.8012037436,0,0,0,0,0,0,0,0,0,0
19.7,0.527351162355,0.472648837647,1,1,0.00945144723312,0.0102762590012,0.517899715122,0.462372578645,0.0197277062343,0.980272293767,3.80687287427,1.56919783683,16.9546629319,0,0,0.005,0,0,20.4,40.8012037436,0,0,0,0,0,0,0,0,0,0
19.705,0.528390515476,0.471609484526,1,1,0.00945566604763,0.0102664390379,0.518934849428,0.461343045488,0.0197221050855,0.980277894916,3.78458508441,1.57260717616,16.7961775917,0,0,0.005,0,0,20.4,40.8012037436,0,0,0,0,0,0,0,0,0,0
19.71,0.529002809984,0.470997190018,1,1,0.00946041941726,0.0102565712115,0.519542390567,0.460740618806,0.0197169906288,0.980283009373,3.76220023144,1.5760518163,16.6380899091,0,0,0.005,0,0,20.4,40.8012037436,0,0,0,0,0,0,0,0,0,0
19.715,0.529210865043,0.470789134959,1,1,0.00946582606919,0.0102467347215,0.519745038973,0.460542400237,0.0197125607907,0.980287439211,3.7397188778,1.5795317958,16.4804179789,0,0,0.005,0,0,20.4,40.8012037436,0,0,0,0,0,0,0,0,0,0
19.72,0.529039916294,0.470960083708,1,1,0.00947202825569,0.0102370327795,0.519567888038,0.460723050928,0.0197090610351,0.980290938966,3.71714158798,1.58304714854,16.3231798596,0,0,0.005,0,0,20.4,40.8012037436,0,0,0,0,0,0,0,0,0,0
19.725,0.528517180437,0.471482819564,1,1,0.0094791938625,0.0102275952969,0.519037986575,0.461255224267,0.0197067891594,0.980293210842,3.69446892846,1.58659790382,16.1663935718,0,0,0.005,0,0,20.4,40.8012037436,0,0,0,0,0,0,0,0,0,0
19.73,0.527671433084,0.472328566918,1,1,0.00948751827983,0.0102185813879,0.518183914804,0.46210998553,0.0197060996678,0.980293900334,3.6717014678,1.59018408634,16.0100770971,0,0,0.005,0,0,20.4,40.8012037436,0,0,0,0,0,0,0,0,0,0
19.735,0.52653260371,0.473467396292,1,1,0.00949722595648,0.0102101815807,0.517035377753,0.463257214711,0.0197074075371,0.980292592464,3.64883977654,1.59380571629,15.8542483761,0,0,0.005,0,0,20.4,40.8012037436,0,0,0,0,0,0,0,0,0,0
19.74,0.525131390985,0.474868609017,1,1,0.00950857156136,0.0102026196289,0.515622819424,0.464665989388,0.0197111911903,0.980288808811,3.62588442727,1.59746280934,15.6989253072,0,0,0.005,0,0,20.4,40.8012037436,0,0,0,0,0,0,0,0,0,0
19.745,0.523498901201,0.476501098801,1,1,0.00952184068534,0.0101961538151,0.513977060516,0.466304944986,0.0197179945004,0.980282005501,3.60283599466,1.60115537671,15.5441257448,0,0,0.005,0,0,20.4,40.8012037436,0,0,0,0,0,0,0,0,0,0
19.75,0.521666311986,0.478333688015,1,1,0.00953735002937,0.0101910776392,0.512128961957,0.468142610376,0.0197284276686,0.980271572333,3.57969505539,1.60488342521,15.3898674981,0,0,0.005,0,0,20.4,40.8012037436,0,0,0,0,0,0,0,0,0,0
19.755,0.519664562986,0.480335437015,1,1,0.00955544704284,0.0101877198022,0.510109115943,0.470147717213,0.0197431668451,0.980256833157,3.55646218823,1.60864695725,15.2361683294,0,0,0.005,0,0,20.4,40.8012037436,0,0,0,0,0,0,0,0,0,0
19.76,0.517524074682,0.48247592532,1,1,0.00957650899894,0.0101864434067,0.507947565683,0.472289481913,0.0197629524056,0.980237047596,3.53313797404,1.6124459709,15.0830459527,0,0,0.005,0,0,20.4,40.8012037436,0,0,0,0,0,0,0,0,0,0
19.765,0.515274496082,0.48472550392,1,1,0.00960094152047,0.0101876443205,0.505673554561,0.4745378596,0.0197885858409,0.980211414161,3.50972299576,1.61628045992,14.9305180321,0,0,0.005,0,0,20.4,40.8012037436,0,0,0,0,0,0,0,0,0,0
19.77,0.512944481566,0.487055518435,1,1,0.00962917659998,0.0101917486791,0.503315304966,0.476863769756,0.0198209252791,0.980179074723,3.48621783844,1.62015041379,14.7786021804,0,0,0.005,0,0,20.4,40.8012037436,0,0,0,0,0,0,0,0,0,0
19.775,0.510561496803,0.489438503198,1,1,0.00966167019133,0.0101992095336,0.500899826612,0.479239293665,0.0198608797249,0.980139120277,3.46262308927,1.62405581774,14.6273159575,0,0,0.005,0,0,20.4,40.8012037436,0,0,0,0,0,0,0,0,0,0
19.78,0.508151653274,0.491848346728,1,1,0.00969889948389,0.0102105026902,0.49845275379,0.481637844038,0.0199094021741,0.980090597828,3.43893933755,1.62799665281,14.4766768689,0,0,0.005,0,0,20.4,40.8012037436,0,0,0,0,0,0,0,0,0,0
19.785,0.505739570657,0.494260429345,1,1,0.0097413600054,0.0102261218282,0.495998210651,0.484034307517,0.0199674818336,0.980032518168,3.41516717476,1.63197289582,14.3267023642,0,0,0.005,0,0,20.4,40.8012037436,0,0,0,0,0,0,0,0,0,0
19.79,0.503348266037,0.496651733964,1,1,0.0097895627321,0.010246573026,0.493558703305,0.486405160938,0.0200361357581,0.979963864244,3.3913071945,1.63598451947,14.1774098354,0,0,0.005,0,0,20.4,40.8012037436,0,0,0,0,0,0,0,0,0,0
19.795,0.500999068684,0.499000931318,1,1,0.00984403141471,0.0102723688671,0.491155037269,0.48872856245,0.0201164002818,0.97988359972,3.36735999259,1.64003149234,14.0288166155,0,0,0.005,0,0,20.4,40.8012037436,0,0,0,0,0,0,0,0,0,0
19.8,0.498711558933,0.501288441068,1,1,0.00990530035311,0.0103040223427,0.48880625858,0.490984418726,0.0202093226958,0.979790677306,3.343326167,1.64411377889,13.8809399769,0,0,0.005,0,0,20.4,40.8012037436,0,0,0,0,0,0,0,0,0,0
19.805,0.49650352959,0.503496470411,1,1,0.00997391287094,0.010342040801,0.486529616719,0.49315442961,0.020315953672,0.97968404633,3.31920631791,1.64823133953,13.7337971294,0,0,0.005,0,0,20.4,40.8012037436,0,0,0,0,0,0,0,0,0,0
19.81,0.494390968121,0.505609031881,1,1,0.0100504207503,0.0103869202332,0.484340547371,0.495222111648,0.0204373409836,0.979562659018,3.29500104769,1.65238413063,13.5874052195,0,0,0.005,0,0,20.4,40.8012037436,0,0,0,0,0,0,0,0,0,0
19.815,0.49238805784,0.507611942161,1,1,0.0101353848871,0.0104391402051,0.482252672953,0.497172801956,0.0205745250922,0.979425474909,3.27071096095,1.65657210454,13.4417813276,0,0,0.005,0,0,20.4,40.8012037436,0,0,0,0,0,0,0,0,0,0
19.82,0.490507196255,0.509492803746,1,1,0.0102293774144,0.0104991597666,0.480277818841,0.49899364398,0.0207285371809,0.979271462821,3.24633666448,1.66079520961,13.2969424674,0,0,0.005,0,0,20.4,40.8012037436,0,0,0,0,0,0,0,0,0,0
19.825,0.488759028696,0.511240971306,1,1,0.0103329855213,0.0105674146742,0.478426043174,0.500673556632,0.0209004001955,0.979099599806,3.22187876729,1.66505339025,13.1529055835,0,0,0.005,0,0,20.4,40.8012037436,0,0,0,0,0,0,0,0,0,0
19.83,0.487152495385,0.512847504616,1,1,0.0104468171539,0.0106443162584,0.476705678231,0.502203188358,0.0210911334123,0.978908866589,3.19733788064,1.66934658691,13.0096875502,0,0,0.005,0,0,20.4,40.8012037436,0,0,0,0,0,0,0,0,0,0
19.835,0.485694890133,0.514305109869,1,1,0.0105715087413,0.0107302522477,0.475123381392,0.503574857621,0.021301760989,0.978698239013,3.17271461798,1.67367473611,12.8673051695,0,0,0.005,0,0,20.4,40.8012037436,0,0,0,0,0,0,0,0,0,0
19.84,0.484391928875,0.515608071127,1,1,0.0107077350269,0.0108255898323,0.473684193848,0.504782481294,0.0215333248592,0.978466675142,3.14800959501,1.6780377705,12.7257751695,0,0,0.005,0,0,20.4,40.8012037436,0,0,0,0,0,0,0,0,0,0
19.845,0.483247826383,0.516752173619,1,1,0.0108562210147,0.0109306812028,0.472391605368,0.505821492416,0.0217869022175,0.978213097784,3.12322342961,1.68243561885,12.5851142029,0,0,0.005,0,0,20.4,40.8012037436,0,0,0,0,0,0,0,0,0,0
19.85,0.482265379523,0.517734620479,1,1,0.0110177559607,0.0110458717411,0.471247623562,0.506688748738,0.0220636277017,0.9779363723,3.09835674192,1.68686820608,12.4453388449,0,0,0.005,0,0,20.4,40.8012037436,0,0,0,0,0,0,0,0,0,0
19.855,0.481446055562,0.518553944439,1,1,0.0111932092501,0.0111715109721,0.470252846312,0.507382433467,0.0223647202223,0.977635279779,3.07341015424,1.69133545328,12.3064655917,0,0,0.005,0,0,20.4,40.8012037436,0,0,0,0,0,0,0,0,0,0
19.86,0.480790084123,0.519209915878,1,1,0.0113835479138,0.0113079662996,0.469406536209,0.507901949579,0.0226915142133,0.977308485788,3.04838429111,1.69583727775,12.1685108589,0,0,0.005,0,0,20.4,40.8012037436,0,0,0,0,0,0,0,0,0,0
19.865,0.480296551491,0.519703448511,1,1,0.011589855437,0.0114556394604,0.468706696054,0.50824780905,0.0230454948975,0.976954505104,3.02327977923,1.70037359303,12.0314909794,0,0,0.005,0,0,20.4,40.8012037436,0,0,0,0,0,0,0,0,0,0
19.87,0.479963496114,0.520036503887,1,1,0.0118133514307,0.0116149855356,0.468150144684,0.508421518352,0.0234283369663,0.976571663035,2.99809724752,1.70494430888,11.8954222019,0,0,0.005,0,0,20.4,40.8012037436,0,0,0,0,0,0,0,0,0,0
19.875,0.479788004243,0.520211995758,1,1,0.0120554116419,0.0117865342504,0.467732592601,0.508425461508,0.0238419458923,0.976158054109,2.97283732702,1.70954933136,11.7603206893,0,0,0.005,0,0,20.4,40.8012037436,0,0,0,0,0,0,0,0,0,0
19.88,0.479766304771,0.520233695231,1,1,0.0123175877105,0.011970913198,0.46744871706,0.508262782033,0.0242885009085,0.975711499093,2.94750065096,1.71418856281,11.6262025163,0,0,0.005,0,0,20.4,40.8012037436,0,0,0,0,0,0,0,0,0,0
19.885,0.479893862471,0.520106137531,1,1,0.0126016260116,0.0121688725194,0.467292236459,0.507937265012,0.024770498531,0.975229501471,2.92208785471,1.71886190193,11.4930836685,0,0,0.005,0,0,20.4,40.8012037436,0,0,0,0,0,0,0,0,0,0
19.89,0.480165468921,0.51983453108,1,1,0.0129094848798,0.0123813104772,0.467255984041,0.507453220603,0.025290795357,0.974709204645,2.89659957575,1.72356924374,11.3609800402,0,0,0.005,0,0,20.4,40.8012037436,0,0,0,0,0,0,0,0,0,0
19.895,0.480575330531,0.519424669471,1,1,0.0132433494826,0.0126092992802,0.467331981048,0.50681537019,0.0258526487628,0.974147351239,2.87103645369,1.72831047968,11.2299074326,0,0,0.005,0,0,20.4,40.8012037436,0,0,0,0,0,0,0,0,0,0
19.9,0.481117153166,0.518882846836,1,1,0.0136056436092,0.0128541104402,0.467511509556,0.506028736396,0.0264597540494,0.973540245952,2.8453991302,1.73308549758,11.0998815521,0,0,0.005,0,0,20.4,40.8012037436,0,0,0,0,0,0,0,0,0,0
19.905,0.481784222988,0.518215777013,1,1,0.0139990376592,0.0131172388906,0.467785185329,0.505098538123,0.0271162765498,0.972883723452,2.81968824906,1.73789418173,10.9709180088,0,0,0.005,0,0,20.4,40.8012037436,0,0,0,0,0,0,0,0,0,0
19.91,0.482569483202,0.5174305168,1,1,0.0144264521658,0.0134004250572,0.468143031036,0.504030091743,0.027826877223,0.972173122779,2.79390445607,1.74273641288,10.8430323144,0,0,0.005,0,0,20.4,40.8012037436,0,0,0,0,0,0,0,0,0,0
19.915,0.483465606463,0.516534393538,1,1,0.0148910562598,0.0137056740589,0.468574550203,0.502828719479,0.0285967303187,0.971403269683,2.76804839908,1.74761206829,10.7162398809,0,0,0.005,0,0,20.4,40.8012037436,0,0,0,0,0,0,0,0,0,0
19.92,0.484465062821,0.51553493718,1,1,0.0153962605825,0.0140352712208,0.469068802239,0.501499665959,0.0294315318034,0.970568468198,2.74212072795,1.75252102177,10.5905560184,0,0,0.005,0,0,20.4,40.8012037436,0,0,0,0,0,0,0,0,0,0
19.925,0.485560183079,0.514439816923,1,1,0.0159457042798,0.0143917931175,0.469614478799,0.500048023805,0.0303374973974,0.969662502604,2.71612209452,1.75746314369,10.4659959338,0,0,0.005,0,0,20.4,40.8012037436,0,0,0,0,0,0,0,0,0,0
19.93,0.486743217547,0.513256782455,1,1,0.0165432358587,0.0147781134165,0.470199981688,0.498478669038,0.0313213492751,0.968678650727,2.69005315261,1.76243830102,10.3425747288,0,0,0.005,0,0,20.4,40.8012037436,0,0,0,0,0,0,0,0,0,0
19.935,0.488006390206,0.511993609795,1,1,0.0171928878522,0.0151974028757,0.470813502354,0.49679620692,0.0323902907279,0.967609709274,2.66391455797,1.7674463574,10.2203073985,0,0,0.005,0,0,20.4,40.8012037436,0,0,0,0,0,0,0,0,0,0
19.94,0.489341948322,0.510658051679,1,1,0.0178988454226,0.0156531229513,0.4714431029,0.495004928728,0.0335519683739,0.966448031628,2.63770696828,1.77248717311,10.0992088294,0,0,0.005,0,0,20.4,40.8012037436,0,0,0,0,0,0,0,0,0,0
19.945,0.490742207611,0.509257792391,1,1,0.0186654092206,0.0161490125947,0.47207679839,0.493108779796,0.0348144218152,0.965185578186,2.61143104311,1.77756060518,9.97929379799,0,0,0.005,0,0,20.4,40.8012037436,0,0,0,0,0,0,0,0,0,0
19.95,0.492199593059,0.507800406943,1,1,0.0194969530145,0.016689067964,0.472702640045,0.491111338979,0.0361860209786,0.963813979023,2.5850874439,1.78266650735,9.86057696904,0,0,0.005,0,0,20.4,40.8012037436,0,0,0,0,0,0,0,0,0,0
19.955,0.493706675548,0.506293324453,1,1,0.0203978767957,0.0172775149312,0.473308798753,0.489015809522,0.037675391727,0.962324608275,2.55867683395,1.78780473018,9.74307289384,0,0,0.005,0,0,20.4,40.8012037436,0,0,0,0,0,0,0,0,0,0
19.96,0.495256204423,0.504743795578,1,1,0.0213725562442,0.0179187744367,0.473883648179,0.486825021142,0.0392913306808,0.960708669321,2.53219987836,1.79297512105,9.6267960087,0,0,0.005,0,0,20.4,40.8012037436,0,0,0,0,0,0,0,0,0,0
19.965,0.496841136177,0.503158863825,1,1,0.0224252896083,0.0186174209207,0.474415846569,0.484541442904,0.0410427105289,0.958957289473,2.50565724406,1.7981775242,9.51176063329,0,0,0.005,0,0,20.4,40.8012037436,0,0,0,0,0,0,0,0,0,0
19.97,0.498454659425,0.501545340576,1,1,0.0235602431914,0.0193781342396,0.474894416234,0.482167206337,0.042938377431,0.957061622571,2.47904959974,1.80341178079,9.39798096904,0,0,0.005,0,0,20.4,40.8012037436,0,0,0,0,0,0,0,0,0,0
19.975,0.500090216343,0.499909783659,1,1,0.0247813967503,0.0202056456529,0.475308819592,0.479704138006,0.0449870424032,0.955012957598,2.45237761582,1.8086777289,9.28547109759,0,0,0.005,0,0,20.4,40.8012037436,0,0,0,0,0,0,0,0,0,0
19.98,0.501741520744,0.498258479258,1,1,0.0260924901878,0.0211046786363,0.475649030556,0.477153800621,0.0471971688241,0.952802831178,2.42564196447,1.81397520363,9.17424497919,0,0,0.005,0,0,20.4,40.8012037436,0,0,0,0,0,0,0,0,0,0
19.985,0.503402572984,0.496597427017,1,1,0.0274969729566,0.0220798854359,0.475905600028,0.474517541582,0.0495768583925,0.950423141609,2.39884331955,1.8193040371,9.06431645116,0,0,0.005,0,0,20.4,40.8012037436,0,0,0,0,0,0,0,0,0,0
19.99,0.50506767186,0.494932328142,1,1,0.028997957586,0.0231357804171,0.476069714274,0.471796547725,0.0521337380031,0.947866261999,2.37198235661,1.82466405849,8.95569922638,0,0,0.005,0,0,20.4,40.8012037436,0,0,0,0,0,0,0,0,0,0
19.995,0.506731423676,0.493268576325,1,1,0.0305981786838,0.0242766713875,0.476133244993,0.468991904938,0.0548748500713,0.94512514993,2.34505975282,1.8300550941,8.84840689174,0,0,0.005,0,0,20.4,40.8012037436,0,0,0,0,0,0,0,0,0,0
20,0.508388748654,0.491611251347,1,1,0.0322999586687,0.0255065901648,0.476088789986,0.466104661182,0.0578065488336,0.942193451168,2.31807618701,1.8354769674,8.74245290665,0,0,0.00499999999969,0,0,20.4,40.8012037436,0,0,0,0,0,0,0,0,0,0
